{"type": "FeatureCollection", "name": "poi_osm", "crs": {"type": "name", "properties": {"name": "urn:ogc:def:crs:OGC:1.3:CRS84"}}, "features": [{"type": "Feature", "geometry": {"type": "Point", "coordinates": [113.3040962, 23.086424]}, "properties": {"landuse": "residential", "name": "逸景翠园东区", "name:zh": "逸景翠园东区", "residential": "apartments", "osm_id": "way/262482951", "category": "residential", "category_hint": "residential", "type": "residential", "address": ""}}, {"type": "Feature", "geometry": {"type": "Point", "coordinates": [113.3051915, 23.0889263]}, "properties": {"landuse": "residential", "name": "叠彩园", "name:zh": "叠彩园", "residential": "apartments", "osm_id": "way/262482952", "category": "residential", "category_hint": "residential", "type": "residential", "address": ""}}, {"type": "Feature", "geometry": {"type": "Point", "coordinates": [113.2992759, 23.0994583]}, "properties": {"building": "dormitory", "building:levels": "9", "min_level": "2", "osm_id": "way/301183606", "name": "", "category": "residential", "category_hint": "residential", "type": "dormitory", "address": ""}}, {"type": "Feature", "geometry": {"type": "Point", "coordinates": [113.2988135, 23.1033244]}, "properties": {"addr:housenumber": "173", "addr:street": "园东路", "building": "dormitory", "building:levels": "8", "elevator": "no", "name": "东区173", "name:zh": "东区173", "osm_id": "way/301183612", "category": "residential", "category_hint": "residential", "type": "dormitory", "address": ""}}, {"type": "Feature", "geometry": {"type": "Point", "coordinates": [113.3003084, 23.1027178]}, "properties": {"addr:housenumber": "168", "building": "dormitory", "name": "东区168", "name:zh": "东区168", "osm_id": "way/301319545", "category": "residential", "category_hint": "residential", "type": "dormitory", "address": ""}}, {"type": "Feature", "geometry": {"type": "Point", "coordinates": [113.2976727, 23.1013309]}, "properties": {"addr:housenumber": "351", "building": "dormitory", "building:levels": "9", "osm_id": "way/301319552", "name": "", "category": "residential", "category_hint": "residential", "type": "dormitory", "address": ""}}, {"type": "Feature", "geometry": {"type": "Point", "coordinates": [113.2976719, 23.1021698]}, "properties": {"addr:housenumber": "356", "building": "dormitory", "building:levels": "9", "elevator": "yes", "osm_id": "way/301319554", "name": "", "category": "residential", "category_hint": "residential", "type": "dormitory", "address": ""}}, {"type": "Feature", "geometry": {"type": "Point", "coordinates": [113.2965834, 23.1058812]}, "properties": {"landuse": "residential", "name": "金海湾", "name:zh": "金海湾", "residential": "apartments", "osm_id": "way/301940385", "category": "residential", "category_hint": "residential", "type": "residential", "address": ""}}, {"type": "Feature", "geometry": {"type": "Point", "coordinates": [113.2901814, 23.1019562]}, "properties": {"landuse": "residential", "osm_id": "way/302250944", "name": "", "category": "residential", "category_hint": "residential", "type": "residential", "address": ""}}, {"type": "Feature", "geometry": {"type": "Point", "coordinates": [113.2975857, 23.1043691]}, "properties": {"addr:city": "广州", "landuse": "residential", "osm_id": "way/302258100", "name": "", "category": "residential", "category_hint": "residential", "type": "residential", "address": ""}}, {"type": "Feature", "geometry": {"type": "Point", "coordinates": [113.3114381, 23.1060149]}, "properties": {"building": "residential", "name": "米兰苑", "name:zh": "米兰苑", "osm_id": "way/302413228", "category": "residential", "category_hint": "residential", "type": "residential", "address": ""}}, {"type": "Feature", "geometry": {"type": "Point", "coordinates": [113.3116716, 23.1063076]}, "properties": {"building": "residential", "name": "米兰苑", "name:zh": "米兰苑", "osm_id": "way/302413229", "category": "residential", "category_hint": "residential", "type": "residential", "address": ""}}, {"type": "Feature", "geometry": {"type": "Point", "coordinates": [113.2976106, 23.1049735]}, "properties": {"landuse": "residential", "name": "蓝色康园", "name:zh": "蓝色康园", "osm_id": "way/302418323", "category": "residential", "category_hint": "residential", "type": "residential", "address": ""}}, {"type": "Feature", "geometry": {"type": "Point", "coordinates": [113.3017539, 23.1137388]}, "properties": {"landuse": "residential", "name": "聚龙明珠花园", "name:zh": "聚龙明珠花园", "osm_id": "way/308688060", "category": "residential", "category_hint": "residential", "type": "residential", "address": ""}}, {"type": "Feature", "geometry": {"type": "Point", "coordinates": [113.3045899, 23.1134742]}, "properties": {"landuse": "residential", "name": "金亚花园", "name:zh": "金亚花园", "osm_id": "way/308688061", "category": "residential", "category_hint": "residential", "type": "residential", "address": ""}}, {"type": "Feature", "geometry": {"type": "Point", "coordinates": [113.299604, 23.113953]}, "properties": {"landuse": "residential", "osm_id": "way/308688062", "name": "", "category": "residential", "category_hint": "residential", "type": "residential", "address": ""}}, {"type": "Feature", "geometry": {"type": "Point", "coordinates": [113.2981084, 23.1057643]}, "properties": {"addr:city": "广州市 Guangzhou", "addr:housenumber": "209", "addr:street": "滨江东路 Binjiang Dong Lu", "building": "residential", "building:levels": "29", "osm_id": "way/309206291", "name": "", "category": "residential", "category_hint": "residential", "type": "residential", "address": ""}}, {"type": "Feature", "geometry": {"type": "Point", "coordinates": [113.2966685, 23.1058125]}, "properties": {"building": "apartments", "building:levels": "38", "osm_id": "way/312538682", "name": "", "category": "residential", "category_hint": "residential", "type": "apartments", "address": ""}}, {"type": "Feature", "geometry": {"type": "Point", "coordinates": [113.2972965, 23.1058022]}, "properties": {"building": "apartments", "building:levels": "38", "osm_id": "way/312538683", "name": "", "category": "residential", "category_hint": "residential", "type": "apartments", "address": ""}}, {"type": "Feature", "geometry": {"type": "Point", "coordinates": [113.2959993, 23.1058579]}, "properties": {"building": "apartments", "building:levels": "38", "osm_id": "way/312538684", "name": "", "category": "residential", "category_hint": "residential", "type": "apartments", "address": ""}}, {"type": "Feature", "geometry": {"type": "Point", "coordinates": [113.2995093, 23.1135898]}, "properties": {"building": "residential", "osm_id": "way/312539099", "name": "", "category": "residential", "category_hint": "residential", "type": "residential", "address": ""}}, {"type": "Feature", "geometry": {"type": "Point", "coordinates": [113.299616, 23.1142129]}, "properties": {"building": "residential", "osm_id": "way/312539100", "name": "", "category": "residential", "category_hint": "residential", "type": "residential", "address": ""}}, {"type": "Feature", "geometry": {"type": "Point", "coordinates": [113.3000172, 23.1139242]}, "properties": {"building": "residential", "osm_id": "way/312539101", "name": "", "category": "residential", "category_hint": "residential", "type": "residential", "address": ""}}, {"type": "Feature", "geometry": {"type": "Point", "coordinates": [113.2999462, 23.1135108]}, "properties": {"building": "residential", "osm_id": "way/312539103", "name": "", "category": "residential", "category_hint": "residential", "type": "residential", "address": ""}}, {"type": "Feature", "geometry": {"type": "Point", "coordinates": [113.2991185, 23.1136332]}, "properties": {"building": "residential", "osm_id": "way/312539104", "name": "", "category": "residential", "category_hint": "residential", "type": "residential", "address": ""}}, {"type": "Feature", "geometry": {"type": "Point", "coordinates": [113.2991691, 23.1140491]}, "properties": {"building": "residential", "osm_id": "way/312539105", "name": "", "category": "residential", "category_hint": "residential", "type": "residential", "address": ""}}, {"type": "Feature", "geometry": {"type": "Point", "coordinates": [113.2996823, 23.1145592]}, "properties": {"building": "residential", "osm_id": "way/312539106", "name": "", "category": "residential", "category_hint": "residential", "type": "residential", "address": ""}}, {"type": "Feature", "geometry": {"type": "Point", "coordinates": [113.3000854, 23.1144045]}, "properties": {"building": "residential", "osm_id": "way/312539107", "name": "", "category": "residential", "category_hint": "residential", "type": "residential", "address": ""}}, {"type": "Feature", "geometry": {"type": "Point", "coordinates": [113.2992633, 23.1145258]}, "properties": {"building": "residential", "osm_id": "way/312539109", "name": "", "category": "residential", "category_hint": "residential", "type": "residential", "address": ""}}, {"type": "Feature", "geometry": {"type": "Point", "coordinates": [113.3004546, 23.1133699]}, "properties": {"building": "residential", "osm_id": "way/312559132", "name": "", "category": "residential", "category_hint": "residential", "type": "residential", "address": ""}}, {"type": "Feature", "geometry": {"type": "Point", "coordinates": [113.3006588, 23.113334]}, "properties": {"building": "residential", "osm_id": "way/312559133", "name": "", "category": "residential", "category_hint": "residential", "type": "residential", "address": ""}}, {"type": "Feature", "geometry": {"type": "Point", "coordinates": [113.3008551, 23.1132962]}, "properties": {"building": "residential", "osm_id": "way/312559134", "name": "", "category": "residential", "category_hint": "residential", "type": "residential", "address": ""}}, {"type": "Feature", "geometry": {"type": "Point", "coordinates": [113.3010444, 23.1132627]}, "properties": {"building": "residential", "osm_id": "way/312559135", "name": "", "category": "residential", "category_hint": "residential", "type": "residential", "address": ""}}, {"type": "Feature", "geometry": {"type": "Point", "coordinates": [113.3012404, 23.1132323]}, "properties": {"building": "residential", "osm_id": "way/312559136", "name": "", "category": "residential", "category_hint": "residential", "type": "residential", "address": ""}}, {"type": "Feature", "geometry": {"type": "Point", "coordinates": [113.3014249, 23.1131974]}, "properties": {"building": "residential", "osm_id": "way/312559137", "name": "", "category": "residential", "category_hint": "residential", "type": "residential", "address": ""}}, {"type": "Feature", "geometry": {"type": "Point", "coordinates": [113.301819, 23.1131399]}, "properties": {"building": "residential", "osm_id": "way/312559138", "name": "", "category": "residential", "category_hint": "residential", "type": "residential", "address": ""}}, {"type": "Feature", "geometry": {"type": "Point", "coordinates": [113.3020039, 23.1131073]}, "properties": {"building": "residential", "osm_id": "way/312559139", "name": "", "category": "residential", "category_hint": "residential", "type": "residential", "address": ""}}, {"type": "Feature", "geometry": {"type": "Point", "coordinates": [113.3021907, 23.1130832]}, "properties": {"building": "residential", "osm_id": "way/312559140", "name": "", "category": "residential", "category_hint": "residential", "type": "residential", "address": ""}}, {"type": "Feature", "geometry": {"type": "Point", "coordinates": [113.3023802, 23.1130463]}, "properties": {"building": "residential", "osm_id": "way/312559141", "name": "", "category": "residential", "category_hint": "residential", "type": "residential", "address": ""}}, {"type": "Feature", "geometry": {"type": "Point", "coordinates": [113.3025696, 23.1130113]}, "properties": {"building": "residential", "osm_id": "way/312559142", "name": "", "category": "residential", "category_hint": "residential", "type": "residential", "address": ""}}, {"type": "Feature", "geometry": {"type": "Point", "coordinates": [113.3027613, 23.1129735]}, "properties": {"building": "residential", "osm_id": "way/312559143", "name": "", "category": "residential", "category_hint": "residential", "type": "residential", "address": ""}}, {"type": "Feature", "geometry": {"type": "Point", "coordinates": [113.3014192, 23.1138801]}, "properties": {"building": "residential", "osm_id": "way/312559144", "name": "", "category": "residential", "category_hint": "residential", "type": "residential", "address": ""}}, {"type": "Feature", "geometry": {"type": "Point", "coordinates": [113.3020087, 23.1138719]}, "properties": {"building": "residential", "osm_id": "way/312559145", "name": "", "category": "residential", "category_hint": "residential", "type": "residential", "address": ""}}, {"type": "Feature", "geometry": {"type": "Point", "coordinates": [113.3026071, 23.1137455]}, "properties": {"building": "residential", "osm_id": "way/312559148", "name": "", "category": "residential", "category_hint": "residential", "type": "residential", "address": ""}}, {"type": "Feature", "geometry": {"type": "Point", "coordinates": [113.3009287, 23.1138934]}, "properties": {"building": "residential", "osm_id": "way/312559149", "name": "", "category": "residential", "category_hint": "residential", "type": "residential", "address": ""}}, {"type": "Feature", "geometry": {"type": "Point", "coordinates": [113.2943057, 23.1140824]}, "properties": {"landuse": "residential", "name": "新世界花园", "name:en": "New World Residence", "name:zh": "新世界花园", "osm_id": "way/312713146", "category": "residential", "category_hint": "residential", "type": "residential", "address": ""}}, {"type": "Feature", "geometry": {"type": "Point", "coordinates": [113.3054681, 23.1129199]}, "properties": {"building": "residential", "osm_id": "way/313819940", "name": "", "category": "residential", "category_hint": "residential", "type": "residential", "address": ""}}, {"type": "Feature", "geometry": {"type": "Point", "coordinates": [113.3053727, 23.1135536]}, "properties": {"building": "residential", "osm_id": "way/313819941", "name": "", "category": "residential", "category_hint": "residential", "type": "residential", "address": ""}}, {"type": "Feature", "geometry": {"type": "Point", "coordinates": [113.3037, 23.1133908]}, "properties": {"building": "residential", "osm_id": "way/313819942", "name": "", "category": "residential", "category_hint": "residential", "type": "residential", "address": ""}}, {"type": "Feature", "geometry": {"type": "Point", "coordinates": [113.3037811, 23.1137959]}, "properties": {"building": "residential", "osm_id": "way/313819943", "name": "", "category": "residential", "category_hint": "residential", "type": "residential", "address": ""}}, {"type": "Feature", "geometry": {"type": "Point", "coordinates": [113.3056111, 23.1136971]}, "properties": {"building": "residential", "osm_id": "way/313819944", "name": "", "category": "residential", "category_hint": "residential", "type": "residential", "address": ""}}, {"type": "Feature", "geometry": {"type": "Point", "coordinates": [113.3034514, 23.113255]}, "properties": {"building": "residential", "osm_id": "way/313819945", "name": "", "category": "residential", "category_hint": "residential", "type": "residential", "address": ""}}, {"type": "Feature", "geometry": {"type": "Point", "coordinates": [113.3053046, 23.1131445]}, "properties": {"building": "residential", "osm_id": "way/313819946", "name": "", "category": "residential", "category_hint": "residential", "type": "residential", "address": ""}}, {"type": "Feature", "geometry": {"type": "Point", "coordinates": [113.303624, 23.11403]}, "properties": {"building": "residential", "osm_id": "way/313819947", "name": "", "category": "residential", "category_hint": "residential", "type": "residential", "address": ""}}, {"type": "Feature", "geometry": {"type": "Point", "coordinates": [113.3045795, 23.1137232]}, "properties": {"building": "residential", "osm_id": "way/313819948", "name": "", "category": "residential", "category_hint": "residential", "type": "residential", "address": ""}}, {"type": "Feature", "geometry": {"type": "Point", "coordinates": [113.3045355, 23.1132441]}, "properties": {"building": "residential", "osm_id": "way/313819949", "name": "", "category": "residential", "category_hint": "residential", "type": "residential", "address": ""}}, {"type": "Feature", "geometry": {"type": "Point", "coordinates": [113.3024623, 23.1145442]}, "properties": {"building": "residential", "osm_id": "way/313819950", "name": "", "category": "residential", "category_hint": "residential", "type": "residential", "address": ""}}, {"type": "Feature", "geometry": {"type": "Point", "coordinates": [113.3040738, 23.1144422]}, "properties": {"building": "residential", "osm_id": "way/313819951", "name": "", "category": "residential", "category_hint": "residential", "type": "residential", "address": ""}}, {"type": "Feature", "geometry": {"type": "Point", "coordinates": [113.3053619, 23.1125847]}, "properties": {"building": "residential", "osm_id": "way/313819953", "name": "", "category": "residential", "category_hint": "residential", "type": "residential", "address": ""}}, {"type": "Feature", "geometry": {"type": "Point", "coordinates": [113.3058962, 23.114395]}, "properties": {"building": "residential", "osm_id": "way/313819954", "name": "", "category": "residential", "category_hint": "residential", "type": "residential", "address": ""}}, {"type": "Feature", "geometry": {"type": "Point", "coordinates": [113.3055834, 23.1125522]}, "properties": {"building": "residential", "osm_id": "way/313819956", "name": "", "category": "residential", "category_hint": "residential", "type": "residential", "address": ""}}, {"type": "Feature", "geometry": {"type": "Point", "coordinates": [113.3031269, 23.1145288]}, "properties": {"building": "residential", "osm_id": "way/313819957", "name": "", "category": "residential", "category_hint": "residential", "type": "residential", "address": ""}}, {"type": "Feature", "geometry": {"type": "Point", "coordinates": [113.3038199, 23.1128377]}, "properties": {"building": "residential", "osm_id": "way/313819959", "name": "", "category": "residential", "category_hint": "residential", "type": "residential", "address": ""}}, {"type": "Feature", "geometry": {"type": "Point", "coordinates": [113.3015524, 23.1145763]}, "properties": {"building": "residential", "osm_id": "way/313819960", "name": "", "category": "residential", "category_hint": "residential", "type": "residential", "address": ""}}, {"type": "Feature", "geometry": {"type": "Point", "coordinates": [113.3048551, 23.1144192]}, "properties": {"building": "residential", "osm_id": "way/313819962", "name": "", "category": "residential", "category_hint": "residential", "type": "residential", "address": ""}}, {"type": "Feature", "geometry": {"type": "Point", "coordinates": [113.3053289, 23.1140999]}, "properties": {"building": "residential", "osm_id": "way/313819963", "name": "", "category": "residential", "category_hint": "residential", "type": "residential", "address": ""}}, {"type": "Feature", "geometry": {"type": "Point", "coordinates": [113.3047881, 23.1126778]}, "properties": {"building": "residential", "osm_id": "way/313819965", "name": "", "category": "residential", "category_hint": "residential", "type": "residential", "address": ""}}, {"type": "Feature", "geometry": {"type": "Point", "coordinates": [113.3055196, 23.1140973]}, "properties": {"building": "residential", "osm_id": "way/313819966", "name": "", "category": "residential", "category_hint": "residential", "type": "residential", "address": ""}}, {"type": "Feature", "geometry": {"type": "Point", "coordinates": [113.3038257, 23.1144542]}, "properties": {"building": "residential", "osm_id": "way/313819967", "name": "", "category": "residential", "category_hint": "residential", "type": "residential", "address": ""}}, {"type": "Feature", "geometry": {"type": "Point", "coordinates": [113.3056322, 23.1144073]}, "properties": {"building": "residential", "osm_id": "way/313819969", "name": "", "category": "residential", "category_hint": "residential", "type": "residential", "address": ""}}, {"type": "Feature", "geometry": {"type": "Point", "coordinates": [113.3011449, 23.114577]}, "properties": {"building": "residential", "osm_id": "way/313819970", "name": "", "category": "residential", "category_hint": "residential", "type": "residential", "address": ""}}, {"type": "Feature", "geometry": {"type": "Point", "coordinates": [113.3020679, 23.1145498]}, "properties": {"building": "residential", "osm_id": "way/313819972", "name": "", "category": "residential", "category_hint": "residential", "type": "residential", "address": ""}}, {"type": "Feature", "geometry": {"type": "Point", "coordinates": [113.3032462, 23.1129307]}, "properties": {"building": "residential", "osm_id": "way/313819973", "name": "", "category": "residential", "category_hint": "residential", "type": "residential", "address": ""}}, {"type": "Feature", "geometry": {"type": "Point", "coordinates": [113.3044141, 23.1127402]}, "properties": {"building": "residential", "osm_id": "way/313819975", "name": "", "category": "residential", "category_hint": "residential", "type": "residential", "address": ""}}, {"type": "Feature", "geometry": {"type": "Point", "coordinates": [113.3025968, 23.1145454]}, "properties": {"building": "residential", "osm_id": "way/313819977", "name": "", "category": "residential", "category_hint": "residential", "type": "residential", "address": ""}}, {"type": "Feature", "geometry": {"type": "Point", "coordinates": [113.3017373, 23.1145605]}, "properties": {"building": "residential", "osm_id": "way/313819980", "name": "", "category": "residential", "category_hint": "residential", "type": "residential", "address": ""}}, {"type": "Feature", "geometry": {"type": "Point", "coordinates": [113.3029924, 23.1145275]}, "properties": {"building": "residential", "osm_id": "way/313819983", "name": "", "category": "residential", "category_hint": "residential", "type": "residential", "address": ""}}, {"type": "Feature", "geometry": {"type": "Point", "coordinates": [113.300616, 23.1145813]}, "properties": {"building": "residential", "osm_id": "way/313819985", "name": "", "category": "residential", "category_hint": "residential", "type": "residential", "address": ""}}, {"type": "Feature", "geometry": {"type": "Point", "coordinates": [113.304591, 23.1144314]}, "properties": {"building": "residential", "osm_id": "way/313819986", "name": "", "category": "residential", "category_hint": "residential", "type": "residential", "address": ""}}, {"type": "Feature", "geometry": {"type": "Point", "coordinates": [113.3049684, 23.1126498]}, "properties": {"building": "residential", "osm_id": "way/313819987", "name": "", "category": "residential", "category_hint": "residential", "type": "residential", "address": ""}}, {"type": "Feature", "geometry": {"type": "Point", "coordinates": [113.3012794, 23.1145781]}, "properties": {"building": "residential", "osm_id": "way/313819989", "name": "", "category": "residential", "category_hint": "residential", "type": "residential", "address": ""}}, {"type": "Feature", "geometry": {"type": "Point", "coordinates": [113.3028698, 23.1145435]}, "properties": {"building": "residential", "osm_id": "way/313819990", "name": "", "category": "residential", "category_hint": "residential", "type": "residential", "address": ""}}, {"type": "Feature", "geometry": {"type": "Point", "coordinates": [113.3043912, 23.1141233]}, "properties": {"building": "residential", "osm_id": "way/313819992", "name": "", "category": "residential", "category_hint": "residential", "type": "residential", "address": ""}}, {"type": "Feature", "geometry": {"type": "Point", "coordinates": [113.3049415, 23.1141239]}, "properties": {"building": "residential", "osm_id": "way/313819993", "name": "", "category": "residential", "category_hint": "residential", "type": "residential", "address": ""}}, {"type": "Feature", "geometry": {"type": "Point", "coordinates": [113.3022064, 23.1145466]}, "properties": {"building": "residential", "osm_id": "way/313819995", "name": "", "category": "residential", "category_hint": "residential", "type": "residential", "address": ""}}, {"type": "Feature", "geometry": {"type": "Point", "coordinates": [113.3045944, 23.1127121]}, "properties": {"building": "residential", "osm_id": "way/313819996", "name": "", "category": "residential", "category_hint": "residential", "type": "residential", "address": ""}}, {"type": "Feature", "geometry": {"type": "Point", "coordinates": [113.3027352, 23.1145422]}, "properties": {"building": "residential", "osm_id": "way/313819998", "name": "", "category": "residential", "category_hint": "residential", "type": "residential", "address": ""}}, {"type": "Feature", "geometry": {"type": "Point", "coordinates": [113.300889, 23.1145793]}, "properties": {"building": "residential", "osm_id": "way/313819999", "name": "", "category": "residential", "category_hint": "residential", "type": "residential", "address": ""}}, {"type": "Feature", "geometry": {"type": "Point", "coordinates": [113.3040206, 23.1128052]}, "properties": {"building": "residential", "osm_id": "way/313820001", "name": "", "category": "residential", "category_hint": "residential", "type": "residential", "address": ""}}, {"type": "Feature", "geometry": {"type": "Point", "coordinates": [113.3023409, 23.1145479]}, "properties": {"building": "residential", "osm_id": "way/313820002", "name": "", "category": "residential", "category_hint": "residential", "type": "residential", "address": ""}}, {"type": "Feature", "geometry": {"type": "Point", "coordinates": [113.3043402, 23.1144386]}, "properties": {"building": "residential", "osm_id": "way/313820003", "name": "", "category": "residential", "category_hint": "residential", "type": "residential", "address": ""}}, {"type": "Feature", "geometry": {"type": "Point", "coordinates": [113.3051817, 23.1126128]}, "properties": {"building": "residential", "osm_id": "way/313820004", "name": "", "category": "residential", "category_hint": "residential", "type": "residential", "address": ""}}, {"type": "Feature", "geometry": {"type": "Point", "coordinates": [113.3051149, 23.1144181]}, "properties": {"building": "residential", "osm_id": "way/313820006", "name": "", "category": "residential", "category_hint": "residential", "type": "residential", "address": ""}}, {"type": "Feature", "geometry": {"type": "Point", "coordinates": [113.3014179, 23.114575]}, "properties": {"building": "residential", "osm_id": "way/313820007", "name": "", "category": "residential", "category_hint": "residential", "type": "residential", "address": ""}}, {"type": "Feature", "geometry": {"type": "Point", "coordinates": [113.3007505, 23.1145826]}, "properties": {"building": "residential", "osm_id": "way/313820009", "name": "", "category": "residential", "category_hint": "residential", "type": "residential", "address": ""}}, {"type": "Feature", "geometry": {"type": "Point", "coordinates": [113.3034264, 23.1129026]}, "properties": {"building": "residential", "osm_id": "way/313820011", "name": "", "category": "residential", "category_hint": "residential", "type": "residential", "address": ""}}, {"type": "Feature", "geometry": {"type": "Point", "coordinates": [113.3042153, 23.1141284]}, "properties": {"building": "residential", "osm_id": "way/313820012", "name": "", "category": "residential", "category_hint": "residential", "type": "residential", "address": ""}}, {"type": "Feature", "geometry": {"type": "Point", "coordinates": [113.3036397, 23.1128657]}, "properties": {"building": "residential", "osm_id": "way/313820013", "name": "", "category": "residential", "category_hint": "residential", "type": "residential", "address": ""}}, {"type": "Feature", "geometry": {"type": "Point", "coordinates": [113.305117, 23.1141061]}, "properties": {"building": "residential", "osm_id": "way/313820014", "name": "", "category": "residential", "category_hint": "residential", "type": "residential", "address": ""}}, {"type": "Feature", "geometry": {"type": "Point", "coordinates": [113.3040037, 23.1141475]}, "properties": {"building": "residential", "osm_id": "way/313820016", "name": "", "category": "residential", "category_hint": "residential", "type": "residential", "address": ""}}, {"type": "Feature", "geometry": {"type": "Point", "coordinates": [113.3035593, 23.1144577]}, "properties": {"building": "residential", "osm_id": "way/313820017", "name": "", "category": "residential", "category_hint": "residential", "type": "residential", "address": ""}}, {"type": "Feature", "geometry": {"type": "Point", "coordinates": [113.3057316, 23.1140908]}, "properties": {"building": "residential", "osm_id": "way/313820018", "name": "", "category": "residential", "category_hint": "residential", "type": "residential", "address": ""}}, {"type": "Feature", "geometry": {"type": "Point", "coordinates": [113.3019334, 23.1145486]}, "properties": {"building": "residential", "osm_id": "way/313820020", "name": "", "category": "residential", "category_hint": "residential", "type": "residential", "address": ""}}, {"type": "Feature", "geometry": {"type": "Point", "coordinates": [113.3053814, 23.1144145]}, "properties": {"building": "residential", "osm_id": "way/313820021", "name": "", "category": "residential", "category_hint": "residential", "type": "residential", "address": ""}}, {"type": "Feature", "geometry": {"type": "Point", "coordinates": [113.3010235, 23.1145806]}, "properties": {"building": "residential", "osm_id": "way/313820023", "name": "", "category": "residential", "category_hint": "residential", "type": "residential", "address": ""}}, {"type": "Feature", "geometry": {"type": "Point", "coordinates": [113.3042009, 23.1127771]}, "properties": {"building": "residential", "osm_id": "way/313820024", "name": "", "category": "residential", "category_hint": "residential", "type": "residential", "address": ""}}, {"type": "Feature", "geometry": {"type": "Point", "coordinates": [113.2930491, 23.1127854]}, "properties": {"landuse": "residential", "name": "云影花园", "name:zh": "云影花园", "place": "neighbourhood", "osm_id": "way/347475483", "category": "residential", "category_hint": "residential", "type": "residential", "address": ""}}, {"type": "Feature", "geometry": {"type": "Point", "coordinates": [113.2957492, 23.1122954]}, "properties": {"landuse": "residential", "name": "棕榈园", "name:en": "Palm Residence", "name:zh": "棕榈园", "osm_id": "way/347475552", "category": "residential", "category_hint": "residential", "type": "residential", "address": ""}}, {"type": "Feature", "geometry": {"type": "Point", "coordinates": [113.2943531, 23.1109879]}, "properties": {"landuse": "residential", "name": "越秀·宏城花园", "name:en": "Marvelcity Residence", "name:zh": "越秀·宏城花园", "osm_id": "way/347475555", "category": "residential", "category_hint": "residential", "type": "residential", "address": ""}}, {"type": "Feature", "geometry": {"type": "Point", "coordinates": [113.3097746, 23.0869696]}, "properties": {"building": "apartments", "building:levels": "24", "name": "翠馨华庭", "name:zh": "翠馨华庭", "roof:shape": "flat", "osm_id": "way/356211639", "category": "residential", "category_hint": "residential", "type": "apartments", "address": ""}}, {"type": "Feature", "geometry": {"type": "Point", "coordinates": [113.3237692, 23.107053]}, "properties": {"landuse": "residential", "name": "珠江帝景", "name:en": "Regal Riviera", "name:zh": "珠江帝景", "residential": "apartments", "osm_id": "way/369922817", "category": "residential", "category_hint": "residential", "type": "residential", "address": ""}}, {"type": "Feature", "geometry": {"type": "Point", "coordinates": [113.3137745, 23.1012027]}, "properties": {"landuse": "residential", "name": "七所社区", "name:zh": "七所社区", "osm_id": "way/369922821", "category": "residential", "category_hint": "residential", "type": "residential", "address": ""}}, {"type": "Feature", "geometry": {"type": "Point", "coordinates": [113.313272, 23.094689]}, "properties": {"landuse": "residential", "residential": "irregular_settlement", "osm_id": "way/369922824", "name": "", "category": "residential", "category_hint": "residential", "type": "residential", "address": ""}}, {"type": "Feature", "geometry": {"type": "Point", "coordinates": [113.3083305, 23.0968027]}, "properties": {"landuse": "residential", "residential": "irregular_settlement", "osm_id": "way/369922825", "name": "", "category": "residential", "category_hint": "residential", "type": "residential", "address": ""}}, {"type": "Feature", "geometry": {"type": "Point", "coordinates": [113.2998357, 23.0904961]}, "properties": {"landuse": "residential", "osm_id": "way/369922826", "name": "", "category": "residential", "category_hint": "residential", "type": "residential", "address": ""}}, {"type": "Feature", "geometry": {"type": "Point", "coordinates": [113.3251767, 23.0953375]}, "properties": {"building": "apartments", "name": "利海假日轩", "name:zh": "利海假日轩", "osm_id": "way/413894091", "category": "residential", "category_hint": "residential", "type": "apartments", "address": ""}}, {"type": "Feature", "geometry": {"type": "Point", "coordinates": [113.2919743, 23.0925925]}, "properties": {"landuse": "residential", "name": "穗发花园", "name:zh": "穗发花园", "osm_id": "way/451700632", "category": "residential", "category_hint": "residential", "type": "residential", "address": ""}}, {"type": "Feature", "geometry": {"type": "Point", "coordinates": [113.3251189, 23.0983658]}, "properties": {"building": "apartments", "name": "纵横国际公寓", "name:zh": "纵横国际公寓", "osm_id": "way/474174894", "category": "residential", "category_hint": "residential", "type": "apartments", "address": ""}}, {"type": "Feature", "geometry": {"type": "Point", "coordinates": [113.3177312, 23.1004075]}, "properties": {"landuse": "residential", "name": "南丽苑", "osm_id": "way/475115787", "category": "residential", "category_hint": "residential", "type": "residential", "address": ""}}, {"type": "Feature", "geometry": {"type": "Point", "coordinates": [113.3086438, 23.0987985]}, "properties": {"building": "residential", "building:levels": "9", "osm_id": "way/485913461", "name": "", "category": "residential", "category_hint": "residential", "type": "residential", "address": ""}}, {"type": "Feature", "geometry": {"type": "Point", "coordinates": [113.3085624, 23.0995253]}, "properties": {"building": "residential", "building:levels": "9", "osm_id": "way/485913462", "name": "", "category": "residential", "category_hint": "residential", "type": "residential", "address": ""}}, {"type": "Feature", "geometry": {"type": "Point", "coordinates": [113.3086225, 23.099176]}, "properties": {"building": "residential", "building:levels": "9", "osm_id": "way/485913463", "name": "", "category": "residential", "category_hint": "residential", "type": "residential", "address": ""}}, {"type": "Feature", "geometry": {"type": "Point", "coordinates": [113.3115912, 23.1041894]}, "properties": {"landuse": "residential", "name": "翠园", "name:zh": "翠园", "osm_id": "way/511478561", "category": "residential", "category_hint": "residential", "type": "residential", "address": ""}}, {"type": "Feature", "geometry": {"type": "Point", "coordinates": [113.312073, 23.1057315]}, "properties": {"building": "apartments", "name": "广东外交服务大楼", "name:zh": "广东外交服务大楼", "osm_id": "way/511478562", "category": "residential", "category_hint": "residential", "type": "apartments", "address": ""}}, {"type": "Feature", "geometry": {"type": "Point", "coordinates": [113.3342447, 23.1156668]}, "properties": {"landuse": "residential", "name": "凯旋新世界·广粤尊府", "name:en": "The Canton Mansion", "name:zh": "凯旋新世界·广粤尊府", "residential": "apartments", "osm_id": "way/519662332", "category": "residential", "category_hint": "residential", "type": "residential", "address": ""}}, {"type": "Feature", "geometry": {"type": "Point", "coordinates": [113.3239128, 23.097447]}, "properties": {"building": "apartments", "building:levels": "20", "roof:levels": "0", "osm_id": "way/519990660", "name": "", "category": "residential", "category_hint": "residential", "type": "apartments", "address": ""}}, {"type": "Feature", "geometry": {"type": "Point", "coordinates": [113.3232093, 23.0974261]}, "properties": {"landuse": "residential", "name": "毛纺小区", "name:zh": "毛纺小区", "osm_id": "way/519990661", "category": "residential", "category_hint": "residential", "type": "residential", "address": ""}}, {"type": "Feature", "geometry": {"type": "Point", "coordinates": [113.3079489, 23.1070416]}, "properties": {"landuse": "residential", "name": "汇美景台", "residential": "apartments", "osm_id": "way/538311702", "category": "residential", "category_hint": "residential", "type": "residential", "address": ""}}, {"type": "Feature", "geometry": {"type": "Point", "coordinates": [113.3171491, 23.0982924]}, "properties": {"building": "apartments", "building:levels": "3", "name": "丽影广场A区", "name:zh": "丽影广场A区", "shop": "mall", "osm_id": "way/543819178", "category": "residential", "category_hint": "residential", "type": "mall", "address": ""}}, {"type": "Feature", "geometry": {"type": "Point", "coordinates": [113.3133951, 23.0983409]}, "properties": {"building": "residential", "name": "丽影广场D区", "name:zh": "丽影广场D区", "shop": "mall", "osm_id": "way/543831480", "category": "residential", "category_hint": "residential", "type": "mall", "address": ""}}, {"type": "Feature", "geometry": {"type": "Point", "coordinates": [113.288886, 23.1067023]}, "properties": {"landuse": "residential", "name": "海珠半岛花园", "residential": "apartments", "osm_id": "way/543926904", "category": "residential", "category_hint": "residential", "type": "residential", "address": ""}}, {"type": "Feature", "geometry": {"type": "Point", "coordinates": [113.3295939, 23.1166211]}, "properties": {"building": "apartments", "building:levels": "30", "osm_id": "way/548653026", "name": "", "category": "residential", "category_hint": "residential", "type": "apartments", "address": ""}}, {"type": "Feature", "geometry": {"type": "Point", "coordinates": [113.2955485, 23.0959253]}, "properties": {"landuse": "residential", "name": "海洋雅苑", "name:zh": "海洋雅苑", "osm_id": "way/584392419", "category": "residential", "category_hint": "residential", "type": "residential", "address": ""}}, {"type": "Feature", "geometry": {"type": "Point", "coordinates": [113.300785, 23.1035418]}, "properties": {"landuse": "residential", "osm_id": "way/585600116", "name": "", "category": "residential", "category_hint": "residential", "type": "residential", "address": ""}}, {"type": "Feature", "geometry": {"type": "Point", "coordinates": [113.2995154, 23.1049267]}, "properties": {"building": "apartments", "building:levels": "31", "name": "珠光高派华庭", "name:zh": "珠光高派华庭", "osm_id": "way/585600117", "category": "residential", "category_hint": "residential", "type": "apartments", "address": ""}}, {"type": "Feature", "geometry": {"type": "Point", "coordinates": [113.3002391, 23.1049018]}, "properties": {"building": "apartments", "name": "御景阁", "name:zh": "御景阁", "osm_id": "way/585600118", "category": "residential", "category_hint": "residential", "type": "apartments", "address": ""}}, {"type": "Feature", "geometry": {"type": "Point", "coordinates": [113.3006276, 23.1048968]}, "properties": {"building": "apartments", "building:levels": "28", "name": "恒鑫东和湾", "name:zh": "恒鑫东和湾", "osm_id": "way/585600119", "category": "residential", "category_hint": "residential", "type": "apartments", "address": ""}}, {"type": "Feature", "geometry": {"type": "Point", "coordinates": [113.3013811, 23.1045048]}, "properties": {"landuse": "residential", "name": "听涛雅苑", "name:zh": "听涛雅苑", "osm_id": "way/585600120", "category": "residential", "category_hint": "residential", "type": "residential", "address": ""}}, {"type": "Feature", "geometry": {"type": "Point", "coordinates": [113.3019199, 23.1048222]}, "properties": {"landuse": "residential", "name": "浪琴居", "name:zh": "浪琴居", "osm_id": "way/585600121", "category": "residential", "category_hint": "residential", "type": "residential", "address": ""}}, {"type": "Feature", "geometry": {"type": "Point", "coordinates": [113.3024127, 23.1045951]}, "properties": {"building": "apartments", "name": "锦骏华庭", "osm_id": "way/585600122", "category": "residential", "category_hint": "residential", "type": "apartments", "address": ""}}, {"type": "Feature", "geometry": {"type": "Point", "coordinates": [113.3021725, 23.1038794]}, "properties": {"landuse": "residential", "name": "金豪嘉苑", "name:zh": "金豪嘉苑", "osm_id": "way/585600123", "category": "residential", "category_hint": "residential", "type": "residential", "address": ""}}, {"type": "Feature", "geometry": {"type": "Point", "coordinates": [113.3000834, 23.1009892]}, "properties": {"building": "apartments", "name": "海康小区", "name:zh": "海康小区", "osm_id": "way/585601248", "category": "residential", "category_hint": "residential", "type": "apartments", "address": ""}}, {"type": "Feature", "geometry": {"type": "Point", "coordinates": [113.3001718, 23.1003051]}, "properties": {"building": "apartments", "name": "广州海监局职工宿舍", "name:zh": "广州海监局职工宿舍", "osm_id": "way/585601249", "category": "residential", "category_hint": "residential", "type": "apartments", "address": ""}}, {"type": "Feature", "geometry": {"type": "Point", "coordinates": [113.3094002, 23.1069865]}, "properties": {"building": "apartments", "building:levels": "30", "name": "江畔华庭", "name:zh": "江畔华庭", "osm_id": "way/585606275", "category": "residential", "category_hint": "residential", "type": "apartments", "address": ""}}, {"type": "Feature", "geometry": {"type": "Point", "coordinates": [113.3087048, 23.1066285]}, "properties": {"building": "apartments", "building:levels": "27", "name": "天立俊园", "name:zh": "天立俊园", "osm_id": "way/585606276", "category": "residential", "category_hint": "residential", "type": "apartments", "address": ""}}, {"type": "Feature", "geometry": {"type": "Point", "coordinates": [113.3093547, 23.1061217]}, "properties": {"building": "apartments", "name": "珠江新岸公寓", "name:zh": "珠江新岸公寓", "osm_id": "way/585606277", "category": "residential", "category_hint": "residential", "type": "apartments", "address": ""}}, {"type": "Feature", "geometry": {"type": "Point", "coordinates": [113.3086244, 23.1055647]}, "properties": {"building": "apartments", "building:levels": "23", "name": "丰盈居", "name:zh": "丰盈居", "osm_id": "way/585606279", "category": "residential", "category_hint": "residential", "type": "apartments", "address": ""}}, {"type": "Feature", "geometry": {"type": "Point", "coordinates": [113.3093782, 23.1038156]}, "properties": {"building": "apartments", "name": "经典居", "name:zh": "经典居", "osm_id": "way/585606286", "category": "residential", "category_hint": "residential", "type": "apartments", "address": ""}}, {"type": "Feature", "geometry": {"type": "Point", "coordinates": [113.3333152, 23.1003834]}, "properties": {"landuse": "residential", "name": "丽景花苑", "residential": "apartments", "osm_id": "way/614658629", "category": "residential", "category_hint": "residential", "type": "residential", "address": ""}}, {"type": "Feature", "geometry": {"type": "Point", "coordinates": [113.3337302, 23.0995133]}, "properties": {"landuse": "residential", "name": "高教花园", "residential": "apartments", "osm_id": "way/614658630", "category": "residential", "category_hint": "residential", "type": "residential", "address": ""}}, {"type": "Feature", "geometry": {"type": "Point", "coordinates": [113.329751, 23.1162278]}, "properties": {"landuse": "residential", "name": "猎德花园一区", "residential": "apartments", "osm_id": "way/616266961", "category": "residential", "category_hint": "residential", "type": "residential", "address": ""}}, {"type": "Feature", "geometry": {"type": "Point", "coordinates": [113.3121546, 23.1080398]}, "properties": {"building": "apartments", "name": "琴海居", "osm_id": "way/659716846", "category": "residential", "category_hint": "residential", "type": "apartments", "address": ""}}, {"type": "Feature", "geometry": {"type": "Point", "coordinates": [113.3354032, 23.0897986]}, "properties": {"landuse": "residential", "name": "锦鸿花园", "osm_id": "way/662503948", "category": "residential", "category_hint": "residential", "type": "residential", "address": ""}}, {"type": "Feature", "geometry": {"type": "Point", "coordinates": [113.3226962, 23.0896485]}, "properties": {"landuse": "residential", "name": "金丰花园", "residential": "apartments", "osm_id": "way/662505287", "category": "residential", "category_hint": "residential", "type": "residential", "address": ""}}, {"type": "Feature", "geometry": {"type": "Point", "coordinates": [113.3213754, 23.0894817]}, "properties": {"landuse": "residential", "name": "六福华庭", "osm_id": "way/662505288", "category": "residential", "category_hint": "residential", "type": "residential", "address": ""}}, {"type": "Feature", "geometry": {"type": "Point", "coordinates": [113.3204674, 23.0902214]}, "properties": {"landuse": "residential", "name": "绿茵庭", "osm_id": "way/662505289", "category": "residential", "category_hint": "residential", "type": "residential", "address": ""}}, {"type": "Feature", "geometry": {"type": "Point", "coordinates": [113.3214098, 23.0909935]}, "properties": {"landuse": "residential", "name": "福景居", "osm_id": "way/662505290", "category": "residential", "category_hint": "residential", "type": "residential", "address": ""}}, {"type": "Feature", "geometry": {"type": "Point", "coordinates": [113.2913124, 23.1051004]}, "properties": {"landuse": "residential", "name": "滨江东路549号院", "residential": "apartments", "osm_id": "way/662596316", "category": "residential", "category_hint": "residential", "type": "residential", "address": ""}}, {"type": "Feature", "geometry": {"type": "Point", "coordinates": [113.3040281, 23.1059887]}, "properties": {"landuse": "residential", "name": "珠江广场", "residential": "apartments", "osm_id": "way/662596317", "category": "residential", "category_hint": "residential", "type": "residential", "address": ""}}, {"type": "Feature", "geometry": {"type": "Point", "coordinates": [113.3059863, 23.1062328]}, "properties": {"landuse": "residential", "name": "丽景湾", "residential": "apartments", "osm_id": "way/662596318", "category": "residential", "category_hint": "residential", "type": "residential", "address": ""}}, {"type": "Feature", "geometry": {"type": "Point", "coordinates": [113.3075925, 23.1056181]}, "properties": {"landuse": "residential", "name": "越秀·滨江怡苑", "residential": "apartments", "osm_id": "way/662596320", "category": "residential", "category_hint": "residential", "type": "residential", "address": ""}}, {"type": "Feature", "geometry": {"type": "Point", "coordinates": [113.3065231, 23.1040601]}, "properties": {"landuse": "residential", "name": "江丽苑", "residential": "apartments", "osm_id": "way/662596321", "category": "residential", "category_hint": "residential", "type": "residential", "address": ""}}, {"type": "Feature", "geometry": {"type": "Point", "coordinates": [113.3053931, 23.1026327]}, "properties": {"landuse": "residential", "name": "大江苑", "osm_id": "way/662596323", "category": "residential", "category_hint": "residential", "type": "residential", "address": ""}}, {"type": "Feature", "geometry": {"type": "Point", "coordinates": [113.303696, 23.1019308]}, "properties": {"landuse": "residential", "name": "中信·乐涛苑", "osm_id": "way/662596324", "category": "residential", "category_hint": "residential", "type": "residential", "address": ""}}, {"type": "Feature", "geometry": {"type": "Point", "coordinates": [113.3034834, 23.1029353]}, "properties": {"landuse": "residential", "name": "雅景苑", "osm_id": "way/662596325", "category": "residential", "category_hint": "residential", "type": "residential", "address": ""}}, {"type": "Feature", "geometry": {"type": "Point", "coordinates": [113.3049411, 23.1025098]}, "properties": {"landuse": "residential", "name": "侨雅苑", "osm_id": "way/662596326", "category": "residential", "category_hint": "residential", "type": "residential", "address": ""}}, {"type": "Feature", "geometry": {"type": "Point", "coordinates": [113.3077531, 23.0995012]}, "properties": {"landuse": "residential", "name": "愉景雅苑", "residential": "apartments", "osm_id": "way/662596330", "category": "residential", "category_hint": "residential", "type": "residential", "address": ""}}, {"type": "Feature", "geometry": {"type": "Point", "coordinates": [113.3085928, 23.0991557]}, "properties": {"landuse": "residential", "name": "华乐苑", "osm_id": "way/662596331", "category": "residential", "category_hint": "residential", "type": "residential", "address": ""}}, {"type": "Feature", "geometry": {"type": "Point", "coordinates": [113.3063203, 23.0967691]}, "properties": {"landuse": "residential", "name": "愉景南苑", "osm_id": "way/662596333", "category": "residential", "category_hint": "residential", "type": "residential", "address": ""}}, {"type": "Feature", "geometry": {"type": "Point", "coordinates": [113.3087184, 23.0938326]}, "properties": {"landuse": "residential", "name": "敦和花园", "osm_id": "way/662596334", "category": "residential", "category_hint": "residential", "type": "residential", "address": ""}}, {"type": "Feature", "geometry": {"type": "Point", "coordinates": [113.3164571, 23.10225]}, "properties": {"landuse": "residential", "name": "锦安苑", "osm_id": "way/662596340", "category": "residential", "category_hint": "residential", "type": "residential", "address": ""}}, {"type": "Feature", "geometry": {"type": "Point", "coordinates": [113.3240358, 23.099609]}, "properties": {"landuse": "residential", "name": "佳信花园", "osm_id": "way/662596342", "category": "residential", "category_hint": "residential", "type": "residential", "address": ""}}, {"type": "Feature", "geometry": {"type": "Point", "coordinates": [113.3228802, 23.1006701]}, "properties": {"landuse": "residential", "name": "泓景花园A区", "osm_id": "way/662598241", "category": "residential", "category_hint": "residential", "type": "residential", "address": ""}}, {"type": "Feature", "geometry": {"type": "Point", "coordinates": [113.3230584, 23.1020214]}, "properties": {"landuse": "residential", "name": "泓景花园B区", "osm_id": "way/662598242", "category": "residential", "category_hint": "residential", "type": "residential", "address": ""}}, {"type": "Feature", "geometry": {"type": "Point", "coordinates": [113.3264055, 23.1032609]}, "properties": {"landuse": "residential", "name": "合生·紫龙府", "residential": "apartments", "osm_id": "way/662598246", "category": "residential", "category_hint": "residential", "type": "residential", "address": ""}}, {"type": "Feature", "geometry": {"type": "Point", "coordinates": [113.3307947, 23.1053621]}, "properties": {"landuse": "residential", "name": "磨碟沙花苑", "residential": "apartments", "osm_id": "way/662598252", "category": "residential", "category_hint": "residential", "type": "residential", "address": ""}}, {"type": "Feature", "geometry": {"type": "Point", "coordinates": [113.3392075, 23.1171343]}, "properties": {"landuse": "residential", "name": "南国花园", "residential": "apartments", "osm_id": "way/662685555", "category": "residential", "category_hint": "residential", "type": "residential", "address": ""}}, {"type": "Feature", "geometry": {"type": "Point", "coordinates": [113.3391531, 23.1150446]}, "properties": {"landuse": "residential", "name": "侨鑫·汇悦台", "residential": "apartments", "osm_id": "way/662685561", "category": "residential", "category_hint": "residential", "type": "residential", "address": ""}}, {"type": "Feature", "geometry": {"type": "Point", "coordinates": [113.3365805, 23.1153718]}, "properties": {"landuse": "residential", "name": "海滨花园南区", "residential": "apartments", "osm_id": "way/662685563", "category": "residential", "category_hint": "residential", "type": "residential", "address": ""}}, {"type": "Feature", "geometry": {"type": "Point", "coordinates": [113.3366003, 23.1166085]}, "properties": {"landuse": "residential", "name": "海滨花园北区", "residential": "apartments", "osm_id": "way/662685565", "category": "residential", "category_hint": "residential", "type": "residential", "address": ""}}, {"type": "Feature", "geometry": {"type": "Point", "coordinates": [113.2990066, 23.0739721]}, "properties": {"landuse": "residential", "name": "南洲花苑C区", "osm_id": "way/663249004", "category": "residential", "category_hint": "residential", "type": "residential", "address": ""}}, {"type": "Feature", "geometry": {"type": "Point", "coordinates": [113.298633, 23.0743613]}, "properties": {"landuse": "residential", "name": "尚东·峰景", "osm_id": "way/663249005", "category": "residential", "category_hint": "residential", "type": "residential", "address": ""}}, {"type": "Feature", "geometry": {"type": "Point", "coordinates": [113.3001731, 23.0741938]}, "properties": {"landuse": "residential", "name": "和辉花园", "osm_id": "way/663249006", "category": "residential", "category_hint": "residential", "type": "residential", "address": ""}}, {"type": "Feature", "geometry": {"type": "Point", "coordinates": [113.2973698, 23.0742566]}, "properties": {"landuse": "residential", "name": "明都华庭", "osm_id": "way/663249007", "category": "residential", "category_hint": "residential", "type": "residential", "address": ""}}, {"type": "Feature", "geometry": {"type": "Point", "coordinates": [113.2957407, 23.0741281]}, "properties": {"landuse": "residential", "name": "丽林景苑", "osm_id": "way/663249008", "category": "residential", "category_hint": "residential", "type": "residential", "address": ""}}, {"type": "Feature", "geometry": {"type": "Point", "coordinates": [113.2948213, 23.0725938]}, "properties": {"landuse": "residential", "name": "万华花园", "osm_id": "way/663249009", "category": "residential", "category_hint": "residential", "type": "residential", "address": ""}}, {"type": "Feature", "geometry": {"type": "Point", "coordinates": [113.2929781, 23.078325]}, "properties": {"landuse": "residential", "osm_id": "way/663255157", "name": "", "category": "residential", "category_hint": "residential", "type": "residential", "address": ""}}, {"type": "Feature", "geometry": {"type": "Point", "coordinates": [113.2927263, 23.076048]}, "properties": {"landuse": "residential", "osm_id": "way/663255158", "name": "", "category": "residential", "category_hint": "residential", "type": "residential", "address": ""}}, {"type": "Feature", "geometry": {"type": "Point", "coordinates": [113.3221894, 23.0993322]}, "properties": {"addr:housenumber": "2", "addr:street": "赤岗北路", "building": "apartments", "building:levels": "6", "roof:levels": "1", "roof:shape": "hipped", "osm_id": "way/679031543", "name": "", "category": "residential", "category_hint": "residential", "type": "apartments", "address": ""}}, {"type": "Feature", "geometry": {"type": "Point", "coordinates": [113.3295359, 23.0866858]}, "properties": {"landuse": "residential", "name": "大塘公安宿舍", "osm_id": "way/681820505", "category": "residential", "category_hint": "residential", "type": "residential", "address": ""}}, {"type": "Feature", "geometry": {"type": "Point", "coordinates": [113.3129525, 23.1071533]}, "properties": {"landuse": "residential", "name": "新鸿花园", "residential": "apartments", "osm_id": "way/684749108", "category": "residential", "category_hint": "residential", "type": "residential", "address": ""}}, {"type": "Feature", "geometry": {"type": "Point", "coordinates": [113.3299762, 23.0913117]}, "properties": {"landuse": "residential", "name": "华保花园", "residential": "apartments", "osm_id": "way/684921522", "category": "residential", "category_hint": "residential", "type": "residential", "address": ""}}, {"type": "Feature", "geometry": {"type": "Point", "coordinates": [113.3158165, 23.0951341]}, "properties": {"landuse": "residential", "name": "中信·金影花园", "osm_id": "way/685796222", "category": "residential", "category_hint": "residential", "type": "residential", "address": ""}}, {"type": "Feature", "geometry": {"type": "Point", "coordinates": [113.3244999, 23.1170784]}, "properties": {"landuse": "residential", "name": "天銮", "residential": "apartments", "osm_id": "way/696148937", "category": "residential", "category_hint": "residential", "type": "residential", "address": ""}}, {"type": "Feature", "geometry": {"type": "Point", "coordinates": [113.3089896, 23.1028066]}, "properties": {"building": "residential", "name": "世纪云顶", "osm_id": "way/699242991", "category": "residential", "category_hint": "residential", "type": "residential", "address": ""}}, {"type": "Feature", "geometry": {"type": "Point", "coordinates": [113.2919512, 23.0931773]}, "properties": {"building": "residential", "osm_id": "way/699254107", "name": "", "category": "residential", "category_hint": "residential", "type": "residential", "address": ""}}, {"type": "Feature", "geometry": {"type": "Point", "coordinates": [113.2925096, 23.0931392]}, "properties": {"building": "residential", "osm_id": "way/699254108", "name": "", "category": "residential", "category_hint": "residential", "type": "residential", "address": ""}}, {"type": "Feature", "geometry": {"type": "Point", "coordinates": [113.2920864, 23.0929527]}, "properties": {"building": "residential", "osm_id": "way/699254109", "name": "", "category": "residential", "category_hint": "residential", "type": "residential", "address": ""}}, {"type": "Feature", "geometry": {"type": "Point", "coordinates": [113.2925895, 23.0929777]}, "properties": {"building": "residential", "osm_id": "way/699254110", "name": "", "category": "residential", "category_hint": "residential", "type": "residential", "address": ""}}, {"type": "Feature", "geometry": {"type": "Point", "coordinates": [113.2919016, 23.0926588]}, "properties": {"building": "residential", "osm_id": "way/699254111", "name": "", "category": "residential", "category_hint": "residential", "type": "residential", "address": ""}}, {"type": "Feature", "geometry": {"type": "Point", "coordinates": [113.2922611, 23.0926569]}, "properties": {"building": "residential", "osm_id": "way/699254112", "name": "", "category": "residential", "category_hint": "residential", "type": "residential", "address": ""}}, {"type": "Feature", "geometry": {"type": "Point", "coordinates": [113.2925963, 23.0927234]}, "properties": {"building": "residential", "osm_id": "way/699254113", "name": "", "category": "residential", "category_hint": "residential", "type": "residential", "address": ""}}, {"type": "Feature", "geometry": {"type": "Point", "coordinates": [113.2925952, 23.09237]}, "properties": {"building": "residential", "osm_id": "way/699254114", "name": "", "category": "residential", "category_hint": "residential", "type": "residential", "address": ""}}, {"type": "Feature", "geometry": {"type": "Point", "coordinates": [113.2919051, 23.092361]}, "properties": {"building": "residential", "osm_id": "way/699254115", "name": "", "category": "residential", "category_hint": "residential", "type": "residential", "address": ""}}, {"type": "Feature", "geometry": {"type": "Point", "coordinates": [113.2922766, 23.0922719]}, "properties": {"building": "residential", "osm_id": "way/699254116", "name": "", "category": "residential", "category_hint": "residential", "type": "residential", "address": ""}}, {"type": "Feature", "geometry": {"type": "Point", "coordinates": [113.2915606, 23.0927109]}, "properties": {"building": "apartments", "building:levels": "9", "min_level": "2", "osm_id": "way/699254117", "name": "", "category": "residential", "category_hint": "residential", "type": "apartments", "address": ""}}, {"type": "Feature", "geometry": {"type": "Point", "coordinates": [113.2922369, 23.0919521]}, "properties": {"building": "residential", "osm_id": "way/699254119", "name": "", "category": "residential", "category_hint": "residential", "type": "residential", "address": ""}}, {"type": "Feature", "geometry": {"type": "Point", "coordinates": [113.2926128, 23.0919997]}, "properties": {"building": "residential", "osm_id": "way/699254120", "name": "", "category": "residential", "category_hint": "residential", "type": "residential", "address": ""}}, {"type": "Feature", "geometry": {"type": "Point", "coordinates": [113.312018, 23.1087512]}, "properties": {"building": "apartments", "building:levels": "22", "name": "新理想豪庭", "osm_id": "way/699674208", "category": "residential", "category_hint": "residential", "type": "apartments", "address": ""}}, {"type": "Feature", "geometry": {"type": "Point", "coordinates": [113.3254158, 23.1080658]}, "properties": {"building": "apartments", "building:levels": "17", "name": "珠江帝景苑", "osm_id": "way/735437844", "category": "residential", "category_hint": "residential", "type": "apartments", "address": ""}}, {"type": "Feature", "geometry": {"type": "Point", "coordinates": [113.3246266, 23.1079665]}, "properties": {"building": "apartments", "building:levels": "17", "name": "珠江帝景苑", "osm_id": "way/735437845", "category": "residential", "category_hint": "residential", "type": "apartments", "address": ""}}, {"type": "Feature", "geometry": {"type": "Point", "coordinates": [113.3255695, 23.1074075]}, "properties": {"building": "apartments", "building:levels": "17", "name": "珠江帝景苑", "osm_id": "way/735437846", "category": "residential", "category_hint": "residential", "type": "apartments", "address": ""}}, {"type": "Feature", "geometry": {"type": "Point", "coordinates": [113.3257689, 23.1068624]}, "properties": {"building": "apartments", "building:levels": "17", "name": "珠江帝景苑", "osm_id": "way/735437847", "category": "residential", "category_hint": "residential", "type": "apartments", "address": ""}}, {"type": "Feature", "geometry": {"type": "Point", "coordinates": [113.325942, 23.1062141]}, "properties": {"building": "apartments", "building:levels": "17", "name": "珠江帝景苑", "osm_id": "way/735437848", "category": "residential", "category_hint": "residential", "type": "apartments", "address": ""}}, {"type": "Feature", "geometry": {"type": "Point", "coordinates": [113.3259364, 23.1056411]}, "properties": {"building": "apartments", "building:levels": "17", "name": "珠江帝景苑", "osm_id": "way/735437849", "category": "residential", "category_hint": "residential", "type": "apartments", "address": ""}}, {"type": "Feature", "geometry": {"type": "Point", "coordinates": [113.3226843, 23.1084186]}, "properties": {"building": "apartments", "building:levels": "13", "name": "珠江帝景苑", "osm_id": "way/735437853", "category": "residential", "category_hint": "residential", "type": "apartments", "address": ""}}, {"type": "Feature", "geometry": {"type": "Point", "coordinates": [113.323576, 23.1081445]}, "properties": {"building": "apartments", "building:levels": "13", "name": "珠江帝景苑", "osm_id": "way/735437854", "category": "residential", "category_hint": "residential", "type": "apartments", "address": ""}}, {"type": "Feature", "geometry": {"type": "Point", "coordinates": [113.3242606, 23.1071442]}, "properties": {"building": "apartments", "building:levels": "17", "name": "珠江帝景苑", "osm_id": "way/735437856", "category": "residential", "category_hint": "residential", "type": "apartments", "address": ""}}, {"type": "Feature", "geometry": {"type": "Point", "coordinates": [113.3247415, 23.1068022]}, "properties": {"building": "apartments", "building:levels": "17", "name": "珠江帝景苑", "osm_id": "way/735437857", "category": "residential", "category_hint": "residential", "type": "apartments", "address": ""}}, {"type": "Feature", "geometry": {"type": "Point", "coordinates": [113.3249085, 23.1062967]}, "properties": {"building": "apartments", "building:levels": "17", "name": "珠江帝景苑", "osm_id": "way/735437858", "category": "residential", "category_hint": "residential", "type": "apartments", "address": ""}}, {"type": "Feature", "geometry": {"type": "Point", "coordinates": [113.3247692, 23.1057081]}, "properties": {"building": "apartments", "building:levels": "17", "name": "珠江帝景苑", "osm_id": "way/735437859", "category": "residential", "category_hint": "residential", "type": "apartments", "address": ""}}, {"type": "Feature", "geometry": {"type": "Point", "coordinates": [113.3243585, 23.1052693]}, "properties": {"building": "apartments", "building:levels": "17", "name": "珠江帝景苑", "osm_id": "way/735437860", "category": "residential", "category_hint": "residential", "type": "apartments", "address": ""}}, {"type": "Feature", "geometry": {"type": "Point", "coordinates": [113.3233131, 23.1056839]}, "properties": {"building": "apartments", "building:levels": "17", "name": "珠江帝景苑", "osm_id": "way/735437861", "category": "residential", "category_hint": "residential", "type": "apartments", "address": ""}}, {"type": "Feature", "geometry": {"type": "Point", "coordinates": [113.3236694, 23.1061862]}, "properties": {"building": "apartments", "building:levels": "17", "name": "珠江帝景苑", "osm_id": "way/735437862", "category": "residential", "category_hint": "residential", "type": "apartments", "address": ""}}, {"type": "Feature", "geometry": {"type": "Point", "coordinates": [113.3237157, 23.1067938]}, "properties": {"building": "apartments", "building:levels": "17", "name": "珠江帝景苑", "osm_id": "way/735437863", "category": "residential", "category_hint": "residential", "type": "apartments", "address": ""}}, {"type": "Feature", "geometry": {"type": "Point", "coordinates": [113.3213036, 23.1076634]}, "properties": {"building": "apartments", "building:levels": "35", "name": "珠江帝景苑", "osm_id": "way/735437864", "category": "residential", "category_hint": "residential", "type": "apartments", "address": ""}}, {"type": "Feature", "geometry": {"type": "Point", "coordinates": [113.3220486, 23.1076976]}, "properties": {"building": "apartments", "building:levels": "35", "name": "珠江帝景苑", "osm_id": "way/735437865", "category": "residential", "category_hint": "residential", "type": "apartments", "address": ""}}, {"type": "Feature", "geometry": {"type": "Point", "coordinates": [113.3225372, 23.1072613]}, "properties": {"building": "apartments", "building:levels": "35", "name": "珠江帝景苑", "osm_id": "way/735437866", "category": "residential", "category_hint": "residential", "type": "apartments", "address": ""}}, {"type": "Feature", "geometry": {"type": "Point", "coordinates": [113.3209527, 23.1072263]}, "properties": {"building": "apartments", "building:levels": "35", "name": "珠江帝景苑", "osm_id": "way/735437867", "category": "residential", "category_hint": "residential", "type": "apartments", "address": ""}}, {"type": "Feature", "geometry": {"type": "Point", "coordinates": [113.3208911, 23.1066446]}, "properties": {"building": "apartments", "building:levels": "35", "name": "珠江帝景苑", "osm_id": "way/735437868", "category": "residential", "category_hint": "residential", "type": "apartments", "address": ""}}, {"type": "Feature", "geometry": {"type": "Point", "coordinates": [113.3226829, 23.106693]}, "properties": {"building": "apartments", "building:levels": "35", "name": "珠江帝景苑", "osm_id": "way/735437869", "category": "residential", "category_hint": "residential", "type": "apartments", "address": ""}}, {"type": "Feature", "geometry": {"type": "Point", "coordinates": [113.3050466, 23.1161614]}, "properties": {"building": "residential", "osm_id": "way/780261549", "name": "", "category": "residential", "category_hint": "residential", "type": "residential", "address": ""}}, {"type": "Feature", "geometry": {"type": "Point", "coordinates": [113.3058094, 23.116946]}, "properties": {"building": "apartments", "building:levels": "9", "osm_id": "way/780261551", "name": "", "category": "residential", "category_hint": "residential", "type": "apartments", "address": ""}}, {"type": "Feature", "geometry": {"type": "Point", "coordinates": [113.3060489, 23.1169496]}, "properties": {"building": "apartments", "building:levels": "9", "osm_id": "way/780261552", "name": "", "category": "residential", "category_hint": "residential", "type": "apartments", "address": ""}}, {"type": "Feature", "geometry": {"type": "Point", "coordinates": [113.3062815, 23.1169439]}, "properties": {"building": "apartments", "building:levels": "9", "osm_id": "way/780261553", "name": "", "category": "residential", "category_hint": "residential", "type": "apartments", "address": ""}}, {"type": "Feature", "geometry": {"type": "Point", "coordinates": [113.3066217, 23.1162586]}, "properties": {"building": "apartments", "building:levels": "53", "osm_id": "way/780261559", "name": "", "category": "residential", "category_hint": "residential", "type": "apartments", "address": ""}}, {"type": "Feature", "geometry": {"type": "Point", "coordinates": [113.3070058, 23.1168036]}, "properties": {"building": "apartments", "building:levels": "48", "osm_id": "way/780261561", "name": "", "category": "residential", "category_hint": "residential", "type": "apartments", "address": ""}}, {"type": "Feature", "geometry": {"type": "Point", "coordinates": [113.3218786, 23.106274]}, "properties": {"building": "residential", "osm_id": "way/823098222", "name": "", "category": "residential", "category_hint": "residential", "type": "residential", "address": ""}}, {"type": "Feature", "geometry": {"type": "Point", "coordinates": [113.3218886, 23.1060581]}, "properties": {"building": "residential", "osm_id": "way/823098223", "name": "", "category": "residential", "category_hint": "residential", "type": "residential", "address": ""}}, {"type": "Feature", "geometry": {"type": "Point", "coordinates": [113.3175633, 23.1064425]}, "properties": {"landuse": "residential", "name": "泊雅湾", "residential": "apartments", "osm_id": "way/823098232", "category": "residential", "category_hint": "residential", "type": "residential", "address": ""}}, {"type": "Feature", "geometry": {"type": "Point", "coordinates": [113.3165503, 23.1063904]}, "properties": {"landuse": "residential", "name": "利安花园", "residential": "apartments", "osm_id": "way/823098233", "category": "residential", "category_hint": "residential", "type": "residential", "address": ""}}, {"type": "Feature", "geometry": {"type": "Point", "coordinates": [113.3144371, 23.1061782]}, "properties": {"landuse": "residential", "name": "珠江帝景华苑", "residential": "apartments", "osm_id": "way/823098234", "category": "residential", "category_hint": "residential", "type": "residential", "address": ""}}, {"type": "Feature", "geometry": {"type": "Point", "coordinates": [113.311971, 23.1087991]}, "properties": {"landuse": "residential", "residential": "apartments", "osm_id": "way/823098235", "name": "", "category": "residential", "category_hint": "residential", "type": "residential", "address": ""}}, {"type": "Feature", "geometry": {"type": "Point", "coordinates": [113.3120739, 23.1080804]}, "properties": {"landuse": "residential", "residential": "apartments", "osm_id": "way/823098236", "name": "", "category": "residential", "category_hint": "residential", "type": "residential", "address": ""}}, {"type": "Feature", "geometry": {"type": "Point", "coordinates": [113.3132542, 23.1081338]}, "properties": {"landuse": "residential", "residential": "apartments", "osm_id": "way/823098237", "name": "", "category": "residential", "category_hint": "residential", "type": "residential", "address": ""}}, {"type": "Feature", "geometry": {"type": "Point", "coordinates": [113.3148328, 23.1024502]}, "properties": {"landuse": "residential", "name": "方圆·滨江壹号", "residential": "apartments", "osm_id": "way/823098238", "category": "residential", "category_hint": "residential", "type": "residential", "address": ""}}, {"type": "Feature", "geometry": {"type": "Point", "coordinates": [113.2910243, 23.1034621]}, "properties": {"landuse": "residential", "residential": "apartments", "osm_id": "way/854452720", "name": "", "category": "residential", "category_hint": "residential", "type": "residential", "address": ""}}, {"type": "Feature", "geometry": {"type": "Point", "coordinates": [113.3050653, 23.1166779]}, "properties": {"landuse": "residential", "name": "汉苑", "osm_id": "way/898464115", "category": "residential", "category_hint": "residential", "type": "residential", "address": ""}}, {"type": "Feature", "geometry": {"type": "Point", "coordinates": [113.3177082, 23.1006087]}, "properties": {"building": "apartments", "osm_id": "way/906981398", "name": "", "category": "residential", "category_hint": "residential", "type": "apartments", "address": ""}}, {"type": "Feature", "geometry": {"type": "Point", "coordinates": [113.3209233, 23.0973574]}, "properties": {"landuse": "residential", "osm_id": "way/906981407", "name": "", "category": "residential", "category_hint": "residential", "type": "residential", "address": ""}}, {"type": "Feature", "geometry": {"type": "Point", "coordinates": [113.3189603, 23.0978602]}, "properties": {"landuse": "residential", "name": "鸿运花园", "osm_id": "way/906981408", "category": "residential", "category_hint": "residential", "type": "residential", "address": ""}}, {"type": "Feature", "geometry": {"type": "Point", "coordinates": [113.2992052, 23.1059972]}, "properties": {"building": "residential", "building:levels": "43", "osm_id": "way/930313817", "name": "", "category": "residential", "category_hint": "residential", "type": "residential", "address": ""}}, {"type": "Feature", "geometry": {"type": "Point", "coordinates": [113.2989736, 23.105523]}, "properties": {"building": "residential", "building:levels": "8", "osm_id": "way/930314398", "name": "", "category": "residential", "category_hint": "residential", "type": "residential", "address": ""}}, {"type": "Feature", "geometry": {"type": "Point", "coordinates": [113.2994666, 23.1055113]}, "properties": {"building": "residential", "building:levels": "8", "osm_id": "way/930314399", "name": "", "category": "residential", "category_hint": "residential", "type": "residential", "address": ""}}, {"type": "Feature", "geometry": {"type": "Point", "coordinates": [113.299942, 23.1054868]}, "properties": {"building": "residential", "building:levels": "8", "osm_id": "way/930314400", "name": "", "category": "residential", "category_hint": "residential", "type": "residential", "address": ""}}, {"type": "Feature", "geometry": {"type": "Point", "coordinates": [113.2983559, 23.1046805]}, "properties": {"building": "apartments", "building:levels": "18", "osm_id": "way/930316611", "name": "", "category": "residential", "category_hint": "residential", "type": "apartments", "address": ""}}, {"type": "Feature", "geometry": {"type": "Point", "coordinates": [113.2976456, 23.1050123]}, "properties": {"building": "apartments", "building:levels": "26", "osm_id": "way/930316612", "name": "", "category": "residential", "category_hint": "residential", "type": "apartments", "address": ""}}, {"type": "Feature", "geometry": {"type": "Point", "coordinates": [113.2966373, 23.1049506]}, "properties": {"building": "apartments", "building:levels": "26", "osm_id": "way/930316613", "name": "", "category": "residential", "category_hint": "residential", "type": "apartments", "address": ""}}, {"type": "Feature", "geometry": {"type": "Point", "coordinates": [113.2986116, 23.1048452]}, "properties": {"building": "apartments", "building:levels": "26", "osm_id": "way/930316614", "name": "", "category": "residential", "category_hint": "residential", "type": "apartments", "address": ""}}, {"type": "Feature", "geometry": {"type": "Point", "coordinates": [113.3315275, 23.1170111]}, "properties": {"building": "apartments", "building:levels": "30", "osm_id": "way/938876369", "name": "", "category": "residential", "category_hint": "residential", "type": "apartments", "address": ""}}, {"type": "Feature", "geometry": {"type": "Point", "coordinates": [113.3301301, 23.1158048]}, "properties": {"building": "apartments", "building:levels": "30", "osm_id": "way/938876874", "name": "", "category": "residential", "category_hint": "residential", "type": "apartments", "address": ""}}, {"type": "Feature", "geometry": {"type": "Point", "coordinates": [113.3306326, 23.1157668]}, "properties": {"building": "apartments", "building:levels": "30", "osm_id": "way/938876875", "name": "", "category": "residential", "category_hint": "residential", "type": "apartments", "address": ""}}, {"type": "Feature", "geometry": {"type": "Point", "coordinates": [113.3318168, 23.1163551]}, "properties": {"building": "apartments", "building:levels": "30", "osm_id": "way/938876876", "name": "", "category": "residential", "category_hint": "residential", "type": "apartments", "address": ""}}, {"type": "Feature", "geometry": {"type": "Point", "coordinates": [113.3294225, 23.1158833]}, "properties": {"building": "apartments", "building:levels": "30", "osm_id": "way/938876877", "name": "", "category": "residential", "category_hint": "residential", "type": "apartments", "address": ""}}, {"type": "Feature", "geometry": {"type": "Point", "coordinates": [113.3325769, 23.1171574]}, "properties": {"building": "apartments", "building:levels": "30", "osm_id": "way/938876878", "name": "", "category": "residential", "category_hint": "residential", "type": "apartments", "address": ""}}, {"type": "Feature", "geometry": {"type": "Point", "coordinates": [113.3327711, 23.1158368]}, "properties": {"building": "apartments", "building:levels": "30", "osm_id": "way/938876879", "name": "", "category": "residential", "category_hint": "residential", "type": "apartments", "address": ""}}, {"type": "Feature", "geometry": {"type": "Point", "coordinates": [113.3321078, 23.1155437]}, "properties": {"building": "apartments", "building:levels": "30", "osm_id": "way/938876880", "name": "", "category": "residential", "category_hint": "residential", "type": "apartments", "address": ""}}, {"type": "Feature", "geometry": {"type": "Point", "coordinates": [113.3305223, 23.1165353]}, "properties": {"building": "apartments", "building:levels": "30", "osm_id": "way/938876881", "name": "", "category": "residential", "category_hint": "residential", "type": "apartments", "address": ""}}, {"type": "Feature", "geometry": {"type": "Point", "coordinates": [113.3314731, 23.1155885]}, "properties": {"building": "apartments", "building:levels": "30", "osm_id": "way/938876882", "name": "", "category": "residential", "category_hint": "residential", "type": "apartments", "address": ""}}, {"type": "Feature", "geometry": {"type": "Point", "coordinates": [113.3290331, 23.0916689]}, "properties": {"landuse": "residential", "name": "信步闲庭", "residential": "apartments", "osm_id": "way/942093583", "category": "residential", "category_hint": "residential", "type": "residential", "address": ""}}, {"type": "Feature", "geometry": {"type": "Point", "coordinates": [113.3031817, 23.1062084]}, "properties": {"building": "apartments", "building:levels": "28", "osm_id": "way/943250965", "name": "", "category": "residential", "category_hint": "residential", "type": "apartments", "address": ""}}, {"type": "Feature", "geometry": {"type": "Point", "coordinates": [113.3041068, 23.1064748]}, "properties": {"building": "apartments", "building:levels": "16", "osm_id": "way/943250966", "name": "", "category": "residential", "category_hint": "residential", "type": "apartments", "address": ""}}, {"type": "Feature", "geometry": {"type": "Point", "coordinates": [113.3023666, 23.1058557]}, "properties": {"building": "apartments", "osm_id": "way/943250967", "name": "", "category": "residential", "category_hint": "residential", "type": "apartments", "address": ""}}, {"type": "Feature", "geometry": {"type": "Point", "coordinates": [113.3048749, 23.1062698]}, "properties": {"building": "apartments", "building:levels": "16", "osm_id": "way/943250968", "name": "", "category": "residential", "category_hint": "residential", "type": "apartments", "address": ""}}, {"type": "Feature", "geometry": {"type": "Point", "coordinates": [113.3006586, 23.1055673]}, "properties": {"building": "residential", "osm_id": "way/943250991", "name": "", "category": "residential", "category_hint": "residential", "type": "residential", "address": ""}}, {"type": "Feature", "geometry": {"type": "Point", "coordinates": [113.3015902, 23.1055696]}, "properties": {"building": "apartments", "osm_id": "way/943250992", "name": "", "category": "residential", "category_hint": "residential", "type": "apartments", "address": ""}}, {"type": "Feature", "geometry": {"type": "Point", "coordinates": [113.3058053, 23.1067107]}, "properties": {"building": "apartments", "building:levels": "32", "osm_id": "way/943251045", "name": "", "category": "residential", "category_hint": "residential", "type": "apartments", "address": ""}}, {"type": "Feature", "geometry": {"type": "Point", "coordinates": [113.3135596, 23.107311]}, "properties": {"building": "apartments", "osm_id": "way/943251130", "name": "", "category": "residential", "category_hint": "residential", "type": "apartments", "address": ""}}, {"type": "Feature", "geometry": {"type": "Point", "coordinates": [113.298546, 23.1042951]}, "properties": {"building": "residential", "building:levels": "3", "osm_id": "way/947167665", "name": "", "category": "residential", "category_hint": "residential", "type": "residential", "address": ""}}, {"type": "Feature", "geometry": {"type": "Point", "coordinates": [113.2985609, 23.1042019]}, "properties": {"building": "residential", "building:levels": "3", "osm_id": "way/947167666", "name": "", "category": "residential", "category_hint": "residential", "type": "residential", "address": ""}}, {"type": "Feature", "geometry": {"type": "Point", "coordinates": [113.2985488, 23.1043784]}, "properties": {"building": "residential", "building:levels": "3", "osm_id": "way/947167667", "name": "", "category": "residential", "category_hint": "residential", "type": "residential", "address": ""}}, {"type": "Feature", "geometry": {"type": "Point", "coordinates": [113.2985501, 23.1044683]}, "properties": {"building": "residential", "building:levels": "3", "osm_id": "way/947167668", "name": "", "category": "residential", "category_hint": "residential", "type": "residential", "address": ""}}, {"type": "Feature", "geometry": {"type": "Point", "coordinates": [113.2972491, 23.1043482]}, "properties": {"building": "residential", "building:levels": "3", "osm_id": "way/947167740", "name": "", "category": "residential", "category_hint": "residential", "type": "residential", "address": ""}}, {"type": "Feature", "geometry": {"type": "Point", "coordinates": [113.2971579, 23.1043593]}, "properties": {"building": "residential", "building:levels": "3", "osm_id": "way/947167741", "name": "", "category": "residential", "category_hint": "residential", "type": "residential", "address": ""}}, {"type": "Feature", "geometry": {"type": "Point", "coordinates": [113.2975039, 23.1042668]}, "properties": {"building": "residential", "building:levels": "3", "osm_id": "way/947167742", "name": "", "category": "residential", "category_hint": "residential", "type": "residential", "address": ""}}, {"type": "Feature", "geometry": {"type": "Point", "coordinates": [113.2973322, 23.104326]}, "properties": {"building": "residential", "building:levels": "3", "osm_id": "way/947167743", "name": "", "category": "residential", "category_hint": "residential", "type": "residential", "address": ""}}, {"type": "Feature", "geometry": {"type": "Point", "coordinates": [113.2974181, 23.1043037]}, "properties": {"building": "residential", "building:levels": "3", "osm_id": "way/947167744", "name": "", "category": "residential", "category_hint": "residential", "type": "residential", "address": ""}}, {"type": "Feature", "geometry": {"type": "Point", "coordinates": [113.2972518, 23.1044357]}, "properties": {"building": "residential", "building:levels": "3", "osm_id": "way/947170360", "name": "", "category": "residential", "category_hint": "residential", "type": "residential", "address": ""}}, {"type": "Feature", "geometry": {"type": "Point", "coordinates": [113.2975133, 23.1043679]}, "properties": {"building": "residential", "building:levels": "3", "osm_id": "way/947170361", "name": "", "category": "residential", "category_hint": "residential", "type": "residential", "address": ""}}, {"type": "Feature", "geometry": {"type": "Point", "coordinates": [113.2975951, 23.1042372]}, "properties": {"building": "residential", "building:levels": "3", "osm_id": "way/947170362", "name": "", "category": "residential", "category_hint": "residential", "type": "residential", "address": ""}}, {"type": "Feature", "geometry": {"type": "Point", "coordinates": [113.2978446, 23.1042335]}, "properties": {"building": "residential", "building:levels": "3", "osm_id": "way/947170363", "name": "", "category": "residential", "category_hint": "residential", "type": "residential", "address": ""}}, {"type": "Feature", "geometry": {"type": "Point", "coordinates": [113.2980269, 23.1042261]}, "properties": {"building": "residential", "building:levels": "3", "osm_id": "way/947170364", "name": "", "category": "residential", "category_hint": "residential", "type": "residential", "address": ""}}, {"type": "Feature", "geometry": {"type": "Point", "coordinates": [113.2978418, 23.1043543]}, "properties": {"building": "residential", "building:levels": "3", "osm_id": "way/947170365", "name": "", "category": "residential", "category_hint": "residential", "type": "residential", "address": ""}}, {"type": "Feature", "geometry": {"type": "Point", "coordinates": [113.2973389, 23.1044099]}, "properties": {"building": "residential", "building:levels": "3", "osm_id": "way/947170366", "name": "", "category": "residential", "category_hint": "residential", "type": "residential", "address": ""}}, {"type": "Feature", "geometry": {"type": "Point", "coordinates": [113.2974248, 23.1043888]}, "properties": {"building": "residential", "building:levels": "3", "osm_id": "way/947170367", "name": "", "category": "residential", "category_hint": "residential", "type": "residential", "address": ""}}, {"type": "Feature", "geometry": {"type": "Point", "coordinates": [113.2980336, 23.1043531]}, "properties": {"building": "residential", "building:levels": "3", "osm_id": "way/947170368", "name": "", "category": "residential", "category_hint": "residential", "type": "residential", "address": ""}}, {"type": "Feature", "geometry": {"type": "Point", "coordinates": [113.2976286, 23.1043408]}, "properties": {"building": "residential", "building:levels": "3", "osm_id": "way/947170369", "name": "", "category": "residential", "category_hint": "residential", "type": "residential", "address": ""}}, {"type": "Feature", "geometry": {"type": "Point", "coordinates": [113.2979332, 23.1043644]}, "properties": {"building": "residential", "building:levels": "3", "osm_id": "way/947170370", "name": "", "category": "residential", "category_hint": "residential", "type": "residential", "address": ""}}, {"type": "Feature", "geometry": {"type": "Point", "coordinates": [113.2971592, 23.104453]}, "properties": {"building": "residential", "building:levels": "3", "osm_id": "way/947170371", "name": "", "category": "residential", "category_hint": "residential", "type": "residential", "address": ""}}, {"type": "Feature", "geometry": {"type": "Point", "coordinates": [113.2977172, 23.1042297]}, "properties": {"building": "residential", "building:levels": "3", "osm_id": "way/947170372", "name": "", "category": "residential", "category_hint": "residential", "type": "residential", "address": ""}}, {"type": "Feature", "geometry": {"type": "Point", "coordinates": [113.2977494, 23.1043432]}, "properties": {"building": "residential", "building:levels": "3", "osm_id": "way/947170373", "name": "", "category": "residential", "category_hint": "residential", "type": "residential", "address": ""}}, {"type": "Feature", "geometry": {"type": "Point", "coordinates": [113.2979223, 23.1042322]}, "properties": {"building": "residential", "building:levels": "3", "osm_id": "way/947170374", "name": "", "category": "residential", "category_hint": "residential", "type": "residential", "address": ""}}, {"type": "Feature", "geometry": {"type": "Point", "coordinates": [113.2982522, 23.1042211]}, "properties": {"building": "residential", "building:levels": "3", "osm_id": "way/947171537", "name": "", "category": "residential", "category_hint": "residential", "type": "residential", "address": ""}}, {"type": "Feature", "geometry": {"type": "Point", "coordinates": [113.2981423, 23.1042359]}, "properties": {"building": "residential", "building:levels": "3", "osm_id": "way/947171538", "name": "", "category": "residential", "category_hint": "residential", "type": "residential", "address": ""}}, {"type": "Feature", "geometry": {"type": "Point", "coordinates": [113.2986498, 23.1041887]}, "properties": {"building": "residential", "building:levels": "3", "osm_id": "way/947171539", "name": "", "category": "residential", "category_hint": "residential", "type": "residential", "address": ""}}, {"type": "Feature", "geometry": {"type": "Point", "coordinates": [113.2984833, 23.1042119]}, "properties": {"building": "residential", "building:levels": "3", "osm_id": "way/947171540", "name": "", "category": "residential", "category_hint": "residential", "type": "residential", "address": ""}}, {"type": "Feature", "geometry": {"type": "Point", "coordinates": [113.2983749, 23.1042213]}, "properties": {"building": "residential", "building:levels": "3", "osm_id": "way/947171541", "name": "", "category": "residential", "category_hint": "residential", "type": "residential", "address": ""}}, {"type": "Feature", "geometry": {"type": "Point", "coordinates": [113.2987686, 23.1041866]}, "properties": {"building": "residential", "building:levels": "3", "osm_id": "way/947171542", "name": "", "category": "residential", "category_hint": "residential", "type": "residential", "address": ""}}, {"type": "Feature", "geometry": {"type": "Point", "coordinates": [113.2984063, 23.1043925]}, "properties": {"building": "residential", "building:levels": "3", "osm_id": "way/947174214", "name": "", "category": "residential", "category_hint": "residential", "type": "residential", "address": ""}}, {"type": "Feature", "geometry": {"type": "Point", "coordinates": [113.298452, 23.1044757]}, "properties": {"building": "residential", "building:levels": "3", "osm_id": "way/947174215", "name": "", "category": "residential", "category_hint": "residential", "type": "residential", "address": ""}}, {"type": "Feature", "geometry": {"type": "Point", "coordinates": [113.2984748, 23.1043876]}, "properties": {"building": "residential", "building:levels": "3", "osm_id": "way/947174216", "name": "", "category": "residential", "category_hint": "residential", "type": "residential", "address": ""}}, {"type": "Feature", "geometry": {"type": "Point", "coordinates": [113.2978559, 23.1044583]}, "properties": {"building": "residential", "building:levels": "3", "osm_id": "way/947174217", "name": "", "category": "residential", "category_hint": "residential", "type": "residential", "address": ""}}, {"type": "Feature", "geometry": {"type": "Point", "coordinates": [113.298047, 23.1044857]}, "properties": {"building": "residential", "building:levels": "3", "osm_id": "way/947174218", "name": "", "category": "residential", "category_hint": "residential", "type": "residential", "address": ""}}, {"type": "Feature", "geometry": {"type": "Point", "coordinates": [113.2983569, 23.1044808]}, "properties": {"building": "residential", "building:levels": "3", "osm_id": "way/947174219", "name": "", "category": "residential", "category_hint": "residential", "type": "residential", "address": ""}}, {"type": "Feature", "geometry": {"type": "Point", "coordinates": [113.2982509, 23.104361]}, "properties": {"building": "residential", "building:levels": "3", "osm_id": "way/947174220", "name": "", "category": "residential", "category_hint": "residential", "type": "residential", "address": ""}}, {"type": "Feature", "geometry": {"type": "Point", "coordinates": [113.2981334, 23.1043728]}, "properties": {"building": "residential", "building:levels": "3", "osm_id": "way/947174221", "name": "", "category": "residential", "category_hint": "residential", "type": "residential", "address": ""}}, {"type": "Feature", "geometry": {"type": "Point", "coordinates": [113.2981543, 23.1044856]}, "properties": {"building": "residential", "building:levels": "3", "osm_id": "way/947174222", "name": "", "category": "residential", "category_hint": "residential", "type": "residential", "address": ""}}, {"type": "Feature", "geometry": {"type": "Point", "coordinates": [113.2983394, 23.1043272]}, "properties": {"building": "residential", "building:levels": "3", "osm_id": "way/947174223", "name": "", "category": "residential", "category_hint": "residential", "type": "residential", "address": ""}}, {"type": "Feature", "geometry": {"type": "Point", "coordinates": [113.2983411, 23.1044032]}, "properties": {"building": "residential", "building:levels": "3", "osm_id": "way/947174224", "name": "", "category": "residential", "category_hint": "residential", "type": "residential", "address": ""}}, {"type": "Feature", "geometry": {"type": "Point", "coordinates": [113.298271, 23.1044795]}, "properties": {"building": "residential", "building:levels": "3", "osm_id": "way/947174225", "name": "", "category": "residential", "category_hint": "residential", "type": "residential", "address": ""}}, {"type": "Feature", "geometry": {"type": "Point", "coordinates": [113.2984681, 23.1043062]}, "properties": {"building": "residential", "building:levels": "3", "osm_id": "way/947174226", "name": "", "category": "residential", "category_hint": "residential", "type": "residential", "address": ""}}, {"type": "Feature", "geometry": {"type": "Point", "coordinates": [113.2979491, 23.1044968]}, "properties": {"building": "residential", "building:levels": "3", "osm_id": "way/947174227", "name": "", "category": "residential", "category_hint": "residential", "type": "residential", "address": ""}}, {"type": "Feature", "geometry": {"type": "Point", "coordinates": [113.2977568, 23.1044322]}, "properties": {"building": "residential", "building:levels": "3", "osm_id": "way/947174228", "name": "", "category": "residential", "category_hint": "residential", "type": "residential", "address": ""}}, {"type": "Feature", "geometry": {"type": "Point", "coordinates": [113.2977734, 23.1045201]}, "properties": {"building": "residential", "building:levels": "3", "osm_id": "way/947174229", "name": "", "category": "residential", "category_hint": "residential", "type": "residential", "address": ""}}, {"type": "Feature", "geometry": {"type": "Point", "coordinates": [113.2983997, 23.104321]}, "properties": {"building": "residential", "building:levels": "3", "osm_id": "way/947174230", "name": "", "category": "residential", "category_hint": "residential", "type": "residential", "address": ""}}, {"type": "Feature", "geometry": {"type": "Point", "coordinates": [113.2986189, 23.1043777]}, "properties": {"building": "residential", "building:levels": "3", "osm_id": "way/947176437", "name": "", "category": "residential", "category_hint": "residential", "type": "residential", "address": ""}}, {"type": "Feature", "geometry": {"type": "Point", "coordinates": [113.2986154, 23.1044525]}, "properties": {"building": "residential", "building:levels": "3", "osm_id": "way/947176438", "name": "", "category": "residential", "category_hint": "residential", "type": "residential", "address": ""}}, {"type": "Feature", "geometry": {"type": "Point", "coordinates": [113.2978641, 23.1045272]}, "properties": {"building": "residential", "building:levels": "3", "osm_id": "way/947176439", "name": "", "category": "residential", "category_hint": "residential", "type": "residential", "address": ""}}, {"type": "Feature", "geometry": {"type": "Point", "coordinates": [113.3032224, 23.1017293]}, "properties": {"building": "apartments", "building:levels": "7", "min_level": "2", "osm_id": "way/947178295", "name": "", "category": "residential", "category_hint": "residential", "type": "apartments", "address": ""}}, {"type": "Feature", "geometry": {"type": "Point", "coordinates": [113.3032223, 23.1022179]}, "properties": {"building": "apartments", "building:levels": "7", "min_level": "2", "osm_id": "way/947178296", "name": "", "category": "residential", "category_hint": "residential", "type": "apartments", "address": ""}}, {"type": "Feature", "geometry": {"type": "Point", "coordinates": [113.3025205, 23.1030396]}, "properties": {"building": "apartments", "building:levels": "9", "osm_id": "way/947178824", "name": "", "category": "residential", "category_hint": "residential", "type": "apartments", "address": ""}}, {"type": "Feature", "geometry": {"type": "Point", "coordinates": [113.3025172, 23.1022225]}, "properties": {"building": "apartments", "building:levels": "9", "min_level": "1", "osm_id": "way/947178825", "name": "", "category": "residential", "category_hint": "residential", "type": "apartments", "address": ""}}, {"type": "Feature", "geometry": {"type": "Point", "coordinates": [113.3034803, 23.1029479]}, "properties": {"building": "apartments", "building:levels": "9", "osm_id": "way/947184899", "name": "", "category": "residential", "category_hint": "residential", "type": "apartments", "address": ""}}, {"type": "Feature", "geometry": {"type": "Point", "coordinates": [113.3022702, 23.1039276]}, "properties": {"building": "apartments", "building:levels": "20", "min_level": "2", "osm_id": "way/947185917", "name": "", "category": "residential", "category_hint": "residential", "type": "apartments", "address": ""}}, {"type": "Feature", "geometry": {"type": "Point", "coordinates": [113.3044901, 23.1054036]}, "properties": {"building": "apartments", "building:levels": "19", "min_level": "3", "osm_id": "way/947187738", "name": "", "category": "residential", "category_hint": "residential", "type": "apartments", "address": ""}}, {"type": "Feature", "geometry": {"type": "Point", "coordinates": [113.3068112, 23.1069794]}, "properties": {"building": "apartments", "building:levels": "35", "osm_id": "way/947198187", "name": "", "category": "residential", "category_hint": "residential", "type": "apartments", "address": ""}}, {"type": "Feature", "geometry": {"type": "Point", "coordinates": [113.3074018, 23.1070465]}, "properties": {"building": "apartments", "building:levels": "35", "osm_id": "way/947198188", "name": "", "category": "residential", "category_hint": "residential", "type": "apartments", "address": ""}}, {"type": "Feature", "geometry": {"type": "Point", "coordinates": [113.3084189, 23.1074408]}, "properties": {"building": "apartments", "building:levels": "35", "osm_id": "way/947198189", "name": "", "category": "residential", "category_hint": "residential", "type": "apartments", "address": ""}}, {"type": "Feature", "geometry": {"type": "Point", "coordinates": [113.3088076, 23.107594]}, "properties": {"building": "apartments", "building:levels": "35", "osm_id": "way/947198190", "name": "", "category": "residential", "category_hint": "residential", "type": "apartments", "address": ""}}, {"type": "Feature", "geometry": {"type": "Point", "coordinates": [113.3079659, 23.107147]}, "properties": {"building": "apartments", "building:levels": "35", "osm_id": "way/947198191", "name": "", "category": "residential", "category_hint": "residential", "type": "apartments", "address": ""}}, {"type": "Feature", "geometry": {"type": "Point", "coordinates": [113.2915598, 23.1049652]}, "properties": {"building": "apartments", "building:levels": "9", "osm_id": "way/952729955", "name": "", "category": "residential", "category_hint": "residential", "type": "apartments", "address": ""}}, {"type": "Feature", "geometry": {"type": "Point", "coordinates": [113.2909851, 23.1050083]}, "properties": {"building": "apartments", "building:levels": "9", "osm_id": "way/952729956", "name": "", "category": "residential", "category_hint": "residential", "type": "apartments", "address": ""}}, {"type": "Feature", "geometry": {"type": "Point", "coordinates": [113.2910237, 23.1053575]}, "properties": {"building": "apartments", "building:levels": "9", "osm_id": "way/952729957", "name": "", "category": "residential", "category_hint": "residential", "type": "apartments", "address": ""}}, {"type": "Feature", "geometry": {"type": "Point", "coordinates": [113.2916066, 23.1053287]}, "properties": {"building": "apartments", "building:levels": "9", "osm_id": "way/952729958", "name": "", "category": "residential", "category_hint": "residential", "type": "apartments", "address": ""}}, {"type": "Feature", "geometry": {"type": "Point", "coordinates": [113.2922573, 23.1051507]}, "properties": {"building": "apartments", "building:levels": "20", "osm_id": "way/952730829", "name": "", "category": "residential", "category_hint": "residential", "type": "apartments", "address": ""}}, {"type": "Feature", "geometry": {"type": "Point", "coordinates": [113.2929565, 23.1051383]}, "properties": {"building": "residential", "building:levels": "31", "name": "高雅湾", "osm_id": "way/952731025", "category": "residential", "category_hint": "residential", "type": "residential", "address": ""}}, {"type": "Feature", "geometry": {"type": "Point", "coordinates": [113.2999936, 23.1047164]}, "properties": {"landuse": "residential", "osm_id": "way/954128486", "name": "", "category": "residential", "category_hint": "residential", "type": "residential", "address": ""}}, {"type": "Feature", "geometry": {"type": "Point", "coordinates": [113.3014405, 23.0968132]}, "properties": {"building": "residential", "osm_id": "way/954128487", "name": "", "category": "residential", "category_hint": "residential", "type": "residential", "address": ""}}, {"type": "Feature", "geometry": {"type": "Point", "coordinates": [113.3022631, 23.0971608]}, "properties": {"landuse": "residential", "name": "中港四航局宿舍", "osm_id": "way/954128488", "category": "residential", "category_hint": "residential", "type": "residential", "address": ""}}, {"type": "Feature", "geometry": {"type": "Point", "coordinates": [113.293652, 23.0920208]}, "properties": {"building": "apartments", "building:levels": "15", "min_level": "3", "osm_id": "way/960069539", "name": "", "category": "residential", "category_hint": "residential", "type": "apartments", "address": ""}}, {"type": "Feature", "geometry": {"type": "Point", "coordinates": [113.293958, 23.0913336]}, "properties": {"building": "apartments", "building:levels": "12", "min_level": "3", "osm_id": "way/960070004", "name": "", "category": "residential", "category_hint": "residential", "type": "apartments", "address": ""}}, {"type": "Feature", "geometry": {"type": "Point", "coordinates": [113.3191724, 23.0952343]}, "properties": {"landuse": "residential", "name": "赤岗西路28号小区", "osm_id": "way/961017287", "category": "residential", "category_hint": "residential", "type": "residential", "address": ""}}, {"type": "Feature", "geometry": {"type": "Point", "coordinates": [113.3199499, 23.0955761]}, "properties": {"landuse": "residential", "name": "赤岗西路24号小区", "osm_id": "way/961017950", "category": "residential", "category_hint": "residential", "type": "residential", "address": ""}}, {"type": "Feature", "geometry": {"type": "Point", "coordinates": [113.3000232, 23.0974062]}, "properties": {"building": "apartments", "building:levels": "8", "osm_id": "way/977870027", "name": "", "category": "residential", "category_hint": "residential", "type": "apartments", "address": ""}}, {"type": "Feature", "geometry": {"type": "Point", "coordinates": [113.3025373, 23.0976375]}, "properties": {"building": "apartments", "building:levels": "9", "osm_id": "way/977870562", "name": "", "category": "residential", "category_hint": "residential", "type": "apartments", "address": ""}}, {"type": "Feature", "geometry": {"type": "Point", "coordinates": [113.3019405, 23.0974697]}, "properties": {"building": "apartments", "building:levels": "9", "osm_id": "way/977870563", "name": "", "category": "residential", "category_hint": "residential", "type": "apartments", "address": ""}}, {"type": "Feature", "geometry": {"type": "Point", "coordinates": [113.3019788, 23.0970941]}, "properties": {"building": "apartments", "building:levels": "9", "osm_id": "way/977870588", "name": "", "category": "residential", "category_hint": "residential", "type": "apartments", "address": ""}}, {"type": "Feature", "geometry": {"type": "Point", "coordinates": [113.3025531, 23.0971222]}, "properties": {"building": "apartments", "building:levels": "9", "osm_id": "way/977870589", "name": "", "category": "residential", "category_hint": "residential", "type": "apartments", "address": ""}}, {"type": "Feature", "geometry": {"type": "Point", "coordinates": [113.3025391, 23.0974084]}, "properties": {"building": "apartments", "building:levels": "9", "osm_id": "way/977870590", "name": "", "category": "residential", "category_hint": "residential", "type": "apartments", "address": ""}}, {"type": "Feature", "geometry": {"type": "Point", "coordinates": [113.3032293, 23.0994328]}, "properties": {"building": "apartments", "building:levels": "9", "osm_id": "way/977872427", "name": "", "category": "residential", "category_hint": "residential", "type": "apartments", "address": ""}}, {"type": "Feature", "geometry": {"type": "Point", "coordinates": [113.303804, 23.0994823]}, "properties": {"building": "apartments", "building:levels": "9", "osm_id": "way/977872428", "name": "", "category": "residential", "category_hint": "residential", "type": "apartments", "address": ""}}, {"type": "Feature", "geometry": {"type": "Point", "coordinates": [113.3032202, 23.0998431]}, "properties": {"building": "apartments", "building:levels": "9", "osm_id": "way/977872429", "name": "", "category": "residential", "category_hint": "residential", "type": "apartments", "address": ""}}, {"type": "Feature", "geometry": {"type": "Point", "coordinates": [113.3031399, 23.1002743]}, "properties": {"building": "apartments", "building:levels": "9", "osm_id": "way/977872635", "name": "", "category": "residential", "category_hint": "residential", "type": "apartments", "address": ""}}, {"type": "Feature", "geometry": {"type": "Point", "coordinates": [113.3031874, 23.1001073]}, "properties": {"building": "apartments", "building:levels": "9", "osm_id": "way/977872637", "name": "", "category": "residential", "category_hint": "residential", "type": "apartments", "address": ""}}, {"type": "Feature", "geometry": {"type": "Point", "coordinates": [113.3024661, 23.1015145]}, "properties": {"building": "apartments", "building:levels": "9", "osm_id": "way/977873017", "name": "", "category": "residential", "category_hint": "residential", "type": "apartments", "address": ""}}, {"type": "Feature", "geometry": {"type": "Point", "coordinates": [113.3025205, 23.1007392]}, "properties": {"building": "apartments", "building:levels": "9", "osm_id": "way/977873202", "name": "", "category": "residential", "category_hint": "residential", "type": "apartments", "address": ""}}, {"type": "Feature", "geometry": {"type": "Point", "coordinates": [113.3025002, 23.1010851]}, "properties": {"building": "apartments", "building:levels": "6", "osm_id": "way/977873203", "name": "", "category": "residential", "category_hint": "residential", "type": "apartments", "address": ""}}, {"type": "Feature", "geometry": {"type": "Point", "coordinates": [113.3000252, 23.1039147]}, "properties": {"building": "residential", "building:levels": "4", "osm_id": "way/977873341", "name": "", "category": "residential", "category_hint": "residential", "type": "residential", "address": ""}}, {"type": "Feature", "geometry": {"type": "Point", "coordinates": [113.2911174, 23.1022532]}, "properties": {"building": "residential", "building:levels": "3", "osm_id": "way/978477968", "name": "", "category": "residential", "category_hint": "residential", "type": "residential", "address": ""}}, {"type": "Feature", "geometry": {"type": "Point", "coordinates": [113.2910767, 23.1020487]}, "properties": {"building": "residential", "building:levels": "3", "osm_id": "way/978477969", "name": "", "category": "residential", "category_hint": "residential", "type": "residential", "address": ""}}, {"type": "Feature", "geometry": {"type": "Point", "coordinates": [113.2913305, 23.1024249]}, "properties": {"building": "residential", "building:levels": "3", "osm_id": "way/978477970", "name": "", "category": "residential", "category_hint": "residential", "type": "residential", "address": ""}}, {"type": "Feature", "geometry": {"type": "Point", "coordinates": [113.2912356, 23.1022953]}, "properties": {"building": "residential", "building:levels": "3", "osm_id": "way/978477972", "name": "", "category": "residential", "category_hint": "residential", "type": "residential", "address": ""}}, {"type": "Feature", "geometry": {"type": "Point", "coordinates": [113.303214, 23.100861]}, "properties": {"building": "apartments", "building:levels": "9", "osm_id": "way/978479405", "name": "", "category": "residential", "category_hint": "residential", "type": "apartments", "address": ""}}, {"type": "Feature", "geometry": {"type": "Point", "coordinates": [113.3038732, 23.1016497]}, "properties": {"building": "apartments", "building:levels": "9", "osm_id": "way/978479479", "name": "", "category": "residential", "category_hint": "residential", "type": "apartments", "address": ""}}, {"type": "Feature", "geometry": {"type": "Point", "coordinates": [113.3039283, 23.1022908]}, "properties": {"building": "apartments", "building:levels": "9", "osm_id": "way/978479522", "name": "", "category": "residential", "category_hint": "residential", "type": "apartments", "address": ""}}, {"type": "Feature", "geometry": {"type": "Point", "coordinates": [113.3077064, 23.0987351]}, "properties": {"building": "apartments", "building:levels": "15", "min_level": "3", "osm_id": "way/978495851", "name": "", "category": "residential", "category_hint": "residential", "type": "apartments", "address": ""}}, {"type": "Feature", "geometry": {"type": "Point", "coordinates": [113.3070466, 23.0987104]}, "properties": {"building": "apartments", "building:levels": "15", "min_level": "3", "osm_id": "way/978495853", "name": "", "category": "residential", "category_hint": "residential", "type": "apartments", "address": ""}}, {"type": "Feature", "geometry": {"type": "Point", "coordinates": [113.3066331, 23.0979192]}, "properties": {"building": "apartments", "building:levels": "9", "osm_id": "way/978495943", "name": "", "category": "residential", "category_hint": "residential", "type": "apartments", "address": ""}}, {"type": "Feature", "geometry": {"type": "Point", "coordinates": [113.3059944, 23.0978913]}, "properties": {"building": "apartments", "building:levels": "8", "osm_id": "way/978495961", "name": "", "category": "residential", "category_hint": "residential", "type": "apartments", "address": ""}}, {"type": "Feature", "geometry": {"type": "Point", "coordinates": [113.3066615, 23.1002427]}, "properties": {"building": "apartments", "building:levels": "15", "osm_id": "way/978496699", "name": "", "category": "residential", "category_hint": "residential", "type": "apartments", "address": ""}}, {"type": "Feature", "geometry": {"type": "Point", "coordinates": [113.3072256, 23.1002795]}, "properties": {"building": "apartments", "building:levels": "15", "osm_id": "way/978496700", "name": "", "category": "residential", "category_hint": "residential", "type": "apartments", "address": ""}}, {"type": "Feature", "geometry": {"type": "Point", "coordinates": [113.3084628, 23.1000468]}, "properties": {"building": "apartments", "building:levels": "15", "osm_id": "way/978496701", "name": "", "category": "residential", "category_hint": "residential", "type": "apartments", "address": ""}}, {"type": "Feature", "geometry": {"type": "Point", "coordinates": [113.3076801, 23.0994734]}, "properties": {"building": "apartments", "building:levels": "15", "osm_id": "way/978496702", "name": "", "category": "residential", "category_hint": "residential", "type": "apartments", "address": ""}}, {"type": "Feature", "geometry": {"type": "Point", "coordinates": [113.3077946, 23.1003461]}, "properties": {"building": "apartments", "building:levels": "15", "osm_id": "way/978496703", "name": "", "category": "residential", "category_hint": "residential", "type": "apartments", "address": ""}}, {"type": "Feature", "geometry": {"type": "Point", "coordinates": [113.3069021, 23.0994422]}, "properties": {"building": "apartments", "building:levels": "15", "osm_id": "way/978496704", "name": "", "category": "residential", "category_hint": "residential", "type": "apartments", "address": ""}}, {"type": "Feature", "geometry": {"type": "Point", "coordinates": [113.3055918, 23.1062683]}, "properties": {"building": "apartments", "building:levels": "32", "osm_id": "way/979672603", "name": "", "category": "residential", "category_hint": "residential", "type": "apartments", "address": ""}}, {"type": "Feature", "geometry": {"type": "Point", "coordinates": [113.306044, 23.1060092]}, "properties": {"building": "apartments", "building:levels": "32", "osm_id": "way/979672604", "name": "", "category": "residential", "category_hint": "residential", "type": "apartments", "address": ""}}, {"type": "Feature", "geometry": {"type": "Point", "coordinates": [113.3064066, 23.1051094]}, "properties": {"building": "apartments", "building:levels": "28", "min_level": "3", "name": "好景花园", "osm_id": "way/979672948", "category": "residential", "category_hint": "residential", "type": "apartments", "address": ""}}, {"type": "Feature", "geometry": {"type": "Point", "coordinates": [113.3072163, 23.1050059]}, "properties": {"building": "apartments", "building:levels": "28", "min_level": "2", "osm_id": "way/979673217", "name": "", "category": "residential", "category_hint": "residential", "type": "apartments", "address": ""}}, {"type": "Feature", "geometry": {"type": "Point", "coordinates": [113.3070955, 23.1055906]}, "properties": {"building": "apartments", "building:levels": "28", "min_level": "2", "osm_id": "way/979673218", "name": "", "category": "residential", "category_hint": "residential", "type": "apartments", "address": ""}}, {"type": "Feature", "geometry": {"type": "Point", "coordinates": [113.3079162, 23.1061702]}, "properties": {"building": "apartments", "building:levels": "28", "min_level": "2", "osm_id": "way/979673219", "name": "", "category": "residential", "category_hint": "residential", "type": "apartments", "address": ""}}, {"type": "Feature", "geometry": {"type": "Point", "coordinates": [113.3074254, 23.1058891]}, "properties": {"building": "apartments", "building:levels": "28", "min_level": "2", "osm_id": "way/979673220", "name": "", "category": "residential", "category_hint": "residential", "type": "apartments", "address": ""}}, {"type": "Feature", "geometry": {"type": "Point", "coordinates": [113.3076372, 23.1049541]}, "properties": {"building": "apartments", "building:levels": "28", "min_level": "2", "osm_id": "way/979673222", "name": "", "category": "residential", "category_hint": "residential", "type": "apartments", "address": ""}}, {"type": "Feature", "geometry": {"type": "Point", "coordinates": [113.306274, 23.1044393]}, "properties": {"building": "apartments", "building:levels": "9", "osm_id": "way/979673714", "name": "", "category": "residential", "category_hint": "residential", "type": "apartments", "address": ""}}, {"type": "Feature", "geometry": {"type": "Point", "coordinates": [113.3067157, 23.1041909]}, "properties": {"building": "apartments", "building:levels": "9", "osm_id": "way/979673715", "name": "", "category": "residential", "category_hint": "residential", "type": "apartments", "address": ""}}, {"type": "Feature", "geometry": {"type": "Point", "coordinates": [113.3065535, 23.1037378]}, "properties": {"building": "apartments", "building:levels": "9", "osm_id": "way/979673716", "name": "", "category": "residential", "category_hint": "residential", "type": "apartments", "address": ""}}, {"type": "Feature", "geometry": {"type": "Point", "coordinates": [113.3061507, 23.1040522]}, "properties": {"building": "apartments", "building:levels": "9", "osm_id": "way/979673717", "name": "", "category": "residential", "category_hint": "residential", "type": "apartments", "address": ""}}, {"type": "Feature", "geometry": {"type": "Point", "coordinates": [113.3052553, 23.1033179]}, "properties": {"building": "apartments", "building:levels": "9", "osm_id": "way/979674006", "name": "", "category": "residential", "category_hint": "residential", "type": "apartments", "address": ""}}, {"type": "Feature", "geometry": {"type": "Point", "coordinates": [113.30505, 23.1024533]}, "properties": {"building": "apartments", "building:levels": "9", "osm_id": "way/979674007", "name": "", "category": "residential", "category_hint": "residential", "type": "apartments", "address": ""}}, {"type": "Feature", "geometry": {"type": "Point", "coordinates": [113.3051798, 23.1029401]}, "properties": {"building": "apartments", "building:levels": "9", "osm_id": "way/979674008", "name": "", "category": "residential", "category_hint": "residential", "type": "apartments", "address": ""}}, {"type": "Feature", "geometry": {"type": "Point", "coordinates": [113.305098, 23.1026393]}, "properties": {"building": "apartments", "building:levels": "9", "osm_id": "way/979674009", "name": "", "category": "residential", "category_hint": "residential", "type": "apartments", "address": ""}}, {"type": "Feature", "geometry": {"type": "Point", "coordinates": [113.3052258, 23.1031307]}, "properties": {"building": "apartments", "building:levels": "9", "osm_id": "way/979674010", "name": "", "category": "residential", "category_hint": "residential", "type": "apartments", "address": ""}}, {"type": "Feature", "geometry": {"type": "Point", "coordinates": [113.3052595, 23.1034868]}, "properties": {"building": "apartments", "building:levels": "9", "osm_id": "way/979674011", "name": "", "category": "residential", "category_hint": "residential", "type": "apartments", "address": ""}}, {"type": "Feature", "geometry": {"type": "Point", "coordinates": [113.3043589, 23.1029323]}, "properties": {"building": "apartments", "building:levels": "18", "name": "翔韵雅居", "osm_id": "way/979674206", "category": "residential", "category_hint": "residential", "type": "apartments", "address": ""}}, {"type": "Feature", "geometry": {"type": "Point", "coordinates": [113.3002169, 23.1040363]}, "properties": {"building": "residential", "building:levels": "4", "osm_id": "way/979674627", "name": "", "category": "residential", "category_hint": "residential", "type": "residential", "address": ""}}, {"type": "Feature", "geometry": {"type": "Point", "coordinates": [113.2998214, 23.1041374]}, "properties": {"building": "residential", "building:levels": "4", "osm_id": "way/979674628", "name": "", "category": "residential", "category_hint": "residential", "type": "residential", "address": ""}}, {"type": "Feature", "geometry": {"type": "Point", "coordinates": [113.2999487, 23.1041559]}, "properties": {"building": "residential", "building:levels": "4", "osm_id": "way/979674629", "name": "", "category": "residential", "category_hint": "residential", "type": "residential", "address": ""}}, {"type": "Feature", "geometry": {"type": "Point", "coordinates": [113.2995329, 23.1037969]}, "properties": {"building": "residential", "building:levels": "4", "osm_id": "way/979674630", "name": "", "category": "residential", "category_hint": "residential", "type": "residential", "address": ""}}, {"type": "Feature", "geometry": {"type": "Point", "coordinates": [113.3001691, 23.1038091]}, "properties": {"building": "residential", "building:levels": "4", "osm_id": "way/979674631", "name": "", "category": "residential", "category_hint": "residential", "type": "residential", "address": ""}}, {"type": "Feature", "geometry": {"type": "Point", "coordinates": [113.299737, 23.1039781]}, "properties": {"building": "residential", "building:levels": "4", "osm_id": "way/979674632", "name": "", "category": "residential", "category_hint": "residential", "type": "residential", "address": ""}}, {"type": "Feature", "geometry": {"type": "Point", "coordinates": [113.2999648, 23.1042817]}, "properties": {"building": "residential", "building:levels": "4", "osm_id": "way/979674633", "name": "", "category": "residential", "category_hint": "residential", "type": "residential", "address": ""}}, {"type": "Feature", "geometry": {"type": "Point", "coordinates": [113.2997202, 23.1037133]}, "properties": {"building": "residential", "building:levels": "4", "osm_id": "way/979674634", "name": "", "category": "residential", "category_hint": "residential", "type": "residential", "address": ""}}, {"type": "Feature", "geometry": {"type": "Point", "coordinates": [113.3000882, 23.1037291]}, "properties": {"building": "residential", "building:levels": "4", "osm_id": "way/979674635", "name": "", "category": "residential", "category_hint": "residential", "type": "residential", "address": ""}}, {"type": "Feature", "geometry": {"type": "Point", "coordinates": [113.2996228, 23.1037575]}, "properties": {"building": "residential", "building:levels": "4", "osm_id": "way/979674636", "name": "", "category": "residential", "category_hint": "residential", "type": "residential", "address": ""}}, {"type": "Feature", "geometry": {"type": "Point", "coordinates": [113.299832, 23.1036588]}, "properties": {"building": "residential", "building:levels": "4", "osm_id": "way/979674637", "name": "", "category": "residential", "category_hint": "residential", "type": "residential", "address": ""}}, {"type": "Feature", "geometry": {"type": "Point", "coordinates": [113.2993674, 23.1039236]}, "properties": {"building": "residential", "building:levels": "4", "osm_id": "way/979674816", "name": "", "category": "residential", "category_hint": "residential", "type": "residential", "address": ""}}, {"type": "Feature", "geometry": {"type": "Point", "coordinates": [113.2994485, 23.1038364]}, "properties": {"building": "residential", "building:levels": "4", "osm_id": "way/979674817", "name": "", "category": "residential", "category_hint": "residential", "type": "residential", "address": ""}}, {"type": "Feature", "geometry": {"type": "Point", "coordinates": [113.2995478, 23.1039462]}, "properties": {"building": "residential", "building:levels": "4", "osm_id": "way/979674818", "name": "", "category": "residential", "category_hint": "residential", "type": "residential", "address": ""}}, {"type": "Feature", "geometry": {"type": "Point", "coordinates": [113.3062303, 23.1015255]}, "properties": {"building": "apartments", "building:levels": "9", "osm_id": "way/979675523", "name": "", "category": "residential", "category_hint": "residential", "type": "apartments", "address": ""}}, {"type": "Feature", "geometry": {"type": "Point", "coordinates": [113.3069011, 23.1019464]}, "properties": {"building": "apartments", "building:levels": "7", "osm_id": "way/979675524", "name": "", "category": "residential", "category_hint": "residential", "type": "apartments", "address": ""}}, {"type": "Feature", "geometry": {"type": "Point", "coordinates": [113.3067718, 23.1014409]}, "properties": {"building": "apartments", "building:levels": "7", "osm_id": "way/979675527", "name": "", "category": "residential", "category_hint": "residential", "type": "apartments", "address": ""}}, {"type": "Feature", "geometry": {"type": "Point", "coordinates": [113.3073739, 23.1017384]}, "properties": {"building": "apartments", "building:levels": "7", "osm_id": "way/979675528", "name": "", "category": "residential", "category_hint": "residential", "type": "apartments", "address": ""}}, {"type": "Feature", "geometry": {"type": "Point", "coordinates": [113.3069838, 23.1022052]}, "properties": {"building": "apartments", "building:levels": "7", "osm_id": "way/979675529", "name": "", "category": "residential", "category_hint": "residential", "type": "apartments", "address": ""}}, {"type": "Feature", "geometry": {"type": "Point", "coordinates": [113.3074806, 23.1020617]}, "properties": {"building": "apartments", "building:levels": "7", "osm_id": "way/979675530", "name": "", "category": "residential", "category_hint": "residential", "type": "apartments", "address": ""}}, {"type": "Feature", "geometry": {"type": "Point", "coordinates": [113.3068416, 23.1016994]}, "properties": {"building": "apartments", "building:levels": "7", "osm_id": "way/979675531", "name": "", "category": "residential", "category_hint": "residential", "type": "apartments", "address": ""}}, {"type": "Feature", "geometry": {"type": "Point", "coordinates": [113.3071708, 23.101402]}, "properties": {"building": "apartments", "building:levels": "7", "osm_id": "way/979675532", "name": "", "category": "residential", "category_hint": "residential", "type": "apartments", "address": ""}}, {"type": "Feature", "geometry": {"type": "Point", "coordinates": [113.3047942, 23.1011253]}, "properties": {"building": "apartments", "building:levels": "9", "osm_id": "way/979675533", "name": "", "category": "residential", "category_hint": "residential", "type": "apartments", "address": ""}}, {"type": "Feature", "geometry": {"type": "Point", "coordinates": [113.3054442, 23.102482]}, "properties": {"building": "apartments", "building:levels": "9", "osm_id": "way/979676960", "name": "", "category": "residential", "category_hint": "residential", "type": "apartments", "address": ""}}, {"type": "Feature", "geometry": {"type": "Point", "coordinates": [113.3049401, 23.1020925]}, "properties": {"building": "apartments", "building:levels": "9", "osm_id": "way/979676961", "name": "", "category": "residential", "category_hint": "residential", "type": "apartments", "address": ""}}, {"type": "Feature", "geometry": {"type": "Point", "coordinates": [113.3052139, 23.1018763]}, "properties": {"building": "apartments", "building:levels": "9", "osm_id": "way/979676962", "name": "", "category": "residential", "category_hint": "residential", "type": "apartments", "address": ""}}, {"type": "Feature", "geometry": {"type": "Point", "coordinates": [113.3054017, 23.1022989]}, "properties": {"building": "apartments", "building:levels": "9", "osm_id": "way/979676963", "name": "", "category": "residential", "category_hint": "residential", "type": "apartments", "address": ""}}, {"type": "Feature", "geometry": {"type": "Point", "coordinates": [113.3049993, 23.1022685]}, "properties": {"building": "apartments", "building:levels": "9", "osm_id": "way/979676964", "name": "", "category": "residential", "category_hint": "residential", "type": "apartments", "address": ""}}, {"type": "Feature", "geometry": {"type": "Point", "coordinates": [113.3053542, 23.1021082]}, "properties": {"building": "apartments", "building:levels": "9", "osm_id": "way/979676965", "name": "", "category": "residential", "category_hint": "residential", "type": "apartments", "address": ""}}, {"type": "Feature", "geometry": {"type": "Point", "coordinates": [113.3047764, 23.1018076]}, "properties": {"building": "apartments", "building:levels": "9", "osm_id": "way/979676996", "name": "", "category": "residential", "category_hint": "residential", "type": "apartments", "address": ""}}, {"type": "Feature", "geometry": {"type": "Point", "coordinates": [113.3052854, 23.1016635]}, "properties": {"building": "apartments", "building:levels": "9", "osm_id": "way/979676997", "name": "", "category": "residential", "category_hint": "residential", "type": "apartments", "address": ""}}, {"type": "Feature", "geometry": {"type": "Point", "coordinates": [113.3046143, 23.1022814]}, "properties": {"building": "apartments", "building:levels": "9", "osm_id": "way/979676998", "name": "", "category": "residential", "category_hint": "residential", "type": "apartments", "address": ""}}, {"type": "Feature", "geometry": {"type": "Point", "coordinates": [113.3229634, 23.1051994]}, "properties": {"building": "apartments", "building:levels": "17", "name": "珠江帝景苑", "osm_id": "way/981209947", "category": "residential", "category_hint": "residential", "type": "apartments", "address": ""}}, {"type": "Feature", "geometry": {"type": "Point", "coordinates": [113.3240154, 23.1047946]}, "properties": {"building": "apartments", "building:levels": "17", "name": "珠江帝景苑", "osm_id": "way/981209948", "category": "residential", "category_hint": "residential", "type": "apartments", "address": ""}}, {"type": "Feature", "geometry": {"type": "Point", "coordinates": [113.3259766, 23.1038516]}, "properties": {"building": "apartments", "building:levels": "29", "osm_id": "way/981210547", "name": "", "category": "residential", "category_hint": "residential", "type": "apartments", "address": ""}}, {"type": "Feature", "geometry": {"type": "Point", "coordinates": [113.3364462, 23.1155083]}, "properties": {"building": "apartments", "building:levels": "15", "osm_id": "way/981212232", "name": "", "category": "residential", "category_hint": "residential", "type": "apartments", "address": ""}}, {"type": "Feature", "geometry": {"type": "Point", "coordinates": [113.3358073, 23.1157916]}, "properties": {"building": "apartments", "building:levels": "15", "osm_id": "way/981212233", "name": "", "category": "residential", "category_hint": "residential", "type": "apartments", "address": ""}}, {"type": "Feature", "geometry": {"type": "Point", "coordinates": [113.337209, 23.1154698]}, "properties": {"building": "apartments", "building:levels": "15", "osm_id": "way/981212234", "name": "", "category": "residential", "category_hint": "residential", "type": "apartments", "address": ""}}, {"type": "Feature", "geometry": {"type": "Point", "coordinates": [113.3361163, 23.114997]}, "properties": {"building": "apartments", "building:levels": "15", "osm_id": "way/981212235", "name": "", "category": "residential", "category_hint": "residential", "type": "apartments", "address": ""}}, {"type": "Feature", "geometry": {"type": "Point", "coordinates": [113.3370041, 23.1148965]}, "properties": {"building": "apartments", "building:levels": "15", "osm_id": "way/981212236", "name": "", "category": "residential", "category_hint": "residential", "type": "apartments", "address": ""}}, {"type": "Feature", "geometry": {"type": "Point", "coordinates": [113.3347893, 23.1151478]}, "properties": {"building": "apartments", "building:levels": "23", "name": "T15", "osm_id": "way/981212499", "category": "residential", "category_hint": "residential", "type": "apartments", "address": ""}}, {"type": "Feature", "geometry": {"type": "Point", "coordinates": [113.3343981, 23.1151844]}, "properties": {"building": "apartments", "building:levels": "27", "name": "T16", "osm_id": "way/981213338", "category": "residential", "category_hint": "residential", "type": "apartments", "address": ""}}, {"type": "Feature", "geometry": {"type": "Point", "coordinates": [113.3349505, 23.1156406]}, "properties": {"building": "apartments", "building:levels": "17", "name": "T13", "osm_id": "way/981213456", "category": "residential", "category_hint": "residential", "type": "apartments", "address": ""}}, {"type": "Feature", "geometry": {"type": "Point", "coordinates": [113.3241197, 23.1166605]}, "properties": {"building": "apartments", "building:levels": "28", "osm_id": "way/981303243", "name": "", "category": "residential", "category_hint": "residential", "type": "apartments", "address": ""}}, {"type": "Feature", "geometry": {"type": "Point", "coordinates": [113.3247464, 23.1168548]}, "properties": {"building": "apartments", "building:levels": "28", "osm_id": "way/981303247", "name": "", "category": "residential", "category_hint": "residential", "type": "apartments", "address": ""}}, {"type": "Feature", "geometry": {"type": "Point", "coordinates": [113.3385315, 23.1151813]}, "properties": {"building": "apartments", "building:levels": "30", "osm_id": "way/981304160", "name": "", "category": "residential", "category_hint": "residential", "type": "apartments", "address": ""}}, {"type": "Feature", "geometry": {"type": "Point", "coordinates": [113.3382311, 23.1147772]}, "properties": {"building": "apartments", "building:levels": "30", "osm_id": "way/981304163", "name": "", "category": "residential", "category_hint": "residential", "type": "apartments", "address": ""}}, {"type": "Feature", "geometry": {"type": "Point", "coordinates": [113.3358277, 23.1165646]}, "properties": {"building": "apartments", "building:levels": "30", "osm_id": "way/981304832", "name": "", "category": "residential", "category_hint": "residential", "type": "apartments", "address": ""}}, {"type": "Feature", "geometry": {"type": "Point", "coordinates": [113.3371474, 23.1164832]}, "properties": {"building": "apartments", "building:levels": "30", "osm_id": "way/981304833", "name": "", "category": "residential", "category_hint": "residential", "type": "apartments", "address": ""}}, {"type": "Feature", "geometry": {"type": "Point", "coordinates": [113.3367746, 23.1168902]}, "properties": {"building": "apartments", "building:levels": "30", "osm_id": "way/981304834", "name": "", "category": "residential", "category_hint": "residential", "type": "apartments", "address": ""}}, {"type": "Feature", "geometry": {"type": "Point", "coordinates": [113.3361953, 23.1169692]}, "properties": {"building": "apartments", "building:levels": "30", "osm_id": "way/981304835", "name": "", "category": "residential", "category_hint": "residential", "type": "apartments", "address": ""}}, {"type": "Feature", "geometry": {"type": "Point", "coordinates": [113.3047638, 23.1167757]}, "properties": {"building": "apartments", "building:levels": "32", "osm_id": "way/984700017", "name": "", "category": "residential", "category_hint": "residential", "type": "apartments", "address": ""}}, {"type": "Feature", "geometry": {"type": "Point", "coordinates": [113.3053538, 23.1167511]}, "properties": {"building": "apartments", "building:levels": "32", "osm_id": "way/984700018", "name": "", "category": "residential", "category_hint": "residential", "type": "apartments", "address": ""}}, {"type": "Feature", "geometry": {"type": "Point", "coordinates": [113.293524, 23.0929382]}, "properties": {"building": "apartments", "building:levels": "12", "min_level": "3", "osm_id": "way/988254006", "name": "", "category": "residential", "category_hint": "residential", "type": "apartments", "address": ""}}, {"type": "Feature", "geometry": {"type": "Point", "coordinates": [113.2931605, 23.0932198]}, "properties": {"building": "apartments", "building:levels": "20", "min_level": "3", "osm_id": "way/988254007", "name": "", "category": "residential", "category_hint": "residential", "type": "apartments", "address": ""}}, {"type": "Feature", "geometry": {"type": "Point", "coordinates": [113.2993436, 23.1055321]}, "properties": {"landuse": "residential", "name": "下渡大街47号大院", "osm_id": "way/991668334", "category": "residential", "category_hint": "residential", "type": "residential", "address": ""}}, {"type": "Feature", "geometry": {"type": "Point", "coordinates": [113.3004334, 23.1061432]}, "properties": {"building": "residential", "osm_id": "way/991668335", "name": "", "category": "residential", "category_hint": "residential", "type": "residential", "address": ""}}, {"type": "Feature", "geometry": {"type": "Point", "coordinates": [113.3023954, 23.1058607]}, "properties": {"landuse": "residential", "name": "海琴湾", "residential": "apartments", "osm_id": "way/991668336", "category": "residential", "category_hint": "residential", "type": "residential", "address": ""}}, {"type": "Feature", "geometry": {"type": "Point", "coordinates": [113.3015791, 23.1055389]}, "properties": {"landuse": "residential", "name": "宜利苑", "residential": "apartments", "osm_id": "way/991668337", "category": "residential", "category_hint": "residential", "type": "residential", "address": ""}}, {"type": "Feature", "geometry": {"type": "Point", "coordinates": [113.2980717, 23.1058497]}, "properties": {"landuse": "residential", "name": "滨江明珠", "residential": "apartments", "osm_id": "way/991668339", "category": "residential", "category_hint": "residential", "type": "residential", "address": ""}}, {"type": "Feature", "geometry": {"type": "Point", "coordinates": [113.2993495, 23.1058788]}, "properties": {"landuse": "residential", "name": "中信君庭", "residential": "apartments", "osm_id": "way/991668340", "category": "residential", "category_hint": "residential", "type": "residential", "address": ""}}, {"type": "Feature", "geometry": {"type": "Point", "coordinates": [113.3005113, 23.1059363]}, "properties": {"landuse": "residential", "name": "信达·阳光海岸", "residential": "apartments", "osm_id": "way/991668341", "category": "residential", "category_hint": "residential", "type": "residential", "address": ""}}, {"type": "Feature", "geometry": {"type": "Point", "coordinates": [113.3006589, 23.1055264]}, "properties": {"landuse": "residential", "name": "逸品台", "residential": "apartments", "osm_id": "way/991668344", "category": "residential", "category_hint": "residential", "type": "residential", "address": ""}}, {"type": "Feature", "geometry": {"type": "Point", "coordinates": [113.3080204, 23.0831679]}, "properties": {"landuse": "residential", "osm_id": "way/1017356242", "name": "", "category": "residential", "category_hint": "residential", "type": "residential", "address": ""}}, {"type": "Feature", "geometry": {"type": "Point", "coordinates": [113.3214674, 23.1014621]}, "properties": {"addr:housenumber": "23", "addr:street": "赤岗北路", "building": "residential", "building:levels": "8", "name": "奇星药厂宿舍", "name:yue-Hant": "奇星藥廠宿舍", "osm_id": "way/1019657567", "category": "residential", "category_hint": "residential", "type": "residential", "address": ""}}, {"type": "Feature", "geometry": {"type": "Point", "coordinates": [113.3227098, 23.0954849]}, "properties": {"landuse": "residential", "name": "卷烟一厂宿舍", "osm_id": "way/1053419357", "category": "residential", "category_hint": "residential", "type": "residential", "address": ""}}, {"type": "Feature", "geometry": {"type": "Point", "coordinates": [113.3227648, 23.0946912]}, "properties": {"building": "apartments", "osm_id": "way/1053419359", "name": "", "category": "residential", "category_hint": "residential", "type": "apartments", "address": ""}}, {"type": "Feature", "geometry": {"type": "Point", "coordinates": [113.322274, 23.0944405]}, "properties": {"building": "apartments", "osm_id": "way/1053419360", "name": "", "category": "residential", "category_hint": "residential", "type": "apartments", "address": ""}}, {"type": "Feature", "geometry": {"type": "Point", "coordinates": [113.32271, 23.0944323]}, "properties": {"building": "apartments", "osm_id": "way/1053419361", "name": "", "category": "residential", "category_hint": "residential", "type": "apartments", "address": ""}}, {"type": "Feature", "geometry": {"type": "Point", "coordinates": [113.3231582, 23.0946834]}, "properties": {"building": "apartments", "osm_id": "way/1053419366", "name": "", "category": "residential", "category_hint": "residential", "type": "apartments", "address": ""}}, {"type": "Feature", "geometry": {"type": "Point", "coordinates": [113.3234141, 23.0946888]}, "properties": {"building": "apartments", "osm_id": "way/1053419367", "name": "", "category": "residential", "category_hint": "residential", "type": "apartments", "address": ""}}, {"type": "Feature", "geometry": {"type": "Point", "coordinates": [113.3236335, 23.0946896]}, "properties": {"building": "apartments", "osm_id": "way/1053419368", "name": "", "category": "residential", "category_hint": "residential", "type": "apartments", "address": ""}}, {"type": "Feature", "geometry": {"type": "Point", "coordinates": [113.3238678, 23.0946797]}, "properties": {"building": "apartments", "osm_id": "way/1053419369", "name": "", "category": "residential", "category_hint": "residential", "type": "apartments", "address": ""}}, {"type": "Feature", "geometry": {"type": "Point", "coordinates": [113.3240935, 23.0946695]}, "properties": {"building": "apartments", "osm_id": "way/1053419370", "name": "", "category": "residential", "category_hint": "residential", "type": "apartments", "address": ""}}, {"type": "Feature", "geometry": {"type": "Point", "coordinates": [113.323372, 23.0943367]}, "properties": {"building": "apartments", "osm_id": "way/1053419372", "name": "", "category": "residential", "category_hint": "residential", "type": "apartments", "address": ""}}, {"type": "Feature", "geometry": {"type": "Point", "coordinates": [113.3239265, 23.0933793]}, "properties": {"building": "apartments", "osm_id": "way/1053419377", "name": "", "category": "residential", "category_hint": "residential", "type": "apartments", "address": ""}}, {"type": "Feature", "geometry": {"type": "Point", "coordinates": [113.3234694, 23.093755]}, "properties": {"building": "apartments", "osm_id": "way/1053419379", "name": "", "category": "residential", "category_hint": "residential", "type": "apartments", "address": ""}}, {"type": "Feature", "geometry": {"type": "Point", "coordinates": [113.3271776, 23.0874852]}, "properties": {"landuse": "residential", "name": "江海新苑", "residential": "apartments", "osm_id": "way/1069471736", "category": "residential", "category_hint": "residential", "type": "residential", "address": ""}}, {"type": "Feature", "geometry": {"type": "Point", "coordinates": [113.331494, 23.1014487]}, "properties": {"building": "residential", "osm_id": "way/1089530263", "name": "", "category": "residential", "category_hint": "residential", "type": "residential", "address": ""}}, {"type": "Feature", "geometry": {"type": "Point", "coordinates": [113.3311011, 23.1019467]}, "properties": {"building": "residential", "osm_id": "way/1089530264", "name": "", "category": "residential", "category_hint": "residential", "type": "residential", "address": ""}}, {"type": "Feature", "geometry": {"type": "Point", "coordinates": [113.3313831, 23.1018956]}, "properties": {"landuse": "residential", "residential": "apartments", "osm_id": "way/1089530265", "name": "", "category": "residential", "category_hint": "residential", "type": "residential", "address": ""}}, {"type": "Feature", "geometry": {"type": "Point", "coordinates": [113.3321101, 23.1017636]}, "properties": {"building": "residential", "osm_id": "way/1089530266", "name": "", "category": "residential", "category_hint": "residential", "type": "residential", "address": ""}}, {"type": "Feature", "geometry": {"type": "Point", "coordinates": [113.331196, 23.1024976]}, "properties": {"building": "residential", "osm_id": "way/1089530267", "name": "", "category": "residential", "category_hint": "residential", "type": "residential", "address": ""}}, {"type": "Feature", "geometry": {"type": "Point", "coordinates": [113.3268844, 23.0936031]}, "properties": {"landuse": "residential", "name": "翠丽苑", "osm_id": "way/1098012507", "category": "residential", "category_hint": "residential", "type": "residential", "address": ""}}, {"type": "Feature", "geometry": {"type": "Point", "coordinates": [113.3044979, 23.098703]}, "properties": {"addr:housenumber": "7", "addr:place": "广州城市职业学院", "building": "dormitory", "building:levels": "2", "name": "学生宿舍7栋", "osm_id": "way/1111792171", "category": "residential", "category_hint": "residential", "type": "dormitory", "address": ""}}, {"type": "Feature", "geometry": {"type": "Point", "coordinates": [113.3044606, 23.0990585]}, "properties": {"building": "dormitory", "building:levels": "3", "name": "学生宿舍7A栋", "osm_id": "way/1111792174", "category": "residential", "category_hint": "residential", "type": "dormitory", "address": ""}}, {"type": "Feature", "geometry": {"type": "Point", "coordinates": [113.3039739, 23.0986301]}, "properties": {"building": "dormitory", "building:levels": "2", "name": "学生宿舍4栋", "osm_id": "way/1111792180", "category": "residential", "category_hint": "residential", "type": "dormitory", "address": ""}}, {"type": "Feature", "geometry": {"type": "Point", "coordinates": [113.305682, 23.1007051]}, "properties": {"building": "dormitory", "name": "教工宿舍", "osm_id": "way/1111792185", "category": "residential", "category_hint": "residential", "type": "dormitory", "address": ""}}, {"type": "Feature", "geometry": {"type": "Point", "coordinates": [113.3060894, 23.1007916]}, "properties": {"building": "dormitory", "name": "学生宿舍三栋", "osm_id": "way/1111792186", "category": "residential", "category_hint": "residential", "type": "dormitory", "address": ""}}, {"type": "Feature", "geometry": {"type": "Point", "coordinates": [113.3048735, 23.0991021]}, "properties": {"building": "dormitory", "building:levels": "6", "name": "学生宿舍1栋", "osm_id": "way/1111792188", "category": "residential", "category_hint": "residential", "type": "dormitory", "address": ""}}, {"type": "Feature", "geometry": {"type": "Point", "coordinates": [113.304808, 23.0994644]}, "properties": {"building": "dormitory", "building:levels": "9", "name": "学生宿舍2栋", "osm_id": "way/1111792196", "category": "residential", "category_hint": "residential", "type": "dormitory", "address": ""}}, {"type": "Feature", "geometry": {"type": "Point", "coordinates": [113.3053532, 23.1004231]}, "properties": {"building": "dormitory", "name": "学生宿舍12栋", "osm_id": "way/1111792197", "category": "residential", "category_hint": "residential", "type": "dormitory", "address": ""}}, {"type": "Feature", "geometry": {"type": "Point", "coordinates": [113.305363, 23.1002455]}, "properties": {"building": "dormitory", "building:levels": "2", "name": "学生宿舍11栋", "osm_id": "way/1111792198", "category": "residential", "category_hint": "residential", "type": "dormitory", "address": ""}}, {"type": "Feature", "geometry": {"type": "Point", "coordinates": [113.3053701, 23.0991511]}, "properties": {"building": "dormitory", "building:levels": "6", "name": "学生宿舍8栋", "osm_id": "way/1111792201", "category": "residential", "category_hint": "residential", "type": "dormitory", "address": ""}}, {"type": "Feature", "geometry": {"type": "Point", "coordinates": [113.3057449, 23.1002753]}, "properties": {"building": "dormitory", "building:levels": "2", "name": "学生宿舍9栋", "osm_id": "way/1111792202", "category": "residential", "category_hint": "residential", "type": "dormitory", "address": ""}}, {"type": "Feature", "geometry": {"type": "Point", "coordinates": [113.3048782, 23.1003897]}, "properties": {"building": "dormitory", "building:levels": "6", "name": "学生宿舍6栋", "osm_id": "way/1111792203", "category": "residential", "category_hint": "residential", "type": "dormitory", "address": ""}}, {"type": "Feature", "geometry": {"type": "Point", "coordinates": [113.3048933, 23.1001972]}, "properties": {"building": "dormitory", "building:levels": "6", "name": "学生宿舍5栋", "osm_id": "way/1111792205", "category": "residential", "category_hint": "residential", "type": "dormitory", "address": ""}}, {"type": "Feature", "geometry": {"type": "Point", "coordinates": [113.3231751, 23.0939928]}, "properties": {"landuse": "residential", "osm_id": "way/1135841573", "name": "", "category": "residential", "category_hint": "residential", "type": "residential", "address": ""}}, {"type": "Feature", "geometry": {"type": "Point", "coordinates": [113.3231628, 23.0923898]}, "properties": {"landuse": "residential", "osm_id": "way/1135841574", "name": "", "category": "residential", "category_hint": "residential", "type": "residential", "address": ""}}, {"type": "Feature", "geometry": {"type": "Point", "coordinates": [113.3121357, 23.0888488]}, "properties": {"landuse": "residential", "name": "金穗雅园", "residential": "apartments", "osm_id": "way/1136405705", "category": "residential", "category_hint": "residential", "type": "residential", "address": ""}}, {"type": "Feature", "geometry": {"type": "Point", "coordinates": [113.3130561, 23.08935]}, "properties": {"landuse": "residential", "name": "岭南小区", "residential": "apartments", "osm_id": "way/1136405706", "category": "residential", "category_hint": "residential", "type": "residential", "address": ""}}, {"type": "Feature", "geometry": {"type": "Point", "coordinates": [113.3240795, 23.0817945]}, "properties": {"building": "apartments", "building:levels": "3", "name": "1号楼", "osm_id": "way/1137590302", "category": "residential", "category_hint": "residential", "type": "apartments", "address": ""}}, {"type": "Feature", "geometry": {"type": "Point", "coordinates": [113.3229874, 23.0821824]}, "properties": {"building": "apartments", "building:levels": "3", "name": "2号楼", "osm_id": "way/1137590303", "category": "residential", "category_hint": "residential", "type": "apartments", "address": ""}}, {"type": "Feature", "geometry": {"type": "Point", "coordinates": [113.320856, 23.0834634]}, "properties": {"landuse": "residential", "name": "坚真花园4号楼", "residential": "apartments", "osm_id": "way/1137590305", "category": "residential", "category_hint": "residential", "type": "residential", "address": ""}}, {"type": "Feature", "geometry": {"type": "Point", "coordinates": [113.3220204, 23.0855492]}, "properties": {"landuse": "residential", "name": "聚德花苑南区", "residential": "apartments", "osm_id": "way/1137834919", "category": "residential", "category_hint": "residential", "type": "residential", "address": ""}}, {"type": "Feature", "geometry": {"type": "Point", "coordinates": [113.3214999, 23.0844525]}, "properties": {"landuse": "residential", "name": "坚真花园", "residential": "apartments", "osm_id": "way/1137834920", "category": "residential", "category_hint": "residential", "type": "residential", "address": ""}}, {"type": "Feature", "geometry": {"type": "Point", "coordinates": [113.3230005, 23.0840907]}, "properties": {"landuse": "residential", "name": "索丽苑", "residential": "apartments", "osm_id": "way/1137834921", "category": "residential", "category_hint": "residential", "type": "residential", "address": ""}}, {"type": "Feature", "geometry": {"type": "Point", "coordinates": [113.3239626, 23.0843897]}, "properties": {"landuse": "residential", "name": "荔海鸣蝉", "residential": "apartments", "osm_id": "way/1137834922", "category": "residential", "category_hint": "residential", "type": "residential", "address": ""}}, {"type": "Feature", "geometry": {"type": "Point", "coordinates": [113.3246978, 23.0856706]}, "properties": {"landuse": "residential", "name": "聚德东社区", "residential": "apartments", "osm_id": "way/1137834923", "category": "residential", "category_hint": "residential", "type": "residential", "address": ""}}, {"type": "Feature", "geometry": {"type": "Point", "coordinates": [113.3256717, 23.0875905]}, "properties": {"landuse": "residential", "name": "聚德花苑东区", "residential": "apartments", "osm_id": "way/1137834924", "category": "residential", "category_hint": "residential", "type": "residential", "address": ""}}, {"type": "Feature", "geometry": {"type": "Point", "coordinates": [113.3221989, 23.0872921]}, "properties": {"landuse": "residential", "name": "聚德花苑西区", "residential": "apartments", "osm_id": "way/1137834925", "category": "residential", "category_hint": "residential", "type": "residential", "address": ""}}, {"type": "Feature", "geometry": {"type": "Point", "coordinates": [113.322977, 23.0828943]}, "properties": {"landuse": "residential", "name": "龙景大厦", "residential": "apartments", "osm_id": "way/1137834928", "category": "residential", "category_hint": "residential", "type": "residential", "address": ""}}, {"type": "Feature", "geometry": {"type": "Point", "coordinates": [113.3212527, 23.0883988]}, "properties": {"landuse": "residential", "name": "大塘小区", "residential": "apartments", "osm_id": "way/1137834929", "category": "residential", "category_hint": "residential", "type": "residential", "address": ""}}, {"type": "Feature", "geometry": {"type": "Point", "coordinates": [113.3242201, 23.0882423]}, "properties": {"landuse": "residential", "name": "聚德大厦", "residential": "apartments", "osm_id": "way/1137834930", "category": "residential", "category_hint": "residential", "type": "residential", "address": ""}}, {"type": "Feature", "geometry": {"type": "Point", "coordinates": [113.2971295, 23.0936329]}, "properties": {"landuse": "residential", "name": "康怡苑", "osm_id": "way/1138303539", "category": "residential", "category_hint": "residential", "type": "residential", "address": ""}}, {"type": "Feature", "geometry": {"type": "Point", "coordinates": [113.2967529, 23.0948014]}, "properties": {"landuse": "residential", "name": "新港小区", "osm_id": "way/1138303540", "category": "residential", "category_hint": "residential", "type": "residential", "address": ""}}, {"type": "Feature", "geometry": {"type": "Point", "coordinates": [113.3253507, 23.0865846]}, "properties": {"landuse": "residential", "name": "聚德花苑东区", "residential": "apartments", "osm_id": "way/1143797505", "category": "residential", "category_hint": "residential", "type": "residential", "address": ""}}, {"type": "Feature", "geometry": {"type": "Point", "coordinates": [113.3177965, 23.0929067]}, "properties": {"landuse": "residential", "name": "客村花园", "residential": "apartments", "osm_id": "way/1144327467", "category": "residential", "category_hint": "residential", "type": "residential", "address": ""}}, {"type": "Feature", "geometry": {"type": "Point", "coordinates": [113.3136155, 23.0880766]}, "properties": {"landuse": "residential", "name": "金穗东苑", "residential": "apartments", "osm_id": "way/1144327469", "category": "residential", "category_hint": "residential", "type": "residential", "address": ""}}, {"type": "Feature", "geometry": {"type": "Point", "coordinates": [113.3139429, 23.088711]}, "properties": {"landuse": "residential", "name": "雅林居", "residential": "apartments", "osm_id": "way/1144327470", "category": "residential", "category_hint": "residential", "type": "residential", "address": ""}}, {"type": "Feature", "geometry": {"type": "Point", "coordinates": [113.3142332, 23.089334]}, "properties": {"landuse": "residential", "name": "德盛苑", "residential": "apartments", "osm_id": "way/1144327471", "category": "residential", "category_hint": "residential", "type": "residential", "address": ""}}, {"type": "Feature", "geometry": {"type": "Point", "coordinates": [113.3128206, 23.0906863]}, "properties": {"landuse": "residential", "name": "客村苑", "residential": "apartments", "osm_id": "way/1144327473", "category": "residential", "category_hint": "residential", "type": "residential", "address": ""}}, {"type": "Feature", "geometry": {"type": "Point", "coordinates": [113.3248406, 23.0927566]}, "properties": {"landuse": "residential", "name": "翠景苑", "osm_id": "way/1144653398", "category": "residential", "category_hint": "residential", "type": "residential", "address": ""}}, {"type": "Feature", "geometry": {"type": "Point", "coordinates": [113.3092338, 23.105486]}, "properties": {"landuse": "residential", "name": "保利·阅江台", "residential": "apartments", "osm_id": "way/1144805386", "category": "residential", "category_hint": "residential", "type": "residential", "address": ""}}, {"type": "Feature", "geometry": {"type": "Point", "coordinates": [113.3256348, 23.0915673]}, "properties": {"landuse": "residential", "name": "赤岗苑", "residential": "apartments", "osm_id": "way/1145572531", "category": "residential", "category_hint": "residential", "type": "residential", "address": ""}}, {"type": "Feature", "geometry": {"type": "Point", "coordinates": [113.3247824, 23.0914336]}, "properties": {"landuse": "residential", "name": "怡雅居", "residential": "apartments", "osm_id": "way/1145572532", "category": "residential", "category_hint": "residential", "type": "residential", "address": ""}}, {"type": "Feature", "geometry": {"type": "Point", "coordinates": [113.3188758, 23.0912532]}, "properties": {"landuse": "residential", "name": "碧映路331号大院", "osm_id": "way/1146145252", "category": "residential", "category_hint": "residential", "type": "residential", "address": ""}}, {"type": "Feature", "geometry": {"type": "Point", "coordinates": [113.3349505, 23.1158625]}, "properties": {"building": "apartments", "building:levels": "15", "name": "T12", "osm_id": "way/1149085353", "category": "residential", "category_hint": "residential", "type": "apartments", "address": ""}}, {"type": "Feature", "geometry": {"type": "Point", "coordinates": [113.3349502, 23.1160802]}, "properties": {"building": "apartments", "building:levels": "13", "name": "T11", "osm_id": "way/1149085354", "category": "residential", "category_hint": "residential", "type": "apartments", "address": ""}}, {"type": "Feature", "geometry": {"type": "Point", "coordinates": [113.3350083, 23.1153378]}, "properties": {"building": "apartments", "building:levels": "21", "name": "T14", "osm_id": "way/1149085355", "category": "residential", "category_hint": "residential", "type": "apartments", "address": ""}}, {"type": "Feature", "geometry": {"type": "Point", "coordinates": [113.3339693, 23.1152356]}, "properties": {"building": "apartments", "building:levels": "27", "name": "T17", "osm_id": "way/1149085356", "category": "residential", "category_hint": "residential", "type": "apartments", "address": ""}}, {"type": "Feature", "geometry": {"type": "Point", "coordinates": [113.333613, 23.1153512]}, "properties": {"building": "apartments", "building:levels": "23", "name": "T18", "osm_id": "way/1149085357", "category": "residential", "category_hint": "residential", "type": "apartments", "address": ""}}, {"type": "Feature", "geometry": {"type": "Point", "coordinates": [113.3334167, 23.1155201]}, "properties": {"building": "apartments", "building:levels": "21", "name": "T19", "osm_id": "way/1149085358", "category": "residential", "category_hint": "residential", "type": "apartments", "address": ""}}, {"type": "Feature", "geometry": {"type": "Point", "coordinates": [113.3334673, 23.115834]}, "properties": {"building": "apartments", "building:levels": "17", "name": "T20", "osm_id": "way/1149085359", "category": "residential", "category_hint": "residential", "type": "apartments", "address": ""}}, {"type": "Feature", "geometry": {"type": "Point", "coordinates": [113.3334673, 23.1160559]}, "properties": {"building": "apartments", "building:levels": "15", "name": "T21", "osm_id": "way/1149085360", "category": "residential", "category_hint": "residential", "type": "apartments", "address": ""}}, {"type": "Feature", "geometry": {"type": "Point", "coordinates": [113.3334671, 23.1162736]}, "properties": {"building": "apartments", "building:levels": "13", "name": "T22", "osm_id": "way/1149085361", "category": "residential", "category_hint": "residential", "type": "apartments", "address": ""}}, {"type": "Feature", "geometry": {"type": "Point", "coordinates": [113.334883, 23.1166822]}, "properties": {"building": "apartments", "building:levels": "10", "name": "T10", "osm_id": "way/1149085375", "category": "residential", "category_hint": "residential", "type": "apartments", "address": ""}}, {"type": "Feature", "geometry": {"type": "Point", "coordinates": [113.333498, 23.1168861]}, "properties": {"building": "apartments", "building:levels": "10", "name": "T23", "osm_id": "way/1149085376", "category": "residential", "category_hint": "residential", "type": "apartments", "address": ""}}, {"type": "Feature", "geometry": {"type": "Point", "coordinates": [113.3348856, 23.1170833]}, "properties": {"building": "apartments", "building:levels": "8", "name": "T9", "osm_id": "way/1149085378", "category": "residential", "category_hint": "residential", "type": "apartments", "address": ""}}, {"type": "Feature", "geometry": {"type": "Point", "coordinates": [113.3196166, 23.0822415]}, "properties": {"building": "apartments", "osm_id": "way/1150391498", "name": "", "category": "residential", "category_hint": "residential", "type": "apartments", "address": ""}}, {"type": "Feature", "geometry": {"type": "Point", "coordinates": [113.3384389, 23.1163951]}, "properties": {"building": "apartments", "osm_id": "way/1172079651", "name": "", "category": "residential", "category_hint": "residential", "type": "apartments", "address": ""}}, {"type": "Feature", "geometry": {"type": "Point", "coordinates": [113.3223062, 23.0946984]}, "properties": {"building": "apartments", "osm_id": "way/1175334683", "name": "", "category": "residential", "category_hint": "residential", "type": "apartments", "address": ""}}, {"type": "Feature", "geometry": {"type": "Point", "coordinates": [113.3236241, 23.0943361]}, "properties": {"building": "apartments", "osm_id": "way/1175334684", "name": "", "category": "residential", "category_hint": "residential", "type": "apartments", "address": ""}}, {"type": "Feature", "geometry": {"type": "Point", "coordinates": [113.323481, 23.0936265]}, "properties": {"building": "apartments", "osm_id": "way/1175334685", "name": "", "category": "residential", "category_hint": "residential", "type": "apartments", "address": ""}}, {"type": "Feature", "geometry": {"type": "Point", "coordinates": [113.3234867, 23.0934349]}, "properties": {"building": "apartments", "osm_id": "way/1175334686", "name": "", "category": "residential", "category_hint": "residential", "type": "apartments", "address": ""}}, {"type": "Feature", "geometry": {"type": "Point", "coordinates": [113.3234752, 23.0933098]}, "properties": {"building": "apartments", "osm_id": "way/1175334687", "name": "", "category": "residential", "category_hint": "residential", "type": "apartments", "address": ""}}, {"type": "Feature", "geometry": {"type": "Point", "coordinates": [113.3231296, 23.0934343]}, "properties": {"building": "apartments", "osm_id": "way/1175334688", "name": "", "category": "residential", "category_hint": "residential", "type": "apartments", "address": ""}}, {"type": "Feature", "geometry": {"type": "Point", "coordinates": [113.3231215, 23.0933086]}, "properties": {"building": "apartments", "osm_id": "way/1175334689", "name": "", "category": "residential", "category_hint": "residential", "type": "apartments", "address": ""}}, {"type": "Feature", "geometry": {"type": "Point", "coordinates": [113.3241536, 23.0939121]}, "properties": {"building": "apartments", "osm_id": "way/1175334691", "name": "", "category": "residential", "category_hint": "residential", "type": "apartments", "address": ""}}, {"type": "Feature", "geometry": {"type": "Point", "coordinates": [113.3222626, 23.094193]}, "properties": {"building": "apartments", "osm_id": "way/1175334693", "name": "", "category": "residential", "category_hint": "residential", "type": "apartments", "address": ""}}, {"type": "Feature", "geometry": {"type": "Point", "coordinates": [113.3222501, 23.0939579]}, "properties": {"building": "apartments", "osm_id": "way/1175334694", "name": "", "category": "residential", "category_hint": "residential", "type": "apartments", "address": ""}}, {"type": "Feature", "geometry": {"type": "Point", "coordinates": [113.3226416, 23.093428]}, "properties": {"building": "apartments", "osm_id": "way/1175334695", "name": "", "category": "residential", "category_hint": "residential", "type": "apartments", "address": ""}}, {"type": "Feature", "geometry": {"type": "Point", "coordinates": [113.3226405, 23.0932995]}, "properties": {"building": "apartments", "osm_id": "way/1175334696", "name": "", "category": "residential", "category_hint": "residential", "type": "apartments", "address": ""}}, {"type": "Feature", "geometry": {"type": "Point", "coordinates": [113.3222468, 23.0934221]}, "properties": {"building": "apartments", "osm_id": "way/1175334697", "name": "", "category": "residential", "category_hint": "residential", "type": "apartments", "address": ""}}, {"type": "Feature", "geometry": {"type": "Point", "coordinates": [113.3222428, 23.0933039]}, "properties": {"building": "apartments", "osm_id": "way/1175334698", "name": "", "category": "residential", "category_hint": "residential", "type": "apartments", "address": ""}}, {"type": "Feature", "geometry": {"type": "Point", "coordinates": [113.3222385, 23.0937426]}, "properties": {"building": "apartments", "osm_id": "way/1175334699", "name": "", "category": "residential", "category_hint": "residential", "type": "apartments", "address": ""}}, {"type": "Feature", "geometry": {"type": "Point", "coordinates": [113.3222374, 23.0936131]}, "properties": {"building": "apartments", "osm_id": "way/1175334700", "name": "", "category": "residential", "category_hint": "residential", "type": "apartments", "address": ""}}, {"type": "Feature", "geometry": {"type": "Point", "coordinates": [113.3249649, 23.0937946]}, "properties": {"landuse": "residential", "name": "蔗糖所职工宿舍", "residential": "apartments", "osm_id": "way/1175334705", "category": "residential", "category_hint": "residential", "type": "residential", "address": ""}}, {"type": "Feature", "geometry": {"type": "Point", "coordinates": [113.3213874, 23.0904119]}, "properties": {"landuse": "residential", "name": "东兴阁", "osm_id": "way/1189318632", "category": "residential", "category_hint": "residential", "type": "residential", "address": ""}}, {"type": "Feature", "geometry": {"type": "Point", "coordinates": [113.3223653, 23.091172]}, "properties": {"landuse": "residential", "name": "金丰大厦", "osm_id": "way/1189318636", "category": "residential", "category_hint": "residential", "type": "residential", "address": ""}}, {"type": "Feature", "geometry": {"type": "Point", "coordinates": [113.3251701, 23.0960544]}, "properties": {"building": "apartments", "osm_id": "way/1196304993", "name": "", "category": "residential", "category_hint": "residential", "type": "apartments", "address": ""}}, {"type": "Feature", "geometry": {"type": "Point", "coordinates": [113.3000552, 23.0970638]}, "properties": {"building": "apartments", "building:levels": "8", "osm_id": "way/1196687244", "name": "", "category": "residential", "category_hint": "residential", "type": "apartments", "address": ""}}, {"type": "Feature", "geometry": {"type": "Point", "coordinates": [113.3006558, 23.0971787]}, "properties": {"building": "apartments", "building:levels": "8", "osm_id": "way/1196687245", "name": "", "category": "residential", "category_hint": "residential", "type": "apartments", "address": ""}}, {"type": "Feature", "geometry": {"type": "Point", "coordinates": [113.3227509, 23.0941873]}, "properties": {"building": "apartments", "osm_id": "way/1202572753", "name": "", "category": "residential", "category_hint": "residential", "type": "apartments", "address": ""}}, {"type": "Feature", "geometry": {"type": "Point", "coordinates": [113.3227556, 23.0939455]}, "properties": {"building": "apartments", "osm_id": "way/1202572754", "name": "", "category": "residential", "category_hint": "residential", "type": "apartments", "address": ""}}, {"type": "Feature", "geometry": {"type": "Point", "coordinates": [113.3233659, 23.0940532]}, "properties": {"building": "apartments", "osm_id": "way/1202572755", "name": "", "category": "residential", "category_hint": "residential", "type": "apartments", "address": ""}}, {"type": "Feature", "geometry": {"type": "Point", "coordinates": [113.3236295, 23.0940564]}, "properties": {"building": "apartments", "osm_id": "way/1202572756", "name": "", "category": "residential", "category_hint": "residential", "type": "apartments", "address": ""}}, {"type": "Feature", "geometry": {"type": "Point", "coordinates": [113.3239021, 23.0940597]}, "properties": {"building": "apartments", "osm_id": "way/1202572757", "name": "", "category": "residential", "category_hint": "residential", "type": "apartments", "address": ""}}, {"type": "Feature", "geometry": {"type": "Point", "coordinates": [113.3238953, 23.0943317]}, "properties": {"building": "apartments", "osm_id": "way/1202572758", "name": "", "category": "residential", "category_hint": "residential", "type": "apartments", "address": ""}}, {"type": "Feature", "geometry": {"type": "Point", "coordinates": [113.3241581, 23.0943317]}, "properties": {"building": "apartments", "osm_id": "way/1202572759", "name": "", "category": "residential", "category_hint": "residential", "type": "apartments", "address": ""}}, {"type": "Feature", "geometry": {"type": "Point", "coordinates": [113.3038331, 23.1011544]}, "properties": {"building": "apartments", "building:levels": "15", "name": "A栋", "osm_id": "way/1223213736", "category": "residential", "category_hint": "residential", "type": "apartments", "address": ""}}, {"type": "Feature", "geometry": {"type": "Point", "coordinates": [113.3042052, 23.1011784]}, "properties": {"building": "apartments", "building:levels": "15", "name": "B栋", "osm_id": "way/1223213737", "category": "residential", "category_hint": "residential", "type": "apartments", "address": ""}}, {"type": "Feature", "geometry": {"type": "Point", "coordinates": [113.3039322, 23.1005904]}, "properties": {"building": "apartments", "building:levels": "16", "name": "C栋", "osm_id": "way/1223213738", "category": "residential", "category_hint": "residential", "type": "apartments", "address": ""}}, {"type": "Feature", "geometry": {"type": "Point", "coordinates": [113.3042663, 23.1006098]}, "properties": {"building": "apartments", "building:levels": "16", "name": "D栋", "osm_id": "way/1223213739", "category": "residential", "category_hint": "residential", "type": "apartments", "address": ""}}, {"type": "Feature", "geometry": {"type": "Point", "coordinates": [113.3030364, 23.1012407]}, "properties": {"building": "apartments", "building:levels": "9", "name": "A座", "osm_id": "way/1223213746", "category": "residential", "category_hint": "residential", "type": "apartments", "address": ""}}, {"type": "Feature", "geometry": {"type": "Point", "coordinates": [113.3032506, 23.1012435]}, "properties": {"building": "apartments", "building:levels": "9", "name": "B座", "osm_id": "way/1223213747", "category": "residential", "category_hint": "residential", "type": "apartments", "address": ""}}, {"type": "Feature", "geometry": {"type": "Point", "coordinates": [113.3034475, 23.1012463]}, "properties": {"building": "apartments", "building:levels": "9", "name": "C座", "osm_id": "way/1223213748", "category": "residential", "category_hint": "residential", "type": "apartments", "address": ""}}, {"type": "Feature", "geometry": {"type": "Point", "coordinates": [113.3032216, 23.1012147]}, "properties": {"landuse": "residential", "name": "灏景阁", "osm_id": "way/1223213749", "category": "residential", "category_hint": "residential", "type": "residential", "address": ""}}, {"type": "Feature", "geometry": {"type": "Point", "coordinates": [113.3040329, 23.1008978]}, "properties": {"landuse": "residential", "name": "柏慧花园", "osm_id": "way/1223213750", "category": "residential", "category_hint": "residential", "type": "residential", "address": ""}}, {"type": "Feature", "geometry": {"type": "Point", "coordinates": [113.3004296, 23.0863064]}, "properties": {"landuse": "residential", "name": "逸景翠园西区", "name:zh": "逸景翠园西区", "residential": "apartments", "osm_id": "way/1243231793", "category": "residential", "category_hint": "residential", "type": "residential", "address": ""}}, {"type": "Feature", "geometry": {"type": "Point", "coordinates": [113.3238499, 23.0937058]}, "properties": {"building": "apartments", "osm_id": "way/1248842323", "name": "", "category": "residential", "category_hint": "residential", "type": "apartments", "address": ""}}, {"type": "Feature", "geometry": {"type": "Point", "coordinates": [113.3231204, 23.0941824]}, "properties": {"building": "apartments", "osm_id": "way/1248842324", "name": "", "category": "residential", "category_hint": "residential", "type": "apartments", "address": ""}}, {"type": "Feature", "geometry": {"type": "Point", "coordinates": [113.3225848, 23.0936763]}, "properties": {"building": "apartments", "osm_id": "way/1248842325", "name": "", "category": "residential", "category_hint": "residential", "type": "apartments", "address": ""}}, {"type": "Feature", "geometry": {"type": "Point", "coordinates": [113.3228663, 23.0936858]}, "properties": {"building": "apartments", "osm_id": "way/1248842326", "name": "", "category": "residential", "category_hint": "residential", "type": "apartments", "address": ""}}, {"type": "Feature", "geometry": {"type": "Point", "coordinates": [113.3231584, 23.0936869]}, "properties": {"building": "apartments", "osm_id": "way/1248842327", "name": "", "category": "residential", "category_hint": "residential", "type": "apartments", "address": ""}}, {"type": "Feature", "geometry": {"type": "Point", "coordinates": [113.3303101, 23.0871762]}, "properties": {"landuse": "residential", "name": "花季华庭", "residential": "apartments", "osm_id": "way/1252196124", "category": "residential", "category_hint": "residential", "type": "residential", "address": ""}}, {"type": "Feature", "geometry": {"type": "Point", "coordinates": [113.3256435, 23.0918338]}, "properties": {"addr:housenumber": "2-7", "addr:street": "靖晖街", "building": "apartments", "building:levels": "9", "roof:levels": "0", "roof:shape": "flat", "osm_id": "way/1253490172", "name": "", "category": "residential", "category_hint": "residential", "type": "apartments", "address": ""}}, {"type": "Feature", "geometry": {"type": "Point", "coordinates": [113.3265808, 23.0913449]}, "properties": {"landuse": "residential", "name": "广州金笔厂宿舍", "osm_id": "way/1253490175", "category": "residential", "category_hint": "residential", "type": "residential", "address": ""}}, {"type": "Feature", "geometry": {"type": "Point", "coordinates": [113.3222838, 23.0960168]}, "properties": {"building": "apartments", "osm_id": "way/1267012130", "name": "", "category": "residential", "category_hint": "residential", "type": "apartments", "address": ""}}, {"type": "Feature", "geometry": {"type": "Point", "coordinates": [113.3222854, 23.0958131]}, "properties": {"building": "apartments", "osm_id": "way/1267012131", "name": "", "category": "residential", "category_hint": "residential", "type": "apartments", "address": ""}}, {"type": "Feature", "geometry": {"type": "Point", "coordinates": [113.3222854, 23.0956404]}, "properties": {"building": "apartments", "osm_id": "way/1267012132", "name": "", "category": "residential", "category_hint": "residential", "type": "apartments", "address": ""}}, {"type": "Feature", "geometry": {"type": "Point", "coordinates": [113.32235, 23.0950365]}, "properties": {"building": "apartments", "osm_id": "way/1267012133", "name": "", "category": "residential", "category_hint": "residential", "type": "apartments", "address": ""}}, {"type": "Feature", "geometry": {"type": "Point", "coordinates": [113.3228711, 23.095034]}, "properties": {"building": "apartments", "osm_id": "way/1267012134", "name": "", "category": "residential", "category_hint": "residential", "type": "apartments", "address": ""}}, {"type": "Feature", "geometry": {"type": "Point", "coordinates": [113.3221796, 23.0953346]}, "properties": {"building": "apartments", "osm_id": "way/1267012135", "name": "", "category": "residential", "category_hint": "residential", "type": "apartments", "address": ""}}, {"type": "Feature", "geometry": {"type": "Point", "coordinates": [113.3230075, 23.0955896]}, "properties": {"building": "apartments", "osm_id": "way/1267012137", "name": "", "category": "residential", "category_hint": "residential", "type": "apartments", "address": ""}}, {"type": "Feature", "geometry": {"type": "Point", "coordinates": [113.32272, 23.0959099]}, "properties": {"building": "apartments", "osm_id": "way/1267012138", "name": "", "category": "residential", "category_hint": "residential", "type": "apartments", "address": ""}}, {"type": "Feature", "geometry": {"type": "Point", "coordinates": [113.3231302, 23.0959066]}, "properties": {"building": "apartments", "osm_id": "way/1267012139", "name": "", "category": "residential", "category_hint": "residential", "type": "apartments", "address": ""}}, {"type": "Feature", "geometry": {"type": "Point", "coordinates": [113.322493, 23.0953709]}, "properties": {"building": "apartments", "osm_id": "way/1267012140", "name": "", "category": "residential", "category_hint": "residential", "type": "apartments", "address": ""}}, {"type": "Feature", "geometry": {"type": "Point", "coordinates": [113.322775, 23.0953186]}, "properties": {"building": "apartments", "osm_id": "way/1267012141", "name": "", "category": "residential", "category_hint": "residential", "type": "apartments", "address": ""}}, {"type": "Feature", "geometry": {"type": "Point", "coordinates": [113.3232378, 23.095185]}, "properties": {"building": "apartments", "osm_id": "way/1267012142", "name": "", "category": "residential", "category_hint": "residential", "type": "apartments", "address": ""}}, {"type": "Feature", "geometry": {"type": "Point", "coordinates": [113.3249176, 23.0943624]}, "properties": {"landuse": "residential", "name": "元邦·明月园", "name:zh": "元邦·明月园", "residential": "apartments", "osm_id": "way/1267017067", "category": "residential", "category_hint": "residential", "type": "residential", "address": ""}}, {"type": "Feature", "geometry": {"type": "Point", "coordinates": [113.3251918, 23.0955605]}, "properties": {"landuse": "residential", "name": "华怡花园", "osm_id": "way/1267017068", "category": "residential", "category_hint": "residential", "type": "residential", "address": ""}}, {"type": "Feature", "geometry": {"type": "Point", "coordinates": [113.3265105, 23.0963336]}, "properties": {"landuse": "residential", "osm_id": "way/1267017073", "name": "", "category": "residential", "category_hint": "residential", "type": "residential", "address": ""}}, {"type": "Feature", "geometry": {"type": "Point", "coordinates": [113.3216369, 23.0986785]}, "properties": {"building": "apartments", "osm_id": "way/1267493270", "name": "", "category": "residential", "category_hint": "residential", "type": "apartments", "address": ""}}, {"type": "Feature", "geometry": {"type": "Point", "coordinates": [113.325153, 23.0978366]}, "properties": {"landuse": "residential", "name": "广发新村", "residential": "apartments", "osm_id": "way/1267929520", "category": "residential", "category_hint": "residential", "type": "residential", "address": ""}}, {"type": "Feature", "geometry": {"type": "Point", "coordinates": [113.3248321, 23.0970284]}, "properties": {"landuse": "residential", "name": "毛纺小区东区", "residential": "apartments", "osm_id": "way/1267929521", "category": "residential", "category_hint": "residential", "type": "residential", "address": ""}}, {"type": "Feature", "geometry": {"type": "Point", "coordinates": [113.3267619, 23.097385]}, "properties": {"landuse": "residential", "name": "粤信广场", "residential": "apartments", "osm_id": "way/1267929522", "category": "residential", "category_hint": "residential", "type": "residential", "address": ""}}, {"type": "Feature", "geometry": {"type": "Point", "coordinates": [113.3264315, 23.0966768]}, "properties": {"building": "apartments", "name": "阳光公寓", "osm_id": "way/1267929523", "category": "residential", "category_hint": "residential", "type": "apartments", "address": ""}}, {"type": "Feature", "geometry": {"type": "Point", "coordinates": [113.3261745, 23.0857451]}, "properties": {"landuse": "residential", "name": "聚德中路212-214号小区", "osm_id": "way/1279410272", "category": "residential", "category_hint": "residential", "type": "residential", "address": ""}}, {"type": "Feature", "geometry": {"type": "Point", "coordinates": [113.305314, 23.0813081]}, "properties": {"landuse": "residential", "name": "中海·大境售楼部", "osm_id": "way/1287274144", "category": "residential", "category_hint": "residential", "type": "residential", "address": ""}}, {"type": "Feature", "geometry": {"type": "Point", "coordinates": [113.3238746, 23.0985733]}, "properties": {"building": "apartments", "osm_id": "way/1287276332", "name": "", "category": "residential", "category_hint": "residential", "type": "apartments", "address": ""}}, {"type": "Feature", "geometry": {"type": "Point", "coordinates": [113.3327251, 23.1158341]}, "properties": {"landuse": "residential", "name": "誉城苑南区", "residential": "apartments", "osm_id": "way/1288223509", "category": "residential", "category_hint": "residential", "type": "residential", "address": ""}}, {"type": "Feature", "geometry": {"type": "Point", "coordinates": [113.3326031, 23.1172131]}, "properties": {"landuse": "residential", "name": "誉城苑北区", "residential": "apartments", "osm_id": "way/1288223513", "category": "residential", "category_hint": "residential", "type": "residential", "address": ""}}, {"type": "Feature", "geometry": {"type": "Point", "coordinates": [113.3314727, 23.1173741]}, "properties": {"landuse": "residential", "name": "猎德花园三区", "residential": "apartments", "osm_id": "way/1288223514", "category": "residential", "category_hint": "residential", "type": "residential", "address": ""}}, {"type": "Feature", "geometry": {"type": "Point", "coordinates": [113.3317758, 23.1159745]}, "properties": {"landuse": "residential", "name": "猎德花园二区", "residential": "apartments", "osm_id": "way/1288223515", "category": "residential", "category_hint": "residential", "type": "residential", "address": ""}}, {"type": "Feature", "geometry": {"type": "Point", "coordinates": [113.3229141, 23.0973732]}, "properties": {"building": "residential", "osm_id": "way/1294721541", "name": "", "category": "residential", "category_hint": "residential", "type": "residential", "address": ""}}, {"type": "Feature", "geometry": {"type": "Point", "coordinates": [113.3224152, 23.0973563]}, "properties": {"building": "residential", "osm_id": "way/1294721542", "name": "", "category": "residential", "category_hint": "residential", "type": "residential", "address": ""}}, {"type": "Feature", "geometry": {"type": "Point", "coordinates": [113.3228302, 23.0971667]}, "properties": {"building": "residential", "osm_id": "way/1294721543", "name": "", "category": "residential", "category_hint": "residential", "type": "residential", "address": ""}}, {"type": "Feature", "geometry": {"type": "Point", "coordinates": [113.3222588, 23.0971889]}, "properties": {"building": "residential", "osm_id": "way/1294721544", "name": "", "category": "residential", "category_hint": "residential", "type": "residential", "address": ""}}, {"type": "Feature", "geometry": {"type": "Point", "coordinates": [113.3221788, 23.0970233]}, "properties": {"building": "residential", "osm_id": "way/1294721545", "name": "", "category": "residential", "category_hint": "residential", "type": "residential", "address": ""}}, {"type": "Feature", "geometry": {"type": "Point", "coordinates": [113.3299372, 23.089221]}, "properties": {"landuse": "residential", "osm_id": "way/1296234385", "name": "", "category": "residential", "category_hint": "residential", "type": "residential", "address": ""}}, {"type": "Feature", "geometry": {"type": "Point", "coordinates": [113.2937416, 23.0943597]}, "properties": {"landuse": "residential", "name": "新港西路151号大院", "osm_id": "way/1296314449", "category": "residential", "category_hint": "residential", "type": "residential", "address": ""}}, {"type": "Feature", "geometry": {"type": "Point", "coordinates": [113.3241297, 23.0970129]}, "properties": {"building": "apartments", "osm_id": "way/1296328073", "name": "", "category": "residential", "category_hint": "residential", "type": "apartments", "address": ""}}, {"type": "Feature", "geometry": {"type": "Point", "coordinates": [113.3088437, 23.0894112]}, "properties": {"landuse": "residential", "name": "和平家园", "residential": "apartments", "osm_id": "way/1301072852", "category": "residential", "category_hint": "residential", "type": "residential", "address": ""}}, {"type": "Feature", "geometry": {"type": "Point", "coordinates": [113.3112177, 23.089878]}, "properties": {"landuse": "residential", "name": "侨惠花园", "osm_id": "way/1301072855", "category": "residential", "category_hint": "residential", "type": "residential", "address": ""}}, {"type": "Feature", "geometry": {"type": "Point", "coordinates": [113.331016, 23.0840179]}, "properties": {"landuse": "residential", "osm_id": "way/1302056901", "name": "", "category": "residential", "category_hint": "residential", "type": "residential", "address": ""}}, {"type": "Feature", "geometry": {"type": "Point", "coordinates": [113.3318962, 23.0833471]}, "properties": {"landuse": "residential", "osm_id": "way/1302056902", "name": "", "category": "residential", "category_hint": "residential", "type": "residential", "address": ""}}, {"type": "Feature", "geometry": {"type": "Point", "coordinates": [113.3300462, 23.0823325]}, "properties": {"landuse": "residential", "osm_id": "way/1302056903", "name": "", "category": "residential", "category_hint": "residential", "type": "residential", "address": ""}}, {"type": "Feature", "geometry": {"type": "Point", "coordinates": [113.3283739, 23.0829525]}, "properties": {"landuse": "residential", "osm_id": "way/1302056904", "name": "", "category": "residential", "category_hint": "residential", "type": "residential", "address": ""}}, {"type": "Feature", "geometry": {"type": "Point", "coordinates": [113.3290904, 23.0844692]}, "properties": {"landuse": "residential", "osm_id": "way/1302462795", "name": "", "category": "residential", "category_hint": "residential", "type": "residential", "address": ""}}, {"type": "Feature", "geometry": {"type": "Point", "coordinates": [113.3319665, 23.0855786]}, "properties": {"landuse": "residential", "osm_id": "way/1302462796", "name": "", "category": "residential", "category_hint": "residential", "type": "residential", "address": ""}}, {"type": "Feature", "geometry": {"type": "Point", "coordinates": [113.3317213, 23.0852658]}, "properties": {"landuse": "residential", "osm_id": "way/1302462797", "name": "", "category": "residential", "category_hint": "residential", "type": "residential", "address": ""}}, {"type": "Feature", "geometry": {"type": "Point", "coordinates": [113.3020183, 23.0967538]}, "properties": {"building": "apartments", "building:levels": "9", "osm_id": "way/1303060969", "name": "", "category": "residential", "category_hint": "residential", "type": "apartments", "address": ""}}, {"type": "Feature", "geometry": {"type": "Point", "coordinates": [113.3193057, 23.085098]}, "properties": {"landuse": "residential", "osm_id": "way/1303113332", "name": "", "category": "residential", "category_hint": "residential", "type": "residential", "address": ""}}, {"type": "Feature", "geometry": {"type": "Point", "coordinates": [113.3179699, 23.0879173]}, "properties": {"landuse": "residential", "osm_id": "way/1303113333", "name": "", "category": "residential", "category_hint": "residential", "type": "residential", "address": ""}}, {"type": "Feature", "geometry": {"type": "Point", "coordinates": [113.3372878, 23.0868929]}, "properties": {"landuse": "residential", "osm_id": "way/1303133631", "name": "", "category": "residential", "category_hint": "residential", "type": "residential", "address": ""}}, {"type": "Feature", "geometry": {"type": "Point", "coordinates": [113.3248732, 23.0923785]}, "properties": {"landuse": "residential", "name": "汇龙居", "osm_id": "way/1303896928", "category": "residential", "category_hint": "residential", "type": "residential", "address": ""}}, {"type": "Feature", "geometry": {"type": "Point", "coordinates": [113.3239296, 23.092135]}, "properties": {"landuse": "residential", "name": "竹园小区", "osm_id": "way/1303896929", "category": "residential", "category_hint": "residential", "type": "residential", "address": ""}}, {"type": "Feature", "geometry": {"type": "Point", "coordinates": [113.3251513, 23.0984465]}, "properties": {"landuse": "residential", "name": "纵横广场", "osm_id": "way/1303896931", "category": "residential", "category_hint": "residential", "type": "residential", "address": ""}}, {"type": "Feature", "geometry": {"type": "Point", "coordinates": [113.3256724, 23.0958315]}, "properties": {"addr:housenumber": "90-92", "addr:street": "华怡路", "building": "apartments", "building:levels": "9", "roof:levels": "0", "roof:shape": "flat", "osm_id": "way/1303896936", "name": "", "category": "residential", "category_hint": "residential", "type": "apartments", "address": ""}}, {"type": "Feature", "geometry": {"type": "Point", "coordinates": [113.3148781, 23.0864761]}, "properties": {"landuse": "residential", "osm_id": "way/1306483767", "name": "", "category": "residential", "category_hint": "residential", "type": "residential", "address": ""}}, {"type": "Feature", "geometry": {"type": "Point", "coordinates": [113.3145176, 23.0842715]}, "properties": {"landuse": "residential", "osm_id": "way/1306483769", "name": "", "category": "residential", "category_hint": "residential", "type": "residential", "address": ""}}, {"type": "Feature", "geometry": {"type": "Point", "coordinates": [113.3155156, 23.0833979]}, "properties": {"landuse": "residential", "osm_id": "way/1306483770", "name": "", "category": "residential", "category_hint": "residential", "type": "residential", "address": ""}}, {"type": "Feature", "geometry": {"type": "Point", "coordinates": [113.3117383, 23.0835258]}, "properties": {"landuse": "residential", "osm_id": "way/1306483771", "name": "", "category": "residential", "category_hint": "residential", "type": "residential", "address": ""}}, {"type": "Feature", "geometry": {"type": "Point", "coordinates": [113.3178669, 23.0847018]}, "properties": {"landuse": "residential", "osm_id": "way/1306483772", "name": "", "category": "residential", "category_hint": "residential", "type": "residential", "address": ""}}, {"type": "Feature", "geometry": {"type": "Point", "coordinates": [113.3164738, 23.0840122]}, "properties": {"landuse": "residential", "osm_id": "way/1306483774", "name": "", "category": "residential", "category_hint": "residential", "type": "residential", "address": ""}}, {"type": "Feature", "geometry": {"type": "Point", "coordinates": [113.3161413, 23.0860213]}, "properties": {"landuse": "residential", "osm_id": "way/1306483775", "name": "", "category": "residential", "category_hint": "residential", "type": "residential", "address": ""}}, {"type": "Feature", "geometry": {"type": "Point", "coordinates": [113.3305543, 23.0912736]}, "properties": {"landuse": "residential", "name": "江海街红卫经济联合社", "residential": "apartments", "osm_id": "way/1307475514", "category": "residential", "category_hint": "residential", "type": "residential", "address": ""}}, {"type": "Feature", "geometry": {"type": "Point", "coordinates": [113.3270383, 23.0921326]}, "properties": {"landuse": "residential", "name": "逸华轩", "residential": "apartments", "osm_id": "way/1307475517", "category": "residential", "category_hint": "residential", "type": "residential", "address": ""}}, {"type": "Feature", "geometry": {"type": "Point", "coordinates": [113.3230446, 23.0887607]}, "properties": {"landuse": "residential", "osm_id": "way/1308000960", "name": "", "category": "residential", "category_hint": "residential", "type": "residential", "address": ""}}, {"type": "Feature", "geometry": {"type": "Point", "coordinates": [113.3260094, 23.0888439]}, "properties": {"landuse": "residential", "osm_id": "way/1308000961", "name": "", "category": "residential", "category_hint": "residential", "type": "residential", "address": ""}}, {"type": "Feature", "geometry": {"type": "Point", "coordinates": [113.311941, 23.0852024]}, "properties": {"landuse": "residential", "osm_id": "way/1308000962", "name": "", "category": "residential", "category_hint": "residential", "type": "residential", "address": ""}}, {"type": "Feature", "geometry": {"type": "Point", "coordinates": [113.3118219, 23.084443]}, "properties": {"landuse": "residential", "osm_id": "way/1308000963", "name": "", "category": "residential", "category_hint": "residential", "type": "residential", "address": ""}}, {"type": "Feature", "geometry": {"type": "Point", "coordinates": [113.3214151, 23.0825084]}, "properties": {"landuse": "residential", "osm_id": "way/1308000964", "name": "", "category": "residential", "category_hint": "residential", "type": "residential", "address": ""}}, {"type": "Feature", "geometry": {"type": "Point", "coordinates": [113.3116729, 23.0823925]}, "properties": {"landuse": "residential", "osm_id": "way/1308000965", "name": "", "category": "residential", "category_hint": "residential", "type": "residential", "address": ""}}, {"type": "Feature", "geometry": {"type": "Point", "coordinates": [113.3116184, 23.0812922]}, "properties": {"landuse": "residential", "osm_id": "way/1308000966", "name": "", "category": "residential", "category_hint": "residential", "type": "residential", "address": ""}}, {"type": "Feature", "geometry": {"type": "Point", "coordinates": [113.3141655, 23.0820382]}, "properties": {"landuse": "residential", "osm_id": "way/1308000967", "name": "", "category": "residential", "category_hint": "residential", "type": "residential", "address": ""}}, {"type": "Feature", "geometry": {"type": "Point", "coordinates": [113.3180383, 23.0833733]}, "properties": {"landuse": "residential", "osm_id": "way/1308000971", "name": "", "category": "residential", "category_hint": "residential", "type": "residential", "address": ""}}, {"type": "Feature", "geometry": {"type": "Point", "coordinates": [113.3166997, 23.083035]}, "properties": {"landuse": "residential", "osm_id": "way/1308000972", "name": "", "category": "residential", "category_hint": "residential", "type": "residential", "address": ""}}, {"type": "Feature", "geometry": {"type": "Point", "coordinates": [113.3181301, 23.0827028]}, "properties": {"landuse": "residential", "osm_id": "way/1308000973", "name": "", "category": "residential", "category_hint": "residential", "type": "residential", "address": ""}}, {"type": "Feature", "geometry": {"type": "Point", "coordinates": [113.3181688, 23.0822279]}, "properties": {"landuse": "residential", "osm_id": "way/1308000974", "name": "", "category": "residential", "category_hint": "residential", "type": "residential", "address": ""}}, {"type": "Feature", "geometry": {"type": "Point", "coordinates": [113.3252935, 23.0819585]}, "properties": {"landuse": "residential", "osm_id": "way/1308009661", "name": "", "category": "residential", "category_hint": "residential", "type": "residential", "address": ""}}, {"type": "Feature", "geometry": {"type": "Point", "coordinates": [113.325486, 23.0815659]}, "properties": {"landuse": "residential", "osm_id": "way/1308009662", "name": "", "category": "residential", "category_hint": "residential", "type": "residential", "address": ""}}, {"type": "Feature", "geometry": {"type": "Point", "coordinates": [113.3259975, 23.0828485]}, "properties": {"landuse": "residential", "osm_id": "way/1308009663", "name": "", "category": "residential", "category_hint": "residential", "type": "residential", "address": ""}}, {"type": "Feature", "geometry": {"type": "Point", "coordinates": [113.3366106, 23.0933087]}, "properties": {"landuse": "residential", "osm_id": "way/1308260370", "name": "", "category": "residential", "category_hint": "residential", "type": "residential", "address": ""}}, {"type": "Feature", "geometry": {"type": "Point", "coordinates": [113.3329138, 23.0918391]}, "properties": {"landuse": "residential", "name": "君晖苑", "residential": "apartments", "osm_id": "way/1308260371", "category": "residential", "category_hint": "residential", "type": "residential", "address": ""}}, {"type": "Feature", "geometry": {"type": "Point", "coordinates": [113.3318209, 23.090686]}, "properties": {"landuse": "residential", "name": "金星花园", "residential": "apartments", "osm_id": "way/1308260372", "category": "residential", "category_hint": "residential", "type": "residential", "address": ""}}, {"type": "Feature", "geometry": {"type": "Point", "coordinates": [113.3329934, 23.0909122]}, "properties": {"landuse": "residential", "osm_id": "way/1308447973", "name": "", "category": "residential", "category_hint": "residential", "type": "residential", "address": ""}}, {"type": "Feature", "geometry": {"type": "Point", "coordinates": [113.3297583, 23.0780037]}, "properties": {"landuse": "residential", "osm_id": "way/1308651320", "name": "", "category": "residential", "category_hint": "residential", "type": "residential", "address": ""}}, {"type": "Feature", "geometry": {"type": "Point", "coordinates": [113.3152161, 23.0882652]}, "properties": {"landuse": "residential", "name": "新怡苑", "residential": "apartments", "osm_id": "way/1310864735", "category": "residential", "category_hint": "residential", "type": "residential", "address": ""}}, {"type": "Feature", "geometry": {"type": "Point", "coordinates": [113.3148222, 23.0886226]}, "properties": {"landuse": "residential", "name": "新雅苑", "residential": "apartments", "osm_id": "way/1310864736", "category": "residential", "category_hint": "residential", "type": "residential", "address": ""}}, {"type": "Feature", "geometry": {"type": "Point", "coordinates": [113.3251455, 23.089055]}, "properties": {"landuse": "residential", "osm_id": "way/1311227025", "name": "", "category": "residential", "category_hint": "residential", "type": "residential", "address": ""}}, {"type": "Feature", "geometry": {"type": "Point", "coordinates": [113.3240998, 23.0913015]}, "properties": {"landuse": "residential", "name": "聚宝阁", "osm_id": "way/1311227040", "category": "residential", "category_hint": "residential", "type": "residential", "address": ""}}, {"type": "Feature", "geometry": {"type": "Point", "coordinates": [113.3247734, 23.0914255]}, "properties": {"building": "apartments", "osm_id": "way/1311227041", "name": "", "category": "residential", "category_hint": "residential", "type": "apartments", "address": ""}}, {"type": "Feature", "geometry": {"type": "Point", "coordinates": [113.3256152, 23.0911788]}, "properties": {"building": "apartments", "osm_id": "way/1311227046", "name": "", "category": "residential", "category_hint": "residential", "type": "apartments", "address": ""}}, {"type": "Feature", "geometry": {"type": "Point", "coordinates": [113.3177089, 23.1008124]}, "properties": {"building": "apartments", "osm_id": "way/1311481054", "name": "", "category": "residential", "category_hint": "residential", "type": "apartments", "address": ""}}, {"type": "Feature", "geometry": {"type": "Point", "coordinates": [113.3177089, 23.1003527]}, "properties": {"building": "apartments", "osm_id": "way/1311481055", "name": "", "category": "residential", "category_hint": "residential", "type": "apartments", "address": ""}}, {"type": "Feature", "geometry": {"type": "Point", "coordinates": [113.3176938, 23.1001361]}, "properties": {"building": "apartments", "osm_id": "way/1311481056", "name": "", "category": "residential", "category_hint": "residential", "type": "apartments", "address": ""}}, {"type": "Feature", "geometry": {"type": "Point", "coordinates": [113.3112846, 23.1031113]}, "properties": {"landuse": "residential", "name": "领江壹号", "residential": "apartments", "osm_id": "way/1311481058", "category": "residential", "category_hint": "residential", "type": "residential", "address": ""}}, {"type": "Feature", "geometry": {"type": "Point", "coordinates": [113.308488, 23.1040657]}, "properties": {"landuse": "residential", "name": "海天花苑", "residential": "apartments", "osm_id": "way/1311481059", "category": "residential", "category_hint": "residential", "type": "residential", "address": ""}}, {"type": "Feature", "geometry": {"type": "Point", "coordinates": [113.3076014, 23.103834]}, "properties": {"landuse": "residential", "name": "星海明珠", "residential": "apartments", "osm_id": "way/1311481062", "category": "residential", "category_hint": "residential", "type": "residential", "address": ""}}, {"type": "Feature", "geometry": {"type": "Point", "coordinates": [113.3015911, 23.098342]}, "properties": {"landuse": "residential", "osm_id": "way/1312560849", "name": "", "category": "residential", "category_hint": "residential", "type": "residential", "address": ""}}, {"type": "Feature", "geometry": {"type": "Point", "coordinates": [113.3042241, 23.0967037]}, "properties": {"landuse": "residential", "osm_id": "way/1312560851", "name": "", "category": "residential", "category_hint": "residential", "type": "residential", "address": ""}}, {"type": "Feature", "geometry": {"type": "Point", "coordinates": [113.3077583, 23.0949714]}, "properties": {"landuse": "residential", "osm_id": "way/1312560857", "name": "", "category": "residential", "category_hint": "residential", "type": "residential", "address": ""}}, {"type": "Feature", "geometry": {"type": "Point", "coordinates": [113.306907, 23.0972445]}, "properties": {"landuse": "residential", "name": "光华小区", "osm_id": "way/1312560858", "category": "residential", "category_hint": "residential", "type": "residential", "address": ""}}, {"type": "Feature", "geometry": {"type": "Point", "coordinates": [113.3239259, 23.0973854]}, "properties": {"landuse": "residential", "name": "惠馨轩", "osm_id": "way/1313139809", "category": "residential", "category_hint": "residential", "type": "residential", "address": ""}}, {"type": "Feature", "geometry": {"type": "Point", "coordinates": [113.3163336, 23.0967805]}, "properties": {"landuse": "residential", "osm_id": "way/1314273791", "name": "", "category": "residential", "category_hint": "residential", "type": "residential", "address": ""}}, {"type": "Feature", "geometry": {"type": "Point", "coordinates": [113.3182173, 23.0970151]}, "properties": {"landuse": "residential", "name": "艺苑南路11号大院", "osm_id": "way/1315087726", "category": "residential", "category_hint": "residential", "type": "residential", "address": ""}}, {"type": "Feature", "geometry": {"type": "Point", "coordinates": [113.3019288, 23.1044274]}, "properties": {"building": "apartments", "osm_id": "way/1340108495", "name": "", "category": "residential", "category_hint": "residential", "type": "apartments", "address": ""}}, {"type": "Feature", "geometry": {"type": "Point", "coordinates": [113.3222407, 23.1014796]}, "properties": {"building": "apartments", "osm_id": "way/1348002785", "name": "", "category": "residential", "category_hint": "residential", "type": "apartments", "address": ""}}, {"type": "Feature", "geometry": {"type": "Point", "coordinates": [113.3232489, 23.1026888]}, "properties": {"building": "apartments", "osm_id": "way/1348002786", "name": "", "category": "residential", "category_hint": "residential", "type": "apartments", "address": ""}}, {"type": "Feature", "geometry": {"type": "Point", "coordinates": [113.3235422, 23.1026632]}, "properties": {"building": "apartments", "osm_id": "way/1348002788", "name": "", "category": "residential", "category_hint": "residential", "type": "apartments", "address": ""}}, {"type": "Feature", "geometry": {"type": "Point", "coordinates": [113.3235515, 23.1014865]}, "properties": {"building": "apartments", "osm_id": "way/1348002789", "name": "", "category": "residential", "category_hint": "residential", "type": "apartments", "address": ""}}, {"type": "Feature", "geometry": {"type": "Point", "coordinates": [113.3228321, 23.1014778]}, "properties": {"building": "apartments", "osm_id": "way/1348002791", "name": "", "category": "residential", "category_hint": "residential", "type": "apartments", "address": ""}}, {"type": "Feature", "geometry": {"type": "Point", "coordinates": [113.3232543, 23.1014857]}, "properties": {"building": "apartments", "osm_id": "way/1348002792", "name": "", "category": "residential", "category_hint": "residential", "type": "apartments", "address": ""}}, {"type": "Feature", "geometry": {"type": "Point", "coordinates": [113.3225312, 23.1014701]}, "properties": {"building": "apartments", "osm_id": "way/1348002793", "name": "", "category": "residential", "category_hint": "residential", "type": "apartments", "address": ""}}, {"type": "Feature", "geometry": {"type": "Point", "coordinates": [113.322293, 23.0928554]}, "properties": {"building": "apartments", "osm_id": "way/1362888367", "name": "", "category": "residential", "category_hint": "residential", "type": "apartments", "address": ""}}, {"type": "Feature", "geometry": {"type": "Point", "coordinates": [113.3228144, 23.092957]}, "properties": {"building": "apartments", "osm_id": "way/1362888368", "name": "", "category": "residential", "category_hint": "residential", "type": "apartments", "address": ""}}, {"type": "Feature", "geometry": {"type": "Point", "coordinates": [113.3233626, 23.0929533]}, "properties": {"building": "apartments", "osm_id": "way/1362888369", "name": "", "category": "residential", "category_hint": "residential", "type": "apartments", "address": ""}}, {"type": "Feature", "geometry": {"type": "Point", "coordinates": [113.323966, 23.0929533]}, "properties": {"building": "apartments", "osm_id": "way/1362888370", "name": "", "category": "residential", "category_hint": "residential", "type": "apartments", "address": ""}}, {"type": "Feature", "geometry": {"type": "Point", "coordinates": [113.3226441, 23.0926326]}, "properties": {"building": "apartments", "osm_id": "way/1362888371", "name": "", "category": "residential", "category_hint": "residential", "type": "apartments", "address": ""}}, {"type": "Feature", "geometry": {"type": "Point", "coordinates": [113.3231288, 23.092706]}, "properties": {"building": "apartments", "osm_id": "way/1362888372", "name": "", "category": "residential", "category_hint": "residential", "type": "apartments", "address": ""}}, {"type": "Feature", "geometry": {"type": "Point", "coordinates": [113.3236119, 23.0925375]}, "properties": {"building": "apartments", "osm_id": "way/1362888373", "name": "", "category": "residential", "category_hint": "residential", "type": "apartments", "address": ""}}, {"type": "Feature", "geometry": {"type": "Point", "coordinates": [113.324067, 23.092594]}, "properties": {"building": "apartments", "osm_id": "way/1362888374", "name": "", "category": "residential", "category_hint": "residential", "type": "apartments", "address": ""}}, {"type": "Feature", "geometry": {"type": "Point", "coordinates": [113.2922803, 23.105049]}, "properties": {"landuse": "residential", "name": "聚雅苑", "osm_id": "way/1363019802", "category": "residential", "category_hint": "residential", "type": "residential", "address": ""}}, {"type": "Feature", "geometry": {"type": "Point", "coordinates": [113.2992614, 23.0881131]}, "properties": {"landuse": "residential", "name": "康陶居", "osm_id": "way/1364987642", "category": "residential", "category_hint": "residential", "type": "residential", "address": ""}}, {"type": "Feature", "geometry": {"type": "Point", "coordinates": [113.3088001, 23.0903809]}, "properties": {"landuse": "residential", "name": "保利·四季和颂", "residential": "apartments", "osm_id": "way/1366663782", "category": "residential", "category_hint": "residential", "type": "residential", "address": ""}}, {"type": "Feature", "geometry": {"type": "Point", "coordinates": [113.309831, 23.0900773]}, "properties": {"landuse": "residential", "osm_id": "way/1366663784", "name": "", "category": "residential", "category_hint": "residential", "type": "residential", "address": ""}}, {"type": "Feature", "geometry": {"type": "Point", "coordinates": [113.3165829, 23.1024189]}, "properties": {"building": "residential", "osm_id": "way/1374310671", "name": "", "category": "residential", "category_hint": "residential", "type": "residential", "address": ""}}, {"type": "Feature", "geometry": {"type": "Point", "coordinates": [113.3161989, 23.1024306]}, "properties": {"building": "residential", "osm_id": "way/1374310672", "name": "", "category": "residential", "category_hint": "residential", "type": "residential", "address": ""}}, {"type": "Feature", "geometry": {"type": "Point", "coordinates": [113.3160471, 23.102127]}, "properties": {"building": "residential", "osm_id": "way/1374310673", "name": "", "category": "residential", "category_hint": "residential", "type": "residential", "address": ""}}, {"type": "Feature", "geometry": {"type": "Point", "coordinates": [113.3159327, 23.1018102]}, "properties": {"building": "residential", "osm_id": "way/1374310674", "name": "", "category": "residential", "category_hint": "residential", "type": "residential", "address": ""}}, {"type": "Feature", "geometry": {"type": "Point", "coordinates": [113.3170603, 23.1017301]}, "properties": {"building": "residential", "osm_id": "way/1374310675", "name": "", "category": "residential", "category_hint": "residential", "type": "residential", "address": ""}}, {"type": "Feature", "geometry": {"type": "Point", "coordinates": [113.3168326, 23.1017314]}, "properties": {"building": "residential", "osm_id": "way/1374310676", "name": "", "category": "residential", "category_hint": "residential", "type": "residential", "address": ""}}, {"type": "Feature", "geometry": {"type": "Point", "coordinates": [113.3166113, 23.1017314]}, "properties": {"building": "residential", "osm_id": "way/1374310677", "name": "", "category": "residential", "category_hint": "residential", "type": "residential", "address": ""}}, {"type": "Feature", "geometry": {"type": "Point", "coordinates": [113.31639, 23.1017301]}, "properties": {"building": "residential", "osm_id": "way/1374310678", "name": "", "category": "residential", "category_hint": "residential", "type": "residential", "address": ""}}, {"type": "Feature", "geometry": {"type": "Point", "coordinates": [113.3282814, 23.0932103]}, "properties": {"landuse": "residential", "name": "恒鑫·御雅庭", "residential": "apartments", "osm_id": "way/1374532766", "category": "residential", "category_hint": "residential", "type": "residential", "address": ""}}, {"type": "Feature", "geometry": {"type": "Point", "coordinates": [113.2954165, 23.0954993]}, "properties": {"building": "residential", "osm_id": "way/1375538273", "name": "", "category": "residential", "category_hint": "residential", "type": "residential", "address": ""}}, {"type": "Feature", "geometry": {"type": "Point", "coordinates": [113.2929603, 23.1045746]}, "properties": {"addr:city": "广州市", "addr:district": "海珠区", "addr:postcode": "510275", "addr:province": "广东省", "addr:street": "江怡路", "building": "residential", "name": "富江阁", "osm_id": "way/1390484816", "category": "residential", "category_hint": "residential", "type": "residential", "address": ""}}, {"type": "Feature", "geometry": {"type": "Point", "coordinates": [113.307554, 23.1038546]}, "properties": {"building": "residential", "osm_id": "way/1393423159", "name": "", "category": "residential", "category_hint": "residential", "type": "residential", "address": ""}}, {"type": "Feature", "geometry": {"type": "Point", "coordinates": [113.2928092, 23.1111421]}, "properties": {"building": "residential", "osm_id": "way/1411051735", "name": "", "category": "residential", "category_hint": "residential", "type": "residential", "address": ""}}, {"type": "Feature", "geometry": {"type": "Point", "coordinates": [113.2928976, 23.1114056]}, "properties": {"building": "residential", "osm_id": "way/1411051737", "name": "", "category": "residential", "category_hint": "residential", "type": "residential", "address": ""}}, {"type": "Feature", "geometry": {"type": "Point", "coordinates": [113.2927092, 23.1113119]}, "properties": {"building": "residential", "osm_id": "way/1411051738", "name": "", "category": "residential", "category_hint": "residential", "type": "residential", "address": ""}}, {"type": "Feature", "geometry": {"type": "Point", "coordinates": [113.2917556, 23.0735963]}, "properties": {"building": "residential", "osm_id": "way/1412007106", "name": "", "category": "residential", "category_hint": "residential", "type": "residential", "address": ""}}, {"type": "Feature", "geometry": {"type": "Point", "coordinates": [113.2914152, 23.0736033]}, "properties": {"building": "residential", "osm_id": "way/1412007107", "name": "", "category": "residential", "category_hint": "residential", "type": "residential", "address": ""}}, {"type": "Feature", "geometry": {"type": "Point", "coordinates": [113.2910731, 23.0736119]}, "properties": {"building": "residential", "osm_id": "way/1412007108", "name": "", "category": "residential", "category_hint": "residential", "type": "residential", "address": ""}}, {"type": "Feature", "geometry": {"type": "Point", "coordinates": [113.2988635, 23.1029174]}, "properties": {"building": "dormitory", "name": "162", "osm_id": "way/1415928029", "category": "residential", "category_hint": "residential", "type": "dormitory", "address": ""}}, {"type": "Feature", "geometry": {"type": "Point", "coordinates": [113.2988804, 23.1026527]}, "properties": {"building": "dormitory", "name": "161", "osm_id": "way/1415928030", "category": "residential", "category_hint": "residential", "type": "dormitory", "address": ""}}, {"type": "Feature", "geometry": {"type": "Point", "coordinates": [113.3275338, 23.103023]}, "properties": {"building": "residential", "osm_id": "way/1455025581", "name": "", "category": "residential", "category_hint": "residential", "type": "residential", "address": ""}}, {"type": "Feature", "geometry": {"type": "Point", "coordinates": [113.3265754, 23.1028519]}, "properties": {"building": "residential", "osm_id": "way/1455025582", "name": "", "category": "residential", "category_hint": "residential", "type": "residential", "address": ""}}, {"type": "Feature", "geometry": {"type": "Point", "coordinates": [113.3207085, 23.1003535]}, "properties": {"landuse": "residential", "name": "丽园雅庭", "residential": "apartments", "osm_id": "way/1458929946", "category": "residential", "category_hint": "residential", "type": "residential", "address": ""}}, {"type": "Feature", "geometry": {"type": "Point", "coordinates": [113.3209678, 23.0995674]}, "properties": {"landuse": "residential", "osm_id": "way/1459089350", "name": "", "category": "residential", "category_hint": "residential", "type": "residential", "address": ""}}, {"type": "Feature", "geometry": {"type": "Point", "coordinates": [113.3245976, 23.0978179]}, "properties": {"building": "apartments", "osm_id": "way/1459089356", "name": "", "category": "residential", "category_hint": "residential", "type": "apartments", "address": ""}}, {"type": "Feature", "geometry": {"type": "Point", "coordinates": [113.3246502, 23.0973423]}, "properties": {"building": "apartments", "osm_id": "way/1459089364", "name": "", "category": "residential", "category_hint": "residential", "type": "apartments", "address": ""}}, {"type": "Feature", "geometry": {"type": "Point", "coordinates": [113.3246506, 23.0971962]}, "properties": {"building": "apartments", "osm_id": "way/1459089365", "name": "", "category": "residential", "category_hint": "residential", "type": "apartments", "address": ""}}, {"type": "Feature", "geometry": {"type": "Point", "coordinates": [113.3246155, 23.0969313]}, "properties": {"building": "apartments", "osm_id": "way/1459089366", "name": "", "category": "residential", "category_hint": "residential", "type": "apartments", "address": ""}}, {"type": "Feature", "geometry": {"type": "Point", "coordinates": [113.3224531, 23.0975405]}, "properties": {"landuse": "residential", "name": "南方歌舞团", "residential": "apartments", "osm_id": "way/1459089372", "category": "residential", "category_hint": "residential", "type": "residential", "address": ""}}, {"type": "Feature", "geometry": {"type": "Point", "coordinates": [113.3225233, 23.0984366]}, "properties": {"landuse": "residential", "name": "赤岗路1号大院", "residential": "apartments", "osm_id": "way/1459089373", "category": "residential", "category_hint": "residential", "type": "residential", "address": ""}}, {"type": "Feature", "geometry": {"type": "Point", "coordinates": [113.3239311, 23.0921532]}, "properties": {"building": "apartments", "osm_id": "way/1459089378", "name": "", "category": "residential", "category_hint": "residential", "type": "apartments", "address": ""}}, {"type": "Feature", "geometry": {"type": "Point", "coordinates": [113.3248783, 23.0924111]}, "properties": {"building": "apartments", "osm_id": "way/1459089379", "name": "", "category": "residential", "category_hint": "residential", "type": "apartments", "address": ""}}, {"type": "Feature", "geometry": {"type": "Point", "coordinates": [113.3248374, 23.0927931]}, "properties": {"building": "apartments", "osm_id": "way/1459089380", "name": "", "category": "residential", "category_hint": "residential", "type": "apartments", "address": ""}}, {"type": "Feature", "geometry": {"type": "Point", "coordinates": [113.3232562, 23.0909767]}, "properties": {"landuse": "residential", "name": "南一街20号大院", "residential": "apartments", "osm_id": "way/1459089381", "category": "residential", "category_hint": "residential", "type": "residential", "address": ""}}, {"type": "Feature", "geometry": {"type": "Point", "coordinates": [113.3092937, 23.0992138]}, "properties": {"landuse": "residential", "name": "财智大厦", "residential": "apartments", "osm_id": "way/1464132005", "category": "residential", "category_hint": "residential", "type": "residential", "address": ""}}, {"type": "Feature", "geometry": {"type": "Point", "coordinates": [113.3083668, 23.1010512]}, "properties": {"landuse": "residential", "osm_id": "way/1464132008", "name": "", "category": "residential", "category_hint": "residential", "type": "residential", "address": ""}}, {"type": "Feature", "geometry": {"type": "Point", "coordinates": [113.3031351, 23.092435]}, "properties": {"building": "yes", "landuse": "residential", "name": "群星苑", "residential": "apartments", "osm_id": "way/1464132013", "category": "residential", "category_hint": "residential", "type": "yes", "address": ""}}, {"type": "Feature", "geometry": {"type": "Point", "coordinates": [113.2906368, 23.0729148]}, "properties": {"landuse": "residential", "name": "颐景华苑", "residential": "apartments", "osm_id": "way/1475488793", "category": "residential", "category_hint": "residential", "type": "residential", "address": ""}}, {"type": "Feature", "geometry": {"type": "Point", "coordinates": [113.334255, 23.1000285]}, "properties": {"landuse": "residential", "name": "宏阳·麗悦云居", "residential": "apartments", "osm_id": "way/1478741218", "category": "residential", "category_hint": "residential", "type": "residential", "address": ""}}, {"type": "Feature", "geometry": {"type": "Point", "coordinates": [113.3342224, 23.1004668]}, "properties": {"landuse": "residential", "name": "新港东路80号大院", "residential": "apartments", "osm_id": "way/1478741219", "category": "residential", "category_hint": "residential", "type": "residential", "address": ""}}, {"type": "Feature", "geometry": {"type": "Point", "coordinates": [113.3385934, 23.0940468]}, "properties": {"landuse": "residential", "name": "广州市水产研究所", "osm_id": "way/1486199181", "category": "residential", "category_hint": "residential", "type": "residential", "address": ""}}, {"type": "Feature", "geometry": {"type": "Point", "coordinates": [113.3182129, 23.0816343]}, "properties": {"landuse": "residential", "osm_id": "way/1486535490", "name": "", "category": "residential", "category_hint": "residential", "type": "residential", "address": ""}}, {"type": "Feature", "geometry": {"type": "Point", "coordinates": [113.3168818, 23.0820983]}, "properties": {"landuse": "residential", "osm_id": "way/1486535491", "name": "", "category": "residential", "category_hint": "residential", "type": "residential", "address": ""}}, {"type": "Feature", "geometry": {"type": "Point", "coordinates": [113.319498, 23.0830735]}, "properties": {"landuse": "residential", "osm_id": "way/1486535493", "name": "", "category": "residential", "category_hint": "residential", "type": "residential", "address": ""}}, {"type": "Feature", "geometry": {"type": "Point", "coordinates": [113.3200254, 23.0831362]}, "properties": {"landuse": "residential", "osm_id": "way/1486535494", "name": "", "category": "residential", "category_hint": "residential", "type": "residential", "address": ""}}, {"type": "Feature", "geometry": {"type": "Point", "coordinates": [113.2967235, 23.0742544]}, "properties": {"landuse": "residential", "name": "公安宿舍", "osm_id": "way/1491149682", "category": "residential", "category_hint": "residential", "type": "residential", "address": ""}}, {"type": "Feature", "geometry": {"type": "Point", "coordinates": [113.3156489, 23.0890326]}, "properties": {"landuse": "residential", "name": "珠航小区", "osm_id": "way/1491330925", "category": "residential", "category_hint": "residential", "type": "residential", "address": ""}}, {"type": "Feature", "geometry": {"type": "Point", "coordinates": [113.3272962, 23.0853228]}, "properties": {"landuse": "residential", "osm_id": "way/1493446974", "name": "", "category": "residential", "category_hint": "residential", "type": "residential", "address": ""}}, {"type": "Feature", "geometry": {"type": "Point", "coordinates": [113.3270874, 23.0849589]}, "properties": {"landuse": "residential", "osm_id": "way/1493446975", "name": "", "category": "residential", "category_hint": "residential", "type": "residential", "address": ""}}, {"type": "Feature", "geometry": {"type": "Point", "coordinates": [113.3276909, 23.0851266]}, "properties": {"landuse": "residential", "osm_id": "way/1493446976", "name": "", "category": "residential", "category_hint": "residential", "type": "residential", "address": ""}}, {"type": "Feature", "geometry": {"type": "Point", "coordinates": [113.3079029, 23.0731438]}, "properties": {"landuse": "residential", "osm_id": "way/1494408286", "name": "", "category": "residential", "category_hint": "residential", "type": "residential", "address": ""}}, {"type": "Feature", "geometry": {"type": "Point", "coordinates": [113.3239588, 23.085211]}, "properties": {"landuse": "residential", "name": "聚德花苑109-111号小区", "osm_id": "way/1495914437", "category": "residential", "category_hint": "residential", "type": "residential", "address": ""}}, {"type": "Feature", "geometry": {"type": "Point", "coordinates": [113.2949639, 23.102733]}, "properties": {"amenity": "restaurant", "cuisine": "coffee_shop", "name": "名典咖啡语茶", "name:en": "Ming Time Coffee Languahe", "name:zh": "名典咖啡语茶", "osm_id": "node/1281196802", "category": "office", "category_hint": "office", "type": "restaurant", "address": ""}}, {"type": "Feature", "geometry": {"type": "Point", "coordinates": [113.3095348, 23.1027242]}, "properties": {"amenity": "bank", "atm": "yes", "name": "广州银行", "osm_id": "node/3036646133", "category": "office", "category_hint": "office", "type": "bank", "address": ""}}, {"type": "Feature", "geometry": {"type": "Point", "coordinates": [113.2947005, 23.0972853]}, "properties": {"amenity": "clinic", "healthcare": "clinic", "name": "中大心理咨询中心", "name:zh": "中大心理咨询中心", "osm_id": "node/3066787081", "category": "office", "category_hint": "office", "type": "clinic", "address": ""}}, {"type": "Feature", "geometry": {"type": "Point", "coordinates": [113.3289352, 23.098203]}, "properties": {"amenity": "bank", "atm": "yes", "brand": "中国银行", "brand:en": "Bank of China", "brand:wikidata": "Q790068", "brand:wikipedia": "en:Bank of China", "brand:zh": "中国银行", "name": "中国银行", "name:en": "Bank of China", "name:zh": "中国银行", "official_name": "Bank of China", "osm_id": "node/4142148987", "category": "office", "category_hint": "office", "type": "bank", "address": ""}}, {"type": "Feature", "geometry": {"type": "Point", "coordinates": [113.3037886, 23.110747]}, "properties": {"name": "广州市政协", "name:en": "Chinese People's Political Consultative Conference Guangzhou Committee", "name:zh": "广州市政协", "office": "political_party", "official_name": "中国人民政治协商会议广州市委员会", "wikipedia": "zh:中国人民政治协商会议广州市委员会", "osm_id": "node/5100814590", "category": "office", "category_hint": "office", "type": "political_party", "address": ""}}, {"type": "Feature", "geometry": {"type": "Point", "coordinates": [113.3041525, 23.1105094]}, "properties": {"amenity": "restaurant", "name": "陶苑酒家", "name:zh": "陶苑酒家", "osm_id": "node/5100814591", "category": "office", "category_hint": "office", "type": "restaurant", "address": ""}}, {"type": "Feature", "geometry": {"type": "Point", "coordinates": [113.2990564, 23.1103865]}, "properties": {"addr:city": "广州市 Guangzhou", "addr:district": "二沙岛", "addr:housenumber": "1", "addr:street": "海山街", "name": "广州交响乐团", "name:en": "Guangzhou Symphony Orchestra", "name:zh": "广州交响乐团", "office": "yes", "osm_id": "node/5110330198", "category": "office", "category_hint": "office", "type": "yes", "address": ""}}, {"type": "Feature", "geometry": {"type": "Point", "coordinates": [113.3373498, 23.100737]}, "properties": {"amenity": "bank", "atm": "yes", "brand": "中国农业银行", "brand:en": "Agricultural Bank of China", "brand:wikidata": "Q26298", "brand:wikipedia": "en:Agricultural Bank of China", "brand:zh": "中国农业银行", "name": "中国农业银行", "name:en": "Agricultural Bank of China", "name:zh": "中国农业银行", "osm_id": "node/5148677378", "category": "office", "category_hint": "office", "type": "bank", "address": ""}}, {"type": "Feature", "geometry": {"type": "Point", "coordinates": [113.3317346, 23.1001296]}, "properties": {"amenity": "bank", "brand": "中国农业银行", "brand:en": "Agricultural Bank of China", "brand:wikidata": "Q26298", "brand:zh": "中国农业银行", "name": "中国农业银行", "name:en": "Agricultural Bank of China", "name:zh": "中国农业银行", "osm_id": "node/5148679763", "category": "office", "category_hint": "office", "type": "bank", "address": ""}}, {"type": "Feature", "geometry": {"type": "Point", "coordinates": [113.3321631, 23.1005448]}, "properties": {"amenity": "restaurant", "cuisine": "chinese", "name": "同湘会", "osm_id": "node/5148679767", "category": "office", "category_hint": "office", "type": "restaurant", "address": ""}}, {"type": "Feature", "geometry": {"type": "Point", "coordinates": [113.3011344, 23.1016342]}, "properties": {"amenity": "restaurant", "name": "地下饭堂", "name:zh": "地下饭堂", "osm_id": "node/5230316201", "category": "office", "category_hint": "office", "type": "restaurant", "address": ""}}, {"type": "Feature", "geometry": {"type": "Point", "coordinates": [113.3009337, 23.1013121]}, "properties": {"amenity": "restaurant", "name": "第二饭堂", "name:zh": "第二饭堂", "osm_id": "node/5230316202", "category": "office", "category_hint": "office", "type": "restaurant", "address": ""}}, {"type": "Feature", "geometry": {"type": "Point", "coordinates": [113.3008538, 23.1016353]}, "properties": {"amenity": "restaurant", "name": "新疆饭堂", "name:zh": "新疆饭堂", "osm_id": "node/5230316203", "category": "office", "category_hint": "office", "type": "restaurant", "address": ""}}, {"type": "Feature", "geometry": {"type": "Point", "coordinates": [113.3009314, 23.1009532]}, "properties": {"amenity": "restaurant", "name": "第一饭堂", "name:zh": "第一饭堂", "osm_id": "node/5230316204", "category": "office", "category_hint": "office", "type": "restaurant", "address": ""}}, {"type": "Feature", "geometry": {"type": "Point", "coordinates": [113.30092, 23.101161]}, "properties": {"amenity": "restaurant", "name": "教师饭堂", "name:zh": "教师饭堂", "osm_id": "node/5230316205", "category": "office", "category_hint": "office", "type": "restaurant", "address": ""}}, {"type": "Feature", "geometry": {"type": "Point", "coordinates": [113.3170379, 23.0981446]}, "properties": {"brand": "7-Eleven", "brand:wikidata": "Q259340", "level": "1", "name": "7-Eleven", "outdoor_seating": "no", "shop": "convenience", "osm_id": "node/5257028506", "category": "office", "category_hint": "office", "type": "convenience", "address": ""}}, {"type": "Feature", "geometry": {"type": "Point", "coordinates": [113.2998335, 23.1102851]}, "properties": {"amenity": "cafe", "brand": "星巴克", "brand:en": "Starbucks", "brand:wikidata": "Q37158", "brand:wikipedia": "en:Starbucks", "brand:zh": "星巴克", "cuisine": "coffee_shop", "name": "星巴克", "name:en": "Starbucks", "name:zh": "星巴克", "official_name": "Starbucks Coffee", "takeaway": "yes", "osm_id": "node/5259895566", "category": "office", "category_hint": "office", "type": "cafe", "address": ""}}, {"type": "Feature", "geometry": {"type": "Point", "coordinates": [113.3348283, 23.1008904]}, "properties": {"government": "register_office", "name": "琶洲街道办事处", "office": "government", "osm_id": "node/5813935934", "category": "office", "category_hint": "office", "type": "government", "address": ""}}, {"type": "Feature", "geometry": {"type": "Point", "coordinates": [113.3154714, 23.097895]}, "properties": {"amenity": "cafe", "brand": "星巴克", "brand:en": "Starbucks", "brand:wikidata": "Q37158", "brand:wikipedia": "zh:星巴克", "brand:zh": "星巴克", "cuisine": "coffee_shop", "internet_access": "wlan", "internet_access:fee": "no", "internet_access:ssid": "STARBUCKS", "level": "1;2", "name": "星巴克", "name:en": "Starbucks", "name:zh": "星巴克", "official_name": "Starbucks Coffee", "outdoor_seating": "yes", "smoking": "outside", "takeaway": "yes", "osm_id": "node/5814559587", "category": "office", "category_hint": "office", "type": "cafe", "address": ""}}, {"type": "Feature", "geometry": {"type": "Point", "coordinates": [113.3018964, 23.0959266]}, "properties": {"brand": "美宜佳", "brand:en": "Meiyijia", "brand:wikidata": "Q55719551", "brand:wikipedia": "zh:美宜佳", "brand:zh": "美宜佳", "name": "美宜佳", "name:en": "Meiyijia", "name:zh": "美宜佳", "shop": "convenience", "osm_id": "node/5832003362", "category": "office", "category_hint": "office", "type": "convenience", "address": ""}}, {"type": "Feature", "geometry": {"type": "Point", "coordinates": [113.336815, 23.1005004]}, "properties": {"air_conditioning": "yes", "brand": "全家", "brand:en": "FamilyMart", "brand:wikidata": "Q11247682", "brand:wikipedia": "zh:FamilyMart", "brand:zh": "全家", "name": "全家", "name:en": "FamilyMart", "name:zh": "全家", "opening_hours": "24/7", "payment:alipay": "yes", "payment:cash": "yes", "payment:credit_cards": "yes", "payment:wechat": "yes", "shop": "convenience", "toilets": "no", "osm_id": "node/6357958102", "category": "office", "category_hint": "office", "type": "convenience", "address": ""}}, {"type": "Feature", "geometry": {"type": "Point", "coordinates": [113.3368148, 23.1007211]}, "properties": {"addr:city": "广州市", "addr:district": "海珠区", "addr:housenumber": "148号 03-04 铺", "addr:province": "广东省", "addr:street": "新港东路", "air_conditioning": "yes", "amenity": "cafe", "bar": "no", "branch": "广州磨碟沙店", "brand": "星巴克", "brand:en": "Starbucks", "brand:wikidata": "Q37158", "brand:wikipedia": "en:Starbucks", "brand:zh": "星巴克", "cuisine": "coffee_shop", "delivery": "yes", "internet_access": "wlan", "internet_access:fee": "no", "level": "0", "name": "星巴克", "name:en": "Starbucks", "name:zh": "星巴克", "official_name": "Starbucks Coffee", "opening_hours": "Mo-Fr 07:00-20:00; Sa-Su 07:00-17:30", "outdoor_seating": "yes", "smoking": "no", "takeaway": "yes", "toilets": "no", "website": "https://www.starbucks.com.cn/", "website:menu": "https://www.starbucks.com.cn/menu/", "osm_id": "node/6357958103", "category": "office", "category_hint": "office", "type": "cafe", "address": ""}}, {"type": "Feature", "geometry": {"type": "Point", "coordinates": [113.3238405, 23.0992384]}, "properties": {"brand": "7-Eleven", "brand:wikidata": "Q259340", "brand:wikipedia": "en:7-Eleven", "name": "7-Eleven", "shop": "convenience", "osm_id": "node/6357999338", "category": "office", "category_hint": "office", "type": "convenience", "address": ""}}, {"type": "Feature", "geometry": {"type": "Point", "coordinates": [113.3221055, 23.1027919]}, "properties": {"amenity": "cafe", "brand": "星巴克", "brand:en": "Starbucks", "brand:wikidata": "Q37158", "brand:wikipedia": "zh:星巴克", "brand:zh": "星巴克", "cuisine": "coffee_shop", "name": "星巴克", "name:en": "Starbucks", "name:zh": "星巴克", "official_name": "Starbucks Coffee", "opening_hours": "Mo-Su,PH 06:45-22:00", "takeaway": "yes", "osm_id": "node/6358011138", "category": "office", "category_hint": "office", "type": "cafe", "address": ""}}, {"type": "Feature", "geometry": {"type": "Point", "coordinates": [113.3045278, 23.1051925]}, "properties": {"amenity": "bank", "brand": "东亚银行", "brand:en": "Bank of East Asia", "brand:wikidata": "Q806679", "brand:zh": "东亚银行", "name": "东亚银行", "name:en": "Bank of East Asia", "name:zh": "东亚银行", "osm_id": "node/6512472060", "category": "office", "category_hint": "office", "type": "bank", "address": ""}}, {"type": "Feature", "geometry": {"type": "Point", "coordinates": [113.3108687, 23.1036087]}, "properties": {"government": "tax", "office": "government", "osm_id": "node/6566235361", "name": "", "category": "office", "category_hint": "office", "type": "government", "address": ""}}, {"type": "Feature", "geometry": {"type": "Point", "coordinates": [113.3096141, 23.1009567]}, "properties": {"amenity": "restaurant", "cuisine": "seafood", "name": "东江海鲜酒家", "osm_id": "node/6566242679", "category": "office", "category_hint": "office", "type": "restaurant", "address": ""}}, {"type": "Feature", "geometry": {"type": "Point", "coordinates": [113.2926116, 23.0930925]}, "properties": {"name": "钱大妈", "shop": "butcher", "osm_id": "node/6566299375", "category": "office", "category_hint": "office", "type": "butcher", "address": ""}}, {"type": "Feature", "geometry": {"type": "Point", "coordinates": [113.2927137, 23.0930955]}, "properties": {"name": "世与季", "shop": "convenience", "osm_id": "node/6566299377", "category": "office", "category_hint": "office", "type": "convenience", "address": ""}}, {"type": "Feature", "geometry": {"type": "Point", "coordinates": [113.2917081, 23.0932136]}, "properties": {"name": "小霞包点", "shop": "bakery", "osm_id": "node/6566299380", "category": "office", "category_hint": "office", "type": "bakery", "address": ""}}, {"type": "Feature", "geometry": {"type": "Point", "coordinates": [113.2917942, 23.093215]}, "properties": {"name": "千麦贝", "shop": "bakery", "osm_id": "node/6566299381", "category": "office", "category_hint": "office", "type": "bakery", "address": ""}}, {"type": "Feature", "geometry": {"type": "Point", "coordinates": [113.291964, 23.0932183]}, "properties": {"name": "周黑鸭", "shop": "food", "osm_id": "node/6566299382", "category": "office", "category_hint": "office", "type": "food", "address": ""}}, {"type": "Feature", "geometry": {"type": "Point", "coordinates": [113.2922165, 23.0930118]}, "properties": {"name": "发之社", "shop": "hairdresser", "osm_id": "node/6566299383", "category": "office", "category_hint": "office", "type": "hairdresser", "address": ""}}, {"type": "Feature", "geometry": {"type": "Point", "coordinates": [113.2917651, 23.0932142]}, "properties": {"name": "十香烟酒", "shop": "alcohol", "osm_id": "node/6566299384", "category": "office", "category_hint": "office", "type": "alcohol", "address": ""}}, {"type": "Feature", "geometry": {"type": "Point", "coordinates": [113.3340664, 23.1049006]}, "properties": {"name": "中国移动广州分公司", "office": "telecommunication", "osm_id": "node/6570316306", "category": "office", "category_hint": "office", "type": "telecommunication", "address": ""}}, {"type": "Feature", "geometry": {"type": "Point", "coordinates": [113.2917441, 23.0932139]}, "properties": {"brand": "链家", "brand:en": "Lianjia", "brand:wikidata": "Q24836804", "brand:wikipedia": "en:Lianjia", "brand:zh": "链家", "name": "链家", "name:en": "Lianjia", "name:zh": "链家", "office": "estate_agent", "osm_id": "node/6584464189", "category": "office", "category_hint": "office", "type": "estate_agent", "address": ""}}, {"type": "Feature", "geometry": {"type": "Point", "coordinates": [113.2918402, 23.0932163]}, "properties": {"name": "芝优妮", "shop": "bakery", "osm_id": "node/6584464190", "category": "office", "category_hint": "office", "type": "bakery", "address": ""}}, {"type": "Feature", "geometry": {"type": "Point", "coordinates": [113.2918901, 23.093217]}, "properties": {"name": "广东金叶", "shop": "tobacco", "osm_id": "node/6584464191", "category": "office", "category_hint": "office", "type": "tobacco", "address": ""}}, {"type": "Feature", "geometry": {"type": "Point", "coordinates": [113.2919258, 23.0932178]}, "properties": {"name": "黄振龙", "shop": "beverages", "osm_id": "node/6584464192", "category": "office", "category_hint": "office", "type": "beverages", "address": ""}}, {"type": "Feature", "geometry": {"type": "Point", "coordinates": [113.2920069, 23.0932193]}, "properties": {"branch": "红段子专营店", "brand": "中国移动", "brand:en": "China Mobile", "brand:wikidata": "Q741618", "brand:wikipedia": "zh:中国移动", "brand:zh": "中国移动", "name": "中国移动", "name:en": "China Mobile", "name:zh": "中国移动", "office": "telecommunication", "shop": "mobile_phone", "osm_id": "node/6584464193", "category": "office", "category_hint": "office", "type": "mobile_phone", "address": ""}}, {"type": "Feature", "geometry": {"type": "Point", "coordinates": [113.2920437, 23.0932188]}, "properties": {"amenity": "restaurant", "name": "阿婆牛杂", "osm_id": "node/6584464194", "category": "office", "category_hint": "office", "type": "restaurant", "address": ""}}, {"type": "Feature", "geometry": {"type": "Point", "coordinates": [113.2920994, 23.0932192]}, "properties": {"addr:city": "广州市", "addr:district": "海珠区", "addr:housenumber": "142号-2D", "addr:province": "广东省", "addr:street": "新港西路", "name": "东纺服装人才网", "shop": "yes", "osm_id": "node/6584464196", "category": "office", "category_hint": "office", "type": "yes", "address": ""}}, {"type": "Feature", "geometry": {"type": "Point", "coordinates": [113.2921495, 23.0932186]}, "properties": {"name": "裕丰地产", "office": "estate_agent", "osm_id": "node/6584464197", "category": "office", "category_hint": "office", "type": "estate_agent", "address": ""}}, {"type": "Feature", "geometry": {"type": "Point", "coordinates": [113.2922166, 23.0930283]}, "properties": {"name": "金屋时装书店", "shop": "yes", "osm_id": "node/6584464200", "category": "office", "category_hint": "office", "type": "yes", "address": ""}}, {"type": "Feature", "geometry": {"type": "Point", "coordinates": [113.3225383, 23.1143301]}, "properties": {"amenity": "restaurant", "name": "海心沙2号", "osm_id": "node/6612632861", "category": "office", "category_hint": "office", "type": "restaurant", "address": ""}}, {"type": "Feature", "geometry": {"type": "Point", "coordinates": [113.3299884, 23.0983423]}, "properties": {"brand": "全家", "brand:en": "FamilyMart", "brand:wikidata": "Q11247682", "brand:wikipedia": "en:FamilyMart", "brand:zh": "全家", "name": "全家", "name:en": "FamilyMart", "name:zh": "全家", "shop": "convenience", "osm_id": "node/6702841794", "category": "office", "category_hint": "office", "type": "convenience", "address": ""}}, {"type": "Feature", "geometry": {"type": "Point", "coordinates": [113.3147104, 23.0812246]}, "properties": {"name": "广俊二手车", "shop": "car", "osm_id": "node/7001804981", "category": "office", "category_hint": "office", "type": "car", "address": ""}}, {"type": "Feature", "geometry": {"type": "Point", "coordinates": [113.3127251, 23.0800308]}, "properties": {"brand": "7-Eleven", "brand:wikidata": "Q259340", "name": "7-Eleven", "shop": "convenience", "osm_id": "node/7001823116", "category": "office", "category_hint": "office", "type": "convenience", "address": ""}}, {"type": "Feature", "geometry": {"type": "Point", "coordinates": [113.3009404, 23.112689]}, "properties": {"amenity": "restaurant", "name": "玫瑰园西餐厅", "osm_id": "node/7997338208", "category": "office", "category_hint": "office", "type": "restaurant", "address": ""}}, {"type": "Feature", "geometry": {"type": "Point", "coordinates": [113.3031124, 23.1027927]}, "properties": {"amenity": "restaurant", "cuisine": "chinese", "name": "凤厨", "osm_id": "node/8767749757", "category": "office", "category_hint": "office", "type": "restaurant", "address": ""}}, {"type": "Feature", "geometry": {"type": "Point", "coordinates": [113.3332336, 23.1102774]}, "properties": {"shop": "convenience", "osm_id": "node/9064324416", "name": "", "category": "office", "category_hint": "office", "type": "convenience", "address": ""}}, {"type": "Feature", "geometry": {"type": "Point", "coordinates": [113.3084429, 23.0860631]}, "properties": {"amenity": "cafe", "brand": "奈雪的茶", "brand:en": "NaiSnow", "brand:wikidata": "Q107351710", "brand:wikipedia": "zh:奈雪的茶", "brand:zh": "奈雪的茶", "cuisine": "bubble_tea", "name": "奈雪的茶", "name:en": "NaiSnow", "name:zh": "奈雪的茶", "takeaway": "yes", "osm_id": "node/9351933724", "category": "office", "category_hint": "office", "type": "cafe", "address": ""}}, {"type": "Feature", "geometry": {"type": "Point", "coordinates": [113.3073036, 23.0856835]}, "properties": {"amenity": "restaurant", "brand": "必胜客", "brand:en": "Pizza Hut", "brand:wikidata": "Q191615", "brand:wikipedia": "zh:必胜客", "brand:zh": "必胜客", "cuisine": "pizza", "indoor_seating": "yes", "name": "必胜客", "name:en": "Pizza Hut", "name:zh": "必胜客", "outdoor_seating": "no", "osm_id": "node/9351933725", "category": "office", "category_hint": "office", "type": "restaurant", "address": ""}}, {"type": "Feature", "geometry": {"type": "Point", "coordinates": [113.3079675, 23.0861738]}, "properties": {"brand": "面包新语", "brand:en": "BreadTalk", "brand:wikidata": "Q1106640", "brand:wikipedia": "zh:面包新语", "brand:zh": "面包新语", "name": "面包新语", "name:en": "BreadTalk", "name:zh": "面包新语", "shop": "bakery", "osm_id": "node/9351933726", "category": "office", "category_hint": "office", "type": "bakery", "address": ""}}, {"type": "Feature", "geometry": {"type": "Point", "coordinates": [113.3080931, 23.085784]}, "properties": {"amenity": "cafe", "brand": "喜茶", "brand:en": "Heytea", "brand:wikidata": "Q60875376", "brand:wikipedia": "zh:喜茶", "brand:zh": "喜茶", "cuisine": "bubble_tea", "name": "喜茶", "name:en": "Heytea", "name:zh": "喜茶", "takeaway": "yes", "osm_id": "node/9351933727", "category": "office", "category_hint": "office", "type": "cafe", "address": ""}}, {"type": "Feature", "geometry": {"type": "Point", "coordinates": [113.307521, 23.0858099]}, "properties": {"brand": "名创优品", "brand:en": "Miniso", "brand:wikidata": "Q20732498", "brand:wikipedia": "zh:名創優品", "brand:zh": "名创优品", "name": "名创优品", "name:en": "Miniso", "name:zh": "名创优品", "shop": "variety_store", "osm_id": "node/9351933728", "category": "office", "category_hint": "office", "type": "variety_store", "address": ""}}, {"type": "Feature", "geometry": {"type": "Point", "coordinates": [113.3081007, 23.0878064]}, "properties": {"amenity": "cafe", "brand": "星巴克", "brand:en": "Starbucks", "brand:wikidata": "Q37158", "brand:wikipedia": "zh:星巴克", "brand:zh": "星巴克", "cuisine": "coffee_shop", "name": "星巴克", "name:en": "Starbucks", "name:zh": "星巴克", "takeaway": "yes", "osm_id": "node/9351933730", "category": "office", "category_hint": "office", "type": "cafe", "address": ""}}, {"type": "Feature", "geometry": {"type": "Point", "coordinates": [113.3093778, 23.088422]}, "properties": {"amenity": "bank", "brand": "华夏银行", "brand:en": "Huaxia Bank", "brand:wikidata": "Q1595443", "brand:wikipedia": "en:Huaxia Bank", "brand:zh": "华夏银行", "name": "华夏银行", "name:en": "Huaxia Bank", "name:zh": "华夏银行", "osm_id": "node/9351933731", "category": "office", "category_hint": "office", "type": "bank", "address": ""}}, {"type": "Feature", "geometry": {"type": "Point", "coordinates": [113.3081128, 23.0873213]}, "properties": {"brand": "名创优品", "brand:en": "Miniso", "brand:wikidata": "Q20732498", "brand:wikipedia": "zh:名創優品", "brand:zh": "名创优品", "name": "名创优品", "name:en": "Miniso", "name:zh": "名创优品", "shop": "variety_store", "osm_id": "node/9351933733", "category": "office", "category_hint": "office", "type": "variety_store", "address": ""}}, {"type": "Feature", "geometry": {"type": "Point", "coordinates": [113.3095919, 23.0884328]}, "properties": {"brand": "全家", "brand:en": "FamilyMart", "brand:wikidata": "Q11247682", "brand:wikipedia": "zh:FamilyMart", "brand:zh": "全家", "name": "全家", "name:en": "FamilyMart", "name:zh": "全家", "shop": "convenience", "osm_id": "node/9407191510", "category": "office", "category_hint": "office", "type": "convenience", "address": ""}}, {"type": "Feature", "geometry": {"type": "Point", "coordinates": [113.3072138, 23.0860049]}, "properties": {"brand": "小米", "brand:en": "Xiaomi", "brand:wikidata": "Q1636958", "brand:wikipedia": "zh:小米集團", "brand:zh": "小米", "name": "小米之家", "name:en": "Mi", "name:zh": "小米之家", "shop": "mobile_phone", "osm_id": "node/9407191512", "category": "office", "category_hint": "office", "type": "mobile_phone", "address": ""}}, {"type": "Feature", "geometry": {"type": "Point", "coordinates": [113.3090277, 23.0860259]}, "properties": {"amenity": "restaurant", "brand": "海底捞火锅", "brand:en": "Haidilao Hot Pot", "brand:wikidata": "Q5638920", "brand:wikipedia": "zh:海底捞", "brand:zh": "海底捞火锅", "brand:zh-Hans": "海底捞火锅", "brand:zh-Hant": "海底撈火鍋", "cuisine": "chinese;hot_pot", "name": "海底捞火锅", "name:en": "Haidilao Hot Pot", "name:zh": "海底捞火锅", "name:zh-Hans": "海底捞火锅", "name:zh-Hant": "海底撈火鍋", "osm_id": "node/9407191513", "category": "office", "category_hint": "office", "type": "restaurant", "address": ""}}, {"type": "Feature", "geometry": {"type": "Point", "coordinates": [113.3090316, 23.0861285]}, "properties": {"brand": "悦刻", "brand:en": "RELX", "brand:wikidata": "Q108167468", "brand:zh": "悦刻", "name": "悦刻", "name:en": "RELX", "name:zh": "悦刻", "shop": "e-cigarette", "osm_id": "node/9407191514", "category": "office", "category_hint": "office", "type": "e-cigarette", "address": ""}}, {"type": "Feature", "geometry": {"type": "Point", "coordinates": [113.3077597, 23.0858529]}, "properties": {"brand": "海澜之家", "brand:en": "HLA", "brand:wikidata": "Q5699411", "brand:wikipedia": "zh:海澜之家", "brand:zh": "海澜之家", "name": "海澜之家", "name:en": "HLA", "name:zh": "海澜之家", "shop": "clothes", "osm_id": "node/9407191516", "category": "office", "category_hint": "office", "type": "clothes", "address": ""}}, {"type": "Feature", "geometry": {"type": "Point", "coordinates": [113.3087429, 23.0859999]}, "properties": {"brand": "李宁", "brand:en": "Li-Ning", "brand:wikidata": "Q1272525", "brand:wikipedia": "en:Li-Ning", "brand:zh": "李宁", "name": "李宁", "name:en": "Li-Ning", "name:zh": "李宁", "shop": "clothes", "osm_id": "node/9407196417", "category": "office", "category_hint": "office", "type": "clothes", "address": ""}}, {"type": "Feature", "geometry": {"type": "Point", "coordinates": [113.3076789, 23.0859887]}, "properties": {"amenity": "cafe", "brand": "瑞幸咖啡", "brand:en": "Luckin Coffee", "brand:wikidata": "Q56811344", "brand:wikipedia": "zh:瑞幸咖啡", "brand:zh": "瑞幸咖啡", "cuisine": "coffee_shop", "indoor_seating": "yes", "name": "瑞幸咖啡", "name:en": "Luckin Coffee", "name:zh": "瑞幸咖啡", "outdoor_seating": "no", "takeaway": "yes", "osm_id": "node/9407196418", "category": "office", "category_hint": "office", "type": "cafe", "address": ""}}, {"type": "Feature", "geometry": {"type": "Point", "coordinates": [113.3078262, 23.0860377]}, "properties": {"amenity": "restaurant", "brand": "味千拉面", "brand:en": "Ajisen Ramen", "brand:ja": "味千ラーメン", "brand:wikidata": "Q4699761", "brand:wikipedia": "zh:味千拉麵", "brand:zh": "味千拉面", "brand:zn": "味千拉面", "cuisine": "ramen", "name": "味千拉面", "name:en": "Ajisen Ramen", "name:ja": "味千ラーメン", "name:zh": "味千拉面", "osm_id": "node/9407196419", "category": "office", "category_hint": "office", "type": "restaurant", "address": ""}}, {"type": "Feature", "geometry": {"type": "Point", "coordinates": [113.3087972, 23.0884071]}, "properties": {"amenity": "bank", "brand": "招商银行", "brand:en": "China Merchants Bank", "brand:wikidata": "Q1073327", "brand:wikipedia": "en:China Merchants Bank", "brand:zh": "招商银行", "name": "招商银行", "name:en": "China Merchants Bank", "name:zh": "招商银行", "osm_id": "node/9407196421", "category": "office", "category_hint": "office", "type": "bank", "address": ""}}, {"type": "Feature", "geometry": {"type": "Point", "coordinates": [113.3080802, 23.0883735]}, "properties": {"name": "喜市多", "shop": "convenience", "osm_id": "node/9407196422", "category": "office", "category_hint": "office", "type": "convenience", "address": ""}}, {"type": "Feature", "geometry": {"type": "Point", "coordinates": [113.3057515, 23.0882877]}, "properties": {"brand": "美宜佳", "brand:en": "Meiyijia", "brand:wikidata": "Q55719551", "brand:wikipedia": "zh:美宜佳", "brand:zh": "美宜佳", "name": "美宜佳", "name:en": "Meiyijia", "name:zh": "美宜佳", "shop": "convenience", "osm_id": "node/9407196423", "category": "office", "category_hint": "office", "type": "convenience", "address": ""}}, {"type": "Feature", "geometry": {"type": "Point", "coordinates": [113.3017905, 23.0900726]}, "properties": {"amenity": "cafe", "brand": "蜜雪冰城", "brand:en": "Mixue Ice Cream & Tea", "brand:wikidata": "Q107406476", "brand:zh": "蜜雪冰城", "brand:zh-Latn-pinyin": "Mìxuě Bīngchéng", "cuisine": "ice_cream;bubble_tea", "name": "蜜雪冰城", "name:en": "Mixue Ice Cream & Tea", "name:zh": "蜜雪冰城", "name:zh-Latn-pinyin": "Mìxuě Bīngchéng", "takeaway": "yes", "osm_id": "node/9407196424", "category": "office", "category_hint": "office", "type": "cafe", "address": ""}}, {"type": "Feature", "geometry": {"type": "Point", "coordinates": [113.3220642, 23.0999526]}, "properties": {"amenity": "cafe", "brand": "大益茶", "brand:en": "TAETEA", "brand:wikidata": "Q114865249", "brand:zh": "大益茶", "cuisine": "tea", "name": "大益茶", "name:en": "TAETEA", "name:zh": "大益茶", "shop": "tea", "takeaway": "yes", "osm_id": "node/9412591519", "category": "office", "category_hint": "office", "type": "cafe", "address": ""}}, {"type": "Feature", "geometry": {"type": "Point", "coordinates": [113.3220772, 23.0997302]}, "properties": {"amenity": "bank", "brand": "招商银行", "brand:en": "China Merchants Bank", "brand:wikidata": "Q1073327", "brand:wikipedia": "en:China Merchants Bank", "brand:zh": "招商银行", "name": "招商银行", "name:en": "China Merchants Bank", "name:zh": "招商银行", "osm_id": "node/9412591520", "category": "office", "category_hint": "office", "type": "bank", "address": ""}}, {"type": "Feature", "geometry": {"type": "Point", "coordinates": [113.3220357, 23.1008951]}, "properties": {"brand": "全家", "brand:en": "FamilyMart", "brand:wikidata": "Q11247682", "brand:wikipedia": "zh:FamilyMart", "brand:zh": "全家", "name": "全家", "name:en": "FamilyMart", "name:zh": "全家", "opening_hours": "24/7", "shop": "convenience", "osm_id": "node/9424259992", "category": "office", "category_hint": "office", "type": "convenience", "address": ""}}, {"type": "Feature", "geometry": {"type": "Point", "coordinates": [113.3220338, 23.1015681]}, "properties": {"amenity": "bank", "brand": "中国建设银行", "brand:en": "China Construction Bank", "brand:wikidata": "Q26299", "brand:wikipedia": "en:China Construction Bank", "brand:zh": "中国建设银行", "name": "中国建设银行", "name:en": "China Construction Bank", "name:zh": "中国建设银行", "osm_id": "node/9446261243", "category": "office", "category_hint": "office", "type": "bank", "address": ""}}, {"type": "Feature", "geometry": {"type": "Point", "coordinates": [113.3221484, 23.1015024]}, "properties": {"addr:housenumber": "70", "addr:street": "赤岗北路", "amenity": "restaurant", "cuisine": "dim_sum;cantonese", "name": "广州鸿景茗点酒楼", "name:yue-Hant": "廣州鴻景茗點酒樓", "phone": "89639960", "osm_id": "node/9446274690", "category": "office", "category_hint": "office", "type": "restaurant", "address": ""}}, {"type": "Feature", "geometry": {"type": "Point", "coordinates": [113.2941406, 23.0958396]}, "properties": {"name": "广东省数学学会", "name:en": "Guangdong Province Mathematical Society", "name:zh": "广东省数学学会", "office": "association", "osm_id": "node/10166452975", "category": "office", "category_hint": "office", "type": "association", "address": ""}}, {"type": "Feature", "geometry": {"type": "Point", "coordinates": [113.2941875, 23.0958409]}, "properties": {"name": "广东省计算数学学会", "name:zh": "广东省计算数学学会", "office": "association", "osm_id": "node/10166452976", "category": "office", "category_hint": "office", "type": "association", "address": ""}}, {"type": "Feature", "geometry": {"type": "Point", "coordinates": [113.2941701, 23.0958076]}, "properties": {"name": "广东省工业与应用数学学会", "name:zh": "广东省工业与应用数学学会", "office": "association", "osm_id": "node/10166452977", "category": "office", "category_hint": "office", "type": "association", "address": ""}}, {"type": "Feature", "geometry": {"type": "Point", "coordinates": [113.2942076, 23.0958137]}, "properties": {"name": "广东省高性能计算学会", "name:zh": "广东省高性能计算学会", "office": "association", "osm_id": "node/10166452978", "category": "office", "category_hint": "office", "type": "association", "address": ""}}, {"type": "Feature", "geometry": {"type": "Point", "coordinates": [113.2926415, 23.0957687]}, "properties": {"name": "广东省物理学会", "name:en": "Guangdong Physics Society", "name:zh": "广东省物理学会", "office": "association", "website": "https://spe.sysu.edu.cn/gdphyss/index.htm", "osm_id": "node/10166452979", "category": "office", "category_hint": "office", "type": "association", "address": ""}}, {"type": "Feature", "geometry": {"type": "Point", "coordinates": [113.2978939, 23.1011185]}, "properties": {"name": "顺客隆", "name:zh": "顺客隆", "shop": "supermarket", "osm_id": "node/10169257122", "category": "office", "category_hint": "office", "type": "supermarket", "address": ""}}, {"type": "Feature", "geometry": {"type": "Point", "coordinates": [113.3036475, 23.0992508]}, "properties": {"amenity": "clinic", "healthcare": "clinic", "name": "海珠校医室", "osm_id": "node/10171562306", "category": "office", "category_hint": "office", "type": "clinic", "address": ""}}, {"type": "Feature", "geometry": {"type": "Point", "coordinates": [113.3195057, 23.0813798]}, "properties": {"name": "广俊二手车(二场)", "shop": "car", "osm_id": "node/10617642173", "category": "office", "category_hint": "office", "type": "car", "address": ""}}, {"type": "Feature", "geometry": {"type": "Point", "coordinates": [113.3226375, 23.0812767]}, "properties": {"name": "广俊二手车(三场)", "shop": "car", "osm_id": "node/10617642174", "category": "office", "category_hint": "office", "type": "car", "address": ""}}, {"type": "Feature", "geometry": {"type": "Point", "coordinates": [113.3251911, 23.1048022]}, "properties": {"brand": "罗森", "brand:en": "Lawson", "brand:wikidata": "Q1557223", "brand:zh": "罗森", "brand:zh-Hans": "罗森", "brand:zh-Hant": "羅森", "name": "罗森", "name:en": "Lawson", "name:zh": "罗森", "name:zh-Hans": "罗森", "name:zh-Hant": "羅森", "operator": "罗森（中国）投资有限公司", "shop": "convenience", "osm_id": "node/10656579394", "category": "office", "category_hint": "office", "type": "convenience", "address": ""}}, {"type": "Feature", "geometry": {"type": "Point", "coordinates": [113.3338754, 23.1166575]}, "properties": {"amenity": "cafe", "name": "小西家作", "name:en": "C's Tea Garden", "name:zh": "小西家作", "osm_id": "node/10750204147", "category": "office", "category_hint": "office", "type": "cafe", "address": ""}}, {"type": "Feature", "geometry": {"type": "Point", "coordinates": [113.3343488, 23.1165996]}, "properties": {"amenity": "cafe", "brand": "星巴克", "brand:en": "Starbucks", "brand:wikidata": "Q37158", "brand:zh": "星巴克", "cuisine": "coffee_shop", "name": "星巴克", "name:en": "Starbucks", "name:zh": "星巴克", "takeaway": "yes", "osm_id": "node/10750204148", "category": "office", "category_hint": "office", "type": "cafe", "address": ""}}, {"type": "Feature", "geometry": {"type": "Point", "coordinates": [113.3346696, 23.0809197]}, "properties": {"name": "海珠湿地公园北门售票处", "shop": "ticket", "osm_id": "node/11019719032", "category": "office", "category_hint": "office", "type": "ticket", "address": ""}}, {"type": "Feature", "geometry": {"type": "Point", "coordinates": [113.3349878, 23.0764829]}, "properties": {"shop": "yes", "osm_id": "node/11019807930", "name": "", "category": "office", "category_hint": "office", "type": "yes", "address": ""}}, {"type": "Feature", "geometry": {"type": "Point", "coordinates": [113.3353381, 23.0767605]}, "properties": {"amenity": "cafe", "name": "Camp Caffee", "osm_id": "node/11020044255", "category": "office", "category_hint": "office", "type": "cafe", "address": ""}}, {"type": "Feature", "geometry": {"type": "Point", "coordinates": [113.3148442, 23.077754]}, "properties": {"amenity": "cafe", "osm_id": "node/11059925176", "name": "", "category": "office", "category_hint": "office", "type": "cafe", "address": ""}}, {"type": "Feature", "geometry": {"type": "Point", "coordinates": [113.3238597, 23.0883986]}, "properties": {"amenity": "cafe", "brand": "星巴克", "brand:en": "Starbucks", "brand:wikidata": "Q37158", "brand:zh": "星巴克", "cuisine": "coffee_shop", "name": "星巴克", "name:en": "Starbucks", "name:zh": "星巴克", "takeaway": "yes", "osm_id": "node/11100647772", "category": "office", "category_hint": "office", "type": "cafe", "address": ""}}, {"type": "Feature", "geometry": {"type": "Point", "coordinates": [113.3237058, 23.0882824]}, "properties": {"amenity": "bank", "brand": "上海浦东发展银行", "brand:en": "Shanghai Pudong Development Bank", "brand:wikidata": "Q1479076", "brand:zh": "上海浦东发展银行", "name": "上海浦东发展银行", "name:en": "Shanghai Pudong Development Bank", "name:zh": "上海浦东发展银行", "osm_id": "node/11100647773", "category": "office", "category_hint": "office", "type": "bank", "address": ""}}, {"type": "Feature", "geometry": {"type": "Point", "coordinates": [113.3242341, 23.0883807]}, "properties": {"brand": "7-Eleven", "brand:wikidata": "Q259340", "name": "7-Eleven", "shop": "convenience", "osm_id": "node/11100647774", "category": "office", "category_hint": "office", "type": "convenience", "address": ""}}, {"type": "Feature", "geometry": {"type": "Point", "coordinates": [113.3132503, 23.0984209]}, "properties": {"brand": "华为", "brand:en": "Huawei", "brand:wikidata": "Q160120", "brand:zh": "华为", "name": "华为", "name:en": "Huawei", "name:zh": "华为", "shop": "mobile_phone", "osm_id": "node/11100647803", "category": "office", "category_hint": "office", "type": "mobile_phone", "address": ""}}, {"type": "Feature", "geometry": {"type": "Point", "coordinates": [113.3136227, 23.098432]}, "properties": {"brand": "Vivo", "brand:wikidata": "Q18301787", "name": "Vivo", "shop": "mobile_phone", "osm_id": "node/11100647804", "category": "office", "category_hint": "office", "type": "mobile_phone", "address": ""}}, {"type": "Feature", "geometry": {"type": "Point", "coordinates": [113.3137814, 23.0984323]}, "properties": {"brand": "Oppo", "brand:wikidata": "Q2084900", "name": "Oppo", "shop": "mobile_phone", "osm_id": "node/11100770605", "category": "office", "category_hint": "office", "type": "mobile_phone", "address": ""}}, {"type": "Feature", "geometry": {"type": "Point", "coordinates": [113.3144629, 23.0983619]}, "properties": {"amenity": "cafe", "brand": "喜茶", "brand:en": "Heytea", "brand:wikidata": "Q60875376", "brand:zh": "喜茶", "cuisine": "bubble_tea", "name": "喜茶", "name:en": "Heytea", "name:zh": "喜茶", "takeaway": "yes", "osm_id": "node/11100770606", "category": "office", "category_hint": "office", "type": "cafe", "address": ""}}, {"type": "Feature", "geometry": {"type": "Point", "coordinates": [113.3142404, 23.0983187]}, "properties": {"brand": "优衣库", "brand:en": "Uniqlo", "brand:wikidata": "Q26070", "brand:zh": "优衣库", "name": "优衣库", "name:en": "Uniqlo", "name:zh": "优衣库", "shop": "clothes", "osm_id": "node/11100770608", "category": "office", "category_hint": "office", "type": "clothes", "address": ""}}, {"type": "Feature", "geometry": {"type": "Point", "coordinates": [113.3153399, 23.0890769]}, "properties": {"name": "朴朴超市", "shop": "yes", "osm_id": "node/11101196486", "category": "office", "category_hint": "office", "type": "yes", "address": ""}}, {"type": "Feature", "geometry": {"type": "Point", "coordinates": [113.3198865, 23.0985709]}, "properties": {"amenity": "bank", "brand": "中国农业银行", "brand:en": "Agricultural Bank of China", "brand:wikidata": "Q26298", "brand:zh": "中国农业银行", "name": "中国农业银行", "name:en": "Agricultural Bank of China", "name:zh": "中国农业银行", "osm_id": "node/11103996287", "category": "office", "category_hint": "office", "type": "bank", "address": ""}}, {"type": "Feature", "geometry": {"type": "Point", "coordinates": [113.3192483, 23.0985688]}, "properties": {"amenity": "bank", "brand": "中国建设银行", "brand:en": "China Construction Bank", "brand:wikidata": "Q26299", "brand:zh": "中国建设银行", "name": "中国建设银行", "name:en": "China Construction Bank", "name:zh": "中国建设银行", "osm_id": "node/11103996292", "category": "office", "category_hint": "office", "type": "bank", "address": ""}}, {"type": "Feature", "geometry": {"type": "Point", "coordinates": [113.3188152, 23.0985828]}, "properties": {"amenity": "bank", "brand": "中国银行", "brand:en": "Bank of China", "brand:wikidata": "Q790068", "brand:zh": "中国银行", "name": "中国银行", "name:en": "Bank of China", "name:zh": "中国银行", "osm_id": "node/11103996293", "category": "office", "category_hint": "office", "type": "bank", "address": ""}}, {"type": "Feature", "geometry": {"type": "Point", "coordinates": [113.3177598, 23.0985656]}, "properties": {"amenity": "restaurant", "name": "金苑海鲜酒家", "osm_id": "node/11103996294", "category": "office", "category_hint": "office", "type": "restaurant", "address": ""}}, {"type": "Feature", "geometry": {"type": "Point", "coordinates": [113.318542, 23.0985849]}, "properties": {"amenity": "bank", "name": "广州银行", "osm_id": "node/11103996295", "category": "office", "category_hint": "office", "type": "bank", "address": ""}}, {"type": "Feature", "geometry": {"type": "Point", "coordinates": [113.2923137, 23.0905802]}, "properties": {"brand": "罗森", "brand:en": "Lawson", "brand:wikidata": "Q1557223", "brand:zh": "罗森", "brand:zh-Hans": "罗森", "brand:zh-Hant": "羅森", "name": "罗森", "name:en": "Lawson", "name:zh": "罗森", "name:zh-Hans": "罗森", "name:zh-Hant": "羅森", "operator": "罗森（中国）投资有限公司", "shop": "convenience", "osm_id": "node/11153295898", "category": "office", "category_hint": "office", "type": "convenience", "address": ""}}, {"type": "Feature", "geometry": {"type": "Point", "coordinates": [113.2921643, 23.0904897]}, "properties": {"brand": "罗森", "brand:en": "Lawson", "brand:wikidata": "Q1557223", "brand:zh": "罗森", "brand:zh-Hans": "罗森", "brand:zh-Hant": "羅森", "name": "罗森", "name:en": "Lawson", "name:zh": "罗森", "name:zh-Hans": "罗森", "name:zh-Hant": "羅森", "operator": "罗森（中国）投资有限公司", "shop": "convenience", "osm_id": "node/11153295900", "category": "office", "category_hint": "office", "type": "convenience", "address": ""}}, {"type": "Feature", "geometry": {"type": "Point", "coordinates": [113.3221804, 23.0949902]}, "properties": {"amenity": "bank", "brand": "中国工商银行", "brand:en": "Industrial and Commercial Bank of China", "brand:wikidata": "Q26463", "brand:zh": "中国工商银行", "name": "中国工商银行", "name:en": "Industrial and Commercial Bank of China", "name:zh": "中国工商银行", "osm_id": "node/11160145122", "category": "office", "category_hint": "office", "type": "bank", "address": ""}}, {"type": "Feature", "geometry": {"type": "Point", "coordinates": [113.3274735, 23.0988778]}, "properties": {"brand": "中国移动", "brand:en": "China Mobile", "brand:wikidata": "Q741618", "brand:zh": "中国移动", "name": "中国移动", "name:en": "China Mobile", "name:zh": "中国移动", "shop": "telecommunication", "osm_id": "node/11160145123", "category": "office", "category_hint": "office", "type": "telecommunication", "address": ""}}, {"type": "Feature", "geometry": {"type": "Point", "coordinates": [113.3059766, 23.1116022]}, "properties": {"shop": "convenience", "osm_id": "node/11264858294", "name": "", "category": "office", "category_hint": "office", "type": "convenience", "address": ""}}, {"type": "Feature", "geometry": {"type": "Point", "coordinates": [113.3175006, 23.0993849]}, "properties": {"amenity": "bank", "brand": "平安银行", "brand:en": "Ping An Bank", "brand:wikidata": "Q7195659", "brand:zh": "平安银行", "name": "平安银行", "name:en": "Ping An Bank", "name:zh": "平安银行", "operator": "平安银行", "osm_id": "node/11363389044", "category": "office", "category_hint": "office", "type": "bank", "address": ""}}, {"type": "Feature", "geometry": {"type": "Point", "coordinates": [113.3165839, 23.0991518]}, "properties": {"amenity": "bank", "brand": "交通银行", "brand:en": "Bank of Communications", "brand:wikidata": "Q806680", "brand:zh": "交通银行", "name": "交通银行", "name:en": "Bank of Communications", "name:zh": "交通银行", "osm_id": "node/11363389045", "category": "office", "category_hint": "office", "type": "bank", "address": ""}}, {"type": "Feature", "geometry": {"type": "Point", "coordinates": [113.3162238, 23.0991456]}, "properties": {"amenity": "cafe", "brand": "瑞幸咖啡", "brand:en": "Luckin Coffee", "brand:wikidata": "Q56811344", "brand:zh": "瑞幸咖啡", "cuisine": "coffee_shop", "name": "瑞幸咖啡", "name:en": "Luckin Coffee", "name:zh": "瑞幸咖啡", "takeaway": "yes", "osm_id": "node/11363389046", "category": "office", "category_hint": "office", "type": "cafe", "address": ""}}, {"type": "Feature", "geometry": {"type": "Point", "coordinates": [113.3237311, 23.0831921]}, "properties": {"brand": "7-Eleven", "brand:wikidata": "Q259340", "name": "7-Eleven", "shop": "convenience", "osm_id": "node/11559997159", "category": "office", "category_hint": "office", "type": "convenience", "address": ""}}, {"type": "Feature", "geometry": {"type": "Point", "coordinates": [113.3159394, 23.0811864]}, "properties": {"amenity": "bank", "name": "广州农商银行", "name:en": "GRC Bank", "osm_id": "node/11593418335", "category": "office", "category_hint": "office", "type": "bank", "address": ""}}, {"type": "Feature", "geometry": {"type": "Point", "coordinates": [113.3206074, 23.0835634]}, "properties": {"amenity": "bank", "name": "广州农商银行", "name:en": "GRC Bank", "osm_id": "node/11593418336", "category": "office", "category_hint": "office", "type": "bank", "address": ""}}, {"type": "Feature", "geometry": {"type": "Point", "coordinates": [113.3260633, 23.08833]}, "properties": {"amenity": "restaurant", "name": "江海酒家", "osm_id": "node/11639618227", "category": "office", "category_hint": "office", "type": "restaurant", "address": ""}}, {"type": "Feature", "geometry": {"type": "Point", "coordinates": [113.324568, 23.0883783]}, "properties": {"amenity": "cafe", "brand": "瑞幸咖啡", "brand:en": "Luckin Coffee", "brand:wikidata": "Q56811344", "brand:zh": "瑞幸咖啡", "cuisine": "coffee_shop", "name": "瑞幸咖啡", "name:en": "Luckin Coffee", "name:zh": "瑞幸咖啡", "takeaway": "yes", "osm_id": "node/11639618228", "category": "office", "category_hint": "office", "type": "cafe", "address": ""}}, {"type": "Feature", "geometry": {"type": "Point", "coordinates": [113.3172448, 23.0984966]}, "properties": {"amenity": "bank", "brand": "中国工商银行", "brand:en": "Industrial and Commercial Bank of China", "brand:wikidata": "Q26463", "brand:zh": "中国工商银行", "name": "中国工商银行", "name:en": "Industrial and Commercial Bank of China", "name:zh": "中国工商银行", "osm_id": "node/11681456664", "category": "office", "category_hint": "office", "type": "bank", "address": ""}}, {"type": "Feature", "geometry": {"type": "Point", "coordinates": [113.3155193, 23.0983608]}, "properties": {"brand": "鲍师傅", "brand:en": "Bao's Pastry", "brand:wikidata": "Q115000221", "brand:zh": "鲍师傅", "name": "鲍师傅", "name:en": "Bao's Pastry", "name:zh": "鲍师傅", "shop": "bakery", "osm_id": "node/11681456665", "category": "office", "category_hint": "office", "type": "bakery", "address": ""}}, {"type": "Feature", "geometry": {"type": "Point", "coordinates": [113.3163514, 23.0984992]}, "properties": {"amenity": "cafe", "brand": "奈雪的茶", "brand:en": "NaiSnow", "brand:wikidata": "Q107351710", "brand:zh": "奈雪的茶", "cuisine": "bubble_tea", "name": "奈雪的茶", "name:en": "NaiSnow", "name:zh": "奈雪的茶", "takeaway": "yes", "osm_id": "node/11681456666", "category": "office", "category_hint": "office", "type": "cafe", "address": ""}}, {"type": "Feature", "geometry": {"type": "Point", "coordinates": [113.3138466, 23.0802395]}, "properties": {"amenity": "restaurant", "name": "西华美", "osm_id": "node/11684405437", "category": "office", "category_hint": "office", "type": "restaurant", "address": ""}}, {"type": "Feature", "geometry": {"type": "Point", "coordinates": [113.3133243, 23.0801403]}, "properties": {"amenity": "restaurant", "name": "遇见小面", "osm_id": "node/11684405438", "category": "office", "category_hint": "office", "type": "restaurant", "address": ""}}, {"type": "Feature", "geometry": {"type": "Point", "coordinates": [113.2965183, 23.0839102]}, "properties": {"amenity": "cafe", "brand": "星巴克", "brand:en": "Starbucks", "brand:wikidata": "Q37158", "brand:zh": "星巴克", "cuisine": "coffee_shop", "name": "星巴克", "name:en": "Starbucks", "name:zh": "星巴克", "takeaway": "yes", "osm_id": "node/11731005988", "category": "office", "category_hint": "office", "type": "cafe", "address": ""}}, {"type": "Feature", "geometry": {"type": "Point", "coordinates": [113.3044761, 23.0854794]}, "properties": {"amenity": "bank", "brand": "中国工商银行", "brand:en": "Industrial and Commercial Bank of China", "brand:wikidata": "Q26463", "brand:zh": "中国工商银行", "name": "中国工商银行", "name:en": "Industrial and Commercial Bank of China", "name:zh": "中国工商银行", "osm_id": "node/11731006013", "category": "office", "category_hint": "office", "type": "bank", "address": ""}}, {"type": "Feature", "geometry": {"type": "Point", "coordinates": [113.3089996, 23.0858769]}, "properties": {"amenity": "restaurant", "brand": "萨莉亚", "brand:en": "Saizeriya", "brand:wikidata": "Q886564", "brand:zh": "萨莉亚", "cuisine": "italian", "name": "萨莉亚", "name:en": "Saizeriya", "name:zh": "萨莉亚", "osm_id": "node/11731006014", "category": "office", "category_hint": "office", "type": "restaurant", "address": ""}}, {"type": "Feature", "geometry": {"type": "Point", "coordinates": [113.3122555, 23.0983458]}, "properties": {"addr:city": "广州市", "addr:district": "海珠区", "addr:housenumber": "350", "addr:province": "广东省", "addr:street": "新港中路", "name": "粤港直通巴客村站", "opening_hours": "Mo-Su 07:30-18:30", "operator": "粤港汽车运输联营有限公司", "payment:alipay": "yes", "payment:cash": "yes", "payment:wechat": "yes", "phone": "+86 20 84099396", "shop": "travel_agency", "osm_id": "node/11998672972", "category": "office", "category_hint": "office", "type": "travel_agency", "address": ""}}, {"type": "Feature", "geometry": {"type": "Point", "coordinates": [113.3144495, 23.0909998]}, "properties": {"name": "广州百事可乐饮料有限公司", "office": "company", "osm_id": "node/12011225012", "category": "office", "category_hint": "office", "type": "company", "address": ""}}, {"type": "Feature", "geometry": {"type": "Point", "coordinates": [113.2943618, 23.093776]}, "properties": {"brand": "罗森", "brand:en": "Lawson", "brand:wikidata": "Q1557223", "brand:zh": "罗森", "brand:zh-Hans": "罗森", "brand:zh-Hant": "羅森", "name": "罗森", "name:en": "Lawson", "name:zh": "罗森", "name:zh-Hans": "罗森", "name:zh-Hant": "羅森", "operator": "罗森（中国）投资有限公司", "shop": "convenience", "osm_id": "node/12012024319", "category": "office", "category_hint": "office", "type": "convenience", "address": ""}}, {"type": "Feature", "geometry": {"type": "Point", "coordinates": [113.2934418, 23.0940938]}, "properties": {"amenity": "bank", "brand": "中国建设银行", "brand:en": "China Construction Bank", "brand:wikidata": "Q26299", "brand:zh": "中国建设银行", "name": "中国建设银行", "name:en": "China Construction Bank", "name:zh": "中国建设银行", "osm_id": "node/12012024320", "category": "office", "category_hint": "office", "type": "bank", "address": ""}}, {"type": "Feature", "geometry": {"type": "Point", "coordinates": [113.2996002, 23.0978237]}, "properties": {"brand": "罗森", "brand:en": "Lawson", "brand:wikidata": "Q1557223", "brand:zh": "罗森", "brand:zh-Hans": "罗森", "brand:zh-Hant": "羅森", "name": "罗森", "name:en": "Lawson", "name:zh": "罗森", "name:zh-Hans": "罗森", "name:zh-Hant": "羅森", "operator": "罗森（中国）投资有限公司", "shop": "convenience", "osm_id": "node/12012024325", "category": "office", "category_hint": "office", "type": "convenience", "address": ""}}, {"type": "Feature", "geometry": {"type": "Point", "coordinates": [113.3356726, 23.1009318]}, "properties": {"shop": "convenience", "osm_id": "node/12012871490", "name": "", "category": "office", "category_hint": "office", "type": "convenience", "address": ""}}, {"type": "Feature", "geometry": {"type": "Point", "coordinates": [113.3239854, 23.0883959]}, "properties": {"amenity": "cafe", "brand": "喜茶", "brand:en": "Heytea", "brand:wikidata": "Q60875376", "brand:zh": "喜茶", "cuisine": "bubble_tea", "name": "喜茶", "name:en": "Heytea", "name:zh": "喜茶", "takeaway": "yes", "osm_id": "node/12020302520", "category": "office", "category_hint": "office", "type": "cafe", "address": ""}}, {"type": "Feature", "geometry": {"type": "Point", "coordinates": [113.3065553, 23.0979878]}, "properties": {"amenity": "bank", "brand": "中国工商银行", "brand:en": "Industrial and Commercial Bank of China", "brand:wikidata": "Q26463", "brand:zh": "中国工商银行", "name": "中国工商银行", "name:en": "Industrial and Commercial Bank of China", "name:zh": "中国工商银行", "osm_id": "node/12028778460", "category": "office", "category_hint": "office", "type": "bank", "address": ""}}, {"type": "Feature", "geometry": {"type": "Point", "coordinates": [113.3265413, 23.0887711]}, "properties": {"amenity": "cafe", "brand": "蜜雪冰城", "brand:en": "Mixue Ice Cream & Tea", "brand:wikidata": "Q107406476", "brand:zh": "蜜雪冰城", "brand:zh-Latn-pinyin": "Mìxuě Bīngchéng", "cuisine": "ice_cream;bubble_tea", "name": "蜜雪冰城", "name:en": "Mixue Ice Cream & Tea", "name:zh": "蜜雪冰城", "name:zh-Latn-pinyin": "Mìxuě Bīngchéng", "takeaway": "yes", "osm_id": "node/12036042702", "category": "office", "category_hint": "office", "type": "cafe", "address": ""}}, {"type": "Feature", "geometry": {"type": "Point", "coordinates": [113.3167661, 23.09438]}, "properties": {"amenity": "cafe", "brand": "蜜雪冰城", "brand:en": "Mixue Ice Cream & Tea", "brand:wikidata": "Q107406476", "brand:zh": "蜜雪冰城", "brand:zh-Latn-pinyin": "Mìxuě Bīngchéng", "cuisine": "ice_cream;bubble_tea", "name": "蜜雪冰城", "name:en": "Mixue Ice Cream & Tea", "name:zh": "蜜雪冰城", "name:zh-Latn-pinyin": "Mìxuě Bīngchéng", "takeaway": "yes", "osm_id": "node/12036051685", "category": "office", "category_hint": "office", "type": "cafe", "address": ""}}, {"type": "Feature", "geometry": {"type": "Point", "coordinates": [113.3156095, 23.0970541]}, "properties": {"amenity": "cafe", "brand": "奈雪的茶", "brand:en": "NaiSnow", "brand:wikidata": "Q107351710", "brand:zh": "奈雪的茶", "cuisine": "bubble_tea", "name": "奈雪的茶", "name:en": "NaiSnow", "name:zh": "奈雪的茶", "takeaway": "yes", "osm_id": "node/12036063755", "category": "office", "category_hint": "office", "type": "cafe", "address": ""}}, {"type": "Feature", "geometry": {"type": "Point", "coordinates": [113.3160065, 23.0970731]}, "properties": {"amenity": "restaurant", "brand": "海底捞火锅", "brand:en": "Haidilao Hot Pot", "brand:wikidata": "Q5638920", "brand:zh": "海底捞火锅", "brand:zh-Hans": "海底捞火锅", "brand:zh-Hant": "海底撈火鍋", "cuisine": "chinese;hot_pot", "name": "海底捞火锅", "name:en": "Haidilao Hot Pot", "name:zh": "海底捞火锅", "name:zh-Hans": "海底捞火锅", "name:zh-Hant": "海底撈火鍋", "osm_id": "node/12036063756", "category": "office", "category_hint": "office", "type": "restaurant", "address": ""}}, {"type": "Feature", "geometry": {"type": "Point", "coordinates": [113.2919951, 23.0904917]}, "properties": {"brand": "7-Eleven", "brand:wikidata": "Q259340", "name": "7-Eleven", "shop": "convenience", "osm_id": "node/12045637708", "category": "office", "category_hint": "office", "type": "convenience", "address": ""}}, {"type": "Feature", "geometry": {"type": "Point", "coordinates": [113.2921001, 23.0907494]}, "properties": {"brand": "7-Eleven", "brand:wikidata": "Q259340", "name": "7-Eleven", "shop": "convenience", "osm_id": "node/12045637709", "category": "office", "category_hint": "office", "type": "convenience", "address": ""}}, {"type": "Feature", "geometry": {"type": "Point", "coordinates": [113.2913996, 23.091353]}, "properties": {"brand": "7-Eleven", "brand:wikidata": "Q259340", "name": "7-Eleven", "shop": "convenience", "osm_id": "node/12045637710", "category": "office", "category_hint": "office", "type": "convenience", "address": ""}}, {"type": "Feature", "geometry": {"type": "Point", "coordinates": [113.2925905, 23.0914625]}, "properties": {"amenity": "bank", "brand": "中国建设银行", "brand:en": "China Construction Bank", "brand:wikidata": "Q26299", "brand:zh": "中国建设银行", "name": "中国建设银行", "name:en": "China Construction Bank", "name:zh": "中国建设银行", "osm_id": "node/12045637711", "category": "office", "category_hint": "office", "type": "bank", "address": ""}}, {"type": "Feature", "geometry": {"type": "Point", "coordinates": [113.292427, 23.0914776]}, "properties": {"amenity": "bank", "brand": "交通银行", "brand:en": "Bank of Communications", "brand:wikidata": "Q806680", "brand:zh": "交通银行", "name": "交通银行", "name:en": "Bank of Communications", "name:zh": "交通银行", "osm_id": "node/12045637712", "category": "office", "category_hint": "office", "type": "bank", "address": ""}}, {"type": "Feature", "geometry": {"type": "Point", "coordinates": [113.2924831, 23.0907709]}, "properties": {"amenity": "bank", "brand": "中国工商银行", "brand:en": "Industrial and Commercial Bank of China", "brand:wikidata": "Q26463", "brand:zh": "中国工商银行", "name": "中国工商银行", "name:en": "Industrial and Commercial Bank of China", "name:zh": "中国工商银行", "osm_id": "node/12045637713", "category": "office", "category_hint": "office", "type": "bank", "address": ""}}, {"type": "Feature", "geometry": {"type": "Point", "coordinates": [113.294636, 23.091469]}, "properties": {"brand": "罗森", "brand:en": "Lawson", "brand:wikidata": "Q1557223", "brand:zh": "罗森", "brand:zh-Hans": "罗森", "brand:zh-Hant": "羅森", "name": "罗森", "name:en": "Lawson", "name:zh": "罗森", "name:zh-Hans": "罗森", "name:zh-Hant": "羅森", "operator": "罗森（中国）投资有限公司", "shop": "convenience", "osm_id": "node/12045637714", "category": "office", "category_hint": "office", "type": "convenience", "address": ""}}, {"type": "Feature", "geometry": {"type": "Point", "coordinates": [113.2947153, 23.0914174]}, "properties": {"amenity": "cafe", "brand": "瑞幸咖啡", "brand:en": "Luckin Coffee", "brand:wikidata": "Q56811344", "brand:zh": "瑞幸咖啡", "cuisine": "coffee_shop", "name": "瑞幸咖啡", "name:en": "Luckin Coffee", "name:zh": "瑞幸咖啡", "takeaway": "yes", "osm_id": "node/12045637715", "category": "office", "category_hint": "office", "type": "cafe", "address": ""}}, {"type": "Feature", "geometry": {"type": "Point", "coordinates": [113.2916726, 23.0914009]}, "properties": {"amenity": "bank", "brand": "中国农业银行", "brand:en": "Agricultural Bank of China", "brand:wikidata": "Q26298", "brand:zh": "中国农业银行", "name": "中国农业银行", "name:en": "Agricultural Bank of China", "name:zh": "中国农业银行", "osm_id": "node/12045637722", "category": "office", "category_hint": "office", "type": "bank", "address": ""}}, {"type": "Feature", "geometry": {"type": "Point", "coordinates": [113.2931798, 23.0912161]}, "properties": {"amenity": "bank", "brand": "中国银行", "brand:en": "Bank of China", "brand:wikidata": "Q790068", "brand:zh": "中国银行", "name": "中国银行", "name:en": "Bank of China", "name:zh": "中国银行", "osm_id": "node/12045637730", "category": "office", "category_hint": "office", "type": "bank", "address": ""}}, {"type": "Feature", "geometry": {"type": "Point", "coordinates": [113.2937986, 23.09197]}, "properties": {"brand": "7-Eleven", "brand:wikidata": "Q259340", "name": "7-Eleven", "shop": "convenience", "osm_id": "node/12045637731", "category": "office", "category_hint": "office", "type": "convenience", "address": ""}}, {"type": "Feature", "geometry": {"type": "Point", "coordinates": [113.2914491, 23.0906885]}, "properties": {"amenity": "bank", "brand": "中国民生银行", "brand:en": "China Minsheng Bank", "brand:wikidata": "Q911543", "brand:zh": "中国民生银行", "name": "中国民生银行", "name:en": "China Minsheng Bank", "name:zh": "中国民生银行", "osm_id": "node/12045645898", "category": "office", "category_hint": "office", "type": "bank", "address": ""}}, {"type": "Feature", "geometry": {"type": "Point", "coordinates": [113.3091532, 23.0884209]}, "properties": {"amenity": "cafe", "brand": "瑞幸咖啡", "brand:en": "Luckin Coffee", "brand:wikidata": "Q56811344", "brand:zh": "瑞幸咖啡", "cuisine": "coffee_shop", "name": "瑞幸咖啡", "name:en": "Luckin Coffee", "name:zh": "瑞幸咖啡", "takeaway": "yes", "osm_id": "node/12047640198", "category": "office", "category_hint": "office", "type": "cafe", "address": ""}}, {"type": "Feature", "geometry": {"type": "Point", "coordinates": [113.3209079, 23.0862392]}, "properties": {"amenity": "cafe", "brand": "瑞幸咖啡", "brand:en": "Luckin Coffee", "brand:wikidata": "Q56811344", "brand:zh": "瑞幸咖啡", "cuisine": "coffee_shop", "name": "瑞幸咖啡", "name:en": "Luckin Coffee", "name:zh": "瑞幸咖啡", "takeaway": "yes", "osm_id": "node/12049486524", "category": "office", "category_hint": "office", "type": "cafe", "address": ""}}, {"type": "Feature", "geometry": {"type": "Point", "coordinates": [113.311199, 23.0876082]}, "properties": {"amenity": "bank", "brand": "浙商银行", "brand:en": "China Zheshang Bank", "brand:wikidata": "Q15924407", "brand:zh": "浙商银行", "name": "浙商银行", "name:en": "China Zheshang Bank", "name:zh": "浙商银行", "osm_id": "node/12050876014", "category": "office", "category_hint": "office", "type": "bank", "address": ""}}, {"type": "Feature", "geometry": {"type": "Point", "coordinates": [113.3099747, 23.0868207]}, "properties": {"amenity": "bank", "brand": "交通银行", "brand:en": "Bank of Communications", "brand:wikidata": "Q806680", "brand:zh": "交通银行", "name": "交通银行", "name:en": "Bank of Communications", "name:zh": "交通银行", "osm_id": "node/12050876015", "category": "office", "category_hint": "office", "type": "bank", "address": ""}}, {"type": "Feature", "geometry": {"type": "Point", "coordinates": [113.3099788, 23.0869591]}, "properties": {"amenity": "bank", "brand": "中国农业银行", "brand:en": "Agricultural Bank of China", "brand:wikidata": "Q26298", "brand:zh": "中国农业银行", "name": "中国农业银行", "name:en": "Agricultural Bank of China", "name:zh": "中国农业银行", "osm_id": "node/12050876016", "category": "office", "category_hint": "office", "type": "bank", "address": ""}}, {"type": "Feature", "geometry": {"type": "Point", "coordinates": [113.3099808, 23.0893358]}, "properties": {"amenity": "bank", "brand": "中国银行", "brand:en": "Bank of China", "brand:wikidata": "Q790068", "brand:zh": "中国银行", "name": "中国银行", "name:en": "Bank of China", "name:zh": "中国银行", "osm_id": "node/12050876021", "category": "office", "category_hint": "office", "type": "bank", "address": ""}}, {"type": "Feature", "geometry": {"type": "Point", "coordinates": [113.3110236, 23.0900893]}, "properties": {"amenity": "bank", "brand": "中国农业银行", "brand:en": "Agricultural Bank of China", "brand:wikidata": "Q26298", "brand:zh": "中国农业银行", "name": "中国农业银行", "name:en": "Agricultural Bank of China", "name:zh": "中国农业银行", "osm_id": "node/12050876026", "category": "office", "category_hint": "office", "type": "bank", "address": ""}}, {"type": "Feature", "geometry": {"type": "Point", "coordinates": [113.3110399, 23.0896088]}, "properties": {"amenity": "bank", "brand": "中国建设银行", "brand:en": "China Construction Bank", "brand:wikidata": "Q26299", "brand:zh": "中国建设银行", "name": "中国建设银行", "name:en": "China Construction Bank", "name:zh": "中国建设银行", "osm_id": "node/12050876027", "category": "office", "category_hint": "office", "type": "bank", "address": ""}}, {"type": "Feature", "geometry": {"type": "Point", "coordinates": [113.311333, 23.0883775]}, "properties": {"amenity": "bank", "brand": "中国光大银行", "brand:en": "China Everbright Bank", "brand:wikidata": "Q10873167", "brand:zh": "中国光大银行", "name": "中国光大银行", "name:en": "China Everbright Bank", "name:zh": "中国光大银行", "osm_id": "node/12050876028", "category": "office", "category_hint": "office", "type": "bank", "address": ""}}, {"type": "Feature", "geometry": {"type": "Point", "coordinates": [113.3111253, 23.0889038]}, "properties": {"office": "government", "old_name": "海珠区工商局", "osm_id": "node/12050876029", "name": "", "category": "office", "category_hint": "office", "type": "government", "address": ""}}, {"type": "Feature", "geometry": {"type": "Point", "coordinates": [113.3109038, 23.0905499]}, "properties": {"amenity": "bank", "brand": "中国邮政储蓄银行", "brand:en": "Postal Savings Bank of China", "brand:wikidata": "Q986744", "brand:zh": "中国邮政储蓄银行", "name": "中国邮政储蓄银行", "name:en": "Postal Savings Bank of China", "name:zh": "中国邮政储蓄银行", "osm_id": "node/12050876066", "category": "office", "category_hint": "office", "type": "bank", "address": ""}}, {"type": "Feature", "geometry": {"type": "Point", "coordinates": [113.3175145, 23.0813023]}, "properties": {"air_conditioning": "yes", "amenity": "cafe", "brand": "瑞幸咖啡", "brand:en": "Luckin Coffee", "brand:wikidata": "Q56811344", "brand:zh": "瑞幸咖啡", "changing_table": "no", "cuisine": "coffee_shop", "diet:halal": "no", "diet:kosher": "no", "diet:vegetarian": "no", "indoor_seating": "yes", "name": "瑞幸咖啡", "name:en": "Luckin Coffee", "name:zh": "瑞幸咖啡", "opening_hours": "Mo-Su,PH 07:00-22:00", "outdoor_seating": "yes", "smoking": "no", "takeaway": "yes", "wheelchair": "no", "osm_id": "node/12075219635", "category": "office", "category_hint": "office", "type": "cafe", "address": ""}}, {"type": "Feature", "geometry": {"type": "Point", "coordinates": [113.3177807, 23.081184]}, "properties": {"diet:halal": "no", "diet:kosher": "no", "name": "赵一鸣零食", "opening_hours": "Mo-Su,PH 08:00-23:00", "payment:credit_cards": "no", "payment:debit_cards": "no", "shop": "convenience", "wheelchair": "no", "osm_id": "node/12075219636", "category": "office", "category_hint": "office", "type": "convenience", "address": ""}}, {"type": "Feature", "geometry": {"type": "Point", "coordinates": [113.3009392, 23.0981348]}, "properties": {"amenity": "restaurant", "name": "彩点", "osm_id": "node/12078409586", "category": "office", "category_hint": "office", "type": "restaurant", "address": ""}}, {"type": "Feature", "geometry": {"type": "Point", "coordinates": [113.3011559, 23.0980937]}, "properties": {"amenity": "cafe", "brand": "星巴克", "brand:en": "Starbucks", "brand:wikidata": "Q37158", "brand:zh": "星巴克", "cuisine": "coffee_shop", "name": "星巴克", "name:en": "Starbucks", "name:zh": "星巴克", "takeaway": "yes", "osm_id": "node/12078409587", "category": "office", "category_hint": "office", "type": "cafe", "address": ""}}, {"type": "Feature", "geometry": {"type": "Point", "coordinates": [113.302195, 23.1040686]}, "properties": {"amenity": "restaurant", "brand": "必胜客", "brand:en": "Pizza Hut", "brand:wikidata": "Q191615", "brand:zh": "必胜客", "cuisine": "pizza", "name": "必胜客", "name:en": "Pizza Hut", "name:zh": "必胜客", "osm_id": "node/12099916263", "category": "office", "category_hint": "office", "type": "restaurant", "address": ""}}, {"type": "Feature", "geometry": {"type": "Point", "coordinates": [113.3161765, 23.0857581]}, "properties": {"amenity": "cafe", "brand": "蜜雪冰城", "brand:en": "Mixue Ice Cream & Tea", "brand:wikidata": "Q107406476", "brand:zh": "蜜雪冰城", "brand:zh-Latn-pinyin": "Mìxuě Bīngchéng", "cuisine": "ice_cream;bubble_tea", "name": "蜜雪冰城", "name:en": "Mixue Ice Cream & Tea", "name:zh": "蜜雪冰城", "name:zh-Latn-pinyin": "Mìxuě Bīngchéng", "takeaway": "yes", "osm_id": "node/12099966443", "category": "office", "category_hint": "office", "type": "cafe", "address": ""}}, {"type": "Feature", "geometry": {"type": "Point", "coordinates": [113.326377, 23.0853503]}, "properties": {"amenity": "restaurant", "name": "牧人烤全羊", "osm_id": "node/12113132263", "category": "office", "category_hint": "office", "type": "restaurant", "address": ""}}, {"type": "Feature", "geometry": {"type": "Point", "coordinates": [113.3315671, 23.0903]}, "properties": {"amenity": "cafe", "brand": "蜜雪冰城", "brand:en": "Mixue Ice Cream & Tea", "brand:wikidata": "Q107406476", "brand:zh": "蜜雪冰城", "brand:zh-Latn-pinyin": "Mìxuě Bīngchéng", "cuisine": "ice_cream;bubble_tea", "name": "蜜雪冰城", "name:en": "Mixue Ice Cream & Tea", "name:zh": "蜜雪冰城", "name:zh-Latn-pinyin": "Mìxuě Bīngchéng", "takeaway": "yes", "osm_id": "node/12116948452", "category": "office", "category_hint": "office", "type": "cafe", "address": ""}}, {"type": "Feature", "geometry": {"type": "Point", "coordinates": [113.3108637, 23.0907927]}, "properties": {"amenity": "bank", "name": "广州农商银行", "osm_id": "node/12133994867", "category": "office", "category_hint": "office", "type": "bank", "address": ""}}, {"type": "Feature", "geometry": {"type": "Point", "coordinates": [113.3143016, 23.0984592]}, "properties": {"amenity": "cafe", "brand": "霸王茶姬", "brand:en": "Chagee", "brand:wikidata": "Q125052867", "brand:zh": "霸王茶姬", "cuisine": "bubble_tea", "name": "霸王茶姬", "name:en": "Chagee", "name:zh": "霸王茶姬", "takeaway": "yes", "osm_id": "node/12134169188", "category": "office", "category_hint": "office", "type": "cafe", "address": ""}}, {"type": "Feature", "geometry": {"type": "Point", "coordinates": [113.3143641, 23.0982907]}, "properties": {"amenity": "cafe", "brand": "瑞幸咖啡", "brand:en": "Luckin Coffee", "brand:wikidata": "Q56811344", "brand:zh": "瑞幸咖啡", "cuisine": "coffee_shop", "name": "瑞幸咖啡", "name:en": "Luckin Coffee", "name:zh": "瑞幸咖啡", "takeaway": "yes", "osm_id": "node/12134169189", "category": "office", "category_hint": "office", "type": "cafe", "address": ""}}, {"type": "Feature", "geometry": {"type": "Point", "coordinates": [113.3160605, 23.0985098]}, "properties": {"amenity": "cafe", "cuisine": "bubble_tea", "name": "茶理宜世", "osm_id": "node/12134169190", "category": "office", "category_hint": "office", "type": "cafe", "address": ""}}, {"type": "Feature", "geometry": {"type": "Point", "coordinates": [113.314604, 23.0984623]}, "properties": {"amenity": "cafe", "cuisine": "bubble_tea", "name": "茶话弄", "osm_id": "node/12134169191", "category": "office", "category_hint": "office", "type": "cafe", "address": ""}}, {"type": "Feature", "geometry": {"type": "Point", "coordinates": [113.3141855, 23.0984596]}, "properties": {"amenity": "cafe", "brand": "星巴克", "brand:en": "Starbucks", "brand:wikidata": "Q37158", "brand:zh": "星巴克", "cuisine": "coffee_shop", "name": "星巴克", "name:en": "Starbucks", "name:zh": "星巴克", "takeaway": "yes", "osm_id": "node/12134169192", "category": "office", "category_hint": "office", "type": "cafe", "address": ""}}, {"type": "Feature", "geometry": {"type": "Point", "coordinates": [113.3155274, 23.0971892]}, "properties": {"amenity": "restaurant", "name": "牛小灶", "osm_id": "node/12134169193", "category": "office", "category_hint": "office", "type": "restaurant", "address": ""}}, {"type": "Feature", "geometry": {"type": "Point", "coordinates": [113.3158624, 23.0971704]}, "properties": {"amenity": "restaurant", "cuisine": "pizza", "name": "乐凯撒", "osm_id": "node/12134169194", "category": "office", "category_hint": "office", "type": "restaurant", "address": ""}}, {"type": "Feature", "geometry": {"type": "Point", "coordinates": [113.3159171, 23.0975322]}, "properties": {"amenity": "cafe", "brand": "喜茶", "brand:en": "Heytea", "brand:wikidata": "Q60875376", "brand:zh": "喜茶", "cuisine": "bubble_tea", "name": "喜茶", "name:en": "Heytea", "name:zh": "喜茶", "takeaway": "yes", "osm_id": "node/12134169195", "category": "office", "category_hint": "office", "type": "cafe", "address": ""}}, {"type": "Feature", "geometry": {"type": "Point", "coordinates": [113.315518, 23.0970018]}, "properties": {"amenity": "cafe", "brand": "霸王茶姬", "brand:en": "Chagee", "brand:wikidata": "Q125052867", "brand:zh": "霸王茶姬", "cuisine": "bubble_tea", "name": "霸王茶姬", "name:en": "Chagee", "name:zh": "霸王茶姬", "not:brand:wikidata": "Q175106", "takeaway": "yes", "osm_id": "node/12134169196", "category": "office", "category_hint": "office", "type": "cafe", "address": ""}}, {"type": "Feature", "geometry": {"type": "Point", "coordinates": [113.327621, 23.0916508]}, "properties": {"brand": "美宜佳", "brand:en": "Meiyijia", "brand:wikidata": "Q55719551", "brand:zh": "美宜佳", "name": "美宜佳", "name:en": "Meiyijia", "name:zh": "美宜佳", "shop": "convenience", "osm_id": "node/12137423771", "category": "office", "category_hint": "office", "type": "convenience", "address": ""}}, {"type": "Feature", "geometry": {"type": "Point", "coordinates": [113.3080407, 23.0875924]}, "properties": {"brand": "优衣库", "brand:en": "Uniqlo", "brand:wikidata": "Q26070", "brand:zh": "优衣库", "name": "优衣库", "name:en": "Uniqlo", "name:zh": "优衣库", "shop": "clothes", "osm_id": "node/12140278285", "category": "office", "category_hint": "office", "type": "clothes", "address": ""}}, {"type": "Feature", "geometry": {"type": "Point", "coordinates": [113.3010934, 23.0980417]}, "properties": {"amenity": "cafe", "brand": "蜜雪冰城", "brand:en": "Mixue Ice Cream & Tea", "brand:wikidata": "Q107406476", "brand:zh": "蜜雪冰城", "brand:zh-Latn-pinyin": "Mìxuě Bīngchéng", "cuisine": "ice_cream;bubble_tea", "name": "蜜雪冰城", "name:en": "Mixue Ice Cream & Tea", "name:zh": "蜜雪冰城", "name:zh-Latn-pinyin": "Mìxuě Bīngchéng", "takeaway": "yes", "osm_id": "node/12149274706", "category": "office", "category_hint": "office", "type": "cafe", "address": ""}}, {"type": "Feature", "geometry": {"type": "Point", "coordinates": [113.3137756, 23.0908655]}, "properties": {"brand": "7-Eleven", "brand:wikidata": "Q259340", "name": "7-Eleven", "shop": "convenience", "osm_id": "node/12153371244", "category": "office", "category_hint": "office", "type": "convenience", "address": ""}}, {"type": "Feature", "geometry": {"type": "Point", "coordinates": [113.3207616, 23.096922]}, "properties": {"amenity": "marketplace", "name": "赤岗市场", "osm_id": "node/12154634796", "category": "office", "category_hint": "office", "type": "marketplace", "address": ""}}, {"type": "Feature", "geometry": {"type": "Point", "coordinates": [113.3244984, 23.0985003]}, "properties": {"brand": "全家", "brand:en": "FamilyMart", "brand:wikidata": "Q11247682", "brand:zh": "全家", "name": "全家", "name:en": "FamilyMart", "name:zh": "全家", "opening_hours": "Mo-Su,PH 00:00-24:59", "shop": "convenience", "osm_id": "node/12163140784", "category": "office", "category_hint": "office", "type": "convenience", "address": ""}}, {"type": "Feature", "geometry": {"type": "Point", "coordinates": [113.3124128, 23.098324]}, "properties": {"amenity": "restaurant", "cuisine": "chinese", "level": "2", "name": "山泉公馆", "name:zh": "山泉公馆", "osm_id": "node/12195423738", "category": "office", "category_hint": "office", "type": "restaurant", "address": ""}}, {"type": "Feature", "geometry": {"type": "Point", "coordinates": [113.3304924, 23.0812712]}, "properties": {"amenity": "restaurant", "name": "龙胜海鲜酒家", "osm_id": "node/12213410414", "category": "office", "category_hint": "office", "type": "restaurant", "address": ""}}, {"type": "Feature", "geometry": {"type": "Point", "coordinates": [113.3175726, 23.0817245]}, "properties": {"amenity": "cafe", "brand": "蜜雪冰城", "brand:en": "Mixue Ice Cream & Tea", "brand:wikidata": "Q107406476", "brand:zh": "蜜雪冰城", "brand:zh-Latn-pinyin": "Mìxuě Bīngchéng", "cuisine": "ice_cream;bubble_tea", "name": "蜜雪冰城", "name:en": "Mixue Ice Cream & Tea", "name:zh": "蜜雪冰城", "name:zh-Latn-pinyin": "Mìxuě Bīngchéng", "takeaway": "yes", "osm_id": "node/12213410419", "category": "office", "category_hint": "office", "type": "cafe", "address": ""}}, {"type": "Feature", "geometry": {"type": "Point", "coordinates": [113.3202641, 23.0841983]}, "properties": {"amenity": "cafe", "brand": "蜜雪冰城", "brand:en": "Mixue Ice Cream & Tea", "brand:wikidata": "Q107406476", "brand:zh": "蜜雪冰城", "brand:zh-Latn-pinyin": "Mìxuě Bīngchéng", "cuisine": "ice_cream;bubble_tea", "name": "蜜雪冰城", "name:en": "Mixue Ice Cream & Tea", "name:zh": "蜜雪冰城", "name:zh-Latn-pinyin": "Mìxuě Bīngchéng", "takeaway": "yes", "osm_id": "node/12213410420", "category": "office", "category_hint": "office", "type": "cafe", "address": ""}}, {"type": "Feature", "geometry": {"type": "Point", "coordinates": [113.320257, 23.0871105]}, "properties": {"amenity": "cafe", "brand": "CoCo都可", "brand:en": "CoCo Fresh Tea & Juice", "brand:wikidata": "Q65084369", "brand:zh": "CoCo都可", "cuisine": "bubble_tea", "name": "CoCo都可", "name:en": "CoCo Fresh Tea & Juice", "name:zh": "CoCo都可", "takeaway": "yes", "osm_id": "node/12213410423", "category": "office", "category_hint": "office", "type": "cafe", "address": ""}}, {"type": "Feature", "geometry": {"type": "Point", "coordinates": [113.3220953, 23.1028964]}, "properties": {"amenity": "cafe", "cuisine": "bubble_tea", "name": "宝藏绿洲", "osm_id": "node/12548621208", "category": "office", "category_hint": "office", "type": "cafe", "address": ""}}, {"type": "Feature", "geometry": {"type": "Point", "coordinates": [113.3221431, 23.1036126]}, "properties": {"amenity": "cafe", "brand": "喜茶", "brand:en": "Heytea", "brand:wikidata": "Q60875376", "brand:zh": "喜茶", "cuisine": "bubble_tea", "name": "喜茶", "name:en": "Heytea", "name:zh": "喜茶", "takeaway": "yes", "osm_id": "node/12548621209", "category": "office", "category_hint": "office", "type": "cafe", "address": ""}}, {"type": "Feature", "geometry": {"type": "Point", "coordinates": [113.3024971, 23.0877134]}, "properties": {"amenity": "restaurant", "name": "熊记虾王", "osm_id": "node/12640673229", "category": "office", "category_hint": "office", "type": "restaurant", "address": ""}}, {"type": "Feature", "geometry": {"type": "Point", "coordinates": [113.3018491, 23.0872424]}, "properties": {"amenity": "bank", "name": "广州农商银行", "osm_id": "node/12640673248", "category": "office", "category_hint": "office", "type": "bank", "address": ""}}, {"type": "Feature", "geometry": {"type": "Point", "coordinates": [113.3284202, 23.0929378]}, "properties": {"brand": "7-Eleven", "brand:wikidata": "Q259340", "name": "7-Eleven", "opening_hours": "Mo-Su,PH 00:00-24:59", "shop": "convenience", "osm_id": "node/12726915173", "category": "office", "category_hint": "office", "type": "convenience", "address": ""}}, {"type": "Feature", "geometry": {"type": "Point", "coordinates": [113.3159165, 23.0972159]}, "properties": {"amenity": "restaurant", "cuisine": "ramen", "name": "豚一拉面", "name:en": "Ton-Ichi Ramen", "name:zh": "豚一拉面", "osm_id": "node/12805955350", "category": "office", "category_hint": "office", "type": "restaurant", "address": ""}}, {"type": "Feature", "geometry": {"type": "Point", "coordinates": [113.314982, 23.0983403]}, "properties": {"brand": "面包新语", "brand:en": "BreadTalk", "brand:wikidata": "Q1106640", "brand:zh": "面包新语", "name": "面包新语", "name:en": "BreadTalk", "name:zh": "面包新语", "shop": "bakery", "osm_id": "node/12805955351", "category": "office", "category_hint": "office", "type": "bakery", "address": ""}}, {"type": "Feature", "geometry": {"type": "Point", "coordinates": [113.3360473, 23.1016285]}, "properties": {"branch": "粤19840", "brand": "美宜佳", "brand:en": "Meiyijia", "brand:wikidata": "Q55719551", "brand:zh": "美宜佳", "name": "美宜佳", "name:en": "Meiyijia", "name:zh": "美宜佳", "shop": "convenience", "osm_id": "node/12887107604", "category": "office", "category_hint": "office", "type": "convenience", "address": ""}}, {"type": "Feature", "geometry": {"type": "Point", "coordinates": [113.3127544, 23.0764575]}, "properties": {"brand": "7-Eleven", "brand:wikidata": "Q259340", "name": "7-Eleven", "shop": "convenience", "osm_id": "node/12945976812", "category": "office", "category_hint": "office", "type": "convenience", "address": ""}}, {"type": "Feature", "geometry": {"type": "Point", "coordinates": [113.3129343, 23.0764191]}, "properties": {"amenity": "cafe", "cuisine": "coffee_shop", "name": "Paix", "osm_id": "node/12945976818", "category": "office", "category_hint": "office", "type": "cafe", "address": ""}}, {"type": "Feature", "geometry": {"type": "Point", "coordinates": [113.3186395, 23.1076659]}, "properties": {"brand": "蔚来", "brand:en": "NIO", "brand:wikidata": "Q29921278", "brand:zh": "蔚来", "name": "Nio", "name:en": "NIO House", "name:zh": "蔚来中心", "shop": "car", "osm_id": "node/13157369950", "category": "office", "category_hint": "office", "type": "car", "address": ""}}, {"type": "Feature", "geometry": {"type": "Point", "coordinates": [113.3192068, 23.1083856]}, "properties": {"name:en": "Canton Tower Tickets", "shop": "ticket", "osm_id": "node/13157389634", "name": "", "category": "office", "category_hint": "office", "type": "ticket", "address": ""}}, {"type": "Feature", "geometry": {"type": "Point", "coordinates": [113.3184413, 23.1067684]}, "properties": {"amenity": "cafe", "brand": "茉莉奶白", "brand:en": "MOLLYTEA", "cuisine": "bubble_tea", "name": "茉莉奶白", "name:en": "MOLLYTEA", "name:zh": "茉莉奶白", "operator": "深圳米乐餐饮管理有限公司", "phone": "+86 400-615-8258", "website": "https://www.mollytea.com/", "wikipedia": "en:en:81200951", "osm_id": "node/13255201274", "category": "office", "category_hint": "office", "type": "cafe", "address": ""}}, {"type": "Feature", "geometry": {"type": "Point", "coordinates": [113.3158118, 23.0984569]}, "properties": {"amenity": "cafe", "cuisine": "bubble_tea", "name": "茉酸奶", "osm_id": "node/13380144960", "category": "office", "category_hint": "office", "type": "cafe", "address": ""}}, {"type": "Feature", "geometry": {"type": "Point", "coordinates": [113.3161984, 23.0984317]}, "properties": {"brand": "永辉超市", "brand:en": "Yonghui Superstores", "brand:wikidata": "Q17028520", "brand:zh": "永辉超市", "name": "永辉超市", "name:en": "Yonghui Superstores", "name:zh": "永辉超市", "shop": "supermarket", "osm_id": "node/13380144961", "category": "office", "category_hint": "office", "type": "supermarket", "address": ""}}, {"type": "Feature", "geometry": {"type": "Point", "coordinates": [113.3158684, 23.0985049]}, "properties": {"amenity": "cafe", "brand": "Manner Coffee", "brand:wikidata": "Q111338344", "cuisine": "coffee_shop", "name": "Manner Coffee", "takeaway": "yes", "osm_id": "node/13380144962", "category": "office", "category_hint": "office", "type": "cafe", "address": ""}}, {"type": "Feature", "geometry": {"type": "Point", "coordinates": [113.3158073, 23.0983788]}, "properties": {"brand": "名创优品", "brand:en": "Miniso", "brand:wikidata": "Q20732498", "brand:zh": "名创优品", "name": "名创优品", "name:en": "Miniso", "name:zh": "名创优品", "shop": "variety_store", "osm_id": "node/13380144963", "category": "office", "category_hint": "office", "type": "variety_store", "address": ""}}, {"type": "Feature", "geometry": {"type": "Point", "coordinates": [113.3148659, 23.0983674]}, "properties": {"amenity": "restaurant", "brand": "寿司郎", "brand:en": "Sushiro", "brand:ja": "スシロー", "brand:wikidata": "Q11257037", "brand:zh": "寿司郎", "cuisine": "sushi", "name": "寿司郎", "name:en": "Sushiro", "name:ja": "スシロー", "name:zh": "寿司郎", "osm_id": "node/13380144964", "category": "office", "category_hint": "office", "type": "restaurant", "address": ""}}, {"type": "Feature", "geometry": {"type": "Point", "coordinates": [113.3140891, 23.098395]}, "properties": {"alt_name:en": "To To Kui", "amenity": "restaurant", "brand": "陶陶居", "brand:en": "Tao Tao Ju", "brand:wikidata": "Q9012420", "brand:yue": "陶陶居", "brand:zh": "陶陶居", "cuisine": "cantonese", "name": "陶陶居", "name:en": "Tao Tao Ju", "name:yue": "陶陶居", "name:zh": "陶陶居", "osm_id": "node/13380144965", "category": "office", "category_hint": "office", "type": "restaurant", "address": ""}}, {"type": "Feature", "geometry": {"type": "Point", "coordinates": [113.3193483, 23.1017839]}, "properties": {"name": "微信总部", "office": "company", "osm_id": "node/13380324416", "category": "office", "category_hint": "office", "type": "company", "address": ""}}, {"type": "Feature", "geometry": {"type": "Point", "coordinates": [113.3189142, 23.1014042]}, "properties": {"brand": "罗森", "brand:en": "Lawson", "brand:wikidata": "Q1557223", "brand:zh": "罗森", "brand:zh-Hans": "罗森", "brand:zh-Hant": "羅森", "name": "罗森", "name:en": "Lawson", "name:zh": "罗森", "name:zh-Hans": "罗森", "name:zh-Hant": "羅森", "operator": "罗森（中国）投资有限公司", "shop": "convenience", "osm_id": "node/13380324425", "category": "office", "category_hint": "office", "type": "convenience", "address": ""}}, {"type": "Feature", "geometry": {"type": "Point", "coordinates": [113.3163475, 23.0943795]}, "properties": {"amenity": "cafe", "brand": "古茗", "brand:en": "Good me", "brand:wikidata": "Q101500324", "brand:zh": "古茗", "cuisine": "bubble_tea", "name": "古茗", "name:en": "Good me", "name:zh": "古茗", "takeaway": "yes", "osm_id": "node/13380324426", "category": "office", "category_hint": "office", "type": "cafe", "address": ""}}, {"type": "Feature", "geometry": {"type": "Point", "coordinates": [113.3182907, 23.1066261]}, "properties": {"amenity": "cafe", "brand": "喜茶", "brand:en": "Heytea", "brand:wikidata": "Q60875376", "brand:zh": "喜茶", "cuisine": "bubble_tea", "name": "喜茶", "name:en": "Heytea", "name:zh": "喜茶", "takeaway": "yes", "osm_id": "node/13380324430", "category": "office", "category_hint": "office", "type": "cafe", "address": ""}}, {"type": "Feature", "geometry": {"type": "Point", "coordinates": [113.3191283, 23.106098]}, "properties": {"brand": "永旺", "brand:en": "AEON", "brand:wikidata": "Q271413", "brand:zh": "永旺", "name": "永旺", "name:en": "AEON", "name:zh": "永旺", "shop": "supermarket", "osm_id": "node/13380324431", "category": "office", "category_hint": "office", "type": "supermarket", "address": ""}}, {"type": "Feature", "geometry": {"type": "Point", "coordinates": [113.3176532, 23.1057914]}, "properties": {"amenity": "bank", "brand": "中国银行", "brand:en": "Bank of China", "brand:wikidata": "Q790068", "brand:zh": "中国银行", "name": "中国银行", "name:en": "Bank of China", "name:zh": "中国银行", "osm_id": "node/13381655370", "category": "office", "category_hint": "office", "type": "bank", "address": ""}}, {"type": "Feature", "geometry": {"type": "Point", "coordinates": [113.3226841, 23.0913433]}, "properties": {"amenity": "restaurant", "cuisine": "cantonese", "name": "海旋酒家", "osm_id": "node/13381671908", "category": "office", "category_hint": "office", "type": "restaurant", "address": ""}}, {"type": "Feature", "geometry": {"type": "Point", "coordinates": [113.308647, 23.1032676]}, "properties": {"amenity": "bank", "brand": "华夏银行", "brand:en": "Huaxia Bank", "brand:wikidata": "Q1595443", "brand:zh": "华夏银行", "name": "华夏银行", "name:en": "Huaxia Bank", "name:zh": "华夏银行", "osm_id": "node/13430435407", "category": "office", "category_hint": "office", "type": "bank", "address": ""}}, {"type": "Feature", "geometry": {"type": "Point", "coordinates": [113.3087949, 23.1032619]}, "properties": {"brand": "7-Eleven", "brand:wikidata": "Q259340", "name": "7-Eleven", "shop": "convenience", "osm_id": "node/13430435408", "category": "office", "category_hint": "office", "type": "convenience", "address": ""}}, {"type": "Feature", "geometry": {"type": "Point", "coordinates": [113.3205977, 23.0858085]}, "properties": {"amenity": "cafe", "brand": "古茗", "brand:en": "Good me", "brand:wikidata": "Q101500324", "brand:zh": "古茗", "cuisine": "bubble_tea", "name": "古茗", "name:en": "Good me", "name:zh": "古茗", "takeaway": "yes", "osm_id": "node/13430435438", "category": "office", "category_hint": "office", "type": "cafe", "address": ""}}, {"type": "Feature", "geometry": {"type": "Point", "coordinates": [113.3025758, 23.0951254]}, "properties": {"amenity": "cafe", "brand": "古茗", "brand:en": "Good me", "brand:wikidata": "Q101500324", "brand:zh": "古茗", "cuisine": "bubble_tea", "name": "古茗", "name:en": "Good me", "name:zh": "古茗", "takeaway": "yes", "osm_id": "node/13433781357", "category": "office", "category_hint": "office", "type": "cafe", "address": ""}}, {"type": "Feature", "geometry": {"type": "Point", "coordinates": [113.3025575, 23.0952881]}, "properties": {"amenity": "cafe", "brand": "蜜雪冰城", "brand:en": "Mixue Ice Cream & Tea", "brand:wikidata": "Q107406476", "brand:zh": "蜜雪冰城", "brand:zh-Latn-pinyin": "Mìxuě Bīngchéng", "cuisine": "ice_cream;bubble_tea", "name": "蜜雪冰城", "name:en": "Mixue Ice Cream & Tea", "name:zh": "蜜雪冰城", "name:zh-Latn-pinyin": "Mìxuě Bīngchéng", "takeaway": "yes", "osm_id": "node/13433781358", "category": "office", "category_hint": "office", "type": "cafe", "address": ""}}, {"type": "Feature", "geometry": {"type": "Point", "coordinates": [113.3014413, 23.0850389]}, "properties": {"amenity": "bank", "brand": "中国农业银行", "brand:en": "Agricultural Bank of China", "brand:wikidata": "Q26298", "brand:zh": "中国农业银行", "name": "中国农业银行", "name:en": "Agricultural Bank of China", "name:zh": "中国农业银行", "osm_id": "node/13522049046", "category": "office", "category_hint": "office", "type": "bank", "address": ""}}, {"type": "Feature", "geometry": {"type": "Point", "coordinates": [113.3078601, 23.0857389]}, "properties": {"amenity": "cafe", "brand": "星巴克", "brand:en": "Starbucks", "brand:wikidata": "Q37158", "brand:zh": "星巴克", "cuisine": "coffee_shop", "name": "星巴克", "name:en": "Starbucks", "name:zh": "星巴克", "takeaway": "yes", "osm_id": "node/13522049047", "category": "office", "category_hint": "office", "type": "cafe", "address": ""}}, {"type": "Feature", "geometry": {"type": "Point", "coordinates": [113.3110901, 23.0891093]}, "properties": {"amenity": "bank", "brand": "中国工商银行", "brand:en": "Industrial and Commercial Bank of China", "brand:wikidata": "Q26463", "brand:zh": "中国工商银行", "name": "中国工商银行", "name:en": "Industrial and Commercial Bank of China", "name:zh": "中国工商银行", "osm_id": "node/13522049048", "category": "office", "category_hint": "office", "type": "bank", "address": ""}}, {"type": "Feature", "geometry": {"type": "Point", "coordinates": [113.302434, 23.0856779]}, "properties": {"amenity": "bank", "brand": "中国建设银行", "brand:en": "China Construction Bank", "brand:wikidata": "Q26299", "brand:zh": "中国建设银行", "name": "中国建设银行", "name:en": "China Construction Bank", "name:zh": "中国建设银行", "osm_id": "node/13522049049", "category": "office", "category_hint": "office", "type": "bank", "address": ""}}, {"type": "Feature", "geometry": {"type": "Point", "coordinates": [113.2989751, 23.0860909]}, "properties": {"amenity": "bank", "brand": "兴业银行", "brand:en": "Industrial Bank", "brand:wikidata": "Q1410821", "brand:zh": "兴业银行", "name": "兴业银行", "name:en": "Industrial Bank", "name:zh": "兴业银行", "osm_id": "node/13522049050", "category": "office", "category_hint": "office", "type": "bank", "address": ""}}, {"type": "Feature", "geometry": {"type": "Point", "coordinates": [113.2962114, 23.0839103]}, "properties": {"amenity": "bank", "brand": "中信银行", "brand:en": "China CITIC Bank", "brand:wikidata": "Q38960", "brand:zh": "中信银行", "name": "中信银行", "name:en": "China CITIC Bank", "name:zh": "中信银行", "osm_id": "node/13522049051", "category": "office", "category_hint": "office", "type": "bank", "address": ""}}, {"type": "Feature", "geometry": {"type": "Point", "coordinates": [113.3310957, 23.0988671]}, "properties": {"name": "广州市海珠区住房和建设局", "office": "government", "osm_id": "node/13565985340", "category": "office", "category_hint": "office", "type": "government", "address": ""}}, {"type": "Feature", "geometry": {"type": "Point", "coordinates": [113.326585, 23.0941453]}, "properties": {"name": "广东省生物工程研究所", "office": "research", "osm_id": "node/13591974421", "category": "office", "category_hint": "office", "type": "research", "address": ""}}, {"type": "Feature", "geometry": {"type": "Point", "coordinates": [113.2926528, 23.1061007]}, "properties": {"name": "水上运动管理中心", "office": "quango", "osm_id": "node/13637492181", "category": "office", "category_hint": "office", "type": "quango", "address": ""}}, {"type": "Feature", "geometry": {"type": "Point", "coordinates": [113.3159259, 23.0926175]}, "properties": {"amenity": "restaurant", "name": "麗记饭店", "osm_id": "node/13644588920", "category": "office", "category_hint": "office", "type": "restaurant", "address": ""}}, {"type": "Feature", "geometry": {"type": "Point", "coordinates": [113.3237516, 23.0825222]}, "properties": {"amenity": "cafe", "brand": "库迪咖啡", "brand:en": "Cotti Coffee", "brand:wikidata": "Q123370986", "brand:zh": "库迪咖啡", "cuisine": "coffee_shop", "name": "库迪咖啡", "name:en": "Cotti Coffee", "name:zh": "库迪咖啡", "takeaway": "yes", "osm_id": "node/13661267836", "category": "office", "category_hint": "office", "type": "cafe", "address": ""}}, {"type": "Feature", "geometry": {"type": "Point", "coordinates": [113.3218624, 23.0911935]}, "properties": {"amenity": "cafe", "brand": "瑞幸咖啡", "brand:en": "Luckin Coffee", "brand:wikidata": "Q56811344", "brand:zh": "瑞幸咖啡", "cuisine": "coffee_shop", "name": "瑞幸咖啡", "name:en": "Luckin Coffee", "name:zh": "瑞幸咖啡", "takeaway": "yes", "osm_id": "node/13661267837", "category": "office", "category_hint": "office", "type": "cafe", "address": ""}}, {"type": "Feature", "geometry": {"type": "Point", "coordinates": [113.322211, 23.091074]}, "properties": {"amenity": "cafe", "brand": "库迪咖啡", "brand:en": "Cotti Coffee", "brand:wikidata": "Q123370986", "brand:zh": "库迪咖啡", "cuisine": "coffee_shop", "name": "库迪咖啡", "name:en": "Cotti Coffee", "name:zh": "库迪咖啡", "takeaway": "yes", "osm_id": "node/13661267838", "category": "office", "category_hint": "office", "type": "cafe", "address": ""}}, {"type": "Feature", "geometry": {"type": "Point", "coordinates": [113.32221, 23.0862418]}, "properties": {"brand": "钱大妈", "brand:en": "QDama", "brand:wikidata": "Q109342535", "brand:zh": "钱大妈", "name": "钱大妈", "name:en": "QDama", "name:zh": "钱大妈", "shop": "greengrocer", "osm_id": "node/13661267839", "category": "office", "category_hint": "office", "type": "greengrocer", "address": ""}}, {"type": "Feature", "geometry": {"type": "Point", "coordinates": [113.3206046, 23.0812389]}, "properties": {"amenity": "cafe", "brand": "瑞幸咖啡", "brand:en": "Luckin Coffee", "brand:wikidata": "Q56811344", "brand:zh": "瑞幸咖啡", "cuisine": "coffee_shop", "name": "瑞幸咖啡", "name:en": "Luckin Coffee", "name:zh": "瑞幸咖啡", "takeaway": "yes", "osm_id": "node/13661267840", "category": "office", "category_hint": "office", "type": "cafe", "address": ""}}, {"type": "Feature", "geometry": {"type": "Point", "coordinates": [113.3110539, 23.0919497]}, "properties": {"amenity": "cafe", "brand": "库迪咖啡", "brand:en": "Cotti Coffee", "brand:wikidata": "Q123370986", "brand:zh": "库迪咖啡", "cuisine": "coffee_shop", "name": "库迪咖啡", "name:en": "Cotti Coffee", "name:zh": "库迪咖啡", "takeaway": "yes", "osm_id": "node/13661267841", "category": "office", "category_hint": "office", "type": "cafe", "address": ""}}, {"type": "Feature", "geometry": {"type": "Point", "coordinates": [113.3246805, 23.0984933]}, "properties": {"amenity": "cafe", "cuisine": "bubble_tea", "name": "丘大叔", "osm_id": "node/13661267843", "category": "office", "category_hint": "office", "type": "cafe", "address": ""}}, {"type": "Feature", "geometry": {"type": "Point", "coordinates": [113.3250751, 23.0984656]}, "properties": {"amenity": "cafe", "brand": "蜜雪冰城", "brand:en": "Mixue Ice Cream & Tea", "brand:wikidata": "Q107406476", "brand:zh": "蜜雪冰城", "brand:zh-Latn-pinyin": "Mìxuě Bīngchéng", "cuisine": "ice_cream;bubble_tea", "name": "蜜雪冰城", "name:en": "Mixue Ice Cream & Tea", "name:zh": "蜜雪冰城", "name:zh-Latn-pinyin": "Mìxuě Bīngchéng", "takeaway": "yes", "osm_id": "node/13661267844", "category": "office", "category_hint": "office", "type": "cafe", "address": ""}}, {"type": "Feature", "geometry": {"type": "Point", "coordinates": [113.3072578, 23.0778924]}, "properties": {"name": "小米汽车", "shop": "car", "osm_id": "node/13692237196", "category": "office", "category_hint": "office", "type": "car", "address": ""}}, {"type": "Feature", "geometry": {"type": "Point", "coordinates": [113.3074808, 23.0784817]}, "properties": {"name": "极氪空间", "shop": "car", "osm_id": "node/13692237197", "category": "office", "category_hint": "office", "type": "car", "address": ""}}, {"type": "Feature", "geometry": {"type": "Point", "coordinates": [113.3070887, 23.0764991]}, "properties": {"name": "东风本田汽车", "shop": "car", "osm_id": "node/13692243804", "category": "office", "category_hint": "office", "type": "car", "address": ""}}, {"type": "Feature", "geometry": {"type": "Point", "coordinates": [113.3078992, 23.0753155]}, "properties": {"name": "方程豹汽车", "shop": "car", "osm_id": "node/13692243819", "category": "office", "category_hint": "office", "type": "car", "address": ""}}, {"type": "Feature", "geometry": {"type": "Point", "coordinates": [113.3191167, 23.1057736]}, "properties": {"name": "华为旗舰店", "shop": "mobile_phone", "osm_id": "node/13695546859", "category": "office", "category_hint": "office", "type": "mobile_phone", "address": ""}}, {"type": "Feature", "geometry": {"type": "Point", "coordinates": [113.3338091, 23.0834086]}, "properties": {"name": "喜市多", "shop": "convenience", "osm_id": "node/13704959740", "category": "office", "category_hint": "office", "type": "convenience", "address": ""}}, {"type": "Feature", "geometry": {"type": "Point", "coordinates": [113.3031256, 23.1029127]}, "properties": {"name": "王朝广场", "shop": "mall", "osm_id": "node/13741817040", "category": "office", "category_hint": "office", "type": "mall", "address": ""}}, {"type": "Feature", "geometry": {"type": "Point", "coordinates": [113.3030806, 23.1026215]}, "properties": {"brand": "7-Eleven", "brand:wikidata": "Q259340", "name": "7-Eleven", "shop": "convenience", "osm_id": "node/13741817042", "category": "office", "category_hint": "office", "type": "convenience", "address": ""}}, {"type": "Feature", "geometry": {"type": "Point", "coordinates": [113.3044303, 23.1051923]}, "properties": {"amenity": "bank", "brand": "平安银行", "brand:en": "Ping An Bank", "brand:wikidata": "Q7195659", "brand:zh": "平安银行", "name": "平安银行", "name:en": "Ping An Bank", "name:zh": "平安银行", "osm_id": "node/13741817043", "category": "office", "category_hint": "office", "type": "bank", "address": ""}}, {"type": "Feature", "geometry": {"type": "Point", "coordinates": [113.304674, 23.1051961]}, "properties": {"amenity": "bank", "brand": "广发银行", "brand:en": "China Guangfa Bank", "brand:wikidata": "Q3118744", "brand:zh": "广发银行", "name": "广发银行", "name:en": "China Guangfa Bank", "name:zh": "广发银行", "osm_id": "node/13741817044", "category": "office", "category_hint": "office", "type": "bank", "address": ""}}, {"type": "Feature", "geometry": {"type": "Point", "coordinates": [113.3048139, 23.1052225]}, "properties": {"amenity": "bank", "brand": "中国银行", "brand:en": "Bank of China", "brand:wikidata": "Q790068", "brand:zh": "中国银行", "name": "中国银行", "name:en": "Bank of China", "name:zh": "中国银行", "osm_id": "node/13741817045", "category": "office", "category_hint": "office", "type": "bank", "address": ""}}, {"type": "Feature", "geometry": {"type": "Point", "coordinates": [113.3141994, 23.0895378]}, "properties": {"amenity": "bank", "brand": "中国邮政储蓄银行", "brand:en": "Postal Savings Bank of China", "brand:wikidata": "Q986744", "brand:zh": "中国邮政储蓄银行", "name": "中国邮政储蓄银行", "name:en": "Postal Savings Bank of China", "name:zh": "中国邮政储蓄银行", "osm_id": "node/13744070594", "category": "office", "category_hint": "office", "type": "bank", "address": ""}}, {"type": "Feature", "geometry": {"type": "Point", "coordinates": [113.3115025, 23.0919594]}, "properties": {"amenity": "cafe", "brand": "蜜雪冰城", "brand:en": "Mixue Ice Cream & Tea", "brand:wikidata": "Q107406476", "brand:zh": "蜜雪冰城", "brand:zh-Latn-pinyin": "Mìxuě Bīngchéng", "cuisine": "ice_cream;bubble_tea", "name": "蜜雪冰城", "name:en": "Mixue Ice Cream & Tea", "name:zh": "蜜雪冰城", "name:zh-Latn-pinyin": "Mìxuě Bīngchéng", "takeaway": "yes", "osm_id": "node/13744070595", "category": "office", "category_hint": "office", "type": "cafe", "address": ""}}, {"type": "Feature", "geometry": {"type": "Point", "coordinates": [113.3221544, 23.1038607]}, "properties": {"brand": "美宜佳", "brand:en": "Meiyijia", "brand:wikidata": "Q55719551", "brand:zh": "美宜佳", "name": "美宜佳", "name:en": "Meiyijia", "name:zh": "美宜佳", "shop": "convenience", "osm_id": "node/13779115919", "category": "office", "category_hint": "office", "type": "convenience", "address": ""}}, {"type": "Feature", "geometry": {"type": "Point", "coordinates": [113.3221205, 23.095785]}, "properties": {"brand": "7-Eleven", "brand:wikidata": "Q259340", "name": "7-Eleven", "shop": "convenience", "osm_id": "node/13785108152", "category": "office", "category_hint": "office", "type": "convenience", "address": ""}}, {"type": "Feature", "geometry": {"type": "Point", "coordinates": [113.3252208, 23.0984553]}, "properties": {"amenity": "cafe", "brand": "古茗", "brand:en": "Good me", "brand:wikidata": "Q101500324", "brand:zh": "古茗", "cuisine": "bubble_tea", "name": "古茗", "name:en": "Good me", "name:zh": "古茗", "takeaway": "yes", "osm_id": "node/13798024955", "category": "office", "category_hint": "office", "type": "cafe", "address": ""}}, {"type": "Feature", "geometry": {"type": "Point", "coordinates": [113.3035814, 23.1032863]}, "properties": {"air_conditioning": "yes", "amenity": "restaurant", "cuisine": "chinese", "diet:halal": "yes", "diet:vegan": "only", "diet:vegetarian": "only", "indoor_seating": "yes", "name": "悦食坊素食餐厅", "opening_hours": "Mo-Su 11:00-14:30,17:00-20:30", "outdoor_seating": "no", "phone": "+8617512943683", "smoking": "no", "wheelchair": "no", "osm_id": "node/13964747536", "category": "office", "category_hint": "office", "type": "restaurant", "address": ""}}, {"type": "Feature", "geometry": {"type": "Point", "coordinates": [113.3291992, 23.0922405]}, "properties": {"amenity": "bank", "brand": "中国建设银行", "brand:en": "China Construction Bank", "brand:wikidata": "Q26299", "brand:zh": "中国建设银行", "name": "中国建设银行", "name:en": "China Construction Bank", "name:zh": "中国建设银行", "osm_id": "node/13991146661", "category": "office", "category_hint": "office", "type": "bank", "address": ""}}, {"type": "Feature", "geometry": {"type": "Point", "coordinates": [113.3280783, 23.0935819]}, "properties": {"amenity": "bank", "brand": "中国工商银行", "brand:en": "Industrial and Commercial Bank of China", "brand:wikidata": "Q26463", "brand:zh": "中国工商银行", "name": "中国工商银行", "name:en": "Industrial and Commercial Bank of China", "name:zh": "中国工商银行", "osm_id": "node/13991146663", "category": "office", "category_hint": "office", "type": "bank", "address": ""}}, {"type": "Feature", "geometry": {"type": "Point", "coordinates": [113.3287547, 23.0876757]}, "properties": {"amenity": "cafe", "brand": "瑞幸咖啡", "brand:en": "Luckin Coffee", "brand:wikidata": "Q56811344", "brand:zh": "瑞幸咖啡", "cuisine": "coffee_shop", "name": "瑞幸咖啡", "name:en": "Luckin Coffee", "name:zh": "瑞幸咖啡", "takeaway": "yes", "osm_id": "node/13991146666", "category": "office", "category_hint": "office", "type": "cafe", "address": ""}}, {"type": "Feature", "geometry": {"type": "Point", "coordinates": [113.2982106, 23.0838716]}, "properties": {"landuse": "commercial", "name": "海珠区人民法院", "osm_id": "way/262482953", "category": "office", "category_hint": "office", "type": "commercial", "address": ""}}, {"type": "Feature", "geometry": {"type": "Point", "coordinates": [113.2946437, 23.101766]}, "properties": {"addr:housenumber": "343", "building": "university", "name": "中山大学出版社", "name:en": "Sun Yat-sen Universty Press", "name:zh": "中山大学出版社", "office": "publisher", "website": "http://www.zsup.com.cn/", "wikidata": "Q97348553", "wikipedia": "zh:中山大学出版社", "osm_id": "way/301102110", "category": "office", "category_hint": "office", "type": "publisher", "address": ""}}, {"type": "Feature", "geometry": {"type": "Point", "coordinates": [113.2972965, 23.1025048]}, "properties": {"addr:housenumber": "357", "amenity": "restaurant", "building": "university", "name": "学生饭堂", "name:en": "Student Cafeteria", "name:zh": "学生饭堂", "osm_id": "way/301319434", "category": "office", "category_hint": "office", "type": "restaurant", "address": ""}}, {"type": "Feature", "geometry": {"type": "Point", "coordinates": [113.3197406, 23.101453]}, "properties": {"landuse": "commercial", "name": "T.I.T创意园", "name:zh": "T.I.T创意园", "osm_id": "way/302256782", "category": "office", "category_hint": "office", "type": "commercial", "address": ""}}, {"type": "Feature", "geometry": {"type": "Point", "coordinates": [113.2920611, 23.0887985]}, "properties": {"landuse": "commercial", "name": "九洲轻纺广场", "osm_id": "way/302265926", "category": "office", "category_hint": "office", "type": "commercial", "address": ""}}, {"type": "Feature", "geometry": {"type": "Point", "coordinates": [113.3135099, 23.1042681]}, "properties": {"addr:city": "广州市", "addr:district": "海珠区", "addr:housenumber": "36", "addr:postcode": "510310", "addr:province": "广东省", "addr:street": "友和路", "consulate": "consulate_general", "country": "TH", "diplomatic": "consulate", "name": "泰国驻广州领事馆", "name:en": "Royal Thai Consulate-General,Guangzhou", "name:th": "สถานเอกอัครราชทูต ณ กรุงปักกิ่ง", "name:zh": "泰国驻广州总领事馆", "office": "diplomatic", "phone": "+86 20 8385 8988", "target": "CN", "website": "https://www.thaiembassy.org/guangzhou", "osm_id": "way/369922820", "category": "office", "category_hint": "office", "type": "diplomatic", "address": ""}}, {"type": "Feature", "geometry": {"type": "Point", "coordinates": [113.3160255, 23.0983947]}, "properties": {"building": "yes", "building:levels": "3", "name": "丽影广场B区", "name:en": "Living Mall", "name:zh": "丽影广场B区", "shop": "mall", "osm_id": "way/369922823", "category": "office", "category_hint": "office", "type": "mall", "address": ""}}, {"type": "Feature", "geometry": {"type": "Point", "coordinates": [113.3353142, 23.1016484]}, "properties": {"building": "yes", "government": "administrative", "name": "广州市农产品质量安全监督检测中心", "office": "government", "osm_id": "way/399255846", "category": "office", "category_hint": "office", "type": "government", "address": ""}}, {"type": "Feature", "geometry": {"type": "Point", "coordinates": [113.3373336, 23.1006292]}, "properties": {"addr:city": "广州市", "addr:district": "海珠区", "addr:housenumber": "148号", "addr:province": "广东省", "addr:street": "新港东路", "landuse": "commercial", "name": "环球贸易中心", "name:zh": "环球贸易中心", "osm_id": "way/399255848", "category": "office", "category_hint": "office", "type": "commercial", "address": ""}}, {"type": "Feature", "geometry": {"type": "Point", "coordinates": [113.334256, 23.1175625]}, "properties": {"landuse": "commercial", "name": "广粤天地", "name:en": "The Canton Place", "name:zh": "广粤天地", "osm_id": "way/411044291", "category": "office", "category_hint": "office", "type": "commercial", "address": ""}}, {"type": "Feature", "geometry": {"type": "Point", "coordinates": [113.3158231, 23.1082904]}, "properties": {"landuse": "commercial", "name": "广州国际媒体港", "name:en": "Canton International Media Harbour", "name:zh": "广州国际媒体港", "wikipedia": "zh-yue:廣州國際媒體港", "osm_id": "way/425043686", "category": "office", "category_hint": "office", "type": "commercial", "address": ""}}, {"type": "Feature", "geometry": {"type": "Point", "coordinates": [113.3082371, 23.1165519]}, "properties": {"landuse": "commercial", "name": "华美达酒店", "name:zh": "华美达酒店", "osm_id": "way/427564716", "category": "office", "category_hint": "office", "type": "commercial", "address": ""}}, {"type": "Feature", "geometry": {"type": "Point", "coordinates": [113.3189967, 23.1000693]}, "properties": {"amenity": "restaurant", "building": "yes", "osm_id": "way/475115788", "name": "", "category": "office", "category_hint": "office", "type": "restaurant", "address": ""}}, {"type": "Feature", "geometry": {"type": "Point", "coordinates": [113.3142271, 23.1041501]}, "properties": {"addr:city": "广州市", "addr:district": "海珠区", "addr:housenumber": "18", "addr:postcode": "510310", "addr:province": "广东省", "addr:street": "友邻三路", "consulate": "consulate_general", "country": "KR", "diplomatic": "consulate", "name": "韩国驻广州总领事馆", "name:en": "Consulate General of the Republic of Korea in Guangzhou", "name:ko": "주 광저우 대한민국 총영사관", "name:zh": "韩国驻广州总领事馆", "office": "diplomatic", "opening_hours": "Mo-Fr 09:00-17:00", "phone": "+86 20 2919 2999", "target": "CN", "website": "http://overseas.mofa.go.kr/cn-guangzhou-zh/index.do", "osm_id": "way/496714376", "category": "office", "category_hint": "office", "type": "diplomatic", "address": ""}}, {"type": "Feature", "geometry": {"type": "Point", "coordinates": [113.290097, 23.1161315]}, "properties": {"landuse": "commercial", "name": "珠岛宾馆", "name:en": "Zhudao Guest House", "name:zh": "珠岛宾馆", "osm_id": "way/501197101", "category": "office", "category_hint": "office", "type": "commercial", "address": ""}}, {"type": "Feature", "geometry": {"type": "Point", "coordinates": [113.2956676, 23.0860943]}, "properties": {"landuse": "commercial", "name": "珠江国际轻纺城", "osm_id": "way/520518508", "category": "office", "category_hint": "office", "type": "commercial", "address": ""}}, {"type": "Feature", "geometry": {"type": "Point", "coordinates": [113.2933237, 23.0816289]}, "properties": {"landuse": "commercial", "name": "鸿洲国际轻纺城", "name:zh": "鸿洲国际轻纺城", "osm_id": "way/541820127", "category": "office", "category_hint": "office", "type": "commercial", "address": ""}}, {"type": "Feature", "geometry": {"type": "Point", "coordinates": [113.3145219, 23.0983615]}, "properties": {"building": "yes", "building:levels": "3", "name": "丽影广场C区", "name:zh": "丽影广场C区", "shop": "mall", "osm_id": "way/543819176", "category": "office", "category_hint": "office", "type": "mall", "address": ""}}, {"type": "Feature", "geometry": {"type": "Point", "coordinates": [113.3157847, 23.0973997]}, "properties": {"landuse": "commercial", "name": "珠影星光城", "name:zh": "珠影星光城", "osm_id": "way/547540867", "category": "office", "category_hint": "office", "type": "commercial", "address": ""}}, {"type": "Feature", "geometry": {"type": "Point", "coordinates": [113.3393608, 23.0791872]}, "properties": {"landuse": "commercial", "name": "时代·方洲", "osm_id": "way/601233339", "category": "office", "category_hint": "office", "type": "commercial", "address": ""}}, {"type": "Feature", "geometry": {"type": "Point", "coordinates": [113.3158555, 23.0971859]}, "properties": {"building": "commercial", "building:levels": "3", "layer": "1", "shop": "mall", "osm_id": "way/614761457", "name": "", "category": "office", "category_hint": "office", "type": "mall", "address": ""}}, {"type": "Feature", "geometry": {"type": "Point", "coordinates": [113.3013877, 23.0973633]}, "properties": {"building": "yes", "building:levels": "15", "name": "广东省卫生监督所", "office": "government", "osm_id": "way/616908873", "category": "office", "category_hint": "office", "type": "government", "address": ""}}, {"type": "Feature", "geometry": {"type": "Point", "coordinates": [113.3014197, 23.0971641]}, "properties": {"landuse": "commercial", "website": "http://gdwsjd.gd.gov.cn/", "osm_id": "way/616908874", "name": "", "category": "office", "category_hint": "office", "type": "commercial", "address": ""}}, {"type": "Feature", "geometry": {"type": "Point", "coordinates": [113.3128373, 23.0992752]}, "properties": {"building": "yes", "name": "国家海洋局南海分局", "office": "government", "osm_id": "way/662596336", "category": "office", "category_hint": "office", "type": "government", "address": ""}}, {"type": "Feature", "geometry": {"type": "Point", "coordinates": [113.3159844, 23.1003348]}, "properties": {"amenity": "research_institute", "landuse": "commercial", "name": "中国电子科技集团公司第七研究所", "osm_id": "way/662596338", "category": "office", "category_hint": "office", "type": "research_institute", "address": ""}}, {"type": "Feature", "geometry": {"type": "Point", "coordinates": [113.3232206, 23.1168015]}, "properties": {"landuse": "commercial", "osm_id": "way/662685549", "name": "", "category": "office", "category_hint": "office", "type": "commercial", "address": ""}}, {"type": "Feature", "geometry": {"type": "Point", "coordinates": [113.3264047, 23.1173692]}, "properties": {"landuse": "retail", "name": "猎人坊", "osm_id": "way/662685551", "category": "office", "category_hint": "office", "type": "retail", "address": ""}}, {"type": "Feature", "geometry": {"type": "Point", "coordinates": [113.326811, 23.1167057]}, "properties": {"landuse": "commercial", "name": "天德广场", "name:en": "Tiande Centre", "name:zh": "天德广场", "osm_id": "way/662685552", "category": "office", "category_hint": "office", "type": "commercial", "address": ""}}, {"type": "Feature", "geometry": {"type": "Point", "coordinates": [113.2955479, 23.0822499]}, "properties": {"landuse": "commercial", "name": "中大布匹市场", "name:en": "Zhongda Cloth Market", "osm_id": "way/663255159", "category": "office", "category_hint": "office", "type": "commercial", "address": ""}}, {"type": "Feature", "geometry": {"type": "Point", "coordinates": [113.291556, 23.0858175]}, "properties": {"landuse": "commercial", "name": "广州长江(中国)轻纺城北区", "osm_id": "way/663255160", "category": "office", "category_hint": "office", "type": "commercial", "address": ""}}, {"type": "Feature", "geometry": {"type": "Point", "coordinates": [113.2929132, 23.0912348]}, "properties": {"landuse": "commercial", "name": "广州国际轻纺城", "osm_id": "way/663255165", "category": "office", "category_hint": "office", "type": "commercial", "address": ""}}, {"type": "Feature", "geometry": {"type": "Point", "coordinates": [113.2934575, 23.0876112]}, "properties": {"landuse": "commercial", "name": "银岭轻纺广场", "osm_id": "way/663255168", "category": "office", "category_hint": "office", "type": "commercial", "address": ""}}, {"type": "Feature", "geometry": {"type": "Point", "coordinates": [113.2986597, 23.0962807]}, "properties": {"amenity": "research_institute", "landuse": "commercial", "name": "中国科学院南海海洋研究所", "osm_id": "way/663255176", "category": "office", "category_hint": "office", "type": "research_institute", "address": ""}}, {"type": "Feature", "geometry": {"type": "Point", "coordinates": [113.3214279, 23.0994082]}, "properties": {"addr:housenumber": "475", "addr:street": "新港中路", "amenity": "marketplace", "building": "retail", "building:levels": "2", "name": "新港综合城", "roof:levels": "0", "osm_id": "way/679031544", "category": "office", "category_hint": "office", "type": "marketplace", "address": ""}}, {"type": "Feature", "geometry": {"type": "Point", "coordinates": [113.3215258, 23.1009818]}, "properties": {"addr:city": "赤岗街道", "addr:street": "赤岗北路", "building:levels": "9", "check_date": "2024-11-10", "name": "南区供水分公司", "name:yue-Hant": "南區供水分公司", "office": "water_utility", "opening_hours": "Mo-Fr 08:30-18:00; Sa,Su 09:00-15:30", "operator": "广州市自来水公司", "roof:levels": "0", "osm_id": "way/679031550", "category": "office", "category_hint": "office", "type": "water_utility", "address": ""}}, {"type": "Feature", "geometry": {"type": "Point", "coordinates": [113.3224173, 23.1028448]}, "properties": {"addr:housenumber": "118", "addr:street": "赤岗北路", "building": "commercial", "name": "四季天地 1期", "opening_hours": "Mo-Su,PH 10:00-22:00", "shop": "mall", "toilets": "yes", "osm_id": "way/679032623", "category": "office", "category_hint": "office", "type": "mall", "address": ""}}, {"type": "Feature", "geometry": {"type": "Point", "coordinates": [113.3222917, 23.103887]}, "properties": {"building": "commercial", "name": "四季天地 2期", "shop": "mall", "osm_id": "way/679032624", "category": "office", "category_hint": "office", "type": "mall", "address": ""}}, {"type": "Feature", "geometry": {"type": "Point", "coordinates": [113.3341212, 23.0829029]}, "properties": {"landuse": "commercial", "name": "岭南创意园", "osm_id": "way/681960944", "category": "office", "category_hint": "office", "type": "commercial", "address": ""}}, {"type": "Feature", "geometry": {"type": "Point", "coordinates": [113.3157238, 23.0925144]}, "properties": {"landuse": "commercial", "name": "杨协成时尚工场", "osm_id": "way/682019592", "category": "office", "category_hint": "office", "type": "commercial", "address": ""}}, {"type": "Feature", "geometry": {"type": "Point", "coordinates": [113.337108, 23.1052727]}, "properties": {"landuse": "commercial", "name": "宝地广场", "osm_id": "way/699668730", "category": "office", "category_hint": "office", "type": "commercial", "address": ""}}, {"type": "Feature", "geometry": {"type": "Point", "coordinates": [113.2969682, 23.110564]}, "properties": {"landuse": "retail", "name": "文立方", "name:en": "MAN LAP FONG", "name:zh": "文立方", "operator": "广东晴波投资有限公司", "osm_id": "way/719550435", "category": "office", "category_hint": "office", "type": "retail", "address": ""}}, {"type": "Feature", "geometry": {"type": "Point", "coordinates": [113.3119295, 23.0772503]}, "properties": {"landuse": "commercial", "name": "海珠同创汇", "osm_id": "way/748709145", "category": "office", "category_hint": "office", "type": "commercial", "address": ""}}, {"type": "Feature", "geometry": {"type": "Point", "coordinates": [113.2964754, 23.1025477]}, "properties": {"amenity": "restaurant", "building": "yes", "building:levels": "5", "elevator": "yes", "name": "松涛园", "name:zh": "松涛园", "opening_hours:signed": "no", "toilets": "yes", "toilets:wheelchair": "yes", "osm_id": "way/947167551", "category": "office", "category_hint": "office", "type": "restaurant", "address": ""}}, {"type": "Feature", "geometry": {"type": "Point", "coordinates": [113.3025172, 23.1022224]}, "properties": {"amenity": "marketplace", "building": "retail", "osm_id": "way/947179430", "name": "", "category": "office", "category_hint": "office", "type": "marketplace", "address": ""}}, {"type": "Feature", "geometry": {"type": "Point", "coordinates": [113.3022648, 23.1038809]}, "properties": {"addr:housenumber": "金豪嘉苑1-2层", "addr:street": "上渡路", "building": "commercial", "building:levels": "2", "name": "金豪商场", "opening_hours": "Mo-Su 10:00-22:00", "shop": "mall", "osm_id": "way/947185916", "category": "office", "category_hint": "office", "type": "mall", "address": ""}}, {"type": "Feature", "geometry": {"type": "Point", "coordinates": [113.3077076, 23.0987421]}, "properties": {"building": "retail", "building:levels": "3", "shop": "mall", "osm_id": "way/978495850", "name": "", "category": "office", "category_hint": "office", "type": "mall", "address": ""}}, {"type": "Feature", "geometry": {"type": "Point", "coordinates": [113.3070439, 23.098703]}, "properties": {"building": "retail", "building:levels": "3", "shop": "mall", "osm_id": "way/978495852", "name": "", "category": "office", "category_hint": "office", "type": "mall", "address": ""}}, {"type": "Feature", "geometry": {"type": "Point", "coordinates": [113.3014695, 23.1061715]}, "properties": {"landuse": "commercial", "name": "江·1984创意园", "osm_id": "way/991668338", "category": "office", "category_hint": "office", "type": "commercial", "address": ""}}, {"type": "Feature", "geometry": {"type": "Point", "coordinates": [113.3082369, 23.085988]}, "properties": {"building": "retail", "building:levels": "10", "name": "海珠万达广场", "shop": "mall", "osm_id": "way/1013645591", "category": "office", "category_hint": "office", "type": "mall", "address": ""}}, {"type": "Feature", "geometry": {"type": "Point", "coordinates": [113.3085156, 23.0860507]}, "properties": {"landuse": "commercial", "name": "万达广场", "osm_id": "way/1017356230", "category": "office", "category_hint": "office", "type": "commercial", "address": ""}}, {"type": "Feature", "geometry": {"type": "Point", "coordinates": [113.3082251, 23.0875017]}, "properties": {"building": "retail", "building:levels": "9", "name": "合生广场南区", "shop": "mall", "osm_id": "way/1017356231", "category": "office", "category_hint": "office", "type": "mall", "address": ""}}, {"type": "Feature", "geometry": {"type": "Point", "coordinates": [113.3086733, 23.0879904]}, "properties": {"landuse": "commercial", "name": "合生广场", "osm_id": "way/1017356234", "category": "office", "category_hint": "office", "type": "commercial", "address": ""}}, {"type": "Feature", "geometry": {"type": "Point", "coordinates": [113.3068852, 23.0875041]}, "properties": {"landuse": "commercial", "osm_id": "way/1017356236", "name": "", "category": "office", "category_hint": "office", "type": "commercial", "address": ""}}, {"type": "Feature", "geometry": {"type": "Point", "coordinates": [113.3063725, 23.0866727]}, "properties": {"landuse": "commercial", "name": "海珠米立方", "osm_id": "way/1017356241", "category": "office", "category_hint": "office", "type": "commercial", "address": ""}}, {"type": "Feature", "geometry": {"type": "Point", "coordinates": [113.3084965, 23.0885862]}, "properties": {"building": "retail", "building:levels": "10", "name": "合生广场北区", "shop": "mall", "osm_id": "way/1136345381", "category": "office", "category_hint": "office", "type": "mall", "address": ""}}, {"type": "Feature", "geometry": {"type": "Point", "coordinates": [113.3198129, 23.0824457]}, "properties": {"amenity": "marketplace", "name": "聚隆市场", "osm_id": "way/1137590304", "category": "office", "category_hint": "office", "type": "marketplace", "address": ""}}, {"type": "Feature", "geometry": {"type": "Point", "coordinates": [113.3208503, 23.0864189]}, "properties": {"landuse": "commercial", "name": "聚德汇", "osm_id": "way/1137834931", "category": "office", "category_hint": "office", "type": "commercial", "address": ""}}, {"type": "Feature", "geometry": {"type": "Point", "coordinates": [113.3141907, 23.0855157]}, "properties": {"amenity": "marketplace", "name": "新红风综合市场", "osm_id": "way/1145562292", "category": "office", "category_hint": "office", "type": "marketplace", "address": ""}}, {"type": "Feature", "geometry": {"type": "Point", "coordinates": [113.3242988, 23.0895646]}, "properties": {"landuse": "commercial", "name": "UP+智谷", "osm_id": "way/1145572544", "category": "office", "category_hint": "office", "type": "commercial", "address": ""}}, {"type": "Feature", "geometry": {"type": "Point", "coordinates": [113.3235674, 23.082064]}, "properties": {"landuse": "commercial", "name": "龙腾18电子商务产业园", "osm_id": "way/1149633507", "category": "office", "category_hint": "office", "type": "commercial", "address": ""}}, {"type": "Feature", "geometry": {"type": "Point", "coordinates": [113.3380526, 23.0773307]}, "properties": {"building": "yes", "name": "树根互联股份有限公司", "office": "company", "osm_id": "way/1214445801", "category": "office", "category_hint": "office", "type": "company", "address": ""}}, {"type": "Feature", "geometry": {"type": "Point", "coordinates": [113.2965085, 23.0838145]}, "properties": {"landuse": "commercial", "name": "合创中心", "osm_id": "way/1256555309", "category": "office", "category_hint": "office", "type": "commercial", "address": ""}}, {"type": "Feature", "geometry": {"type": "Point", "coordinates": [113.2916166, 23.083891]}, "properties": {"landuse": "commercial", "name": "广州长江(中国)轻纺城南区", "osm_id": "way/1256555311", "category": "office", "category_hint": "office", "type": "commercial", "address": ""}}, {"type": "Feature", "geometry": {"type": "Point", "coordinates": [113.2931124, 23.0857095]}, "properties": {"landuse": "commercial", "name": "康盛北区", "osm_id": "way/1256555313", "category": "office", "category_hint": "office", "type": "commercial", "address": ""}}, {"type": "Feature", "geometry": {"type": "Point", "coordinates": [113.2935723, 23.0859973]}, "properties": {"landuse": "commercial", "name": "新联纺织城", "osm_id": "way/1256555314", "category": "office", "category_hint": "office", "type": "commercial", "address": ""}}, {"type": "Feature", "geometry": {"type": "Point", "coordinates": [113.3095671, 23.076077]}, "properties": {"landuse": "commercial", "name": "广州创投小镇", "osm_id": "way/1258093465", "category": "office", "category_hint": "office", "type": "commercial", "address": ""}}, {"type": "Feature", "geometry": {"type": "Point", "coordinates": [113.324967, 23.0843681]}, "properties": {"landuse": "commercial", "name": "海珠·瑞谷科创园", "name:zh": "海珠·瑞谷科创园", "osm_id": "way/1280620759", "category": "office", "category_hint": "office", "type": "commercial", "address": ""}}, {"type": "Feature", "geometry": {"type": "Point", "coordinates": [113.312153, 23.090827]}, "properties": {"amenity": "marketplace", "name": "新滘市场", "osm_id": "way/1301072858", "category": "office", "category_hint": "office", "type": "marketplace", "address": ""}}, {"type": "Feature", "geometry": {"type": "Point", "coordinates": [113.3169842, 23.0947578]}, "properties": {"landuse": "commercial", "name": "客村美食广场", "osm_id": "way/1303060957", "category": "office", "category_hint": "office", "type": "commercial", "address": ""}}, {"type": "Feature", "geometry": {"type": "Point", "coordinates": [113.3010941, 23.0984247]}, "properties": {"building": "retail", "name": "羊城秀艺术商业中心", "shop": "mall", "osm_id": "way/1304255340", "category": "office", "category_hint": "office", "type": "mall", "address": ""}}, {"type": "Feature", "geometry": {"type": "Point", "coordinates": [113.3188836, 23.0923885]}, "properties": {"landuse": "commercial", "name": "T.I.T汇智谷", "name:en": "T.I.T Inteligent United Industry Zone", "name:zh": "T.I.T汇智谷", "osm_id": "way/1306300787", "category": "office", "category_hint": "office", "type": "commercial", "address": ""}}, {"type": "Feature", "geometry": {"type": "Point", "coordinates": [113.3168058, 23.0894544]}, "properties": {"landuse": "commercial", "name": "桂新1956创意园", "osm_id": "way/1312466139", "category": "office", "category_hint": "office", "type": "commercial", "address": ""}}, {"type": "Feature", "geometry": {"type": "Point", "coordinates": [113.3137268, 23.0912249]}, "properties": {"landuse": "commercial", "name": "广州市海珠科技创业园", "osm_id": "way/1312991840", "category": "office", "category_hint": "office", "type": "commercial", "address": ""}}, {"type": "Feature", "geometry": {"type": "Point", "coordinates": [113.3303687, 23.1092876]}, "properties": {"landuse": "commercial", "osm_id": "way/1329544154", "name": "", "category": "office", "category_hint": "office", "type": "commercial", "address": ""}}, {"type": "Feature", "geometry": {"type": "Point", "coordinates": [113.334098, 23.1053086]}, "properties": {"landuse": "commercial", "name": "中国移动广州信息大厦", "osm_id": "way/1329544340", "category": "office", "category_hint": "office", "type": "commercial", "address": ""}}, {"type": "Feature", "geometry": {"type": "Point", "coordinates": [113.3365436, 23.1097981]}, "properties": {"amenity": "restaurant", "building": "yes", "layer": "1", "osm_id": "way/1414032372", "name": "", "category": "office", "category_hint": "office", "type": "restaurant", "address": ""}}, {"type": "Feature", "geometry": {"type": "Point", "coordinates": [113.3350502, 23.1102013]}, "properties": {"amenity": "restaurant", "building": "yes", "layer": "1", "osm_id": "way/1414108622", "name": "", "category": "office", "category_hint": "office", "type": "restaurant", "address": ""}}, {"type": "Feature", "geometry": {"type": "Point", "coordinates": [113.3224261, 23.1033685]}, "properties": {"landuse": "retail", "name": "四季天地", "shop": "mall", "osm_id": "way/1458929951", "category": "office", "category_hint": "office", "type": "mall", "address": ""}}, {"type": "Feature", "geometry": {"type": "Point", "coordinates": [113.3208307, 23.1038145]}, "properties": {"landuse": "commercial", "osm_id": "way/1459089349", "name": "", "category": "office", "category_hint": "office", "type": "commercial", "address": ""}}, {"type": "Feature", "geometry": {"type": "Point", "coordinates": [113.3324406, 23.0998677]}, "properties": {"landuse": "commercial", "name": "A+琶洲创新港", "osm_id": "way/1478741217", "category": "office", "category_hint": "office", "type": "commercial", "address": ""}}, {"type": "Feature", "geometry": {"type": "Point", "coordinates": [113.2972436, 23.0835449]}, "properties": {"building": "yes", "name": "思亲楼", "shop": "funeral_directors", "osm_id": "way/1490904613", "category": "office", "category_hint": "office", "type": "funeral_directors", "address": ""}}, {"type": "Feature", "geometry": {"type": "Point", "coordinates": [113.2964275, 23.0837898]}, "properties": {"building": "retail", "name": "海珠合生新天地", "shop": "mall", "osm_id": "way/1490904614", "category": "office", "category_hint": "office", "type": "mall", "address": ""}}, {"type": "Feature", "geometry": {"type": "Point", "coordinates": [113.3191178, 23.1065626]}, "properties": {"landuse": "retail", "name": "广州塔广场", "shop": "mall", "osm_id": "way/1494631333", "category": "office", "category_hint": "office", "type": "mall", "address": ""}}, {"type": "Feature", "geometry": {"type": "Point", "coordinates": [113.3256402, 23.084451]}, "properties": {"landuse": "commercial", "name": "欣·乐园", "osm_id": "way/1498113402", "category": "office", "category_hint": "office", "type": "commercial", "address": ""}}, {"type": "Feature", "geometry": {"type": "Point", "coordinates": [113.3200733, 23.1157728]}, "properties": {"amenity": "police", "osm_id": "node/5110613815", "name": "", "category": "institution", "category_hint": "institution", "type": "police", "address": ""}}, {"type": "Feature", "geometry": {"type": "Point", "coordinates": [113.302403, 23.100403]}, "properties": {"amenity": "library", "name": "图书馆", "name:en": "Library", "name:zh": "图书馆", "osm_id": "node/5230027710", "category": "institution", "category_hint": "institution", "type": "library", "address": ""}}, {"type": "Feature", "geometry": {"type": "Point", "coordinates": [113.322093, 23.0993256]}, "properties": {"amenity": "police", "name": "海珠区保安服务公司驻赤岗中队", "osm_id": "node/6357999328", "category": "institution", "category_hint": "institution", "type": "police", "address": ""}}, {"type": "Feature", "geometry": {"type": "Point", "coordinates": [113.2918987, 23.0929043]}, "properties": {"amenity": "police", "name": "新港派出所", "osm_id": "node/6566299379", "category": "institution", "category_hint": "institution", "type": "police", "address": ""}}, {"type": "Feature", "geometry": {"type": "Point", "coordinates": [113.3165703, 23.114792]}, "properties": {"amenity": "fire_station", "osm_id": "node/9906173097", "name": "", "category": "institution", "category_hint": "institution", "type": "fire_station", "address": ""}}, {"type": "Feature", "geometry": {"type": "Point", "coordinates": [113.3370845, 23.100617]}, "properties": {"addr:city": "广州市", "addr:district": "海珠区", "addr:postcode": "510310", "addr:province": "广东省", "addr:street": "新港东路", "amenity": "courthouse", "name": "广州互联网法院", "phone": "+86 20 3195 0526", "start_date": "2018-09-28", "website": "https://gzinternetcourt.gov.cn/", "wikidata": "Q56167271", "wikipedia": "zh:广州互联网法院", "osm_id": "node/9979278461", "category": "institution", "category_hint": "institution", "type": "courthouse", "address": ""}}, {"type": "Feature", "geometry": {"type": "Point", "coordinates": [113.3148913, 23.0895748]}, "properties": {"amenity": "police", "name": "江海派出所", "osm_id": "node/11101196485", "category": "institution", "category_hint": "institution", "type": "police", "address": ""}}, {"type": "Feature", "geometry": {"type": "Point", "coordinates": [113.3337481, 23.090592]}, "properties": {"amenity": "school", "education": "school", "name": "海珠小学", "osm_id": "node/11148471582", "category": "institution", "category_hint": "institution", "type": "school", "address": ""}}, {"type": "Feature", "geometry": {"type": "Point", "coordinates": [113.3230748, 23.0926206]}, "properties": {"amenity": "kindergarten", "education": "kindergarten", "name": "赤岗幼儿园", "osm_id": "node/11938827501", "category": "institution", "category_hint": "institution", "type": "kindergarten", "address": ""}}, {"type": "Feature", "geometry": {"type": "Point", "coordinates": [113.3021129, 23.0984723]}, "properties": {"amenity": "police", "name": "鹭江站派出所", "osm_id": "node/12078409363", "category": "institution", "category_hint": "institution", "type": "police", "address": ""}}, {"type": "Feature", "geometry": {"type": "Point", "coordinates": [113.3180957, 23.1005455]}, "properties": {"amenity": "hospital", "branch": "客村门诊部", "healthcare": "hospital", "name": "广州医科大学附属口腔医院", "osm_id": "node/13380324405", "category": "institution", "category_hint": "institution", "type": "hospital", "address": ""}}, {"type": "Feature", "geometry": {"type": "Point", "coordinates": [113.3027294, 23.0903851]}, "properties": {"amenity": "hospital", "healthcare": "hospital", "name": "天博医院", "osm_id": "node/13430435417", "category": "institution", "category_hint": "institution", "type": "hospital", "address": ""}}, {"type": "Feature", "geometry": {"type": "Point", "coordinates": [113.3157857, 23.0879492]}, "properties": {"amenity": "kindergarten", "education": "kindergarten", "name": "江海街艺轩幼儿园", "osm_id": "node/13667753521", "category": "institution", "category_hint": "institution", "type": "kindergarten", "address": ""}}, {"type": "Feature", "geometry": {"type": "Point", "coordinates": [113.2984201, 23.0870846]}, "properties": {"addr:housename": "广州市海珠区芳盛街１０", "amenity": "school", "education": "school", "name": "逸景第一小学", "name:en": "Yijing No.1 Primary School", "name:zh": "逸景第一小学", "osm_id": "way/262482949", "category": "institution", "category_hint": "institution", "type": "school", "address": ""}}, {"type": "Feature", "geometry": {"type": "Point", "coordinates": [113.2981802, 23.0856534]}, "properties": {"amenity": "school", "education": "school", "name": "六中珠江中学(逸景校区)", "name:en": "Guangzhou Liuzhong Zhujiang Middle School (Yijing Campus)", "name:zh": "六中珠江中学(逸景校区)", "osm_id": "way/262482950", "category": "institution", "category_hint": "institution", "type": "school", "address": ""}}, {"type": "Feature", "geometry": {"type": "Point", "coordinates": [113.3282989, 23.0970879]}, "properties": {"addr:city": "广州市", "addr:housenumber": "466", "addr:postcode": "510317", "addr:street": "新港中路", "amenity": "hospital", "barrier": "wall", "emergency": "yes", "healthcare": "hospital", "name": "广东省第二人民医院", "name:en": "Guangdong No.2 Provincial People's Hospital", "name:zh": "广东省第二人民医院", "phone": "+86 20 8916 8114", "source": "http://www.gd2h.com/yygk/lcfb.html", "wheelchair": "yes", "wikidata": "Q18111664", "wikipedia": "zh:广东省第二人民医院", "osm_id": "way/297014565", "category": "institution", "category_hint": "institution", "type": "hospital", "address": ""}}, {"type": "Feature", "geometry": {"type": "Point", "coordinates": [113.2925062, 23.0995864]}, "properties": {"addr:city": "广州市", "addr:district": "海珠区", "addr:housenumber": "135", "addr:postcode": "510275", "addr:province": "广东省", "addr:street": "新港西路", "alt_name": "中山大学;康乐园", "alt_name:en": "Sun Yat-sen University", "alt_name:zh": "中山大学;康乐园", "alt_name:zh-Hant": "中山大學;康樂園", "amenity": "university", "barrier": "wall", "check_date": "2025-02-27", "education": "university", "internet_access": "yes", "internet_access:fee": "yes", "internet_access:ssid": "SYSU-SECURE", "name": "中山大学(广州校区南校园)", "name:en": "Sun Yat-sen University (Guangzhou South Campus)", "name:vi": "Đại học Trung Sơn (cơ sở phía Nam)", "name:zh": "中山大学(广州校区南校园)", "name:zh-Hans": "中山大学(广州校区南校园)", "name:zh-Hant": "中山大學(廣州校區南校園)", "old_name": "岭南大学", "old_name:zh": "岭南大学", "old_name:zh-Hant": "嶺南大學", "operator": "中山大学", "operator:type": "public", "short_name": "中大;中大南校", "short_name:en": "SYSU;SYSU South", "short_name:zh": "中大;中大南校", "website": "https://www.sysu.edu.cn/", "wikidata": "Q178972", "wikipedia": "zh:中山大学", "osm_id": "way/300917756", "category": "institution", "category_hint": "institution", "type": "university", "address": ""}}, {"type": "Feature", "geometry": {"type": "Point", "coordinates": [113.293197, 23.1029565]}, "properties": {"amenity": "library", "building": "university", "name": "伍舜德图书馆", "name:en": "S.T. Wu Library", "name:zh": "伍舜德图书馆", "osm_id": "way/300957338", "category": "institution", "category_hint": "institution", "type": "library", "address": ""}}, {"type": "Feature", "geometry": {"type": "Point", "coordinates": [113.2973564, 23.111558]}, "properties": {"addr:city": "广州市 Guangzhou", "addr:street": "烟雨南街", "amenity": "school", "education": "school", "name": "广州市越秀区育才实验学校", "name:en": "Guangzhou Yuexiu Yucai Experimental School", "name:zh": "广州市越秀区育才实验学校", "osm_id": "way/308688057", "category": "institution", "category_hint": "institution", "type": "school", "address": ""}}, {"type": "Feature", "geometry": {"type": "Point", "coordinates": [113.2980129, 23.1141506]}, "properties": {"amenity": "hospital", "healthcare": "hospital", "name": "广东省中医院二沙岛分院", "name:en": "Provincial Traditional Medical Hospital Ersha Island Branch", "name:zh": "广东省中医院二沙岛分院", "osm_id": "way/308688063", "category": "institution", "category_hint": "institution", "type": "hospital", "address": ""}}, {"type": "Feature", "geometry": {"type": "Point", "coordinates": [113.3003398, 23.099792]}, "properties": {"amenity": "hospital", "healthcare": "hospital", "name": "广东省职业病防治院", "name:en": "Guangdong Province Hospital for Occupational Disease Prevention and Treatment", "name:zh": "广东省职业病防治院", "osm_id": "way/321232743", "category": "institution", "category_hint": "institution", "type": "hospital", "address": ""}}, {"type": "Feature", "geometry": {"type": "Point", "coordinates": [113.2943058, 23.1125608]}, "properties": {"amenity": "school", "education": "school", "name": "广州市执信中学(二沙岛校区)", "name:en": "Guangzhou Zhixin Middle School (Ersha Island Campus)", "name:zh": "广州市执信中学(二沙岛校区)", "osm_id": "way/346562264", "category": "institution", "category_hint": "institution", "type": "school", "address": ""}}, {"type": "Feature", "geometry": {"type": "Point", "coordinates": [113.2926149, 23.1135216]}, "properties": {"amenity": "fire_station", "building": "yes", "osm_id": "way/347475515", "name": "", "category": "institution", "category_hint": "institution", "type": "fire_station", "address": ""}}, {"type": "Feature", "geometry": {"type": "Point", "coordinates": [113.298623, 23.1113931]}, "properties": {"amenity": "school", "education": "school", "name": "广州美国人国际学校", "name:en": "American International School of Guangzhou (AISG)", "name:zh": "广州美国人国际学校", "osm_id": "way/347798982", "category": "institution", "category_hint": "institution", "type": "school", "address": ""}}, {"type": "Feature", "geometry": {"type": "Point", "coordinates": [113.3118887, 23.0867747]}, "properties": {"amenity": "townhall", "building": "government", "building:levels": "6", "name": "海珠区人民政府", "roof:shape": "flat", "osm_id": "way/356210854", "category": "institution", "category_hint": "institution", "type": "townhall", "address": ""}}, {"type": "Feature", "geometry": {"type": "Point", "coordinates": [113.3141152, 23.0997782]}, "properties": {"amenity": "school", "education": "school", "name": "新港中路小学", "name:en": "Xingangzhonglu Primary School", "name:zh": "新港中路小学", "osm_id": "way/369922822", "category": "institution", "category_hint": "institution", "type": "school", "address": ""}}, {"type": "Feature", "geometry": {"type": "Point", "coordinates": [113.2878875, 23.112439]}, "properties": {"amenity": "college", "education": "college", "name": "广州体育学院(二沙校区)", "name:en": "Guangzhou Sport University (Ersha Campus)", "name:zh": "广州体育学院(二沙校区)", "osm_id": "way/394893674", "category": "institution", "category_hint": "institution", "type": "college", "address": ""}}, {"type": "Feature", "geometry": {"type": "Point", "coordinates": [113.3325454, 23.1005585]}, "properties": {"amenity": "kindergarten", "education": "kindergarten", "name": "金沙幼儿园", "name:zh": "金沙幼儿园", "osm_id": "way/399256373", "category": "institution", "category_hint": "institution", "type": "kindergarten", "address": ""}}, {"type": "Feature", "geometry": {"type": "Point", "coordinates": [113.3312374, 23.1009541]}, "properties": {"amenity": "fire_station", "barrier": "wall", "name": "广州市消防救援支队海珠区赤岗中队", "osm_id": "way/399256377", "category": "institution", "category_hint": "institution", "type": "fire_station", "address": ""}}, {"type": "Feature", "geometry": {"type": "Point", "coordinates": [113.3238796, 23.0954756]}, "properties": {"alt_name": "赤岗中学", "amenity": "school", "education": "school", "name": "广州市景中实验中学", "name:en": "Guangzhou Jingzhou Experimental Middle School", "name:zh": "广州市景中实验中学", "osm_id": "way/413894093", "category": "institution", "category_hint": "institution", "type": "school", "address": ""}}, {"type": "Feature", "geometry": {"type": "Point", "coordinates": [113.3252387, 23.0932109]}, "properties": {"amenity": "school", "education": "school", "name": "赤岗小学", "name:en": "Chigang Primary School", "name:zh": "赤岗小学", "osm_id": "way/474366997", "category": "institution", "category_hint": "institution", "type": "school", "address": ""}}, {"type": "Feature", "geometry": {"type": "Point", "coordinates": [113.3218448, 23.1139495]}, "properties": {"amenity": "fire_station", "building": "yes", "osm_id": "way/511475343", "name": "", "category": "institution", "category_hint": "institution", "type": "fire_station", "address": ""}}, {"type": "Feature", "geometry": {"type": "Point", "coordinates": [113.3116532, 23.1011964]}, "properties": {"amenity": "college", "education": "college", "name": "广东第二师范学院(海珠校区)", "name:en": "Guangzhou University Of Education (Haizhu Campus)", "name:zh": "广东第二师范学院(海珠校区)", "wikidata": "Q18653164", "wikimedia_commons": "Category:Guangdong University of Education", "wikipedia": "en:Guangdong Institute of Education", "osm_id": "way/511478563", "category": "institution", "category_hint": "institution", "type": "college", "address": ""}}, {"type": "Feature", "geometry": {"type": "Point", "coordinates": [113.3334652, 23.0883082]}, "properties": {"amenity": "college", "education": "college", "name": "海珠区社会主义学院", "osm_id": "way/519984848", "category": "institution", "category_hint": "institution", "type": "college", "address": ""}}, {"type": "Feature", "geometry": {"type": "Point", "coordinates": [113.3331036, 23.0867529]}, "properties": {"amenity": "college", "education": "college", "name": "海珠区教育发展中心", "osm_id": "way/519984850", "category": "institution", "category_hint": "institution", "type": "college", "address": ""}}, {"type": "Feature", "geometry": {"type": "Point", "coordinates": [113.3257431, 23.0967143]}, "properties": {"amenity": "school", "education": "school", "name": "海珠区第二实验小学", "name:zh": "海珠区第二实验小学", "osm_id": "way/519989355", "category": "institution", "category_hint": "institution", "type": "school", "address": ""}}, {"type": "Feature", "geometry": {"type": "Point", "coordinates": [113.3364278, 23.0994731]}, "properties": {"addr:city": "广州市", "addr:district": "海珠区", "addr:housenumber": "114号", "addr:postcode": "510310", "addr:province": "广东省", "addr:street": "新港东路", "amenity": "college", "education": "college", "name": "广东轻工职业技术大学(琶洲校区)", "name:en": "Guangdong Industry Polytechnic University", "name:zh": "广东轻工职业技术大学(琶洲校区)", "phone": "+86 20 8429 3076", "website": "https://www.gdqy.edu.cn/", "osm_id": "way/530133913", "category": "institution", "category_hint": "institution", "type": "college", "address": ""}}, {"type": "Feature", "geometry": {"type": "Point", "coordinates": [113.2927504, 23.0728409]}, "properties": {"alt_name": "中山大学附属第二医院南院", "amenity": "hospital", "healthcare": "hospital", "name": "中山二院(南院)", "osm_id": "way/565280961", "category": "institution", "category_hint": "institution", "type": "hospital", "address": ""}}, {"type": "Feature", "geometry": {"type": "Point", "coordinates": [113.300303, 23.0984968]}, "properties": {"amenity": "hospital", "healthcare": "hospital", "name": "新海医院", "name:en": "Xinhai Hospital", "name:zh": "新海医院", "osm_id": "way/585600115", "category": "institution", "category_hint": "institution", "type": "hospital", "address": ""}}, {"type": "Feature", "geometry": {"type": "Point", "coordinates": [113.3053695, 23.1042839]}, "properties": {"alt_name": "广州市绿翠中学", "amenity": "school", "education": "school", "name": "广州市绿翠现代实验学校(滨江校区)", "osm_id": "way/613913867", "category": "institution", "category_hint": "institution", "type": "school", "address": ""}}, {"type": "Feature", "geometry": {"type": "Point", "coordinates": [113.2937856, 23.0730445]}, "properties": {"amenity": "school", "education": "school", "name": "瑞宝小学(南校区)", "name:en": "Haizhu Ruibao Primary School (South Campus)", "name:zh": "瑞宝小学(南校区)", "osm_id": "way/613957072", "category": "institution", "category_hint": "institution", "type": "school", "address": ""}}, {"type": "Feature", "geometry": {"type": "Point", "coordinates": [113.3008648, 23.096454]}, "properties": {"amenity": "police", "building": "yes", "name": "广州海事法院司法警察支队", "osm_id": "way/616908877", "category": "institution", "category_hint": "institution", "type": "police", "address": ""}}, {"type": "Feature", "geometry": {"type": "Point", "coordinates": [113.3372275, 23.095683]}, "properties": {"alt_name": "广东省轻工业技师学院东校区", "amenity": "college", "education": "college", "name": "广东省轻工业技师学院(赤岗校区)", "osm_id": "way/662503936", "category": "institution", "category_hint": "institution", "type": "college", "address": ""}}, {"type": "Feature", "geometry": {"type": "Point", "coordinates": [113.3338423, 23.0912597]}, "properties": {"amenity": "school", "barrier": "wall", "education": "school", "name": "海珠中学", "osm_id": "way/662503942", "category": "institution", "category_hint": "institution", "type": "school", "address": ""}}, {"type": "Feature", "geometry": {"type": "Point", "coordinates": [113.3351689, 23.0915585]}, "properties": {"amenity": "school", "barrier": "wall", "education": "school", "name": "广州市新穗学校", "osm_id": "way/662503945", "category": "institution", "category_hint": "institution", "type": "school", "address": ""}}, {"type": "Feature", "geometry": {"type": "Point", "coordinates": [113.3323875, 23.0933966]}, "properties": {"addr:city": "广州市", "addr:district": "海珠区", "addr:housenumber": "13", "addr:province": "广东省", "addr:street": "石榴岗路", "alt_name": "南方医科大学第四附属医院", "amenity": "hospital", "barrier": "wall", "emergency": "yes", "healthcare": "hospital", "healthcare:speciality": "oncology;traditional_chinese_medicine;general;cardiology", "name": "南方医科大学中西医结合医院", "phone": "+86 20 61650000", "start_date": "2006-10-25", "website": "https://www.nfzxy.com", "wheelchair": "yes", "wikidata": "Q30265870", "wikipedia": "zh:南方医科大学中西医结合医院", "osm_id": "way/662503951", "category": "institution", "category_hint": "institution", "type": "hospital", "address": ""}}, {"type": "Feature", "geometry": {"type": "Point", "coordinates": [113.3310174, 23.0955571]}, "properties": {"amenity": "hospital", "barrier": "wall", "healthcare": "hospital", "name": "解放军第七十四集团军医院", "name:en": "PLA No.74 Army Hospital", "name:zh": "解放军第七十四集团军医院", "osm_id": "way/662503954", "category": "institution", "category_hint": "institution", "type": "hospital", "address": ""}}, {"type": "Feature", "geometry": {"type": "Point", "coordinates": [113.3280508, 23.0866618]}, "properties": {"amenity": "university", "education": "university", "name": "广东药科大学(赤岗校区)", "name:en": "Guangdong Pharmaceutical University", "name:zh": "广东药科大学(赤岗校区)", "osm_id": "way/662505285", "category": "institution", "category_hint": "institution", "type": "university", "address": ""}}, {"type": "Feature", "geometry": {"type": "Point", "coordinates": [113.324218, 23.0875535]}, "properties": {"amenity": "school", "education": "school", "name": "广州市聚德中学", "osm_id": "way/662505286", "category": "institution", "category_hint": "institution", "type": "school", "address": ""}}, {"type": "Feature", "geometry": {"type": "Point", "coordinates": [113.2908357, 23.1042292]}, "properties": {"amenity": "school", "education": "school", "name": "怡乐路小学(嘉仕校区)", "osm_id": "way/662596315", "category": "institution", "category_hint": "institution", "type": "school", "address": ""}}, {"type": "Feature", "geometry": {"type": "Point", "coordinates": [113.3079709, 23.1026964]}, "properties": {"amenity": "school", "education": "school", "name": "大江苑小学", "osm_id": "way/662596322", "category": "institution", "category_hint": "institution", "type": "school", "address": ""}}, {"type": "Feature", "geometry": {"type": "Point", "coordinates": [113.304272, 23.1000066]}, "properties": {"amenity": "school", "education": "school", "name": "绿翠小学", "osm_id": "way/662596329", "category": "institution", "category_hint": "institution", "type": "school", "address": ""}}, {"type": "Feature", "geometry": {"type": "Point", "coordinates": [113.3235763, 23.1029123]}, "properties": {"amenity": "school", "education": "school", "name": "知信小学(泓景校区)", "osm_id": "way/662598243", "category": "institution", "category_hint": "institution", "type": "school", "address": ""}}, {"type": "Feature", "geometry": {"type": "Point", "coordinates": [113.3276748, 23.102158]}, "properties": {"amenity": "school", "education": "school", "name": "海珠区第二实验小学", "osm_id": "way/662598247", "category": "institution", "category_hint": "institution", "type": "school", "address": ""}}, {"type": "Feature", "geometry": {"type": "Point", "coordinates": [113.323179, 23.100167]}, "properties": {"amenity": "school", "education": "school", "name": "知信小学", "osm_id": "way/662598249", "category": "institution", "category_hint": "institution", "type": "school", "address": ""}}, {"type": "Feature", "geometry": {"type": "Point", "coordinates": [113.2952706, 23.0933102]}, "properties": {"amenity": "college", "education": "college", "name": "广东轻工职业技术学院住宅区", "name:ru": "Жилой район Гуандунского профессионально-технического колледжа легкой промышленности", "osm_id": "way/663255170", "category": "institution", "category_hint": "institution", "type": "college", "address": ""}}, {"type": "Feature", "geometry": {"type": "Point", "coordinates": [113.2994223, 23.0947998]}, "properties": {"amenity": "college", "education": "college", "name": "广东轻工职业技术学院(新港校区)", "osm_id": "way/663255173", "category": "institution", "category_hint": "institution", "type": "college", "address": ""}}, {"type": "Feature", "geometry": {"type": "Point", "coordinates": [113.3282983, 23.0911976]}, "properties": {"amenity": "school", "education": "school", "name": "赤岗东小学", "osm_id": "way/681820500", "category": "institution", "category_hint": "institution", "type": "school", "address": ""}}, {"type": "Feature", "geometry": {"type": "Point", "coordinates": [113.3196066, 23.0945221]}, "properties": {"amenity": "school", "barrier": "wall", "education": "school", "name": "广州轻工职业学校(海珠校区)", "osm_id": "way/682019590", "category": "institution", "category_hint": "institution", "type": "school", "address": ""}}, {"type": "Feature", "geometry": {"type": "Point", "coordinates": [113.3181301, 23.0950823]}, "properties": {"amenity": "school", "barrier": "wall", "education": "school", "name": "广东省外语艺术职业学院(海珠校区)", "name:en": "Guangdong Teachers College of Foreign Language and Arts (Haizhu Campus)", "old_name": "广东省民政职业技术学校", "osm_id": "way/682019591", "category": "institution", "category_hint": "institution", "type": "school", "address": ""}}, {"type": "Feature", "geometry": {"type": "Point", "coordinates": [113.3160178, 23.0850912]}, "properties": {"alt_name": "海珠区东风村第二小学", "amenity": "school", "education": "school", "name": "东风二小", "name:zh": "东风二小", "osm_id": "way/682138747", "category": "institution", "category_hint": "institution", "type": "school", "address": ""}}, {"type": "Feature", "geometry": {"type": "Point", "coordinates": [113.3177163, 23.0858378]}, "properties": {"amenity": "school", "education": "school", "name": "东风小学", "name:zh": "东风小学", "osm_id": "way/682138749", "category": "institution", "category_hint": "institution", "type": "school", "address": ""}}, {"type": "Feature", "geometry": {"type": "Point", "coordinates": [113.304156, 23.1019355]}, "properties": {"amenity": "kindergarten", "education": "kindergarten", "name": "愉乐幼儿园", "osm_id": "way/699238371", "category": "institution", "category_hint": "institution", "type": "kindergarten", "address": ""}}, {"type": "Feature", "geometry": {"type": "Point", "coordinates": [113.3330606, 23.1053454]}, "properties": {"addr:city": "广州市", "addr:district": "海珠区", "addr:housenumber": "31", "addr:postcode": "510335", "addr:province": "广东省", "addr:street": "琶洲大道", "amenity": "hospital", "capacity": "100+", "contact:wechat": "+86 13902263404", "contact:whatsapp": "+86 18819814938", "emergency": "yes", "emergency:phone": "+86 20 3610 2333", "healthcare": "hospital", "healthcare:speciality": "general", "name": "和睦家医院", "name:en": "Guangzhou United Family Hospital", "opening_hours": "24/7", "operator": "United Family Healthcare", "operator:type": "business", "phone": "+86 400 891 9191", "website": "https://guangzhou.ufh.com.cn/locations/guangzhou-united-family-hospital", "wheelchair": "yes", "osm_id": "way/699668727", "category": "institution", "category_hint": "institution", "type": "hospital", "address": ""}}, {"type": "Feature", "geometry": {"type": "Point", "coordinates": [113.327968, 23.0922938]}, "properties": {"amenity": "school", "education": "school", "name": "龙涛小学", "osm_id": "way/942093582", "category": "institution", "category_hint": "institution", "type": "school", "address": ""}}, {"type": "Feature", "geometry": {"type": "Point", "coordinates": [113.3003251, 23.0838114]}, "properties": {"amenity": "school", "education": "school", "name": "华海双语学校", "osm_id": "way/1070494371", "category": "institution", "category_hint": "institution", "type": "school", "address": ""}}, {"type": "Feature", "geometry": {"type": "Point", "coordinates": [113.3024316, 23.0994932]}, "properties": {"amenity": "school", "barrier": "wall", "education": "school", "name": "六中珠江中学(鹭江校区)", "name:zh": "六中珠江中学(鹭江校区)", "osm_id": "way/1070494373", "category": "institution", "category_hint": "institution", "type": "school", "address": ""}}, {"type": "Feature", "geometry": {"type": "Point", "coordinates": [113.3045545, 23.0994981]}, "properties": {"amenity": "college", "education": "college", "internet_access": "yes", "internet_access:fee": "no", "internet_access:ssid": "GCP-WIFI", "name": "广州城市职业学院(海珠校区)", "osm_id": "way/1111792193", "category": "institution", "category_hint": "institution", "type": "college", "address": ""}}, {"type": "Feature", "geometry": {"type": "Point", "coordinates": [113.3048874, 23.0999113]}, "properties": {"amenity": "library", "building": "yes", "name": "海珠图书馆", "osm_id": "way/1111792204", "category": "institution", "category_hint": "institution", "type": "library", "address": ""}}, {"type": "Feature", "geometry": {"type": "Point", "coordinates": [113.3250594, 23.0810305]}, "properties": {"amenity": "school", "education": "school", "name": "龙华学校", "osm_id": "way/1135830772", "category": "institution", "category_hint": "institution", "type": "school", "address": ""}}, {"type": "Feature", "geometry": {"type": "Point", "coordinates": [113.3120057, 23.0900288]}, "properties": {"amenity": "school", "education": "school", "name": "逸景第一小学(金穗校区)", "osm_id": "way/1136405704", "category": "institution", "category_hint": "institution", "type": "school", "address": ""}}, {"type": "Feature", "geometry": {"type": "Point", "coordinates": [113.3254644, 23.0874171]}, "properties": {"amenity": "school", "education": "school", "name": "聚德东小学", "osm_id": "way/1137204525", "category": "institution", "category_hint": "institution", "type": "school", "address": ""}}, {"type": "Feature", "geometry": {"type": "Point", "coordinates": [113.3230348, 23.0833821]}, "properties": {"amenity": "hospital", "healthcare": "hospital", "name": "广州和平骨科医院", "osm_id": "way/1137834927", "category": "institution", "category_hint": "institution", "type": "hospital", "address": ""}}, {"type": "Feature", "geometry": {"type": "Point", "coordinates": [113.3238917, 23.0863292]}, "properties": {"amenity": "hospital", "healthcare": "hospital", "name": "复大医院", "osm_id": "way/1143797506", "category": "institution", "category_hint": "institution", "type": "hospital", "address": ""}}, {"type": "Feature", "geometry": {"type": "Point", "coordinates": [113.30892, 23.094853]}, "properties": {"amenity": "school", "education": "school", "name": "客村小学", "osm_id": "way/1144327474", "category": "institution", "category_hint": "institution", "type": "school", "address": ""}}, {"type": "Feature", "geometry": {"type": "Point", "coordinates": [113.3192936, 23.0902372]}, "properties": {"amenity": "school", "education": "school", "name": "龙海小学", "osm_id": "way/1144661743", "category": "institution", "category_hint": "institution", "type": "school", "address": ""}}, {"type": "Feature", "geometry": {"type": "Point", "coordinates": [113.3315717, 23.0757832]}, "properties": {"amenity": "school", "education": "school", "name": "海珠湿地自然学校", "osm_id": "way/1186508693", "category": "institution", "category_hint": "institution", "type": "school", "address": ""}}, {"type": "Feature", "geometry": {"type": "Point", "coordinates": [113.298231, 23.0838006]}, "properties": {"amenity": "courthouse", "building": "yes", "name": "海珠人民法院", "name:en": "Haizhu People's Court Building", "osm_id": "way/1188685436", "category": "institution", "category_hint": "institution", "type": "courthouse", "address": ""}}, {"type": "Feature", "geometry": {"type": "Point", "coordinates": [113.3280228, 23.0826236]}, "properties": {"amenity": "school", "education": "school", "name": "龙潭小学", "osm_id": "way/1202572760", "category": "institution", "category_hint": "institution", "type": "school", "address": ""}}, {"type": "Feature", "geometry": {"type": "Point", "coordinates": [113.3208505, 23.0871284]}, "properties": {"amenity": "school", "education": "school", "name": "聚德西路小学", "osm_id": "way/1249964927", "category": "institution", "category_hint": "institution", "type": "school", "address": ""}}, {"type": "Feature", "geometry": {"type": "Point", "coordinates": [113.3249304, 23.0948652]}, "properties": {"amenity": "school", "education": "school", "name": "华怡小学", "osm_id": "way/1267017069", "category": "institution", "category_hint": "institution", "type": "school", "address": ""}}, {"type": "Feature", "geometry": {"type": "Point", "coordinates": [113.3320478, 23.1172612]}, "properties": {"amenity": "kindergarten", "education": "kindergarten", "name": "猎德幼儿园", "osm_id": "way/1288223512", "category": "institution", "category_hint": "institution", "type": "kindergarten", "address": ""}}, {"type": "Feature", "geometry": {"type": "Point", "coordinates": [113.2935937, 23.0926634]}, "properties": {"amenity": "school", "education": "school", "name": "新港路小学(东校区)", "osm_id": "way/1300471621", "category": "institution", "category_hint": "institution", "type": "school", "address": ""}}, {"type": "Feature", "geometry": {"type": "Point", "coordinates": [113.334449, 23.0860299]}, "properties": {"amenity": "school", "education": "school", "name": "海珠老年大学", "osm_id": "way/1303133633", "category": "institution", "category_hint": "institution", "type": "school", "address": ""}}, {"type": "Feature", "geometry": {"type": "Point", "coordinates": [113.3223934, 23.0847215]}, "properties": {"amenity": "kindergarten", "education": "kindergarten", "name": "坚真花园幼儿园", "osm_id": "way/1305989878", "category": "institution", "category_hint": "institution", "type": "kindergarten", "address": ""}}, {"type": "Feature", "geometry": {"type": "Point", "coordinates": [113.3221095, 23.0867626]}, "properties": {"amenity": "kindergarten", "education": "kindergarten", "name": "大塘幼儿园", "osm_id": "way/1308000947", "category": "institution", "category_hint": "institution", "type": "kindergarten", "address": ""}}, {"type": "Feature", "geometry": {"type": "Point", "coordinates": [113.3232524, 23.0878502]}, "properties": {"amenity": "kindergarten", "education": "kindergarten", "name": "赤岗幼儿园", "osm_id": "way/1308009705", "category": "institution", "category_hint": "institution", "type": "kindergarten", "address": ""}}, {"type": "Feature", "geometry": {"type": "Point", "coordinates": [113.3154388, 23.089894]}, "properties": {"amenity": "hospital", "healthcare": "hospital", "name": "江海街社区卫生服务中心", "osm_id": "way/1312466125", "category": "institution", "category_hint": "institution", "type": "hospital", "address": ""}}, {"type": "Feature", "geometry": {"type": "Point", "coordinates": [113.3145543, 23.0904242]}, "properties": {"amenity": "police", "building": "yes", "name": "海珠区交警大队", "osm_id": "way/1312466138", "category": "institution", "category_hint": "institution", "type": "police", "address": ""}}, {"type": "Feature", "geometry": {"type": "Point", "coordinates": [113.3172106, 23.0890452]}, "properties": {"amenity": "kindergarten", "education": "kindergarten", "name": "江海新雅幼儿园", "osm_id": "way/1312466140", "category": "institution", "category_hint": "institution", "type": "kindergarten", "address": ""}}, {"type": "Feature", "geometry": {"type": "Point", "coordinates": [113.3073165, 23.0941934]}, "properties": {"amenity": "hospital", "healthcare": "hospital", "name": "广东江南医院", "osm_id": "way/1312560856", "category": "institution", "category_hint": "institution", "type": "hospital", "address": ""}}, {"type": "Feature", "geometry": {"type": "Point", "coordinates": [113.2992368, 23.0897805]}, "properties": {"amenity": "school", "education": "school", "name": "康乐小学", "osm_id": "way/1366663779", "category": "institution", "category_hint": "institution", "type": "school", "address": ""}}, {"type": "Feature", "geometry": {"type": "Point", "coordinates": [113.3036195, 23.0890458]}, "properties": {"amenity": "school", "education": "school", "name": "博爱学校", "osm_id": "way/1366663780", "category": "institution", "category_hint": "institution", "type": "school", "address": ""}}, {"type": "Feature", "geometry": {"type": "Point", "coordinates": [113.3098014, 23.0906148]}, "properties": {"amenity": "police", "building": "yes", "name": "交通警察支队海珠大队", "osm_id": "way/1366663783", "category": "institution", "category_hint": "institution", "type": "police", "address": ""}}, {"type": "Feature", "geometry": {"type": "Point", "coordinates": [113.3019362, 23.0938301]}, "properties": {"amenity": "school", "education": "school", "name": "凤江小学", "osm_id": "way/1367196998", "category": "institution", "category_hint": "institution", "type": "school", "address": ""}}, {"type": "Feature", "geometry": {"type": "Point", "coordinates": [113.3148619, 23.0953033]}, "properties": {"amenity": "school", "education": "school", "name": "金影小学", "osm_id": "way/1488503576", "category": "institution", "category_hint": "institution", "type": "school", "address": ""}}, {"type": "Feature", "geometry": {"type": "Point", "coordinates": [113.3264262, 23.0899606]}, "properties": {"amenity": "school", "education": "school", "name": "海珠外国语实验中学(江海校区)", "osm_id": "way/1558896972", "category": "institution", "category_hint": "institution", "type": "school", "address": ""}}, {"type": "Feature", "geometry": {"type": "Point", "coordinates": [113.2945859, 23.1005393]}, "properties": {"amenity": "library", "building": "university", "building:levels": "6", "elevator": "yes", "internet_access": "terminal", "name": "南校园图书馆", "toilets": "yes", "type": "library", "wikidata": "Q109748381", "osm_id": "relation/4003340", "category": "institution", "category_hint": "institution", "address": ""}}, {"type": "Feature", "geometry": {"type": "Point", "coordinates": [113.3011155, 23.1008077]}, "properties": {"addr:city": "广州", "addr:housenumber": "179", "addr:street": "新港西路", "amenity": "school", "barrier": "wall", "education": "school", "name": "广州市第六中学", "name:en": "Guangzhou No.6 Middle School", "name:zh": "广州市第六中学", "type": "school", "osm_id": "relation/14260993", "category": "institution", "category_hint": "institution", "address": ""}}, {"type": "Feature", "geometry": {"type": "Point", "coordinates": [113.3230114, 23.0988083]}, "properties": {"bus": "yes", "name": "赤岗路口", "name:zh": "赤岗路口", "public_transport": "stop_position", "osm_id": "node/279960218", "category": "transport", "category_hint": "transport", "type": "", "address": ""}}, {"type": "Feature", "geometry": {"type": "Point", "coordinates": [113.3299135, 23.098525]}, "properties": {"bus": "yes", "name": "赤岗", "name:zh": "赤岗", "public_transport": "stop_position", "osm_id": "node/279960222", "category": "transport", "category_hint": "transport", "type": "", "address": ""}}, {"type": "Feature", "geometry": {"type": "Point", "coordinates": [113.309854, 23.100572]}, "properties": {"bus": "yes", "name": "客村立交", "name:zh": "客村立交", "public_transport": "stop_position", "osm_id": "node/383272001", "category": "transport", "category_hint": "transport", "type": "", "address": ""}}, {"type": "Feature", "geometry": {"type": "Point", "coordinates": [113.318054, 23.1098095]}, "properties": {"bus": "yes", "name": "广州塔地铁站A口", "name:en": "Canton Tower Metro Station Exit A", "name:zh": "广州塔地铁站A口", "public_transport": "stop_position", "osm_id": "node/2052208748", "category": "transport", "category_hint": "transport", "type": "", "address": ""}}, {"type": "Feature", "geometry": {"type": "Point", "coordinates": [113.3175081, 23.1083949]}, "properties": {"name": "广州塔站 B出入口", "railway": "subway_entrance", "ref": "B", "osm_id": "node/2915880715", "category": "transport", "category_hint": "transport", "type": "subway_entrance", "address": ""}}, {"type": "Feature", "geometry": {"type": "Point", "coordinates": [113.3091105, 23.1072234]}, "properties": {"bus": "yes", "name": "广州大桥底", "name:zh": "广州大桥底", "public_transport": "stop_position", "osm_id": "node/2950175091", "category": "transport", "category_hint": "transport", "type": "", "address": ""}}, {"type": "Feature", "geometry": {"type": "Point", "coordinates": [113.3056569, 23.1052632]}, "properties": {"bus": "yes", "name": "珠江广场", "name:zh": "珠江广场", "public_transport": "stop_position", "osm_id": "node/2950175110", "category": "transport", "category_hint": "transport", "type": "", "address": ""}}, {"type": "Feature", "geometry": {"type": "Point", "coordinates": [113.3113623, 23.1071149]}, "properties": {"bus": "yes", "name": "新鸿花园", "name:zh": "新鸿花园", "public_transport": "stop_position", "osm_id": "node/2950175131", "category": "transport", "category_hint": "transport", "type": "", "address": ""}}, {"type": "Feature", "geometry": {"type": "Point", "coordinates": [113.3176082, 23.1095114]}, "properties": {"name": "广州塔站 A出入口", "railway": "subway_entrance", "ref": "A", "osm_id": "node/3039025449", "category": "transport", "category_hint": "transport", "type": "subway_entrance", "address": ""}}, {"type": "Feature", "geometry": {"type": "Point", "coordinates": [113.2939639, 23.1065915]}, "properties": {"amenity": "ferry_terminal", "ferry": "yes", "name": "中大码头", "name:en": "SYSU Pier", "name:zh": "中大码头", "public_transport": "station", "osm_id": "node/3108839235", "category": "transport", "category_hint": "transport", "type": "ferry_terminal", "address": ""}}, {"type": "Feature", "geometry": {"type": "Point", "coordinates": [113.3182264, 23.1127852]}, "properties": {"amenity": "ferry_terminal", "ferry": "yes", "name": "海心沙西区码头", "name:zh": "海心沙西区码头", "public_transport": "station", "osm_id": "node/3108839244", "category": "transport", "category_hint": "transport", "type": "ferry_terminal", "address": ""}}, {"type": "Feature", "geometry": {"type": "Point", "coordinates": [113.3178182, 23.1072644]}, "properties": {"bench": "yes", "bus": "yes", "highway": "bus_stop", "name": "广州塔西", "name:en": "Canton Tower West", "name:zh": "广州塔西", "public_transport": "platform", "shelter": "yes", "osm_id": "node/3441556193", "category": "transport", "category_hint": "transport", "type": "bus_stop", "address": ""}}, {"type": "Feature", "geometry": {"type": "Point", "coordinates": [113.317914, 23.1077812]}, "properties": {"bench": "yes", "bus": "yes", "highway": "bus_stop", "name": "广州塔西", "name:en": "Canton Tower West", "name:zh": "广州塔西", "public_transport": "platform", "shelter": "yes", "osm_id": "node/3441556194", "category": "transport", "category_hint": "transport", "type": "bus_stop", "address": ""}}, {"type": "Feature", "geometry": {"type": "Point", "coordinates": [113.3298677, 23.1155481]}, "properties": {"bus": "yes", "highway": "bus_stop", "name": "临江大道猎德牌坊", "name:en": "Linjiang Avenue(Liede Memorial Gateway)", "name:zh": "临江大道猎德牌坊", "public_transport": "platform", "osm_id": "node/3930846781", "category": "transport", "category_hint": "transport", "type": "bus_stop", "address": ""}}, {"type": "Feature", "geometry": {"type": "Point", "coordinates": [113.3346181, 23.1145921]}, "properties": {"bus": "yes", "highway": "bus_stop", "name": "临江大道东", "name:en": "Linjiang Avenue East", "name:zh": "临江大道东", "public_transport": "platform", "osm_id": "node/3930846782", "category": "transport", "category_hint": "transport", "type": "bus_stop", "address": ""}}, {"type": "Feature", "geometry": {"type": "Point", "coordinates": [113.3296443, 23.1152271]}, "properties": {"bus": "yes", "highway": "bus_stop", "name": "临江大道猎德牌坊", "name:en": "Linjiang Avenue(Liede Memorial Gateway)", "name:zh": "临江大道猎德牌坊", "public_transport": "platform", "osm_id": "node/3930846783", "category": "transport", "category_hint": "transport", "type": "bus_stop", "address": ""}}, {"type": "Feature", "geometry": {"type": "Point", "coordinates": [113.325894, 23.115697]}, "properties": {"bus": "yes", "highway": "bus_stop", "name": "临江大道中", "name:en": "Linjiang Dadao Middle", "name:zh": "临江大道中", "public_transport": "platform", "osm_id": "node/3930846784", "category": "transport", "category_hint": "transport", "type": "bus_stop", "address": ""}}, {"type": "Feature", "geometry": {"type": "Point", "coordinates": [113.3207962, 23.1164743]}, "properties": {"bus": "yes", "highway": "bus_stop", "name": "海心沙公园站", "name:en": "Haixinsha Park", "name:zh": "海心沙公园站", "public_transport": "platform", "osm_id": "node/3930846787", "category": "transport", "category_hint": "transport", "type": "bus_stop", "address": ""}}, {"type": "Feature", "geometry": {"type": "Point", "coordinates": [113.3356586, 23.1008355]}, "properties": {"name": "磨碟沙站 C出入口", "railway": "subway_entrance", "ref": "C", "osm_id": "node/4019922608", "category": "transport", "category_hint": "transport", "type": "subway_entrance", "address": ""}}, {"type": "Feature", "geometry": {"type": "Point", "coordinates": [113.3358501, 23.1014828]}, "properties": {"name": "磨碟沙站 B出入口", "railway": "subway_entrance", "ref": "B", "osm_id": "node/4019922609", "category": "transport", "category_hint": "transport", "type": "subway_entrance", "address": ""}}, {"type": "Feature", "geometry": {"type": "Point", "coordinates": [113.3298207, 23.0993564]}, "properties": {"name": "赤岗站 D2出入口", "name:zh": "赤岗站 D2出入口", "railway": "subway_entrance", "ref": "D2", "osm_id": "node/4019937561", "category": "transport", "category_hint": "transport", "type": "subway_entrance", "address": ""}}, {"type": "Feature", "geometry": {"type": "Point", "coordinates": [113.3292293, 23.0987906]}, "properties": {"name": "赤岗站 C2出入口", "name:zh": "赤岗站 C2出入口", "railway": "subway_entrance", "ref": "C2", "osm_id": "node/4019937562", "category": "transport", "category_hint": "transport", "type": "subway_entrance", "address": ""}}, {"type": "Feature", "geometry": {"type": "Point", "coordinates": [113.3201377, 23.0987785]}, "properties": {"bus": "yes", "name": "赤岗路口", "name:zh": "赤岗路口", "public_transport": "stop_position", "osm_id": "node/4073352747", "category": "transport", "category_hint": "transport", "type": "", "address": ""}}, {"type": "Feature", "geometry": {"type": "Point", "coordinates": [113.304427, 23.098032]}, "properties": {"bus": "yes", "name": "鹭江", "name:zh": "鹭江", "public_transport": "stop_position", "osm_id": "node/4381875617", "category": "transport", "category_hint": "transport", "type": "", "address": ""}}, {"type": "Feature", "geometry": {"type": "Point", "coordinates": [113.310259, 23.0950496]}, "properties": {"bus": "yes", "name": "敦和", "name:zh": "敦和", "public_transport": "stop_position", "osm_id": "node/4382009047", "category": "transport", "category_hint": "transport", "type": "", "address": ""}}, {"type": "Feature", "geometry": {"type": "Point", "coordinates": [113.3104607, 23.0870191]}, "properties": {"bus": "yes", "name": "广州大道南(叠景路口)", "name:en": "Guangzhou Avenue South(Diejing Road Entrance)", "name:zh": "广州大道南(叠景路口)", "public_transport": "stop_position", "osm_id": "node/4382068043", "category": "transport", "category_hint": "transport", "type": "", "address": ""}}, {"type": "Feature", "geometry": {"type": "Point", "coordinates": [113.3106584, 23.0866784]}, "properties": {"bus": "yes", "name": "广州大道南(叠景路口)", "name:en": "Guangzhou Avenue South(Diejing Road Entrance)", "name:zh": "广州大道南(叠景路口)", "public_transport": "stop_position", "osm_id": "node/4382068046", "category": "transport", "category_hint": "transport", "type": "", "address": ""}}, {"type": "Feature", "geometry": {"type": "Point", "coordinates": [113.3107159, 23.0873581]}, "properties": {"bus": "yes", "name": "广州大道南(叠景路口)", "name:en": "Guangzhou Avenue South(Diejing Road Entrance)", "name:zh": "广州大道南(叠景路口)", "public_transport": "stop_position", "osm_id": "node/4382068048", "category": "transport", "category_hint": "transport", "type": "", "address": ""}}, {"type": "Feature", "geometry": {"type": "Point", "coordinates": [113.3103323, 23.0941928]}, "properties": {"bus": "yes", "name": "敦和", "name:zh": "敦和", "public_transport": "stop_position", "osm_id": "node/4382068054", "category": "transport", "category_hint": "transport", "type": "", "address": ""}}, {"type": "Feature", "geometry": {"type": "Point", "coordinates": [113.3002658, 23.1051308]}, "properties": {"bench": "yes", "bin": "no", "bus": "yes", "highway": "bus_stop", "lit": "yes", "name": "中大北门", "name:en": "Sun Yat-sen University North Entrance", "name:zh": "中大北门", "public_transport": "platform", "shelter": "yes", "osm_id": "node/4382331198", "category": "transport", "category_hint": "transport", "type": "bus_stop", "address": ""}}, {"type": "Feature", "geometry": {"type": "Point", "coordinates": [113.2978272, 23.1055418]}, "properties": {"bench": "yes", "bin": "no", "bus": "yes", "highway": "bus_stop", "lit": "yes", "name": "中大北门", "name:en": "Sun Yat-sen University North Entrance", "name:zh": "中大北门", "public_transport": "platform", "shelter": "yes", "osm_id": "node/4382331199", "category": "transport", "category_hint": "transport", "type": "bus_stop", "address": ""}}, {"type": "Feature", "geometry": {"type": "Point", "coordinates": [113.3027317, 23.1028403]}, "properties": {"bench": "yes", "bin": "no", "bus": "yes", "highway": "bus_stop", "lit": "yes", "name": "中信乐涛苑", "name:en": "CITIC Lok To Court", "name:zh": "中信乐涛苑", "public_transport": "platform", "shelter": "yes", "osm_id": "node/4382339471", "category": "transport", "category_hint": "transport", "type": "bus_stop", "address": ""}}, {"type": "Feature", "geometry": {"type": "Point", "coordinates": [113.3028743, 23.1038266]}, "properties": {"bench": "yes", "bin": "no", "bus": "yes", "highway": "bus_stop", "lit": "yes", "name": "中信乐涛苑", "name:en": "CITIC Lok To Court", "name:zh": "中信乐涛苑", "public_transport": "platform", "shelter": "yes", "osm_id": "node/4382339472", "category": "transport", "category_hint": "transport", "type": "bus_stop", "address": ""}}, {"type": "Feature", "geometry": {"type": "Point", "coordinates": [113.3027022, 23.099745]}, "properties": {"bench": "no", "bin": "no", "bus": "yes", "highway": "bus_stop", "kerb": "raised", "kerb:approach_aid": "no", "lit": "no", "name": "下渡路口", "name:en": "Xiadu Lu Entrance", "name:zh": "下渡路口", "passenger_information_display": "no", "public_transport": "platform", "shelter": "yes", "tactile_paving": "no", "osm_id": "node/4382345824", "category": "transport", "category_hint": "transport", "type": "bus_stop", "address": ""}}, {"type": "Feature", "geometry": {"type": "Point", "coordinates": [113.3028725, 23.0999423]}, "properties": {"bench": "no", "bin": "no", "bus": "yes", "highway": "bus_stop", "kerb": "raised", "kerb:approach_aid": "no", "lit": "no", "name": "下渡路口", "name:en": "Xiadu Lu Entrance", "name:zh": "下渡路口", "passenger_information_display": "no", "public_transport": "platform", "shelter": "no", "tactile_paving": "no", "osm_id": "node/4382345825", "category": "transport", "category_hint": "transport", "type": "bus_stop", "address": ""}}, {"type": "Feature", "geometry": {"type": "Point", "coordinates": [113.3035195, 23.0978275]}, "properties": {"bench": "yes", "bin": "yes", "bus": "yes", "highway": "bus_stop", "lit": "yes", "local_ref": "1", "name": "鹭江", "name:en": "Lujiang", "name:zh": "鹭江", "public_transport": "platform", "shelter": "yes", "osm_id": "node/4382351345", "category": "transport", "category_hint": "transport", "type": "bus_stop", "address": ""}}, {"type": "Feature", "geometry": {"type": "Point", "coordinates": [113.3044249, 23.0979349]}, "properties": {"bench": "yes", "bin": "yes", "bus": "yes", "highway": "bus_stop", "kerb": "raised", "kerb:approach_aid": "no", "lit": "yes", "local_ref": "2", "name": "鹭江", "name:en": "Lujiang", "name:zh": "鹭江", "passenger_information_display": "no", "public_transport": "platform", "shelter": "yes", "tactile_paving": "no", "osm_id": "node/4382351346", "category": "transport", "category_hint": "transport", "type": "bus_stop", "address": ""}}, {"type": "Feature", "geometry": {"type": "Point", "coordinates": [113.307686, 23.0980557]}, "properties": {"bench": "yes", "bin": "no", "bus": "yes", "highway": "bus_stop", "lit": "yes", "name": "鹭江③", "name:en": "Lujiang③", "name:zh": "鹭江③", "public_transport": "platform", "shelter": "yes", "osm_id": "node/4382351347", "category": "transport", "category_hint": "transport", "type": "bus_stop", "address": ""}}, {"type": "Feature", "geometry": {"type": "Point", "coordinates": [113.3047323, 23.098279]}, "properties": {"bench": "yes", "bin": "yes", "bus": "yes", "departures_board": "no", "highway": "bus_stop", "kerb": "raised", "kerb:approach_aid": "no", "lit": "yes", "local_ref": "1", "name": "鹭江", "name:en": "Lujiang", "name:zh": "鹭江", "passenger_information_display": "no", "public_transport": "platform", "shelter": "yes", "tactile_paving": "no", "osm_id": "node/4382352667", "category": "transport", "category_hint": "transport", "type": "bus_stop", "address": ""}}, {"type": "Feature", "geometry": {"type": "Point", "coordinates": [113.3035403, 23.0981727]}, "properties": {"bench": "yes", "bin": "yes", "bus": "yes", "highway": "bus_stop", "kerb": "raised", "kerb:approach_aid": "no", "lit": "yes", "local_ref": "2", "name": "鹭江", "name:en": "Lujiang", "name:zh": "鹭江", "passenger_information_display": "no", "public_transport": "platform", "shelter": "yes", "tactile_paving": "no", "osm_id": "node/4382352668", "category": "transport", "category_hint": "transport", "type": "bus_stop", "address": ""}}, {"type": "Feature", "geometry": {"type": "Point", "coordinates": [113.3099524, 23.0946061]}, "properties": {"bench": "yes", "bus": "yes", "highway": "bus_stop", "local_ref": "1", "name": "敦和", "name:en": "Dunhe", "name:zh": "敦和", "public_transport": "platform", "shelter": "yes", "osm_id": "node/4382367500", "category": "transport", "category_hint": "transport", "type": "bus_stop", "address": ""}}, {"type": "Feature", "geometry": {"type": "Point", "coordinates": [113.3099921, 23.0939418]}, "properties": {"bench": "yes", "bus": "yes", "highway": "bus_stop", "local_ref": "2", "name": "敦和", "name:en": "Dunhe", "name:zh": "敦和", "public_transport": "platform", "shelter": "yes", "osm_id": "node/4382367501", "category": "transport", "category_hint": "transport", "type": "bus_stop", "address": ""}}, {"type": "Feature", "geometry": {"type": "Point", "coordinates": [113.3104791, 23.09421]}, "properties": {"bench": "yes", "bus": "yes", "highway": "bus_stop", "local_ref": "1", "name": "敦和", "name:en": "Dunhe", "name:zh": "敦和", "public_transport": "platform", "shelter": "yes", "osm_id": "node/4382367502", "category": "transport", "category_hint": "transport", "type": "bus_stop", "address": ""}}, {"type": "Feature", "geometry": {"type": "Point", "coordinates": [113.3103665, 23.095051]}, "properties": {"bench": "yes", "bus": "yes", "highway": "bus_stop", "local_ref": "3", "name": "敦和", "name:en": "Dunhe", "name:zh": "敦和", "public_transport": "platform", "shelter": "yes", "osm_id": "node/4382367503", "category": "transport", "category_hint": "transport", "type": "bus_stop", "address": ""}}, {"type": "Feature", "geometry": {"type": "Point", "coordinates": [113.3103961, 23.0891024]}, "properties": {"bus": "yes", "highway": "bus_stop", "name": "广州大道南(叠景路口)", "name:en": "Guangzhou Avenue South(Diejing Road Entrance)", "name:zh": "广州大道南(叠景路口)", "public_transport": "platform", "shelter": "yes", "osm_id": "node/4382367504", "category": "transport", "category_hint": "transport", "type": "bus_stop", "address": ""}}, {"type": "Feature", "geometry": {"type": "Point", "coordinates": [113.3103923, 23.0877792]}, "properties": {"bus": "yes", "highway": "bus_stop", "name": "广州大道南(叠景路口)", "name:en": "Guangzhou Avenue South(Diejing Road Entrance)", "name:zh": "广州大道南(叠景路口)", "public_transport": "platform", "shelter": "yes", "osm_id": "node/4382367505", "category": "transport", "category_hint": "transport", "type": "bus_stop", "address": ""}}, {"type": "Feature", "geometry": {"type": "Point", "coordinates": [113.3103102, 23.0870091]}, "properties": {"bench": "yes", "bus": "yes", "highway": "bus_stop", "name": "广州大道南(叠景路口)", "name:en": "Guangzhou Avenue South(Diejing Road Entrance)", "name:zh": "广州大道南(叠景路口)", "public_transport": "platform", "shelter": "yes", "osm_id": "node/4382367506", "category": "transport", "category_hint": "transport", "type": "bus_stop", "address": ""}}, {"type": "Feature", "geometry": {"type": "Point", "coordinates": [113.3107967, 23.0866748]}, "properties": {"bus": "yes", "highway": "bus_stop", "name": "广州大道南(叠景路口)", "name:en": "Guangzhou Avenue South(Diejing Road Entrance)", "name:zh": "广州大道南(叠景路口)", "public_transport": "platform", "osm_id": "node/4382367507", "category": "transport", "category_hint": "transport", "type": "bus_stop", "address": ""}}, {"type": "Feature", "geometry": {"type": "Point", "coordinates": [113.3108167, 23.0873608]}, "properties": {"bus": "yes", "departures_board": "no", "highway": "bus_stop", "local_ref": "2", "name": "广州大道南(叠景路口)", "name:en": "Guangzhou Avenue South (Diejing Road Entrance)", "name:zh": "广州大道南(叠景路口)", "public_transport": "platform", "shelter": "yes", "osm_id": "node/4382367508", "category": "transport", "category_hint": "transport", "type": "bus_stop", "address": ""}}, {"type": "Feature", "geometry": {"type": "Point", "coordinates": [113.3084605, 23.085586]}, "properties": {"bench": "yes", "bin": "no", "bus": "yes", "highway": "bus_stop", "lit": "yes", "name": "逸景路东", "name:en": "Yijing Road East", "name:zh": "逸景路东", "public_transport": "platform", "shelter": "yes", "osm_id": "node/4382367509", "category": "transport", "category_hint": "transport", "type": "bus_stop", "address": ""}}, {"type": "Feature", "geometry": {"type": "Point", "coordinates": [113.3038155, 23.0846953]}, "properties": {"bus": "yes", "highway": "bus_stop", "name": "逸景路", "name:en": "Yijing Lu", "name:zh": "逸景路", "public_transport": "platform", "osm_id": "node/4382367510", "category": "transport", "category_hint": "transport", "type": "bus_stop", "address": ""}}, {"type": "Feature", "geometry": {"type": "Point", "coordinates": [113.3038534, 23.0851225]}, "properties": {"bus": "yes", "highway": "bus_stop", "name": "逸景翠园总站", "name:en": "Pleasant View Garden Bus Terminal", "name:zh": "逸景翠园总站", "public_transport": "platform", "osm_id": "node/4382367511", "category": "transport", "category_hint": "transport", "type": "bus_stop", "address": ""}}, {"type": "Feature", "geometry": {"type": "Point", "coordinates": [113.3020247, 23.08729]}, "properties": {"bus": "yes", "highway": "bus_stop", "name": "华盛南路", "name:en": "Huasheng Nan Lu", "name:zh": "华盛南路", "public_transport": "platform", "osm_id": "node/4382370903", "category": "transport", "category_hint": "transport", "type": "bus_stop", "address": ""}}, {"type": "Feature", "geometry": {"type": "Point", "coordinates": [113.3023666, 23.0860652]}, "properties": {"bus": "yes", "highway": "bus_stop", "name": "华盛南路", "name:en": "Huasheng Nan Lu", "name:zh": "华盛南路", "public_transport": "platform", "osm_id": "node/4382370904", "category": "transport", "category_hint": "transport", "type": "bus_stop", "address": ""}}, {"type": "Feature", "geometry": {"type": "Point", "coordinates": [113.3076577, 23.0981589]}, "properties": {"bus": "yes", "name": "鹭江", "name:zh": "鹭江", "public_transport": "stop_position", "osm_id": "node/4383012844", "category": "transport", "category_hint": "transport", "type": "", "address": ""}}, {"type": "Feature", "geometry": {"type": "Point", "coordinates": [113.3243669, 23.1044384]}, "properties": {"bus": "yes", "highway": "bus_stop", "name": "艺洲路东", "name:en": "Yizhou Lu East", "name:zh": "艺洲路东", "public_transport": "platform", "osm_id": "node/4385725226", "category": "transport", "category_hint": "transport", "type": "bus_stop", "address": ""}}, {"type": "Feature", "geometry": {"type": "Point", "coordinates": [113.3247775, 23.1041497]}, "properties": {"bus": "yes", "highway": "bus_stop", "name": "艺洲路东", "name:en": "Yizhou Lu East", "name:zh": "艺洲路东", "public_transport": "platform", "osm_id": "node/4385725227", "category": "transport", "category_hint": "transport", "type": "bus_stop", "address": ""}}, {"type": "Feature", "geometry": {"type": "Point", "coordinates": [113.3187944, 23.1048838]}, "properties": {"bench": "yes", "bin": "no", "bus": "yes", "highway": "bus_stop", "lit": "yes", "name": "赤岗塔", "name:en": "Chigang Pagoda", "name:zh": "赤岗塔", "public_transport": "platform", "shelter": "yes", "osm_id": "node/4385740072", "category": "transport", "category_hint": "transport", "type": "bus_stop", "address": ""}}, {"type": "Feature", "geometry": {"type": "Point", "coordinates": [113.3187586, 23.104698]}, "properties": {"bench": "yes", "bin": "no", "bus": "yes", "highway": "bus_stop", "lit": "yes", "name": "赤岗塔", "name:en": "Chigang Pagoda", "name:zh": "赤岗塔", "public_transport": "platform", "shelter": "yes", "osm_id": "node/4385740073", "category": "transport", "category_hint": "transport", "type": "bus_stop", "address": ""}}, {"type": "Feature", "geometry": {"type": "Point", "coordinates": [113.3124079, 23.1065844]}, "properties": {"bus": "yes", "highway": "bus_stop", "name": "新鸿花园", "name:en": "Xinhong Garden", "name:zh": "新鸿花园", "public_transport": "platform", "osm_id": "node/4385753047", "category": "transport", "category_hint": "transport", "type": "bus_stop", "address": ""}}, {"type": "Feature", "geometry": {"type": "Point", "coordinates": [113.3112788, 23.1070759]}, "properties": {"bench": "yes", "bin": "no", "bus": "yes", "highway": "bus_stop", "lit": "yes", "name": "新鸿花园", "name:en": "Xinhong Garden", "name:zh": "新鸿花园", "public_transport": "platform", "shelter": "yes", "osm_id": "node/4385753048", "category": "transport", "category_hint": "transport", "type": "bus_stop", "address": ""}}, {"type": "Feature", "geometry": {"type": "Point", "coordinates": [113.3085643, 23.1071438]}, "properties": {"bench": "yes", "bin": "yes", "bus": "yes", "highway": "bus_stop", "lit": "yes", "name": "广州大桥底", "name:en": "Guangzhou Bridge Bottom", "name:zh": "广州大桥底", "public_transport": "platform", "shelter": "yes", "osm_id": "node/4385785684", "category": "transport", "category_hint": "transport", "type": "bus_stop", "address": ""}}, {"type": "Feature", "geometry": {"type": "Point", "coordinates": [113.3091798, 23.1071732]}, "properties": {"bench": "yes", "bin": "no", "bus": "yes", "highway": "bus_stop", "lit": "yes", "name": "广州大桥底", "name:en": "Guangzhou Bridge Bottom", "name:zh": "广州大桥底", "public_transport": "platform", "shelter": "yes", "osm_id": "node/4385785685", "category": "transport", "category_hint": "transport", "type": "bus_stop", "address": ""}}, {"type": "Feature", "geometry": {"type": "Point", "coordinates": [113.3056128, 23.1053347]}, "properties": {"bus": "yes", "highway": "bus_stop", "name": "珠江广场", "name:en": "Zhujiang Plaza", "name:zh": "珠江广场", "public_transport": "platform", "osm_id": "node/4385785686", "category": "transport", "category_hint": "transport", "type": "bus_stop", "address": ""}}, {"type": "Feature", "geometry": {"type": "Point", "coordinates": [113.3050662, 23.1048536]}, "properties": {"bus": "yes", "highway": "bus_stop", "name": "珠江广场", "name:en": "Zhujiang Plaza", "name:zh": "珠江广场", "public_transport": "platform", "osm_id": "node/4385785687", "category": "transport", "category_hint": "transport", "type": "bus_stop", "address": ""}}, {"type": "Feature", "geometry": {"type": "Point", "coordinates": [113.3292649, 23.1059023]}, "properties": {"bus": "yes", "highway": "bus_stop", "name": "芳园路口", "name:en": "Fangyuan Lu Entrance", "name:zh": "芳园路口", "public_transport": "platform", "osm_id": "node/4385798035", "category": "transport", "category_hint": "transport", "type": "bus_stop", "address": ""}}, {"type": "Feature", "geometry": {"type": "Point", "coordinates": [113.3304737, 23.101051]}, "properties": {"bus": "yes", "highway": "bus_stop", "name": "磨碟沙路", "name:en": "Modiesha Road", "name:zh": "磨碟沙路", "public_transport": "platform", "osm_id": "node/4385799675", "category": "transport", "category_hint": "transport", "type": "bus_stop", "address": ""}}, {"type": "Feature", "geometry": {"type": "Point", "coordinates": [113.2927031, 23.1130602]}, "properties": {"bus": "yes", "highway": "bus_stop", "name": "二沙岛西总站", "name:en": "Ersha Island West Bus Terminal", "name:zh": "二沙岛西总站", "public_transport": "platform", "osm_id": "node/4389857883", "category": "transport", "category_hint": "transport", "type": "bus_stop", "address": ""}}, {"type": "Feature", "geometry": {"type": "Point", "coordinates": [113.2927686, 23.1130388]}, "properties": {"bus": "yes", "name": "二沙岛西总站", "name:zh": "二沙岛西总站", "public_transport": "stop_position", "osm_id": "node/4389857884", "category": "transport", "category_hint": "transport", "type": "", "address": ""}}, {"type": "Feature", "geometry": {"type": "Point", "coordinates": [113.2947448, 23.0940763]}, "properties": {"bench": "yes", "bin": "yes", "bus": "yes", "highway": "bus_stop", "lit": "yes", "local_ref": "2", "name": "中山大学", "name:en": "Sun Yat Sen University 2", "name:zh": "中山大学", "public_transport": "platform", "shelter": "yes", "osm_id": "node/4391839833", "category": "transport", "category_hint": "transport", "type": "bus_stop", "address": ""}}, {"type": "Feature", "geometry": {"type": "Point", "coordinates": [113.2939894, 23.0937755]}, "properties": {"bench": "yes", "bus": "yes", "highway": "bus_stop", "local_ref": "1", "name": "中山大学", "name:en": "Sun Yat Sen University 1", "name:zh": "中山大学", "public_transport": "platform", "shelter": "yes", "osm_id": "node/4391839834", "category": "transport", "category_hint": "transport", "type": "bus_stop", "address": ""}}, {"type": "Feature", "geometry": {"type": "Point", "coordinates": [113.2941647, 23.0941602]}, "properties": {"bus": "yes", "highway": "bus_stop", "local_ref": "1", "name": "中山大学", "name:en": "Sun Yat Sen University 1", "name:zh": "中山大学", "public_transport": "platform", "shelter": "yes", "osm_id": "node/4391839835", "category": "transport", "category_hint": "transport", "type": "bus_stop", "address": ""}}, {"type": "Feature", "geometry": {"type": "Point", "coordinates": [113.2935699, 23.0939767]}, "properties": {"bench": "yes", "bin": "no", "bus": "yes", "departures_board": "no", "highway": "bus_stop", "lit": "yes", "local_ref": "2", "name": "中山大学", "name:en": "Sun Yat Sen University", "name:zh": "中山大学", "public_transport": "platform", "shelter": "yes", "osm_id": "node/4391839836", "category": "transport", "category_hint": "transport", "type": "bus_stop", "address": ""}}, {"type": "Feature", "geometry": {"type": "Point", "coordinates": [113.2995764, 23.0974753]}, "properties": {"bench": "no", "bin": "no", "bus": "yes", "highway": "bus_stop", "lit": "no", "local_ref": "1", "name": "康乐村", "name:en": "Kanglecun", "name:zh": "康乐村", "public_transport": "platform", "shelter": "no", "osm_id": "node/4391850123", "category": "transport", "category_hint": "transport", "type": "bus_stop", "address": ""}}, {"type": "Feature", "geometry": {"type": "Point", "coordinates": [113.3002838, 23.0975231]}, "properties": {"bench": "yes", "bin": "no", "bus": "yes", "highway": "bus_stop", "lit": "yes", "local_ref": "2", "name": "康乐村", "name:en": "Kanglecun", "name:zh": "康乐村", "public_transport": "platform", "shelter": "yes", "osm_id": "node/4391850124", "category": "transport", "category_hint": "transport", "type": "bus_stop", "address": ""}}, {"type": "Feature", "geometry": {"type": "Point", "coordinates": [113.2978522, 23.0968246]}, "properties": {"bus": "yes", "highway": "bus_stop", "local_ref": "1", "name": "康乐村", "name:en": "Kangle Village", "name:zh": "康乐村", "public_transport": "platform", "osm_id": "node/4391850125", "category": "transport", "category_hint": "transport", "type": "bus_stop", "address": ""}}, {"type": "Feature", "geometry": {"type": "Point", "coordinates": [113.2968638, 23.0960375]}, "properties": {"bench": "yes", "bin": "no", "bus": "yes", "departures_board": "no", "highway": "bus_stop", "lit": "yes", "local_ref": "2", "name": "康乐村", "name:en": "Kangle Village", "name:zh": "康乐村", "public_transport": "platform", "shelter": "yes", "osm_id": "node/4391850126", "category": "transport", "category_hint": "transport", "type": "bus_stop", "address": ""}}, {"type": "Feature", "geometry": {"type": "Point", "coordinates": [113.3149115, 23.098668]}, "properties": {"bench": "yes", "bin": "no", "bus": "yes", "highway": "bus_stop", "lit": "yes", "local_ref": "1", "name": "珠影(地铁客村站)", "name:en": "Zhujiang Film Studio (Kecun Metro Station)", "name:zh": "珠影(地铁客村站)", "public_transport": "platform", "shelter": "yes", "osm_id": "node/4391875041", "category": "transport", "category_hint": "transport", "type": "bus_stop", "address": ""}}, {"type": "Feature", "geometry": {"type": "Point", "coordinates": [113.3162408, 23.0987087]}, "properties": {"bench": "yes", "bin": "no", "bus": "yes", "highway": "bus_stop", "lit": "yes", "local_ref": "2", "name": "珠影(地铁客村站)", "name:en": "Zhujiang Film Studio (Kecun Metro Station)", "name:zh": "珠影(地铁客村站)", "public_transport": "platform", "shelter": "yes", "osm_id": "node/4391875042", "category": "transport", "category_hint": "transport", "type": "bus_stop", "address": ""}}, {"type": "Feature", "geometry": {"type": "Point", "coordinates": [113.3163612, 23.0989719]}, "properties": {"bench": "yes", "bin": "yes", "bus": "yes", "highway": "bus_stop", "lit": "yes", "local_ref": "1", "name": "珠影(地铁客村站)", "name:en": "Zhujiang Film Studio (Kecun Metro Station)", "name:zh": "珠影(地铁客村站)", "public_transport": "platform", "shelter": "yes", "osm_id": "node/4391879738", "category": "transport", "category_hint": "transport", "type": "bus_stop", "address": ""}}, {"type": "Feature", "geometry": {"type": "Point", "coordinates": [113.3150337, 23.0989925]}, "properties": {"bench": "yes", "bin": "no", "bus": "yes", "highway": "bus_stop", "lit": "yes", "local_ref": "2", "name": "珠影(地铁客村站)", "name:en": "Zhujiang Film Studio (Kecun Metro Station)", "name:zh": "珠影(地铁客村站)", "public_transport": "platform", "shelter": "yes", "osm_id": "node/4391879739", "category": "transport", "category_hint": "transport", "type": "bus_stop", "address": ""}}, {"type": "Feature", "geometry": {"type": "Point", "coordinates": [113.3230039, 23.0987099]}, "properties": {"bench": "yes", "bin": "yes", "bus": "yes", "highway": "bus_stop", "lit": "yes", "local_ref": "2", "name": "赤岗路口", "name:en": "Chigang Lu Entrance", "name:zh": "赤岗路口", "public_transport": "platform", "shelter": "yes", "osm_id": "node/4391903250", "category": "transport", "category_hint": "transport", "type": "bus_stop", "address": ""}}, {"type": "Feature", "geometry": {"type": "Point", "coordinates": [113.3201468, 23.0986957]}, "properties": {"bench": "yes", "bin": "no", "bus": "yes", "highway": "bus_stop", "lit": "yes", "local_ref": "1", "name": "赤岗路口", "name:en": "Chigang Lu Entrance", "name:zh": "赤岗路口", "public_transport": "platform", "shelter": "yes", "osm_id": "node/4391903251", "category": "transport", "category_hint": "transport", "type": "bus_stop", "address": ""}}, {"type": "Feature", "geometry": {"type": "Point", "coordinates": [113.319706, 23.0989949]}, "properties": {"bench": "yes", "bin": "no", "bus": "yes", "highway": "bus_stop", "lit": "yes", "local_ref": "2", "name": "赤岗路口", "name:en": "Chigang Lu Entrance", "name:zh": "赤岗路口", "public_transport": "platform", "shelter": "yes", "osm_id": "node/4391903252", "category": "transport", "category_hint": "transport", "type": "bus_stop", "address": ""}}, {"type": "Feature", "geometry": {"type": "Point", "coordinates": [113.3234828, 23.0990562]}, "properties": {"bench": "yes", "bin": "no", "bus": "yes", "highway": "bus_stop", "lit": "yes", "local_ref": "1", "name": "赤岗路口", "name:en": "Chigang Lu Entrance", "name:zh": "赤岗路口", "public_transport": "platform", "shelter": "yes", "osm_id": "node/4391903253", "category": "transport", "category_hint": "transport", "type": "bus_stop", "address": ""}}, {"type": "Feature", "geometry": {"type": "Point", "coordinates": [113.3268262, 23.0988126]}, "properties": {"bench": "yes", "bin": "no", "bus": "yes", "highway": "bus_stop", "lit": "yes", "local_ref": "2", "name": "赤岗", "name:en": "Chigang", "name:zh": "赤岗", "public_transport": "platform", "shelter": "yes", "osm_id": "node/4391915710", "category": "transport", "category_hint": "transport", "type": "bus_stop", "address": ""}}, {"type": "Feature", "geometry": {"type": "Point", "coordinates": [113.3295953, 23.0987225]}, "properties": {"bus": "yes", "highway": "bus_stop", "local_ref": "1", "name": "赤岗", "name:en": "Chigang", "name:zh": "赤岗", "public_transport": "platform", "osm_id": "node/4391915711", "category": "transport", "category_hint": "transport", "type": "bus_stop", "address": ""}}, {"type": "Feature", "geometry": {"type": "Point", "coordinates": [113.3299801, 23.0984346]}, "properties": {"bench": "yes", "bin": "no", "bus": "yes", "highway": "bus_stop", "lit": "yes", "name": "赤岗", "name:en": "Chigang", "name:zh": "赤岗", "public_transport": "platform", "shelter": "yes", "osm_id": "node/4391915712", "category": "transport", "category_hint": "transport", "type": "bus_stop", "address": ""}}, {"type": "Feature", "geometry": {"type": "Point", "coordinates": [113.3272955, 23.0973339]}, "properties": {"bench": "no", "bin": "no", "bus": "yes", "highway": "bus_stop", "lit": "yes", "name": "赤岗", "name:en": "Chigang", "name:zh": "赤岗", "public_transport": "platform", "shelter": "no", "osm_id": "node/4391917926", "category": "transport", "category_hint": "transport", "type": "bus_stop", "address": ""}}, {"type": "Feature", "geometry": {"type": "Point", "coordinates": [113.327147, 23.0943442]}, "properties": {"bench": "yes", "bin": "no", "bus": "yes", "highway": "bus_stop", "lit": "yes", "local_ref": "1", "name": "江海大道中", "name:en": "Jianghai Dadao Zhong", "name:zh": "江海大道中", "public_transport": "platform", "shelter": "yes", "osm_id": "node/4391933308", "category": "transport", "category_hint": "transport", "type": "bus_stop", "address": ""}}, {"type": "Feature", "geometry": {"type": "Point", "coordinates": [113.3278471, 23.0934406]}, "properties": {"bench": "yes", "bus": "yes", "highway": "bus_stop", "lit": "yes", "local_ref": "2", "name": "江海大道中", "name:en": "Jianghai Dadao Zhong", "name:zh": "江海大道中", "public_transport": "platform", "shelter": "yes", "osm_id": "node/4391933309", "category": "transport", "category_hint": "transport", "type": "bus_stop", "address": ""}}, {"type": "Feature", "geometry": {"type": "Point", "coordinates": [113.3265643, 23.0886903]}, "properties": {"bus": "yes", "highway": "bus_stop", "name": "大塘", "name:en": "Datang(Jianghai Dadao)", "name:zh": "大塘", "public_transport": "platform", "osm_id": "node/4391939021", "category": "transport", "category_hint": "transport", "type": "bus_stop", "address": ""}}, {"type": "Feature", "geometry": {"type": "Point", "coordinates": [113.3270705, 23.0897547]}, "properties": {"bus": "yes", "name": "大塘", "name:zh": "大塘", "public_transport": "stop_position", "osm_id": "node/4391939024", "category": "transport", "category_hint": "transport", "type": "", "address": ""}}, {"type": "Feature", "geometry": {"type": "Point", "coordinates": [113.327185, 23.0897787]}, "properties": {"bus": "yes", "highway": "bus_stop", "name": "大塘", "name:en": "Datang(Jianghai Dadao)", "name:zh": "大塘", "public_transport": "platform", "osm_id": "node/4391939025", "category": "transport", "category_hint": "transport", "type": "bus_stop", "address": ""}}, {"type": "Feature", "geometry": {"type": "Point", "coordinates": [113.3265352, 23.0852212]}, "properties": {"bus": "yes", "highway": "bus_stop", "local_ref": "1", "name": "龙潭村", "name:en": "Longtancun①", "name:zh": "龙潭村", "public_transport": "platform", "osm_id": "node/4391939026", "category": "transport", "category_hint": "transport", "type": "bus_stop", "address": ""}}, {"type": "Feature", "geometry": {"type": "Point", "coordinates": [113.3269011, 23.0857792]}, "properties": {"bench": "no", "bus": "yes", "highway": "bus_stop", "name": "龙潭村", "name:en": "Longtancun", "name:zh": "龙潭村", "public_transport": "platform", "shelter": "no", "osm_id": "node/4391939027", "category": "transport", "category_hint": "transport", "type": "bus_stop", "address": ""}}, {"type": "Feature", "geometry": {"type": "Point", "coordinates": [113.3310896, 23.0806421]}, "properties": {"bench": "yes", "bus": "yes", "highway": "bus_stop", "name": "龙潭村牌坊", "name:en": "Longtancun Paifang", "name:zh": "龙潭村牌坊", "public_transport": "platform", "shelter": "yes", "osm_id": "node/4392022753", "category": "transport", "category_hint": "transport", "type": "bus_stop", "address": ""}}, {"type": "Feature", "geometry": {"type": "Point", "coordinates": [113.3317579, 23.0810982]}, "properties": {"bench": "yes", "bus": "yes", "highway": "bus_stop", "name": "龙潭村牌坊", "name:en": "Longtancun Paifang", "name:zh": "龙潭村牌坊", "public_transport": "platform", "shelter": "yes", "osm_id": "node/4392022754", "category": "transport", "category_hint": "transport", "type": "bus_stop", "address": ""}}, {"type": "Feature", "geometry": {"type": "Point", "coordinates": [113.3357607, 23.0816328]}, "properties": {"bus": "yes", "highway": "bus_stop", "name": "新滘中路(地铁龙潭站)", "name:en": "Xinjiao Zhong Lu(Longtan)", "name:zh": "新滘中路(地铁龙潭站)", "public_transport": "platform", "osm_id": "node/4392043091", "category": "transport", "category_hint": "transport", "type": "bus_stop", "address": ""}}, {"type": "Feature", "geometry": {"type": "Point", "coordinates": [113.326681, 23.0886618]}, "properties": {"bus": "yes", "name": "大塘", "name:zh": "大塘", "public_transport": "stop_position", "osm_id": "node/4392894301", "category": "transport", "category_hint": "transport", "type": "", "address": ""}}, {"type": "Feature", "geometry": {"type": "Point", "coordinates": [113.3274355, 23.0933381]}, "properties": {"bench": "no", "bin": "no", "bus": "yes", "highway": "bus_stop", "lit": "no", "local_ref": "2", "name": "江海大道中", "name:en": "Jianghai Dadao Zhong", "name:zh": "江海大道中", "public_transport": "platform", "shelter": "no", "osm_id": "node/4396323088", "category": "transport", "category_hint": "transport", "type": "bus_stop", "address": ""}}, {"type": "Feature", "geometry": {"type": "Point", "coordinates": [113.3302842, 23.0917048]}, "properties": {"alt_name": "中西医结合医院", "bus": "yes", "highway": "bus_stop", "name": "石榴岗路西", "name:en": "Shiliugang Lu West", "name:zh": "石榴岗路西", "public_transport": "platform", "osm_id": "node/4396324556", "category": "transport", "category_hint": "transport", "type": "bus_stop", "address": ""}}, {"type": "Feature", "geometry": {"type": "Point", "coordinates": [113.3307369, 23.0914049]}, "properties": {"alt_name": "中西医结合医院", "bench": "yes", "bin": "no", "bus": "yes", "highway": "bus_stop", "lit": "yes", "name": "石榴岗路西", "name:en": "Shiliugang Lu West", "name:zh": "石榴岗路西", "public_transport": "platform", "shelter": "yes", "osm_id": "node/4396324557", "category": "transport", "category_hint": "transport", "type": "bus_stop", "address": ""}}, {"type": "Feature", "geometry": {"type": "Point", "coordinates": [113.3344214, 23.0883658]}, "properties": {"bus": "yes", "highway": "bus_stop", "name": "台涌", "name:en": "Taichong", "name:zh": "台涌", "public_transport": "platform", "osm_id": "node/4396328478", "category": "transport", "category_hint": "transport", "type": "bus_stop", "address": ""}}, {"type": "Feature", "geometry": {"type": "Point", "coordinates": [113.3347308, 23.0878692]}, "properties": {"bus": "yes", "highway": "bus_stop", "name": "台涌", "name:en": "Taichong", "name:zh": "台涌", "public_transport": "platform", "osm_id": "node/4396328479", "category": "transport", "category_hint": "transport", "type": "bus_stop", "address": ""}}, {"type": "Feature", "geometry": {"type": "Point", "coordinates": [113.3277142, 23.0934326]}, "properties": {"bus": "yes", "name": "江海大道中", "name:zh": "江海大道中", "public_transport": "stop_position", "osm_id": "node/4397082079", "category": "transport", "category_hint": "transport", "type": "", "address": ""}}, {"type": "Feature", "geometry": {"type": "Point", "coordinates": [113.3250847, 23.0883523]}, "properties": {"bus": "yes", "highway": "bus_stop", "name": "大塘总站", "name:en": "Datang Bus Terminal", "name:zh": "大塘总站", "public_transport": "platform", "osm_id": "node/4397741969", "category": "transport", "category_hint": "transport", "type": "bus_stop", "address": ""}}, {"type": "Feature", "geometry": {"type": "Point", "coordinates": [113.325089, 23.088398]}, "properties": {"bus": "yes", "name": "大塘总站", "name:zh": "大塘总站", "public_transport": "stop_position", "osm_id": "node/4399187612", "category": "transport", "category_hint": "transport", "type": "", "address": ""}}, {"type": "Feature", "geometry": {"type": "Point", "coordinates": [113.3139785, 23.0900082]}, "properties": {"bus": "yes", "highway": "bus_stop", "local_ref": "2", "name": "大塘西(敦和)总站②", "name:en": "Datang Xi(Dunhe) Bus Terminal", "name:zh": "大塘西(敦和)总站②", "public_transport": "platform", "osm_id": "node/4402243975", "category": "transport", "category_hint": "transport", "type": "bus_stop", "address": ""}}, {"type": "Feature", "geometry": {"type": "Point", "coordinates": [113.3138703, 23.090448]}, "properties": {"bus": "yes", "highway": "bus_stop", "local_ref": "1", "name": "大塘西(敦和)总站①", "name:en": "Datang Xi(Dunhe) Bus Terminal", "name:zh": "大塘西(敦和)总站①", "public_transport": "platform", "osm_id": "node/4402243976", "category": "transport", "category_hint": "transport", "type": "bus_stop", "address": ""}}, {"type": "Feature", "geometry": {"type": "Point", "coordinates": [113.3099675, 23.1039251]}, "properties": {"bus": "yes", "highway": "bus_stop", "local_ref": "1", "name": "客村立交", "name:en": "Kecun Interchange", "name:zh": "客村立交", "public_transport": "platform", "osm_id": "node/4414941129", "category": "transport", "category_hint": "transport", "type": "bus_stop", "address": ""}}, {"type": "Feature", "geometry": {"type": "Point", "coordinates": [113.309715, 23.1005456]}, "properties": {"bus": "yes", "highway": "bus_stop", "local_ref": "2", "name": "客村立交", "name:en": "Kecun Interchange", "name:zh": "客村立交", "public_transport": "platform", "osm_id": "node/4414941130", "category": "transport", "category_hint": "transport", "type": "bus_stop", "address": ""}}, {"type": "Feature", "geometry": {"type": "Point", "coordinates": [113.3101357, 23.0998081]}, "properties": {"bus": "yes", "highway": "bus_stop", "local_ref": "1", "name": "客村立交", "name:en": "Kecun Interchange", "name:zh": "客村立交", "public_transport": "platform", "osm_id": "node/4414941131", "category": "transport", "category_hint": "transport", "type": "bus_stop", "address": ""}}, {"type": "Feature", "geometry": {"type": "Point", "coordinates": [113.3101992, 23.100793]}, "properties": {"bus": "yes", "highway": "bus_stop", "local_ref": "2", "name": "客村立交", "name:en": "Kecun Interchange", "name:zh": "客村立交", "public_transport": "platform", "osm_id": "node/4414941132", "category": "transport", "category_hint": "transport", "type": "bus_stop", "address": ""}}, {"type": "Feature", "geometry": {"type": "Point", "coordinates": [113.3103965, 23.1025268]}, "properties": {"bus": "yes", "highway": "bus_stop", "local_ref": "3", "name": "客村立交", "name:en": "Kecun Interchange", "name:zh": "客村立交", "public_transport": "platform", "osm_id": "node/4414941133", "category": "transport", "category_hint": "transport", "type": "bus_stop", "address": ""}}, {"type": "Feature", "geometry": {"type": "Point", "coordinates": [113.3256605, 23.1159885]}, "properties": {"bus": "yes", "name": "临江大道中", "name:zh": "临江大道中", "public_transport": "stop_position", "osm_id": "node/4418977852", "category": "transport", "category_hint": "transport", "type": "", "address": ""}}, {"type": "Feature", "geometry": {"type": "Point", "coordinates": [113.3241959, 23.1162945]}, "properties": {"bus": "yes", "highway": "bus_stop", "local_ref": "2", "name": "临江大道中", "name:en": "Linjiang Dadao Middle", "name:zh": "临江大道中", "public_transport": "platform", "osm_id": "node/4418977860", "category": "transport", "category_hint": "transport", "type": "bus_stop", "address": ""}}, {"type": "Feature", "geometry": {"type": "Point", "coordinates": [113.3364604, 23.1147362]}, "properties": {"bus": "yes", "highway": "bus_stop", "name": "临江大道东", "name:en": "Linjiang Avenue East", "name:zh": "临江大道东", "public_transport": "platform", "osm_id": "node/4419002184", "category": "transport", "category_hint": "transport", "type": "bus_stop", "address": ""}}, {"type": "Feature", "geometry": {"type": "Point", "coordinates": [113.3096962, 23.0836424]}, "properties": {"bench": "yes", "bin": "no", "bus": "yes", "highway": "bus_stop", "lit": "yes", "local_ref": "1", "name": "上涌", "name:en": "Shangchong", "name:zh": "上涌", "public_transport": "platform", "shelter": "yes", "osm_id": "node/4422009928", "category": "transport", "category_hint": "transport", "type": "bus_stop", "address": ""}}, {"type": "Feature", "geometry": {"type": "Point", "coordinates": [113.3094982, 23.082988]}, "properties": {"bench": "no", "bin": "no", "bus": "yes", "highway": "bus_stop", "lit": "no", "local_ref": "2", "name": "上涌", "name:en": "Shangchong", "name:zh": "上涌", "public_transport": "platform", "shelter": "yes", "osm_id": "node/4422009929", "category": "transport", "category_hint": "transport", "type": "bus_stop", "address": ""}}, {"type": "Feature", "geometry": {"type": "Point", "coordinates": [113.3102194, 23.0838181]}, "properties": {"bus": "yes", "departures_board": "no", "highway": "bus_stop", "local_ref": "2", "name": "上涌", "name:en": "Shangchong", "name:zh": "上涌", "public_transport": "platform", "shelter": "yes", "osm_id": "node/4422009930", "category": "transport", "category_hint": "transport", "type": "bus_stop", "address": ""}}, {"type": "Feature", "geometry": {"type": "Point", "coordinates": [113.3104094, 23.0846549]}, "properties": {"bus": "yes", "departures_board": "no", "disused": "yes", "highway": "bus_stop", "local_ref": "4", "name": "上涌", "name:en": "Shangchong", "name:zh": "上涌", "public_transport": "platform", "shelter": "yes", "osm_id": "node/4422009931", "category": "transport", "category_hint": "transport", "type": "bus_stop", "address": ""}}, {"type": "Feature", "geometry": {"type": "Point", "coordinates": [113.3073295, 23.0761237]}, "properties": {"bus": "yes", "highway": "bus_stop", "local_ref": "2", "name": "上涌南", "name:en": "Shangchong South", "name:zh": "上涌南", "public_transport": "platform", "shelter": "yes", "osm_id": "node/4422027187", "category": "transport", "category_hint": "transport", "type": "bus_stop", "address": ""}}, {"type": "Feature", "geometry": {"type": "Point", "coordinates": [113.3077455, 23.077477]}, "properties": {"bench": "yes", "bus": "yes", "highway": "bus_stop", "local_ref": "1", "name": "上涌南", "name:en": "Shangchong South", "name:zh": "上涌南", "public_transport": "platform", "shelter": "yes", "osm_id": "node/4422027188", "category": "transport", "category_hint": "transport", "type": "bus_stop", "address": ""}}, {"type": "Feature", "geometry": {"type": "Point", "coordinates": [113.3076191, 23.0756904]}, "properties": {"bench": "yes", "bus": "yes", "departures_board": "no", "highway": "bus_stop", "local_ref": "1", "name": "上涌南", "name:en": "Shangchong South", "name:zh": "上涌南", "public_transport": "platform", "shelter": "yes", "osm_id": "node/4422027189", "category": "transport", "category_hint": "transport", "type": "bus_stop", "address": ""}}, {"type": "Feature", "geometry": {"type": "Point", "coordinates": [113.307886, 23.0764059]}, "properties": {"bench": "yes", "bus": "yes", "departures_board": "no", "highway": "bus_stop", "local_ref": "2", "name": "上涌南", "name:en": "Shangchong South", "name:zh": "上涌南", "public_transport": "platform", "shelter": "yes", "osm_id": "node/4422027190", "category": "transport", "category_hint": "transport", "type": "bus_stop", "address": ""}}, {"type": "Feature", "geometry": {"type": "Point", "coordinates": [113.3108308, 23.0878928]}, "properties": {"bus": "yes", "highway": "bus_stop", "name": "广州大道南(叠景路口)", "name:en": "Guangzhou Avenue South(Diejing Road Entrance)", "name:zh": "广州大道南(叠景路口)", "public_transport": "platform", "osm_id": "node/4423380327", "category": "transport", "category_hint": "transport", "type": "bus_stop", "address": ""}}, {"type": "Feature", "geometry": {"type": "Point", "coordinates": [113.3219393, 23.0958368]}, "properties": {"bench": "yes", "bin": "no", "bus": "yes", "highway": "bus_stop", "lit": "yes", "name": "赤岗路", "name:en": "Chigang Lu", "name:zh": "赤岗路", "public_transport": "platform", "shelter": "yes", "osm_id": "node/4438785865", "category": "transport", "category_hint": "transport", "type": "bus_stop", "address": ""}}, {"type": "Feature", "geometry": {"type": "Point", "coordinates": [113.3220379, 23.095668]}, "properties": {"bench": "yes", "bin": "no", "bus": "yes", "highway": "bus_stop", "lit": "yes", "name": "赤岗路", "name:en": "Chigang Lu", "name:zh": "赤岗路", "public_transport": "platform", "shelter": "yes", "osm_id": "node/4438785866", "category": "transport", "category_hint": "transport", "type": "bus_stop", "address": ""}}, {"type": "Feature", "geometry": {"type": "Point", "coordinates": [113.3219339, 23.0926008]}, "properties": {"bench": "no", "bin": "no", "bus": "yes", "highway": "bus_stop", "lit": "no", "name": "卷烟一厂", "name:en": "No.1 Cigarette Factory", "name:zh": "卷烟一厂", "public_transport": "platform", "shelter": "no", "osm_id": "node/4438787386", "category": "transport", "category_hint": "transport", "type": "bus_stop", "address": ""}}, {"type": "Feature", "geometry": {"type": "Point", "coordinates": [113.3220671, 23.0922955]}, "properties": {"bench": "yes", "bin": "no", "bus": "yes", "highway": "bus_stop", "lit": "yes", "name": "卷烟一厂", "name:en": "No.1 Cigarette Factory", "name:zh": "卷烟一厂", "public_transport": "platform", "shelter": "yes", "osm_id": "node/4438787387", "category": "transport", "category_hint": "transport", "type": "bus_stop", "address": ""}}, {"type": "Feature", "geometry": {"type": "Point", "coordinates": [113.3219498, 23.089028]}, "properties": {"bus": "yes", "highway": "bus_stop", "name": "大塘路口", "name:en": "Datang Lu Entrance", "name:zh": "大塘路口", "public_transport": "platform", "osm_id": "node/4438791647", "category": "transport", "category_hint": "transport", "type": "bus_stop", "address": ""}}, {"type": "Feature", "geometry": {"type": "Point", "coordinates": [113.3221022, 23.0889428]}, "properties": {"bus": "yes", "highway": "bus_stop", "name": "大塘路口", "name:en": "Datang Lu Entrance", "name:zh": "大塘路口", "public_transport": "platform", "osm_id": "node/4438791648", "category": "transport", "category_hint": "transport", "type": "bus_stop", "address": ""}}, {"type": "Feature", "geometry": {"type": "Point", "coordinates": [113.3038986, 23.0851229]}, "properties": {"bus": "yes", "name": "逸景翠园总站", "name:zh": "逸景翠园总站", "public_transport": "stop_position", "osm_id": "node/4447220515", "category": "transport", "category_hint": "transport", "type": "", "address": ""}}, {"type": "Feature", "geometry": {"type": "Point", "coordinates": [113.2941973, 23.1133984]}, "properties": {"bus": "yes", "highway": "bus_stop", "name": "二沙西", "name:en": "Ersha Island West", "name:zh": "二沙西", "public_transport": "platform", "osm_id": "node/4452822338", "category": "transport", "category_hint": "transport", "type": "bus_stop", "address": ""}}, {"type": "Feature", "geometry": {"type": "Point", "coordinates": [113.2946811, 23.1134694]}, "properties": {"bus": "yes", "highway": "bus_stop", "name": "二沙西", "name:en": "Ersha Island West", "name:zh": "二沙西", "public_transport": "platform", "osm_id": "node/4452822339", "category": "transport", "category_hint": "transport", "type": "bus_stop", "address": ""}}, {"type": "Feature", "geometry": {"type": "Point", "coordinates": [113.302011, 23.1112773]}, "properties": {"bench": "yes", "bin": "yes", "bus": "yes", "highway": "bus_stop", "lit": "yes", "name": "星海音乐厅", "name:en": "Xinghai Concert Hall", "name:zh": "星海音乐厅", "public_transport": "platform", "shelter": "yes", "osm_id": "node/4452824306", "category": "transport", "category_hint": "transport", "type": "bus_stop", "address": ""}}, {"type": "Feature", "geometry": {"type": "Point", "coordinates": [113.2981258, 23.1135773]}, "properties": {"bus": "yes", "highway": "bus_stop", "name": "星海音乐厅", "name:en": "Xinghai Concert Hall(Guangdong Hospital of TCM Ersha Branch)", "name:zh": "星海音乐厅", "public_transport": "platform", "osm_id": "node/4452824307", "category": "transport", "category_hint": "transport", "type": "bus_stop", "address": ""}}, {"type": "Feature", "geometry": {"type": "Point", "coordinates": [113.3074738, 23.1118606]}, "properties": {"bench": "yes", "bin": "yes", "bus": "yes", "highway": "bus_stop", "lit": "no", "name": "二沙东(传祺公园)", "name:en": "Ersha Island East (Trumpchi Park)", "name:zh": "二沙东(传祺公园)", "public_transport": "platform", "shelter": "yes", "wheelchair": "limited", "osm_id": "node/4452829376", "category": "transport", "category_hint": "transport", "type": "bus_stop", "address": ""}}, {"type": "Feature", "geometry": {"type": "Point", "coordinates": [113.3075539, 23.1120207]}, "properties": {"bench": "yes", "bin": "yes", "bus": "yes", "highway": "bus_stop", "lit": "no", "name": "二沙东(传祺公园)", "name:en": "Ersha Island East (Trumpchi Park)", "name:zh": "二沙东(传祺公园)", "public_transport": "platform", "shelter": "yes", "wheelchair": "limited", "osm_id": "node/4452829377", "category": "transport", "category_hint": "transport", "type": "bus_stop", "address": ""}}, {"type": "Feature", "geometry": {"type": "Point", "coordinates": [113.3275385, 23.0981675]}, "properties": {"bench": "yes", "bin": "no", "bus": "yes", "highway": "bus_stop", "lit": "yes", "name": "赤岗总站", "name:en": "Chigang Bus Terminal", "name:zh": "赤岗总站", "public_transport": "platform", "shelter": "yes", "osm_id": "node/4453613986", "category": "transport", "category_hint": "transport", "type": "bus_stop", "address": ""}}, {"type": "Feature", "geometry": {"type": "Point", "coordinates": [113.3275543, 23.0982192]}, "properties": {"bus": "yes", "name": "赤岗总站", "name:zh": "赤岗总站", "public_transport": "stop_position", "osm_id": "node/4453627025", "category": "transport", "category_hint": "transport", "type": "", "address": ""}}, {"type": "Feature", "geometry": {"type": "Point", "coordinates": [113.2957647, 23.0946565]}, "properties": {"bench": "no", "bin": "no", "bus": "yes", "highway": "bus_stop", "lit": "no", "local_ref": "3", "name": "中山大学", "name:en": "Sun Yat Sen University 3", "name:zh": "中山大学", "public_transport": "platform", "shelter": "no", "osm_id": "node/4453637903", "category": "transport", "category_hint": "transport", "type": "bus_stop", "address": ""}}, {"type": "Feature", "geometry": {"type": "Point", "coordinates": [113.3203932, 23.1063828]}, "properties": {"bus": "yes", "name": "珠江帝景苑总站", "name:zh": "珠江帝景苑总站", "public_transport": "stop_position", "osm_id": "node/4458799266", "category": "transport", "category_hint": "transport", "type": "", "address": ""}}, {"type": "Feature", "geometry": {"type": "Point", "coordinates": [113.3204397, 23.1063739]}, "properties": {"bench": "no", "bin": "yes", "bus": "yes", "highway": "bus_stop", "lit": "yes", "name": "珠江帝景苑总站", "name:en": "Regal Riviera Bus Terminal", "name:zh": "珠江帝景苑总站", "public_transport": "platform", "shelter": "yes", "osm_id": "node/4458799274", "category": "transport", "category_hint": "transport", "type": "bus_stop", "address": ""}}, {"type": "Feature", "geometry": {"type": "Point", "coordinates": [113.3256871, 23.116093]}, "properties": {"bus": "yes", "highway": "bus_stop", "local_ref": "1", "name": "临江大道中", "name:en": "Linjiang Dadao Middle", "name:zh": "临江大道中", "public_transport": "platform", "osm_id": "node/4460357184", "category": "transport", "category_hint": "transport", "type": "bus_stop", "address": ""}}, {"type": "Feature", "geometry": {"type": "Point", "coordinates": [113.3066017, 23.0990895]}, "properties": {"bus": "yes", "highway": "bus_stop", "name": "大江直街南", "name:en": "Dajiang Zhijie South", "name:zh": "大江直街南", "public_transport": "platform", "osm_id": "node/4464863310", "category": "transport", "category_hint": "transport", "type": "bus_stop", "address": ""}}, {"type": "Feature", "geometry": {"type": "Point", "coordinates": [113.3065656, 23.0990713]}, "properties": {"bus": "yes", "name": "大江直街南", "name:zh": "大江直街南", "public_transport": "stop_position", "osm_id": "node/4464863311", "category": "transport", "category_hint": "transport", "type": "", "address": ""}}, {"type": "Feature", "geometry": {"type": "Point", "coordinates": [113.3070705, 23.1043079]}, "properties": {"bus": "yes", "name": "大江苑", "name:zh": "大江苑", "public_transport": "stop_position", "osm_id": "node/4464881690", "category": "transport", "category_hint": "transport", "type": "", "address": ""}}, {"type": "Feature", "geometry": {"type": "Point", "coordinates": [113.3070353, 23.1045103]}, "properties": {"bus": "yes", "name": "大江苑总站", "name:zh": "大江苑总站", "public_transport": "stop_position", "osm_id": "node/4464881693", "category": "transport", "category_hint": "transport", "type": "", "address": ""}}, {"type": "Feature", "geometry": {"type": "Point", "coordinates": [113.3070804, 23.1038038]}, "properties": {"bus": "yes", "name": "大江苑", "name:zh": "大江苑", "public_transport": "stop_position", "osm_id": "node/4464881698", "category": "transport", "category_hint": "transport", "type": "", "address": ""}}, {"type": "Feature", "geometry": {"type": "Point", "coordinates": [113.3069264, 23.1026035]}, "properties": {"bench": "no", "bus": "yes", "highway": "bus_stop", "name": "大江直街北", "name:en": "Dajiang Zhijie North", "name:zh": "大江直街北", "public_transport": "platform", "shelter": "no", "osm_id": "node/4464882769", "category": "transport", "category_hint": "transport", "type": "bus_stop", "address": ""}}, {"type": "Feature", "geometry": {"type": "Point", "coordinates": [113.3071265, 23.1043098]}, "properties": {"bus": "yes", "highway": "bus_stop", "name": "大江苑", "name:en": "Dajiangyuan", "name:zh": "大江苑", "public_transport": "platform", "osm_id": "node/4464892304", "category": "transport", "category_hint": "transport", "type": "bus_stop", "address": ""}}, {"type": "Feature", "geometry": {"type": "Point", "coordinates": [113.3070292, 23.1038036]}, "properties": {"bus": "yes", "highway": "bus_stop", "name": "大江苑", "name:en": "Dajiangyuan", "name:zh": "大江苑", "public_transport": "platform", "osm_id": "node/4464892305", "category": "transport", "category_hint": "transport", "type": "bus_stop", "address": ""}}, {"type": "Feature", "geometry": {"type": "Point", "coordinates": [113.3093904, 23.1032474]}, "properties": {"bus": "yes", "highway": "bus_stop", "name": "广州大桥南", "name:en": "Guangzhou Bridge South", "name:zh": "广州大桥南", "public_transport": "platform", "osm_id": "node/4464894704", "category": "transport", "category_hint": "transport", "type": "bus_stop", "address": ""}}, {"type": "Feature", "geometry": {"type": "Point", "coordinates": [113.3093288, 23.1034267]}, "properties": {"bus": "yes", "highway": "bus_stop", "name": "广州大桥南", "name:en": "Guangzhou Bridge South", "name:zh": "广州大桥南", "public_transport": "platform", "osm_id": "node/4464894705", "category": "transport", "category_hint": "transport", "type": "bus_stop", "address": ""}}, {"type": "Feature", "geometry": {"type": "Point", "coordinates": [113.3344466, 23.0878693]}, "properties": {"bus": "yes", "highway": "bus_stop", "name": "石榴岗海珠政务服务中心总站", "name:en": "Shiliugang(Haizhu District Administative Services Center) Bus Terminal", "name:zh": "石榴岗海珠政务服务中心总站", "public_transport": "platform", "osm_id": "node/4472308655", "category": "transport", "category_hint": "transport", "type": "bus_stop", "address": ""}}, {"type": "Feature", "geometry": {"type": "Point", "coordinates": [113.3345114, 23.0878784]}, "properties": {"bus": "yes", "name": "石榴岗海珠政务服务中心总站", "name:zh": "石榴岗海珠政务服务中心总站", "public_transport": "stop_position", "osm_id": "node/4472386429", "category": "transport", "category_hint": "transport", "type": "", "address": ""}}, {"type": "Feature", "geometry": {"type": "Point", "coordinates": [113.3027083, 23.1053772]}, "properties": {"bus": "yes", "highway": "bus_stop", "name": "下渡路(海琴湾)总站", "name:en": "Xiadu Road (Haiqin Bay) Bus Terminal", "name:zh": "下渡路(海琴湾)总站", "public_transport": "platform", "osm_id": "node/4500443311", "category": "transport", "category_hint": "transport", "type": "bus_stop", "address": ""}}, {"type": "Feature", "geometry": {"type": "Point", "coordinates": [113.3055356, 23.105215]}, "properties": {"bus": "yes", "name": "滨江东路总站", "name:zh": "滨江东路总站", "public_transport": "stop_position", "osm_id": "node/4500452769", "category": "transport", "category_hint": "transport", "type": "", "address": ""}}, {"type": "Feature", "geometry": {"type": "Point", "coordinates": [113.3236318, 23.0868251]}, "properties": {"bench": "yes", "bin": "no", "bus": "yes", "highway": "bus_stop", "lit": "yes", "name": "聚德路站", "name:en": "Jude Lu", "name:zh": "聚德路站", "public_transport": "platform", "shelter": "yes", "osm_id": "node/4500576881", "category": "transport", "category_hint": "transport", "type": "bus_stop", "address": ""}}, {"type": "Feature", "geometry": {"type": "Point", "coordinates": [113.3235086, 23.087093]}, "properties": {"bench": "yes", "bin": "yes", "bus": "yes", "highway": "bus_stop", "lit": "yes", "name": "聚德路站", "name:en": "Jude Lu", "name:zh": "聚德路站", "public_transport": "platform", "shelter": "yes", "osm_id": "node/4500576882", "category": "transport", "category_hint": "transport", "type": "bus_stop", "address": ""}}, {"type": "Feature", "geometry": {"type": "Point", "coordinates": [113.3215248, 23.0836663]}, "properties": {"bus": "yes", "highway": "bus_stop", "name": "大塘(坚真花园)总站", "name:en": "Datang(Jianzhen Garden Bus Terminal)", "name:zh": "大塘(坚真花园)总站", "public_transport": "platform", "osm_id": "node/4500579199", "category": "transport", "category_hint": "transport", "type": "bus_stop", "address": ""}}, {"type": "Feature", "geometry": {"type": "Point", "coordinates": [113.3350621, 23.1014504]}, "properties": {"bus": "yes", "highway": "bus_stop", "name": "磨碟沙", "name:en": "Modiesha", "name:zh": "磨碟沙", "public_transport": "platform", "osm_id": "node/4502517678", "category": "transport", "category_hint": "transport", "type": "bus_stop", "address": ""}}, {"type": "Feature", "geometry": {"type": "Point", "coordinates": [113.3342743, 23.1010031]}, "properties": {"bus": "yes", "highway": "bus_stop", "name": "磨碟沙", "name:en": "Modiesha", "name:zh": "磨碟沙", "public_transport": "platform", "osm_id": "node/4502517679", "category": "transport", "category_hint": "transport", "type": "bus_stop", "address": ""}}, {"type": "Feature", "geometry": {"type": "Point", "coordinates": [113.2947612, 23.0735441]}, "properties": {"bus": "yes", "highway": "bus_stop", "name": "瑞宝小学", "name:en": "Ruibao Primary School", "name:zh": "瑞宝小学", "public_transport": "platform", "osm_id": "node/4510907123", "category": "transport", "category_hint": "transport", "type": "bus_stop", "address": ""}}, {"type": "Feature", "geometry": {"type": "Point", "coordinates": [113.2943182, 23.0737781]}, "properties": {"bus": "yes", "highway": "bus_stop", "name": "瑞宝小学", "name:en": "Ruibao Primary School", "name:zh": "瑞宝小学", "public_transport": "platform", "osm_id": "node/4510907124", "category": "transport", "category_hint": "transport", "type": "bus_stop", "address": ""}}, {"type": "Feature", "geometry": {"type": "Point", "coordinates": [113.2977535, 23.0735426]}, "properties": {"bus": "yes", "highway": "bus_stop", "name": "南洲北路", "name:en": "Nanzhou Bei Lu", "name:zh": "南洲北路", "public_transport": "platform", "osm_id": "node/4510916231", "category": "transport", "category_hint": "transport", "type": "bus_stop", "address": ""}}, {"type": "Feature", "geometry": {"type": "Point", "coordinates": [113.3205419, 23.0847144]}, "properties": {"bus": "yes", "highway": "bus_stop", "name": "聚德西路", "name:en": "Jude Xi Lu", "name:zh": "聚德西路", "public_transport": "platform", "osm_id": "node/4515477805", "category": "transport", "category_hint": "transport", "type": "bus_stop", "address": ""}}, {"type": "Feature", "geometry": {"type": "Point", "coordinates": [113.3204255, 23.0836913]}, "properties": {"bus": "yes", "highway": "bus_stop", "name": "聚德西路", "name:en": "Jude Xi Lu", "name:zh": "聚德西路", "public_transport": "platform", "osm_id": "node/4515477807", "category": "transport", "category_hint": "transport", "type": "bus_stop", "address": ""}}, {"type": "Feature", "geometry": {"type": "Point", "coordinates": [113.3217211, 23.1036588]}, "properties": {"bench": "yes", "bin": "yes", "bus": "yes", "highway": "bus_stop", "lit": "no", "name": "广州艺术博物院", "name:en": "Guangzhou Museum of Art", "name:zh": "广州艺术博物院", "public_transport": "platform", "shelter": "yes", "osm_id": "node/4523529116", "category": "transport", "category_hint": "transport", "type": "bus_stop", "address": ""}}, {"type": "Feature", "geometry": {"type": "Point", "coordinates": [113.3219853, 23.1031843]}, "properties": {"bench": "no", "bin": "yes", "bus": "yes", "highway": "bus_stop", "lit": "yes", "name": "广州艺术博物院", "name:en": "Guangzhou Museum of Art", "name:zh": "广州艺术博物院", "public_transport": "platform", "shelter": "no", "osm_id": "node/4523529117", "category": "transport", "category_hint": "transport", "type": "bus_stop", "address": ""}}, {"type": "Feature", "geometry": {"type": "Point", "coordinates": [113.3218154, 23.1001811]}, "properties": {"bench": "no", "bin": "yes", "bus": "yes", "highway": "bus_stop", "lit": "yes", "name": "赤岗北路", "name:en": "Chigang Bei Lu", "name:zh": "赤岗北路", "public_transport": "platform", "shelter": "no", "osm_id": "node/4523531938", "category": "transport", "category_hint": "transport", "type": "bus_stop", "address": ""}}, {"type": "Feature", "geometry": {"type": "Point", "coordinates": [113.3220734, 23.1004878]}, "properties": {"bench": "yes", "bin": "yes", "bus": "yes", "highway": "bus_stop", "lit": "no", "name": "赤岗北路", "name:en": "Chigang Road North", "name:yue-Hant": "赤崗北路站", "name:zh": "赤岗北路", "public_transport": "platform", "shelter": "yes", "osm_id": "node/4523531939", "category": "transport", "category_hint": "transport", "type": "bus_stop", "address": ""}}, {"type": "Feature", "geometry": {"type": "Point", "coordinates": [113.3145918, 23.0803578]}, "properties": {"bus": "yes", "highway": "bus_stop", "name": "广州大道南路口站", "name:en": "Guangzhou Dadao Nan Entrance", "public_transport": "platform", "osm_id": "node/4530277958", "category": "transport", "category_hint": "transport", "type": "bus_stop", "address": ""}}, {"type": "Feature", "geometry": {"type": "Point", "coordinates": [113.3138276, 23.0807365]}, "properties": {"bus": "yes", "highway": "bus_stop", "name": "广州大道南路口", "name:en": "Guangzhou Dadao Nan Entrance", "name:zh": "广州大道南路口", "public_transport": "platform", "osm_id": "node/4530277959", "category": "transport", "category_hint": "transport", "type": "bus_stop", "address": ""}}, {"type": "Feature", "geometry": {"type": "Point", "coordinates": [113.3215134, 23.0803533]}, "properties": {"bus": "yes", "highway": "bus_stop", "name": "广州市文化馆", "name:en": "Guangzhou Cultural Palace", "name:zh": "广州市文化馆", "public_transport": "platform", "osm_id": "node/4530277960", "category": "transport", "category_hint": "transport", "type": "bus_stop", "address": ""}}, {"type": "Feature", "geometry": {"type": "Point", "coordinates": [113.3207962, 23.0807551]}, "properties": {"bus": "yes", "highway": "bus_stop", "name": "广州市文化馆", "name:en": "Guangzhou Cultural Palace", "name:zh": "广州市文化馆", "public_transport": "platform", "osm_id": "node/4530277961", "category": "transport", "category_hint": "transport", "type": "bus_stop", "address": ""}}, {"type": "Feature", "geometry": {"type": "Point", "coordinates": [113.3228193, 23.0807679]}, "properties": {"bus": "yes", "highway": "bus_stop", "name": "龙潭立交西", "name:en": "Longtan Interchange West", "name:zh": "龙潭立交西", "public_transport": "platform", "osm_id": "node/4530302778", "category": "transport", "category_hint": "transport", "type": "bus_stop", "address": ""}}, {"type": "Feature", "geometry": {"type": "Point", "coordinates": [113.3163595, 23.098872]}, "properties": {"bus": "yes", "name": "珠影(地铁客村站)", "name:en": "Zhujiang Film Studio (Kecun Metro Station)", "name:zh": "珠影(地铁客村站)", "public_transport": "stop_position", "osm_id": "node/4530374625", "category": "transport", "category_hint": "transport", "type": "", "address": ""}}, {"type": "Feature", "geometry": {"type": "Point", "coordinates": [113.3298444, 23.1096228]}, "properties": {"bus": "yes", "highway": "bus_stop", "name": "阅江西路西", "name:en": "Yuejiang West Road West", "name:zh": "阅江西路西", "public_transport": "platform", "osm_id": "node/4563660512", "category": "transport", "category_hint": "transport", "type": "bus_stop", "address": ""}}, {"type": "Feature", "geometry": {"type": "Point", "coordinates": [113.3299225, 23.1099474]}, "properties": {"bus": "yes", "highway": "bus_stop", "name": "阅江西路西", "name:en": "Yuejiang West Road West", "name:zh": "阅江西路西", "public_transport": "platform", "osm_id": "node/4563660513", "category": "transport", "category_hint": "transport", "type": "bus_stop", "address": ""}}, {"type": "Feature", "geometry": {"type": "Point", "coordinates": [113.3181432, 23.1000301]}, "properties": {"bus": "yes", "highway": "bus_stop", "name": "艺苑路站", "name:en": "Yiyuan Lu", "name:zh": "艺苑路站", "public_transport": "platform", "osm_id": "node/4563688154", "category": "transport", "category_hint": "transport", "type": "bus_stop", "address": ""}}, {"type": "Feature", "geometry": {"type": "Point", "coordinates": [113.3183144, 23.1000779]}, "properties": {"bus": "yes", "highway": "bus_stop", "name": "艺苑路站", "name:en": "Yiyuan Lu", "name:zh": "艺苑路站", "public_transport": "platform", "osm_id": "node/4563688155", "category": "transport", "category_hint": "transport", "type": "bus_stop", "address": ""}}, {"type": "Feature", "geometry": {"type": "Point", "coordinates": [113.3241443, 23.098737]}, "properties": {"bench": "yes", "bin": "no", "bus": "yes", "highway": "bus_stop", "lit": "yes", "local_ref": "3", "name": "赤岗路口", "name:en": "Chigang Lu Entrance", "name:zh": "赤岗路口", "public_transport": "platform", "shelter": "yes", "osm_id": "node/4565106729", "category": "transport", "category_hint": "transport", "type": "bus_stop", "address": ""}}, {"type": "Feature", "geometry": {"type": "Point", "coordinates": [113.3296539, 23.0985711]}, "properties": {"bus": "yes", "name": "赤岗", "name:zh": "赤岗", "public_transport": "stop_position", "osm_id": "node/4582554706", "category": "transport", "category_hint": "transport", "type": "", "address": ""}}, {"type": "Feature", "geometry": {"type": "Point", "coordinates": [113.320449, 23.1076201]}, "properties": {"bench": "yes", "bus": "yes", "highway": "bus_stop", "name": "广州塔东站", "name:en": "Canton Tower East", "name:zh": "广州塔东站", "public_transport": "platform", "shelter": "no", "osm_id": "node/4582694755", "category": "transport", "category_hint": "transport", "type": "bus_stop", "address": ""}}, {"type": "Feature", "geometry": {"type": "Point", "coordinates": [113.3160416, 23.0937399]}, "properties": {"bus": "yes", "highway": "bus_stop", "name": "江贝村", "name:en": "Jiangbeicun", "name:zh": "江贝村", "network": "广州公交", "network:en": "Bus transport in Guangzhou", "network:wikidata": "Q32157703", "network:zh": "广州公交", "operator": "广州巴士集团有限公司", "operator:en": "Guangzhou Bus Group", "operator:not": "广州市公共交通集团有限公司", "operator:wikidata": "Q28193838", "operator:zh": "广州巴士集团有限公司", "public_transport": "platform", "osm_id": "node/4883681049", "category": "transport", "category_hint": "transport", "type": "bus_stop", "address": ""}}, {"type": "Feature", "geometry": {"type": "Point", "coordinates": [113.3161613, 23.0937593]}, "properties": {"bus": "yes", "highway": "bus_stop", "name": "江贝村", "name:en": "Jiangbeicun", "name:zh": "江贝村", "network": "广州公交", "network:en": "Bus transport in Guangzhou", "network:wikidata": "Q32157703", "network:zh": "广州公交", "operator": "广州巴士集团有限公司", "operator:en": "Guangzhou Bus Group", "operator:not": "广州市公共交通集团有限公司", "operator:wikidata": "Q28193838", "operator:zh": "广州巴士集团有限公司", "public_transport": "platform", "osm_id": "node/4883681050", "category": "transport", "category_hint": "transport", "type": "bus_stop", "address": ""}}, {"type": "Feature", "geometry": {"type": "Point", "coordinates": [113.3142669, 23.092287]}, "properties": {"bus": "yes", "highway": "bus_stop", "name": "江贝村运动场", "name:en": "Jiangbeicun Stadium", "name:zh": "江贝村运动场", "public_transport": "platform", "osm_id": "node/4883685754", "category": "transport", "category_hint": "transport", "type": "bus_stop", "address": ""}}, {"type": "Feature", "geometry": {"type": "Point", "coordinates": [113.3143089, 23.0922322]}, "properties": {"bus": "yes", "highway": "bus_stop", "name": "江贝村运动场", "name:en": "Jiangbeicun Stadium", "name:zh": "江贝村运动场", "public_transport": "platform", "osm_id": "node/4883685755", "category": "transport", "category_hint": "transport", "type": "bus_stop", "address": ""}}, {"type": "Feature", "geometry": {"type": "Point", "coordinates": [113.3168679, 23.0951585]}, "properties": {"bus": "yes", "highway": "bus_stop", "name": "艺苑南路站", "name:en": "Yiyuan Nan Lu", "name:zh": "艺苑南路站", "public_transport": "platform", "osm_id": "node/4883696566", "category": "transport", "category_hint": "transport", "type": "bus_stop", "address": ""}}, {"type": "Feature", "geometry": {"type": "Point", "coordinates": [113.3169497, 23.0951324]}, "properties": {"bus": "yes", "highway": "bus_stop", "name": "艺苑南路站", "name:en": "Yiyuan Nan Lu", "name:zh": "艺苑南路站", "public_transport": "platform", "osm_id": "node/4883696567", "category": "transport", "category_hint": "transport", "type": "bus_stop", "address": ""}}, {"type": "Feature", "geometry": {"type": "Point", "coordinates": [113.3174793, 23.0970689]}, "properties": {"bus": "yes", "highway": "bus_stop", "name": "艺苑南路口站", "name:en": "Yiyuan Nan Lu Entrance", "name:zh": "艺苑南路口站", "public_transport": "platform", "osm_id": "node/4883702395", "category": "transport", "category_hint": "transport", "type": "bus_stop", "address": ""}}, {"type": "Feature", "geometry": {"type": "Point", "coordinates": [113.3175796, 23.0971765]}, "properties": {"bus": "yes", "highway": "bus_stop", "name": "艺苑南路口站", "name:en": "Yiyuan Nan Lu Entrance", "name:zh": "艺苑南路口站", "public_transport": "platform", "osm_id": "node/4883702396", "category": "transport", "category_hint": "transport", "type": "bus_stop", "address": ""}}, {"type": "Feature", "geometry": {"type": "Point", "coordinates": [113.3156596, 23.0883739]}, "properties": {"bus": "yes", "highway": "bus_stop", "name": "乐敦路口站", "name:en": "Ledun Lu Entrance", "name:zh": "乐敦路口站", "public_transport": "platform", "osm_id": "node/4883707380", "category": "transport", "category_hint": "transport", "type": "bus_stop", "address": ""}}, {"type": "Feature", "geometry": {"type": "Point", "coordinates": [113.3156847, 23.0884667]}, "properties": {"bus": "yes", "highway": "bus_stop", "name": "乐敦路口站", "name:en": "Ledun Lu Entrance", "name:zh": "乐敦路口站", "public_transport": "platform", "osm_id": "node/4883707381", "category": "transport", "category_hint": "transport", "type": "bus_stop", "address": ""}}, {"type": "Feature", "geometry": {"type": "Point", "coordinates": [113.3176815, 23.0903841]}, "properties": {"bus": "yes", "highway": "bus_stop", "name": "赤岗西(珠江消防器材厂)站", "name:en": "Chigangxi", "name:zh": "赤岗西(珠江消防器材厂)站", "public_transport": "platform", "osm_id": "node/4883709953", "category": "transport", "category_hint": "transport", "type": "bus_stop", "address": ""}}, {"type": "Feature", "geometry": {"type": "Point", "coordinates": [113.3176151, 23.0896592]}, "properties": {"bus": "yes", "highway": "bus_stop", "name": "赤岗西(珠江消防器材厂)站", "name:en": "Chigangxi", "name:zh": "赤岗西(珠江消防器材厂)站", "public_transport": "platform", "osm_id": "node/4883709954", "category": "transport", "category_hint": "transport", "type": "bus_stop", "address": ""}}, {"type": "Feature", "geometry": {"type": "Point", "coordinates": [113.3186055, 23.0916093]}, "properties": {"bus": "yes", "highway": "bus_stop", "name": "碧映路西站", "name:en": "Biying Lu West", "name:zh": "碧映路西站", "public_transport": "platform", "osm_id": "node/4883715572", "category": "transport", "category_hint": "transport", "type": "bus_stop", "address": ""}}, {"type": "Feature", "geometry": {"type": "Point", "coordinates": [113.3185822, 23.0916831]}, "properties": {"bus": "yes", "highway": "bus_stop", "name": "碧映路西站", "name:en": "Biying Lu West", "name:zh": "碧映路西站", "public_transport": "platform", "osm_id": "node/4883715573", "category": "transport", "category_hint": "transport", "type": "bus_stop", "address": ""}}, {"type": "Feature", "geometry": {"type": "Point", "coordinates": [113.3215, 23.0914789]}, "properties": {"bus": "yes", "highway": "bus_stop", "name": "碧映路东站", "name:en": "Biying Lu East", "name:zh": "碧映路东站", "public_transport": "platform", "osm_id": "node/4883718003", "category": "transport", "category_hint": "transport", "type": "bus_stop", "address": ""}}, {"type": "Feature", "geometry": {"type": "Point", "coordinates": [113.3215861, 23.0913123]}, "properties": {"bus": "yes", "highway": "bus_stop", "name": "碧映路东站", "name:en": "Biying Lu East", "name:zh": "碧映路东站", "public_transport": "platform", "osm_id": "node/4883718004", "category": "transport", "category_hint": "transport", "type": "bus_stop", "address": ""}}, {"type": "Feature", "geometry": {"type": "Point", "coordinates": [113.3275595, 23.0933688]}, "properties": {"bus": "yes", "name": "江海大道中", "name:zh": "江海大道中", "public_transport": "stop_position", "osm_id": "node/4883733150", "category": "transport", "category_hint": "transport", "type": "", "address": ""}}, {"type": "Feature", "geometry": {"type": "Point", "coordinates": [113.3156416, 23.1022598]}, "properties": {"bus": "yes", "highway": "bus_stop", "name": "新市头路", "name:en": "Xinshitou Road", "name:zh": "新市头路", "network": "广州公交", "network:en": "Bus transport in Guangzhou", "network:wikidata": "Q32157703", "network:zh": "广州公交", "operator": "广州巴士集团有限公司", "operator:en": "Guangzhou Bus Group", "operator:not": "广州市公共交通集团有限公司", "operator:wikidata": "Q28193838", "operator:zh": "广州巴士集团有限公司", "public_transport": "platform", "osm_id": "node/4883844333", "category": "transport", "category_hint": "transport", "type": "bus_stop", "address": ""}}, {"type": "Feature", "geometry": {"type": "Point", "coordinates": [113.3157951, 23.1021032]}, "properties": {"bus": "yes", "highway": "bus_stop", "name": "新市头路", "name:en": "Xinshitou Road", "name:zh": "新市头路", "network": "广州公交", "network:en": "Bus transport in Guangzhou", "network:wikidata": "Q32157703", "network:zh": "广州公交", "operator": "广州巴士集团有限公司", "operator:en": "Guangzhou Bus Group", "operator:not": "广州市公共交通集团有限公司", "operator:wikidata": "Q28193838", "operator:zh": "广州巴士集团有限公司", "public_transport": "platform", "osm_id": "node/4883844334", "category": "transport", "category_hint": "transport", "type": "bus_stop", "address": ""}}, {"type": "Feature", "geometry": {"type": "Point", "coordinates": [113.3145609, 23.0995909]}, "properties": {"bus": "yes", "highway": "bus_stop", "name": "新市头路南站", "name:en": "Xinshitou Lu South", "name:zh": "新市头路南站", "public_transport": "platform", "osm_id": "node/4883844335", "category": "transport", "category_hint": "transport", "type": "bus_stop", "address": ""}}, {"type": "Feature", "geometry": {"type": "Point", "coordinates": [113.3300873, 23.1101462]}, "properties": {"light_rail": "yes", "name": "猎德大桥南", "name:en": "Liede Bridge South", "name:zh": "猎德大桥南", "operator": "广州有轨电车有限责任公司", "public_transport": "station", "railway": "station", "ref": "THZ102", "start_date": "2014-12-31", "station": "light_rail", "wikidata": "Q17499281", "wikipedia": "zh:猎德大桥南站", "wikipedia:zh": "猎德大桥南站", "osm_id": "node/4920692776", "category": "transport", "category_hint": "transport", "type": "station", "address": ""}}, {"type": "Feature", "geometry": {"type": "Point", "coordinates": [113.3342265, 23.1104136]}, "properties": {"light_rail": "yes", "name": "琶醍", "name:en": "Party Pier", "name:zh": "琶醍", "operator": "广州有轨电车", "public_transport": "stop_position", "railway": "stop", "ref": "THZ103", "osm_id": "node/4920705817", "category": "transport", "category_hint": "transport", "type": "stop", "address": ""}}, {"type": "Feature", "geometry": {"type": "Point", "coordinates": [113.3150343, 23.0988566]}, "properties": {"bus": "yes", "name": "珠影(地铁客村站)", "name:en": "Zhujiang Film Studio (Kecun Metro Station)", "name:zh": "珠影(地铁客村站)", "public_transport": "stop_position", "osm_id": "node/4990256250", "category": "transport", "category_hint": "transport", "type": "", "address": ""}}, {"type": "Feature", "geometry": {"type": "Point", "coordinates": [113.3342361, 23.1104462]}, "properties": {"light_rail": "yes", "name": "琶醍", "name:en": "Party Pier", "name:zh": "琶醍", "operator": "广州有轨电车", "public_transport": "stop_position", "railway": "stop", "ref": "THZ103", "osm_id": "node/4994580580", "category": "transport", "category_hint": "transport", "type": "stop", "address": ""}}, {"type": "Feature", "geometry": {"type": "Point", "coordinates": [113.3300756, 23.1101714]}, "properties": {"light_rail": "yes", "name": "猎德大桥南", "name:en": "Liede Bridge South", "name:zh": "猎德大桥南", "operator": "广州有轨电车", "public_transport": "stop_position", "railway": "stop", "ref": "THZ102", "osm_id": "node/4994580582", "category": "transport", "category_hint": "transport", "type": "stop", "address": ""}}, {"type": "Feature", "geometry": {"type": "Point", "coordinates": [113.3301031, 23.1101327]}, "properties": {"light_rail": "yes", "name": "猎德大桥南", "name:en": "Liede Bridge South", "name:zh": "猎德大桥南", "operator": "广州有轨电车", "public_transport": "stop_position", "railway": "stop", "ref": "THZ102", "osm_id": "node/4994580583", "category": "transport", "category_hint": "transport", "type": "stop", "address": ""}}, {"type": "Feature", "geometry": {"type": "Point", "coordinates": [113.2995542, 23.0845894]}, "properties": {"name": "逸景路", "name:en": "Yijing Road", "name:zh": "逸景路", "public_transport": "stop_position", "railway": "stop", "ref": "1128", "start_date": "2024-12-28", "subway": "yes", "osm_id": "node/4994872800", "category": "transport", "category_hint": "transport", "type": "stop", "address": ""}}, {"type": "Feature", "geometry": {"type": "Point", "coordinates": [113.3179057, 23.0805051]}, "properties": {"name": "大塘", "name:en": "Datang", "name:zh": "大塘", "public_transport": "stop_position", "railway": "stop", "ref": "1130", "start_date": "2024-12-28", "subway": "yes", "osm_id": "node/4994872810", "category": "transport", "category_hint": "transport", "type": "stop", "address": ""}}, {"type": "Feature", "geometry": {"type": "Point", "coordinates": [113.3349213, 23.0816989]}, "properties": {"name": "龙潭", "name:en": "Longtan", "name:zh": "龙潭", "public_transport": "stop_position", "railway": "stop", "ref": "1131", "start_date": "2024-12-28", "subway": "yes", "osm_id": "node/4994872815", "category": "transport", "category_hint": "transport", "type": "stop", "address": ""}}, {"type": "Feature", "geometry": {"type": "Point", "coordinates": [113.303729, 23.0977155]}, "properties": {"name": "鹭江站 D出入口", "name:zh": "鹭江站 D出入口", "railway": "subway_entrance", "ref": "D", "osm_id": "node/5069148789", "category": "transport", "category_hint": "transport", "type": "subway_entrance", "address": ""}}, {"type": "Feature", "geometry": {"type": "Point", "coordinates": [113.3034252, 23.0983346]}, "properties": {"name": "鹭江站 A1出入口", "name:zh": "鹭江站 A1出入口", "railway": "subway_entrance", "osm_id": "node/5069148790", "category": "transport", "category_hint": "transport", "type": "subway_entrance", "address": ""}}, {"type": "Feature", "geometry": {"type": "Point", "coordinates": [113.3034145, 23.0984229]}, "properties": {"name": "鹭江站 A2出入口", "name:zh": "鹭江站 A2出入口", "railway": "subway_entrance", "wheelchair": "yes", "osm_id": "node/5069148791", "category": "transport", "category_hint": "transport", "type": "subway_entrance", "address": ""}}, {"type": "Feature", "geometry": {"type": "Point", "coordinates": [113.3022782, 23.0982425]}, "properties": {"name": "鹭江站 B出入口", "name:zh": "鹭江站 B出入口", "railway": "subway_entrance", "osm_id": "node/5069148792", "category": "transport", "category_hint": "transport", "type": "subway_entrance", "address": ""}}, {"type": "Feature", "geometry": {"type": "Point", "coordinates": [113.3020899, 23.0975829]}, "properties": {"name": "鹭江站 C出入口", "name:zh": "鹭江站 C出入口", "railway": "subway_entrance", "osm_id": "node/5069148793", "category": "transport", "category_hint": "transport", "type": "subway_entrance", "address": ""}}, {"type": "Feature", "geometry": {"type": "Point", "coordinates": [113.3291932, 23.0993024]}, "properties": {"name": "赤岗", "name:en": "Chigang", "name:zh": "赤岗", "operator": "广州地铁运营集团有限公司", "public_transport": "stop_position", "railway": "stop", "ref": "824", "start_date": "2003-6-28", "subway": "yes", "wikidata": "Q5097205", "wikipedia": "zh:赤岗站", "osm_id": "node/5071064809", "category": "transport", "category_hint": "transport", "type": "stop", "address": ""}}, {"type": "Feature", "geometry": {"type": "Point", "coordinates": [113.3292516, 23.0992074]}, "properties": {"name": "赤岗", "name:en": "Chigang", "name:zh": "赤岗", "operator": "广州地铁运营集团有限公司", "public_transport": "stop_position", "railway": "stop", "ref": "824", "start_date": "2003-6-28", "subway": "yes", "osm_id": "node/5071064810", "category": "transport", "category_hint": "transport", "type": "stop", "address": ""}}, {"type": "Feature", "geometry": {"type": "Point", "coordinates": [113.3285342, 23.0982961]}, "properties": {"name": "赤岗站 C1出入口", "name:zh": "赤岗站 C1出入口", "railway": "subway_entrance", "ref": "C1", "wheelchair": "yes", "osm_id": "node/5071075309", "category": "transport", "category_hint": "transport", "type": "subway_entrance", "address": ""}}, {"type": "Feature", "geometry": {"type": "Point", "coordinates": [113.3362516, 23.1012454]}, "properties": {"name": "磨碟沙", "name:en": "Modiesha", "operator": "广州地铁运营集团有限公司", "public_transport": "stop_position", "railway": "stop", "ref": "825", "start_date": "2003-6-28", "subway": "yes", "osm_id": "node/5071138929", "category": "transport", "category_hint": "transport", "type": "stop", "address": ""}}, {"type": "Feature", "geometry": {"type": "Point", "coordinates": [113.3362518, 23.1012037]}, "properties": {"name": "磨碟沙", "name:en": "Modiesha", "operator": "广州地铁运营集团有限公司", "public_transport": "stop_position", "railway": "stop", "ref": "825", "start_date": "2003-6-28", "subway": "yes", "osm_id": "node/5071138930", "category": "transport", "category_hint": "transport", "type": "stop", "address": ""}}, {"type": "Feature", "geometry": {"type": "Point", "coordinates": [113.2975789, 23.0856764]}, "properties": {"bus": "yes", "highway": "bus_stop", "name": "逸景西路(珠江国际纺织城)总站", "name:en": "Yijing Xilu Bus Terminal", "name:zh": "逸景西路(珠江国际纺织城)总站", "public_transport": "platform", "osm_id": "node/5073219199", "category": "transport", "category_hint": "transport", "type": "bus_stop", "address": ""}}, {"type": "Feature", "geometry": {"type": "Point", "coordinates": [113.2922106, 23.0845673]}, "properties": {"bus": "yes", "highway": "bus_stop", "name": "长江轻纺城站", "name:zh": "长江轻纺城站", "public_transport": "platform", "osm_id": "node/5073882861", "category": "transport", "category_hint": "transport", "type": "bus_stop", "address": ""}}, {"type": "Feature", "geometry": {"type": "Point", "coordinates": [113.2921365, 23.0848355]}, "properties": {"bus": "yes", "highway": "bus_stop", "name": "长江轻纺城站", "name:zh": "长江轻纺城站", "public_transport": "platform", "osm_id": "node/5073882862", "category": "transport", "category_hint": "transport", "type": "bus_stop", "address": ""}}, {"type": "Feature", "geometry": {"type": "Point", "coordinates": [113.3179299, 23.1090494]}, "properties": {"name": "广州塔", "name:en": "Canton Tower", "name:zh": "广州塔", "operator": "广州地铁集团有限公司", "public_transport": "stop_position", "railway": "stop", "ref": "309", "start_date": "2005-12-26", "subway": "yes", "wikidata": "Q5097203", "wikipedia": "zh:广州塔站 (地铁)", "osm_id": "node/5078787516", "category": "transport", "category_hint": "transport", "type": "stop", "address": ""}}, {"type": "Feature", "geometry": {"type": "Point", "coordinates": [113.3180431, 23.1090407]}, "properties": {"name": "广州塔", "name:en": "Canton Tower", "name:zh": "广州塔", "operator": "广州地铁集团有限公司", "public_transport": "stop_position", "railway": "stop", "ref": "309", "start_date": "2005-12-26", "subway": "yes", "wikidata": "Q5097203", "wikipedia": "zh:广州塔站 (地铁)", "osm_id": "node/5078787517", "category": "transport", "category_hint": "transport", "type": "stop", "address": ""}}, {"type": "Feature", "geometry": {"type": "Point", "coordinates": [113.3148046, 23.0989957]}, "properties": {"name": "客村", "name:en": "Kecun", "name:zh": "客村", "operator": "广州地铁集团有限公司", "public_transport": "stop_position", "railway": "stop", "ref": "308", "start_date": "2005-12-26", "subway": "yes", "osm_id": "node/5078854576", "category": "transport", "category_hint": "transport", "type": "stop", "address": ""}}, {"type": "Feature", "geometry": {"type": "Point", "coordinates": [113.3149524, 23.0989966]}, "properties": {"name": "客村", "name:en": "Kecun", "name:zh": "客村", "operator": "广州地铁集团有限公司", "public_transport": "stop_position", "railway": "stop", "ref": "308", "start_date": "2005-12-26", "subway": "yes", "osm_id": "node/5078854577", "category": "transport", "category_hint": "transport", "type": "stop", "address": ""}}, {"type": "Feature", "geometry": {"type": "Point", "coordinates": [113.3148781, 23.0989282]}, "properties": {"name": "客村", "name:en": "Kecun", "name:zh": "客村", "operator": "广州地铁运营集团有限公司", "public_transport": "stop_position", "railway": "stop", "ref": "823", "start_date": "2003-6-28", "subway": "yes", "osm_id": "node/5078854578", "category": "transport", "category_hint": "transport", "type": "stop", "address": ""}}, {"type": "Feature", "geometry": {"type": "Point", "coordinates": [113.3148768, 23.0990642]}, "properties": {"name": "客村", "name:en": "Kecun", "name:zh": "客村", "operator": "广州地铁运营集团有限公司", "public_transport": "stop_position", "railway": "stop", "ref": "823", "start_date": "2003-6-28", "subway": "yes", "osm_id": "node/5078854579", "category": "transport", "category_hint": "transport", "type": "stop", "address": ""}}, {"type": "Feature", "geometry": {"type": "Point", "coordinates": [113.3162194, 23.0806589]}, "properties": {"name": "大塘", "name:en": "Datang", "operator": "广州地铁集团有限公司", "public_transport": "stop_position", "railway": "stop", "ref": "307", "start_date": "2006-12-30", "subway": "yes", "osm_id": "node/5083366014", "category": "transport", "category_hint": "transport", "type": "stop", "address": ""}}, {"type": "Feature", "geometry": {"type": "Point", "coordinates": [113.3163311, 23.0806449]}, "properties": {"name": "大塘", "name:en": "Datang", "operator": "广州地铁集团有限公司", "public_transport": "stop_position", "railway": "stop", "ref": "307", "start_date": "2006-12-30", "subway": "yes", "osm_id": "node/5083366015", "category": "transport", "category_hint": "transport", "type": "stop", "address": ""}}, {"type": "Feature", "geometry": {"type": "Point", "coordinates": [113.3159406, 23.0802794]}, "properties": {"name": "大塘站 B出入口", "opening_hours": "06:02-23:50", "railway": "subway_entrance", "ref": "B", "osm_id": "node/5083366016", "category": "transport", "category_hint": "transport", "type": "subway_entrance", "address": ""}}, {"type": "Feature", "geometry": {"type": "Point", "coordinates": [113.3166009, 23.0811067]}, "properties": {"name": "大塘站 D出入口", "opening_hours": "06:02-23:50", "railway": "subway_entrance", "ref": "D", "wheelchair": "yes", "osm_id": "node/5083366327", "category": "transport", "category_hint": "transport", "type": "subway_entrance", "address": ""}}, {"type": "Feature", "geometry": {"type": "Point", "coordinates": [113.3159781, 23.0813855]}, "properties": {"name": "大塘站 A出入口", "opening_hours": "06:02-23:50", "railway": "subway_entrance", "ref": "A", "osm_id": "node/5083366331", "category": "transport", "category_hint": "transport", "type": "subway_entrance", "address": ""}}, {"type": "Feature", "geometry": {"type": "Point", "coordinates": [113.2972492, 23.084512]}, "properties": {"bus": "yes", "highway": "bus_stop", "name": "逸景路西站", "name:en": "Yijing Lu West", "name:zh": "逸景路西站", "public_transport": "platform", "osm_id": "node/5112462403", "category": "transport", "category_hint": "transport", "type": "bus_stop", "address": ""}}, {"type": "Feature", "geometry": {"type": "Point", "coordinates": [113.2994567, 23.0848148]}, "properties": {"bus": "yes", "highway": "bus_stop", "name": "逸景路西站", "name:en": "Yijing Lu West", "name:zh": "逸景路西站", "public_transport": "platform", "osm_id": "node/5112462404", "category": "transport", "category_hint": "transport", "type": "bus_stop", "address": ""}}, {"type": "Feature", "geometry": {"type": "Point", "coordinates": [113.3028823, 23.0978534]}, "properties": {"name": "鹭江", "name:en": "Lujiang", "name:zh": "鹭江", "operator": "广州地铁运营集团有限公司", "public_transport": "stop_position", "railway": "stop", "ref": "822", "start_date": "2003-6-28", "subway": "yes", "osm_id": "node/5179333449", "category": "transport", "category_hint": "transport", "type": "stop", "address": ""}}, {"type": "Feature", "geometry": {"type": "Point", "coordinates": [113.3028673, 23.0979603]}, "properties": {"name": "鹭江", "name:en": "Lujiang", "name:zh": "鹭江", "operator": "广州地铁运营集团有限公司", "public_transport": "stop_position", "railway": "stop", "ref": "822", "start_date": "2003-6-28", "subway": "yes", "osm_id": "node/5179333450", "category": "transport", "category_hint": "transport", "type": "stop", "address": ""}}, {"type": "Feature", "geometry": {"type": "Point", "coordinates": [113.2936003, 23.080722]}, "properties": {"bus": "yes", "highway": "bus_stop", "name": "新滘西路(瑞宝村)站", "name:en": "Xinjiao Xi Lu(Ruibaocun)", "name:zh": "新滘西路(瑞宝村)站", "public_transport": "platform", "osm_id": "node/5238935751", "category": "transport", "category_hint": "transport", "type": "bus_stop", "address": ""}}, {"type": "Feature", "geometry": {"type": "Point", "coordinates": [113.2936503, 23.0803133]}, "properties": {"bus": "yes", "highway": "bus_stop", "name": "新滘西路(瑞宝村)站", "name:en": "Xinjiao Xi Lu(Ruibaocun)", "name:zh": "新滘西路(瑞宝村)站", "public_transport": "platform", "osm_id": "node/5238935779", "category": "transport", "category_hint": "transport", "type": "bus_stop", "address": ""}}, {"type": "Feature", "geometry": {"type": "Point", "coordinates": [113.3033045, 23.0802886]}, "properties": {"bus": "yes", "highway": "bus_stop", "name": "上涌果树公园", "name:en": "Shangchong Fruit Tree Park", "name:zh": "上涌果树公园", "public_transport": "platform", "osm_id": "node/5238935781", "category": "transport", "category_hint": "transport", "type": "bus_stop", "address": ""}}, {"type": "Feature", "geometry": {"type": "Point", "coordinates": [113.3034259, 23.0807697]}, "properties": {"bus": "yes", "highway": "bus_stop", "name": "上涌果树公园", "name:en": "Shangchong Fruit Tree Park", "name:zh": "上涌果树公园", "public_transport": "platform", "osm_id": "node/5238935782", "category": "transport", "category_hint": "transport", "type": "bus_stop", "address": ""}}, {"type": "Feature", "geometry": {"type": "Point", "coordinates": [113.3382025, 23.1084395]}, "properties": {"bus": "yes", "highway": "bus_stop", "name": "阅江路(珠江啤酒厂)站", "name:en": "Yuejiang Lu", "name:zh": "阅江路(珠江啤酒厂)站", "public_transport": "platform", "osm_id": "node/5289232521", "category": "transport", "category_hint": "transport", "type": "bus_stop", "address": ""}}, {"type": "Feature", "geometry": {"type": "Point", "coordinates": [113.3374041, 23.1060698]}, "properties": {"bus": "yes", "highway": "bus_stop", "name": "阅江路(珠江啤酒厂)总站", "name:en": "Yuejiang Road (Zhujiang Beer Factory) Bus Terminal", "name:zh": "阅江路(珠江啤酒厂)总站", "public_transport": "platform", "osm_id": "node/5289232524", "category": "transport", "category_hint": "transport", "type": "bus_stop", "address": ""}}, {"type": "Feature", "geometry": {"type": "Point", "coordinates": [113.3309265, 23.1063331]}, "properties": {"bus": "yes", "highway": "bus_stop", "name": "芳园路", "name:en": "Fangyuan Road", "name:zh": "芳园路", "public_transport": "platform", "osm_id": "node/5289232525", "category": "transport", "category_hint": "transport", "type": "bus_stop", "address": ""}}, {"type": "Feature", "geometry": {"type": "Point", "coordinates": [113.3039548, 23.0881068]}, "properties": {"bus": "yes", "highway": "bus_stop", "name": "叠景路", "name:en": "Diejing Lu", "name:zh": "叠景路", "public_transport": "platform", "osm_id": "node/5289256966", "category": "transport", "category_hint": "transport", "type": "bus_stop", "address": ""}}, {"type": "Feature", "geometry": {"type": "Point", "coordinates": [113.3041329, 23.0878885]}, "properties": {"bus": "yes", "highway": "bus_stop", "name": "叠景路", "name:en": "Diejing Lu", "name:zh": "叠景路", "public_transport": "platform", "osm_id": "node/5289256967", "category": "transport", "category_hint": "transport", "type": "bus_stop", "address": ""}}, {"type": "Feature", "geometry": {"type": "Point", "coordinates": [113.3039788, 23.0880606]}, "properties": {"bus": "yes", "name": "叠景路", "name:zh": "叠景路", "public_transport": "stop_position", "osm_id": "node/5289256975", "category": "transport", "category_hint": "transport", "type": "", "address": ""}}, {"type": "Feature", "geometry": {"type": "Point", "coordinates": [113.3098972, 23.0883145]}, "properties": {"bench": "yes", "bus": "yes", "highway": "bus_stop", "name": "叠景路口", "name:en": "Diejing Lu Entrance", "name:zh": "叠景路口", "public_transport": "platform", "shelter": "yes", "osm_id": "node/5289256992", "category": "transport", "category_hint": "transport", "type": "bus_stop", "address": ""}}, {"type": "Feature", "geometry": {"type": "Point", "coordinates": [113.3098834, 23.0880711]}, "properties": {"bench": "yes", "bus": "yes", "highway": "bus_stop", "name": "叠景路口", "name:en": "Diejing Lu Entrance", "name:zh": "叠景路口", "public_transport": "platform", "shelter": "yes", "osm_id": "node/5289256993", "category": "transport", "category_hint": "transport", "type": "bus_stop", "address": ""}}, {"type": "Feature", "geometry": {"type": "Point", "coordinates": [113.3084783, 23.0852458]}, "properties": {"bus": "yes", "highway": "bus_stop", "name": "逸景路东", "name:en": "Yijing Road East", "name:zh": "逸景路东", "public_transport": "platform", "osm_id": "node/5289258522", "category": "transport", "category_hint": "transport", "type": "bus_stop", "address": ""}}, {"type": "Feature", "geometry": {"type": "Point", "coordinates": [113.3070893, 23.1045165]}, "properties": {"bus": "yes", "highway": "bus_stop", "name": "大江苑总站", "name:en": "Dajiangyuan Bus Terminal", "name:zh": "大江苑总站", "public_transport": "platform", "osm_id": "node/5289259236", "category": "transport", "category_hint": "transport", "type": "bus_stop", "address": ""}}, {"type": "Feature", "geometry": {"type": "Point", "coordinates": [113.3131344, 23.0861978]}, "properties": {"bus": "yes", "highway": "bus_stop", "name": "东风村站", "name:en": "Dongfengcun", "name:zh": "东风村站", "public_transport": "platform", "osm_id": "node/5293274825", "category": "transport", "category_hint": "transport", "type": "bus_stop", "address": ""}}, {"type": "Feature", "geometry": {"type": "Point", "coordinates": [113.3130684, 23.0858123]}, "properties": {"bus": "yes", "highway": "bus_stop", "name": "东风村站", "name:en": "Dongfengcun", "name:zh": "东风村站", "public_transport": "platform", "osm_id": "node/5293274826", "category": "transport", "category_hint": "transport", "type": "bus_stop", "address": ""}}, {"type": "Feature", "geometry": {"type": "Point", "coordinates": [113.2943872, 23.0848347]}, "properties": {"bus": "yes", "highway": "bus_stop", "name": "逸景路口站", "name:en": "Yijing Lu Entrance", "name:zh": "逸景路口站", "public_transport": "platform", "osm_id": "node/5293282540", "category": "transport", "category_hint": "transport", "type": "bus_stop", "address": ""}}, {"type": "Feature", "geometry": {"type": "Point", "coordinates": [113.2944231, 23.0845525]}, "properties": {"bus": "yes", "highway": "bus_stop", "name": "逸景路口站", "name:en": "Yijing Lu Entrance", "name:zh": "逸景路口站", "public_transport": "platform", "osm_id": "node/5293282541", "category": "transport", "category_hint": "transport", "type": "bus_stop", "address": ""}}, {"type": "Feature", "geometry": {"type": "Point", "coordinates": [113.3174656, 23.1162632]}, "properties": {"bus": "yes", "highway": "bus_stop", "name": "花城广场站", "name:en": "Huacheng Square", "name:zh": "花城广场站", "public_transport": "platform", "osm_id": "node/5312833592", "category": "transport", "category_hint": "transport", "type": "bus_stop", "address": ""}}, {"type": "Feature", "geometry": {"type": "Point", "coordinates": [113.3232272, 23.0861135]}, "properties": {"bus": "yes", "highway": "bus_stop", "name": "聚德中路站", "name:en": "Jude Zhonglu", "name:zh": "聚德中路站", "public_transport": "platform", "osm_id": "node/5314993476", "category": "transport", "category_hint": "transport", "type": "bus_stop", "address": ""}}, {"type": "Feature", "geometry": {"type": "Point", "coordinates": [113.323096, 23.086022]}, "properties": {"bus": "yes", "highway": "bus_stop", "name": "聚德中路站", "name:en": "Jude Zhonglu", "name:zh": "聚德中路站", "public_transport": "platform", "osm_id": "node/5314993477", "category": "transport", "category_hint": "transport", "type": "bus_stop", "address": ""}}, {"type": "Feature", "geometry": {"type": "Point", "coordinates": [113.2935678, 23.0811764]}, "properties": {"bus": "yes", "highway": "bus_stop", "name": "凤康路(鸿洲国际轻纺城)总站", "name:en": "Fengkang Lu Bus Terminal", "name:zh": "凤康路(鸿洲国际轻纺城)总站", "public_transport": "platform", "osm_id": "node/5315011589", "category": "transport", "category_hint": "transport", "type": "bus_stop", "address": ""}}, {"type": "Feature", "geometry": {"type": "Point", "coordinates": [113.3167285, 23.0805362]}, "properties": {"name": "大塘", "name:en": "Datang", "name:zh": "大塘", "operator": "广州地铁运营集团有限公司", "public_transport": "station", "railway": "station", "ref": "307;1130", "station": "subway", "subway": "yes", "wikidata": "Q285367", "wikipedia": "zh:大塘站 (广州市)", "osm_id": "node/5594170155", "category": "transport", "category_hint": "transport", "type": "station", "address": ""}}, {"type": "Feature", "geometry": {"type": "Point", "coordinates": [113.3148785, 23.0989963]}, "properties": {"name": "客村", "name:en": "Kecun", "name:zh": "客村", "operator": "广州地铁运营集团有限公司", "public_transport": "station", "railway": "station", "ref": "308;823", "start_date": "2003-06-28", "station": "subway", "subway": "yes", "wheelchair": "yes", "wikidata": "Q6124351", "wikipedia": "zh:客村站", "osm_id": "node/5594210092", "category": "transport", "category_hint": "transport", "type": "station", "address": ""}}, {"type": "Feature", "geometry": {"type": "Point", "coordinates": [113.3179853, 23.1090463]}, "properties": {"name": "广州塔", "name:en": "Canton Tower", "name:zh": "广州塔", "old_name:2005-2013": "赤岗塔", "operator": "广州地铁运营集团有限公司", "public_transport": "station", "railway": "station", "ref": "309", "start_date": "2005-12-26", "station": "subway", "subway": "yes", "wheelchair": "yes", "wikidata": "Q5097203", "wikipedia": "zh:广州塔站 (地铁)", "osm_id": "node/5594226424", "category": "transport", "category_hint": "transport", "type": "station", "address": ""}}, {"type": "Feature", "geometry": {"type": "Point", "coordinates": [113.2972419, 23.1120765]}, "properties": {"bus": "yes", "highway": "bus_stop", "name": "省中医二沙分院", "name:en": "Guangdong Hospital of TCM Ersha Branch", "name:zh": "省中医二沙分院", "public_transport": "platform", "osm_id": "node/5595741950", "category": "transport", "category_hint": "transport", "type": "bus_stop", "address": ""}}, {"type": "Feature", "geometry": {"type": "Point", "coordinates": [113.3002743, 23.1052257]}, "properties": {"bus": "yes", "name": "中大北门", "name:zh": "中大北门", "public_transport": "stop_position", "osm_id": "node/5595886817", "category": "transport", "category_hint": "transport", "type": "", "address": ""}}, {"type": "Feature", "geometry": {"type": "Point", "coordinates": [113.3186505, 23.1139917]}, "properties": {"light_rail": "yes", "name": "海心沙", "name:en": "Haixinsha", "name:zh": "海心沙", "operator": "广州地铁运营集团有限公司", "public_transport": "stop_position", "railway": "stop", "ref": "APM02", "start_date": "2011-2-24", "osm_id": "node/5860928581", "category": "transport", "category_hint": "transport", "type": "stop", "address": ""}}, {"type": "Feature", "geometry": {"type": "Point", "coordinates": [113.3187542, 23.1141232]}, "properties": {"light_rail": "yes", "name": "海心沙", "name:en": "Haixinsha", "name:zh": "海心沙", "operator": "广州地铁运营集团有限公司", "public_transport": "stop_position", "railway": "stop", "ref": "APM02", "start_date": "2011-2-24", "osm_id": "node/5860928593", "category": "transport", "category_hint": "transport", "type": "stop", "address": ""}}, {"type": "Feature", "geometry": {"type": "Point", "coordinates": [113.3183998, 23.1093065]}, "properties": {"light_rail": "yes", "name": "广州塔", "name:en": "Canton Tower", "name:zh": "广州塔", "operator": "广州地铁运营集团有限公司", "public_transport": "stop_position", "railway": "stop", "ref": "APM01", "start_date": "2010-11-28", "osm_id": "node/5861155428", "category": "transport", "category_hint": "transport", "type": "stop", "address": ""}}, {"type": "Feature", "geometry": {"type": "Point", "coordinates": [113.3182934, 23.1091769]}, "properties": {"light_rail": "yes", "name": "广州塔", "name:en": "Canton Tower", "name:zh": "广州塔", "operator": "广州地铁运营集团有限公司", "public_transport": "stop_position", "railway": "stop", "ref": "APM01", "start_date": "2010-11-28", "osm_id": "node/5861155433", "category": "transport", "category_hint": "transport", "type": "stop", "address": ""}}, {"type": "Feature", "geometry": {"type": "Point", "coordinates": [113.3187038, 23.1147864]}, "properties": {"name": "海心沙站 A出入口", "railway": "subway_entrance", "ref": "A", "wheelchair": "yes", "osm_id": "node/5861155647", "category": "transport", "category_hint": "transport", "type": "subway_entrance", "address": ""}}, {"type": "Feature", "geometry": {"type": "Point", "coordinates": [113.3055084, 23.0968413]}, "properties": {"bench": "no", "bus": "yes", "highway": "bus_stop", "name": "敦和路(愉景南苑)站", "name:en": "Dunhe Lu(Yujing Nanyuan)", "name:zh": "敦和路(愉景南苑)站", "public_transport": "platform", "shelter": "no", "osm_id": "node/6063188172", "category": "transport", "category_hint": "transport", "type": "bus_stop", "address": ""}}, {"type": "Feature", "geometry": {"type": "Point", "coordinates": [113.307105, 23.0937603]}, "properties": {"bus": "yes", "highway": "bus_stop", "name": "敦和路中站", "name:en": "Dunhe Lu Middle", "name:zh": "敦和路中站", "public_transport": "platform", "osm_id": "node/6063188173", "category": "transport", "category_hint": "transport", "type": "bus_stop", "address": ""}}, {"type": "Feature", "geometry": {"type": "Point", "coordinates": [113.3098285, 23.0929099]}, "properties": {"bench": "no", "bus": "yes", "highway": "bus_stop", "name": "敦和街口站", "name:en": "Dunhejie Entrance", "name:zh": "敦和街口站", "public_transport": "platform", "shelter": "no", "osm_id": "node/6063188174", "category": "transport", "category_hint": "transport", "type": "bus_stop", "address": ""}}, {"type": "Feature", "geometry": {"type": "Point", "coordinates": [113.3139384, 23.0896243]}, "properties": {"bus": "yes", "highway": "bus_stop", "name": "大塘西(敦和)总站③", "name:en": "Datang Xi(Dunhe) Bus Terminal", "name:zh": "大塘西(敦和)总站③", "public_transport": "platform", "osm_id": "node/6079957414", "category": "transport", "category_hint": "transport", "type": "bus_stop", "address": ""}}, {"type": "Feature", "geometry": {"type": "Point", "coordinates": [113.3376949, 23.1007954]}, "properties": {"amenity": "parking", "layer": "-1", "parking": "underground", "osm_id": "node/6357958104", "name": "", "category": "transport", "category_hint": "transport", "type": "parking", "address": ""}}, {"type": "Feature", "geometry": {"type": "Point", "coordinates": [113.3187023, 23.1140526]}, "properties": {"light_rail": "yes", "name": "海心沙", "name:en": "Haixinsha", "name:zh": "海心沙", "operator": "广州地铁运营集团有限公司", "public_transport": "station", "railway": "station", "ref": "APM02", "start_date": "2011-02-24", "station": "light_rail", "wheelchair": "yes", "wikidata": "Q5937586", "wikipedia": "zh:海心沙站", "osm_id": "node/6490092419", "category": "transport", "category_hint": "transport", "type": "station", "address": ""}}, {"type": "Feature", "geometry": {"type": "Point", "coordinates": [113.3183475, 23.1092407]}, "properties": {"light_rail": "yes", "name": "广州塔", "name:en": "Canton Tower", "name:zh": "广州塔", "old_name:2010-2013": "赤岗塔", "operator": "广州地铁运营集团有限公司", "public_transport": "station", "railway": "station", "ref": "APM01", "start_date": "2010-11-28", "station": "light_rail", "wikidata": "Q5097203", "wikipedia": "zh:广州塔站 (地铁)", "osm_id": "node/6490092420", "category": "transport", "category_hint": "transport", "type": "station", "address": ""}}, {"type": "Feature", "geometry": {"type": "Point", "coordinates": [113.3055086, 23.1052979]}, "properties": {"bus": "yes", "highway": "bus_stop", "name": "滨江东路总站", "name:en": "Binjiang Dong Lu Bus Terminal", "name:zh": "滨江东路总站", "public_transport": "platform", "osm_id": "node/6513091727", "category": "transport", "category_hint": "transport", "type": "bus_stop", "address": ""}}, {"type": "Feature", "geometry": {"type": "Point", "coordinates": [113.3341264, 23.1062457]}, "properties": {"bus": "yes", "highway": "bus_stop", "name": "芳园路东", "name:en": "Fangyuan Road East", "name:zh": "芳园路东", "public_transport": "platform", "osm_id": "node/6513549180", "category": "transport", "category_hint": "transport", "type": "bus_stop", "address": ""}}, {"type": "Feature", "geometry": {"type": "Point", "coordinates": [113.2932522, 23.0826812]}, "properties": {"bus": "yes", "highway": "bus_stop", "name": "凤康路站", "name:en": "Fengkang Lu", "name:zh": "凤康路站", "public_transport": "platform", "osm_id": "node/6531972424", "category": "transport", "category_hint": "transport", "type": "bus_stop", "address": ""}}, {"type": "Feature", "geometry": {"type": "Point", "coordinates": [113.2933688, 23.0827112]}, "properties": {"bus": "yes", "highway": "bus_stop", "name": "凤康路站", "name:en": "Fengkang Lu", "name:zh": "凤康路站", "public_transport": "platform", "osm_id": "node/6531972425", "category": "transport", "category_hint": "transport", "type": "bus_stop", "address": ""}}, {"type": "Feature", "geometry": {"type": "Point", "coordinates": [113.3275495, 23.091882]}, "properties": {"bench": "no", "bin": "no", "bus": "yes", "highway": "bus_stop", "local_ref": "1", "name": "江海大道中", "name:en": "Jianghai Dadao Zhong", "name:zh": "江海大道中", "public_transport": "platform", "shelter": "no", "osm_id": "node/6560081991", "category": "transport", "category_hint": "transport", "type": "bus_stop", "address": ""}}, {"type": "Feature", "geometry": {"type": "Point", "coordinates": [113.3228163, 23.1132556]}, "properties": {"amenity": "ferry_terminal", "ferry": "yes", "name": "海心沙东区码头", "public_transport": "station", "osm_id": "node/6612632866", "category": "transport", "category_hint": "transport", "type": "ferry_terminal", "address": ""}}, {"type": "Feature", "geometry": {"type": "Point", "coordinates": [113.3301546, 23.1017136]}, "properties": {"bus": "yes", "highway": "bus_stop", "name": "磨碟沙路", "name:en": "Modiesha Road", "name:zh": "磨碟沙路", "public_transport": "platform", "osm_id": "node/6832919931", "category": "transport", "category_hint": "transport", "type": "bus_stop", "address": ""}}, {"type": "Feature", "geometry": {"type": "Point", "coordinates": [113.3348804, 23.0818407]}, "properties": {"name": "龙潭", "name:en": "Longtan", "name:zh": "龙潭", "public_transport": "stop_position", "railway": "stop", "ref": "1131", "start_date": "2024-12-28", "subway": "yes", "osm_id": "node/6898751700", "category": "transport", "category_hint": "transport", "type": "stop", "address": ""}}, {"type": "Feature", "geometry": {"type": "Point", "coordinates": [113.3179042, 23.0806506]}, "properties": {"name": "大塘", "name:en": "Datang", "name:zh": "大塘", "public_transport": "stop_position", "railway": "stop", "ref": "1130", "start_date": "2024-12-28", "subway": "yes", "osm_id": "node/6898751705", "category": "transport", "category_hint": "transport", "type": "stop", "address": ""}}, {"type": "Feature", "geometry": {"type": "Point", "coordinates": [113.2995547, 23.084764]}, "properties": {"name": "逸景路", "name:en": "Yijing Road", "name:zh": "逸景路", "public_transport": "stop_position", "railway": "stop", "ref": "1128", "start_date": "2024-12-28", "subway": "yes", "osm_id": "node/6898751715", "category": "transport", "category_hint": "transport", "type": "stop", "address": ""}}, {"type": "Feature", "geometry": {"type": "Point", "coordinates": [113.3309757, 23.1061702]}, "properties": {"bus": "yes", "highway": "bus_stop", "name": "芳园路", "name:en": "Fangyuan Road", "name:zh": "芳园路", "public_transport": "platform", "osm_id": "node/6919765095", "category": "transport", "category_hint": "transport", "type": "bus_stop", "address": ""}}, {"type": "Feature", "geometry": {"type": "Point", "coordinates": [113.3348959, 23.1061064]}, "properties": {"bus": "yes", "highway": "bus_stop", "name": "芳园路东", "name:en": "Fangyuan Road East", "name:zh": "芳园路东", "public_transport": "platform", "osm_id": "node/6919765096", "category": "transport", "category_hint": "transport", "type": "bus_stop", "address": ""}}, {"type": "Feature", "geometry": {"type": "Point", "coordinates": [113.3374068, 23.1061217]}, "properties": {"bus": "yes", "name": "阅江路(珠江啤酒厂)总站", "name:en": "Yuejiang Road (Zhujiang Beer Factory) Bus Terminal", "name:zh": "阅江路(珠江啤酒厂)总站", "public_transport": "stop_position", "osm_id": "node/6919765097", "category": "transport", "category_hint": "transport", "type": "", "address": ""}}, {"type": "Feature", "geometry": {"type": "Point", "coordinates": [113.320908, 23.0838248]}, "properties": {"bus": "yes", "highway": "bus_stop", "name": "大塘(坚真花园)总站", "name:en": "Datang(Jianzhen Garden Bus Terminal)", "name:zh": "大塘(坚真花园)总站", "public_transport": "platform", "osm_id": "node/7153829508", "category": "transport", "category_hint": "transport", "type": "bus_stop", "address": ""}}, {"type": "Feature", "geometry": {"type": "Point", "coordinates": [113.3157668, 23.099169]}, "properties": {"name": "客村站 A出入口", "opening_hours": "05:59-23:51", "railway": "subway_entrance", "ref": "A", "wheelchair": "no", "osm_id": "node/7177074159", "category": "transport", "category_hint": "transport", "type": "subway_entrance", "address": ""}}, {"type": "Feature", "geometry": {"type": "Point", "coordinates": [113.3141849, 23.0992179]}, "properties": {"name": "客村站 B出入口", "opening_hours": "05:59-23:51", "railway": "subway_entrance", "ref": "B", "osm_id": "node/7177074160", "category": "transport", "category_hint": "transport", "type": "subway_entrance", "address": ""}}, {"type": "Feature", "geometry": {"type": "Point", "coordinates": [113.3155421, 23.0984764]}, "properties": {"level": "-2", "name": "客村站 D出入口", "opening_hours": "05:59-23:51", "railway": "subway_entrance", "ref": "D", "wheelchair": "no", "osm_id": "node/7177074179", "category": "transport", "category_hint": "transport", "type": "subway_entrance", "address": ""}}, {"type": "Feature", "geometry": {"type": "Point", "coordinates": [113.3144886, 23.0984278]}, "properties": {"level": "-2", "name": "客村站 C出入口", "opening_hours": "05:59-23:51", "railway": "subway_entrance", "ref": "C", "osm_id": "node/7177074180", "category": "transport", "category_hint": "transport", "type": "subway_entrance", "address": ""}}, {"type": "Feature", "geometry": {"type": "Point", "coordinates": [113.3035307, 23.0979295]}, "properties": {"bus": "yes", "name": "鹭江", "name:zh": "鹭江", "public_transport": "stop_position", "osm_id": "node/7179379874", "category": "transport", "category_hint": "transport", "type": "", "address": ""}}, {"type": "Feature", "geometry": {"type": "Point", "coordinates": [113.3027463, 23.099726]}, "properties": {"bus": "yes", "name": "下渡路口", "name:zh": "下渡路口", "public_transport": "stop_position", "osm_id": "node/7179424800", "category": "transport", "category_hint": "transport", "type": "", "address": ""}}, {"type": "Feature", "geometry": {"type": "Point", "coordinates": [113.3318305, 23.0807706]}, "properties": {"bus": "yes", "highway": "bus_stop", "name": "新滘中路龙潭村总站", "name:en": "Xinjiao Middle Road(Longtancun) Bus Terminal", "name:zh": "新滘中路龙潭村总站", "public_transport": "platform", "osm_id": "node/7580233761", "category": "transport", "category_hint": "transport", "type": "bus_stop", "address": ""}}, {"type": "Feature", "geometry": {"type": "Point", "coordinates": [113.3318114, 23.0808655]}, "properties": {"bus": "yes", "name": "新滘中路龙潭村总站", "name:zh": "新滘中路龙潭村总站", "public_transport": "stop_position", "osm_id": "node/7580233762", "category": "transport", "category_hint": "transport", "type": "", "address": ""}}, {"type": "Feature", "geometry": {"type": "Point", "coordinates": [113.3148668, 23.1080657]}, "properties": {"access": "private", "amenity": "parking", "layer": "-1", "parking": "underground", "osm_id": "node/7684767303", "name": "", "category": "transport", "category_hint": "transport", "type": "parking", "address": ""}}, {"type": "Feature", "geometry": {"type": "Point", "coordinates": [113.3356412, 23.0827287]}, "properties": {"name": "龙潭", "name:en": "Longtan", "name:zh": "龙潭", "operator": "广东城际铁路运营有限公司", "public_transport": "stop_position", "railway": "stop", "ref": "1806", "subway": "yes", "osm_id": "node/7765316899", "category": "transport", "category_hint": "transport", "type": "stop", "address": ""}}, {"type": "Feature", "geometry": {"type": "Point", "coordinates": [113.3355009, 23.0827496]}, "properties": {"name": "龙潭", "name:en": "Longtan", "name:zh": "龙潭", "operator": "广东城际铁路运营有限公司", "public_transport": "stop_position", "railway": "stop", "ref": "1806", "subway": "yes", "osm_id": "node/7765316909", "category": "transport", "category_hint": "transport", "type": "stop", "address": ""}}, {"type": "Feature", "geometry": {"type": "Point", "coordinates": [113.338242, 23.1036189]}, "properties": {"name": "磨碟沙", "name:en": "Modiesha", "name:zh": "磨碟沙", "operator": "广东城际铁路运营有限公司", "public_transport": "stop_position", "railway": "stop", "ref": "1807", "subway": "yes", "osm_id": "node/7766223242", "category": "transport", "category_hint": "transport", "type": "stop", "address": ""}}, {"type": "Feature", "geometry": {"type": "Point", "coordinates": [113.3383841, 23.1036188]}, "properties": {"name": "磨碟沙", "name:en": "Modiesha", "name:zh": "磨碟沙", "operator": "广东城际铁路运营有限公司", "public_transport": "stop_position", "railway": "stop", "ref": "1807", "subway": "yes", "osm_id": "node/7766223247", "category": "transport", "category_hint": "transport", "type": "stop", "address": ""}}, {"type": "Feature", "geometry": {"type": "Point", "coordinates": [113.2911238, 23.0919617]}, "properties": {"name": "中大南门", "name:en": "Sun Yat-sen University South Entrance", "name:zh": "中大南门", "operator": "广州地铁集团有限公司", "public_transport": "stop_position", "railway": "stop", "ref": "1008", "start_date": "2025-12-29", "subway": "yes", "osm_id": "node/7787549427", "category": "transport", "category_hint": "transport", "type": "stop", "address": ""}}, {"type": "Feature", "geometry": {"type": "Point", "coordinates": [113.334231, 23.1104276]}, "properties": {"light_rail": "yes", "name": "琶醍", "name:en": "Party Pier", "name:zh": "琶醍", "operator": "广州有轨电车有限责任公司", "public_transport": "station", "railway": "station", "ref": "THZ103", "start_date": "2015-10-21", "station": "light_rail", "wheelchair": "yes", "wikidata": "Q19853176", "wikipedia": "zh:琶醍站", "wikipedia:zh": "琶醍站", "osm_id": "node/8282494297", "category": "transport", "category_hint": "transport", "type": "station", "address": ""}}, {"type": "Feature", "geometry": {"type": "Point", "coordinates": [113.3272138, 23.0943544]}, "properties": {"bus": "yes", "name": "江海大道中", "name:zh": "江海大道中", "public_transport": "stop_position", "osm_id": "node/8537249206", "category": "transport", "category_hint": "transport", "type": "", "address": ""}}, {"type": "Feature", "geometry": {"type": "Point", "coordinates": [113.3028743, 23.0979067]}, "properties": {"name": "鹭江", "name:en": "Lujiang", "name:zh": "鹭江", "operator": "广州地铁运营集团有限公司", "public_transport": "station", "railway": "station", "ref": "822", "start_date": "2003-6-28", "station": "subway", "subway": "yes", "wheelchair": "yes", "wikidata": "Q6123942", "wikipedia": "zh:鹭江站", "osm_id": "node/8541166927", "category": "transport", "category_hint": "transport", "type": "station", "address": ""}}, {"type": "Feature", "geometry": {"type": "Point", "coordinates": [113.3296496, 23.0997074]}, "properties": {"name": "赤岗", "name:en": "Chigang", "name:zh": "赤岗", "operator": "广州地铁运营集团有限公司", "public_transport": "station", "railway": "station", "ref": "824;1219", "start_date": "2003-6-28", "station": "subway", "subway": "yes", "wikidata": "Q5097205", "wikipedia": "zh:赤岗站", "osm_id": "node/8541171536", "category": "transport", "category_hint": "transport", "type": "station", "address": ""}}, {"type": "Feature", "geometry": {"type": "Point", "coordinates": [113.3213528, 23.1103279]}, "properties": {"amenity": "ferry_terminal", "ferry": "yes", "name": "广州塔财富码头", "name:zh": "广州塔财富码头", "public_transport": "station", "osm_id": "node/8556413195", "category": "transport", "category_hint": "transport", "type": "ferry_terminal", "address": ""}}, {"type": "Feature", "geometry": {"type": "Point", "coordinates": [113.3005453, 23.1098267]}, "properties": {"bus": "yes", "highway": "bus_stop", "name": "星海音乐厅", "name:en": "Xinghai Concert Hall", "name:zh": "星海音乐厅", "public_transport": "platform", "osm_id": "node/8576779209", "category": "transport", "category_hint": "transport", "type": "bus_stop", "address": ""}}, {"type": "Feature", "geometry": {"type": "Point", "coordinates": [113.3176132, 23.1162706]}, "properties": {"bus": "yes", "highway": "bus_stop", "name": "海心沙亚运公园", "name:en": "Haixinsha Asian Games Park", "public_transport": "platform", "osm_id": "node/8576779210", "category": "transport", "category_hint": "transport", "type": "bus_stop", "address": ""}}, {"type": "Feature", "geometry": {"type": "Point", "coordinates": [113.2967522, 23.1055436]}, "properties": {"bus": "yes", "highway": "bus_stop", "name": "中山大学", "name:en": "Sun Yat-Sen University", "public_transport": "platform", "osm_id": "node/8576779214", "category": "transport", "category_hint": "transport", "type": "bus_stop", "address": ""}}, {"type": "Feature", "geometry": {"type": "Point", "coordinates": [113.3178718, 23.1077793]}, "properties": {"bus": "yes", "name": "广州塔西", "name:zh": "广州塔西", "public_transport": "stop_position", "osm_id": "node/8576816217", "category": "transport", "category_hint": "transport", "type": "", "address": ""}}, {"type": "Feature", "geometry": {"type": "Point", "coordinates": [113.3352727, 23.1014501]}, "properties": {"bus": "yes", "highway": "bus_stop", "name": "磨碟沙地铁站B口", "public_transport": "platform", "osm_id": "node/8614429904", "category": "transport", "category_hint": "transport", "type": "bus_stop", "address": ""}}, {"type": "Feature", "geometry": {"type": "Point", "coordinates": [113.3343004, 23.104373]}, "properties": {"bus": "yes", "highway": "bus_stop", "name": "中国移动信息大厦(和睦家医院)", "public_transport": "platform", "osm_id": "node/8614429905", "category": "transport", "category_hint": "transport", "type": "bus_stop", "address": ""}}, {"type": "Feature", "geometry": {"type": "Point", "coordinates": [113.3370161, 23.1060382]}, "properties": {"bus": "yes", "highway": "bus_stop", "name": "宝地广场", "public_transport": "platform", "osm_id": "node/8614429906", "category": "transport", "category_hint": "transport", "type": "bus_stop", "address": ""}}, {"type": "Feature", "geometry": {"type": "Point", "coordinates": [113.2980872, 23.1126773]}, "properties": {"name": "二沙岛", "name:en": "Ersha Island", "name:zh": "二沙岛", "public_transport": "stop_position", "railway": "stop", "ref": "1217", "start_date": "2025-6-29", "subway": "yes", "osm_id": "node/8699641377", "category": "transport", "category_hint": "transport", "type": "stop", "address": ""}}, {"type": "Feature", "geometry": {"type": "Point", "coordinates": [113.3383117, 23.1036079]}, "properties": {"name": "磨碟沙", "name:en": "Modiesha", "name:zh": "磨碟沙", "operator": "广东城际铁路运营有限公司", "public_transport": "station", "railway": "station", "ref": "1807", "start_date": "2021-09-28", "station": "subway", "subway": "yes", "wheelchair": "yes", "wikidata": "Q5973986", "wikipedia": "zh:磨碟沙站", "osm_id": "node/9110804367", "category": "transport", "category_hint": "transport", "type": "station", "address": ""}}, {"type": "Feature", "geometry": {"type": "Point", "coordinates": [113.3349002, 23.081772]}, "properties": {"name": "龙潭", "name:en": "Longtan", "name:zh": "龙潭", "operator": "广州地铁运营集团有限公司", "public_transport": "station", "railway": "station", "ref": "1131", "start_date": "2021-9-28", "station": "subway", "subway": "yes", "wikidata": "Q105936716", "wikipedia": "zh:龙潭站 (广州市)", "osm_id": "node/9110804368", "category": "transport", "category_hint": "transport", "type": "station", "address": ""}}, {"type": "Feature", "geometry": {"type": "Point", "coordinates": [113.3380451, 23.1046351]}, "properties": {"name": "磨碟沙站 H出入口", "railway": "subway_entrance", "ref": "H", "osm_id": "node/9139889972", "category": "transport", "category_hint": "transport", "type": "subway_entrance", "address": ""}}, {"type": "Feature", "geometry": {"type": "Point", "coordinates": [113.3354292, 23.082879]}, "properties": {"name": "龙潭站D出入口", "railway": "subway_entrance", "ref": "D", "osm_id": "node/9141102353", "category": "transport", "category_hint": "transport", "type": "subway_entrance", "address": ""}}, {"type": "Feature", "geometry": {"type": "Point", "coordinates": [113.3361712, 23.0829907]}, "properties": {"name": "龙潭站B出入口", "railway": "subway_entrance", "ref": "B", "osm_id": "node/9141102358", "category": "transport", "category_hint": "transport", "type": "subway_entrance", "address": ""}}, {"type": "Feature", "geometry": {"type": "Point", "coordinates": [113.3354056, 23.0843754]}, "properties": {"name": "龙潭站 C出入口", "railway": "subway_entrance", "ref": "C", "osm_id": "node/9141102362", "category": "transport", "category_hint": "transport", "type": "subway_entrance", "address": ""}}, {"type": "Feature", "geometry": {"type": "Point", "coordinates": [113.3362501, 23.1012256]}, "properties": {"name": "磨碟沙", "name:en": "Modiesha", "name:zh": "磨碟沙", "operator": "广州地铁运营集团有限公司", "public_transport": "station", "railway": "station", "ref": "825", "station": "subway", "subway": "yes", "wikidata": "Q5973986", "wikipedia": "zh:磨碟沙站", "osm_id": "node/9225232063", "category": "transport", "category_hint": "transport", "type": "station", "address": ""}}, {"type": "Feature", "geometry": {"type": "Point", "coordinates": [113.3381443, 23.1022233]}, "properties": {"name": "磨碟沙站 J2出入口", "railway": "subway_entrance", "ref": "J2", "osm_id": "node/9451979687", "category": "transport", "category_hint": "transport", "type": "subway_entrance", "address": ""}}, {"type": "Feature", "geometry": {"type": "Point", "coordinates": [113.3381446, 23.1020984]}, "properties": {"name": "磨碟沙站 J1出入口", "railway": "subway_entrance", "ref": "J1", "osm_id": "node/9451979689", "category": "transport", "category_hint": "transport", "type": "subway_entrance", "address": ""}}, {"type": "Feature", "geometry": {"type": "Point", "coordinates": [113.3366368, 23.1005625]}, "properties": {"amenity": "parking", "layer": "-1", "parking": "underground", "osm_id": "node/9979273557", "name": "", "category": "transport", "category_hint": "transport", "type": "parking", "address": ""}}, {"type": "Feature", "geometry": {"type": "Point", "coordinates": [113.3357088, 23.0819653]}, "properties": {"bus": "yes", "highway": "bus_stop", "name": "新滘中路(地铁龙潭站)", "name:en": "Xinjiao Zhong Lu(Longtan)", "name:zh": "新滘中路(地铁龙潭站)", "public_transport": "platform", "osm_id": "node/11019952740", "category": "transport", "category_hint": "transport", "type": "bus_stop", "address": ""}}, {"type": "Feature", "geometry": {"type": "Point", "coordinates": [113.3265317, 23.0847704]}, "properties": {"bus": "yes", "highway": "bus_stop", "local_ref": "2", "name": "龙潭村", "name:en": "Longtancun②", "name:zh": "龙潭村", "public_transport": "platform", "osm_id": "node/12089957499", "category": "transport", "category_hint": "transport", "type": "bus_stop", "address": ""}}, {"type": "Feature", "geometry": {"type": "Point", "coordinates": [113.2911933, 23.0847868]}, "properties": {"name": "五凤", "name:en": "Wufeng", "name:zh": "五凤", "public_transport": "stop_position", "railway": "stop", "ref": "1127", "start_date": "2024-12-28", "subway": "yes", "osm_id": "node/12098510910", "category": "transport", "category_hint": "transport", "type": "stop", "address": ""}}, {"type": "Feature", "geometry": {"type": "Point", "coordinates": [113.2911955, 23.084609]}, "properties": {"name": "五凤", "name:en": "Wufeng", "name:zh": "五凤", "public_transport": "stop_position", "railway": "stop", "ref": "1127", "start_date": "2024-12-28", "subway": "yes", "osm_id": "node/12098510911", "category": "transport", "category_hint": "transport", "type": "stop", "address": ""}}, {"type": "Feature", "geometry": {"type": "Point", "coordinates": [113.3075363, 23.0824565]}, "properties": {"name": "上涌", "name:en": "Shangchong", "name:zh": "上涌", "public_transport": "stop_position", "railway": "stop", "ref": "1129", "start_date": "2024-12-28", "subway": "yes", "osm_id": "node/12098510912", "category": "transport", "category_hint": "transport", "type": "stop", "address": ""}}, {"type": "Feature", "geometry": {"type": "Point", "coordinates": [113.3074666, 23.0823647]}, "properties": {"name": "上涌", "name:en": "Shangchong", "name:zh": "上涌", "public_transport": "stop_position", "railway": "stop", "ref": "1129", "start_date": "2024-12-28", "subway": "yes", "osm_id": "node/12098510913", "category": "transport", "category_hint": "transport", "type": "stop", "address": ""}}, {"type": "Feature", "geometry": {"type": "Point", "coordinates": [113.3295118, 23.1000212]}, "properties": {"name": "赤岗", "name:en": "Chigang", "name:zh": "赤岗", "public_transport": "stop_position", "railway": "stop", "ref": "1219", "subway": "yes", "osm_id": "node/12152697017", "category": "transport", "category_hint": "transport", "type": "stop", "address": ""}}, {"type": "Feature", "geometry": {"type": "Point", "coordinates": [113.3295769, 23.10014]}, "properties": {"name": "赤岗", "name:en": "Chigang", "name:zh": "赤岗", "public_transport": "stop_position", "railway": "stop", "ref": "1219", "subway": "yes", "osm_id": "node/12152697018", "category": "transport", "category_hint": "transport", "type": "stop", "address": ""}}, {"type": "Feature", "geometry": {"type": "Point", "coordinates": [113.3187545, 23.1046817]}, "properties": {"name": "赤岗塔", "name:en": "Chigang Pagoda", "name:zh": "赤岗塔", "public_transport": "stop_position", "railway": "stop", "subway": "yes", "osm_id": "node/12152697019", "category": "transport", "category_hint": "transport", "type": "stop", "address": ""}}, {"type": "Feature", "geometry": {"type": "Point", "coordinates": [113.3187825, 23.1047723]}, "properties": {"name": "赤岗塔", "name:en": "Chigang Pagoda", "name:zh": "赤岗塔", "public_transport": "stop_position", "railway": "stop", "ref": "1218", "start_date": "2025-6-29", "subway": "yes", "osm_id": "node/12152697020", "category": "transport", "category_hint": "transport", "type": "stop", "address": ""}}, {"type": "Feature", "geometry": {"type": "Point", "coordinates": [113.3187898, 23.1048281]}, "properties": {"name": "赤岗塔", "name:en": "Chigang Pagoda", "name:zh": "赤岗塔", "public_transport": "stop_position", "railway": "stop", "ref": "1218", "start_date": "2025-6-29", "subway": "yes", "osm_id": "node/12152697021", "category": "transport", "category_hint": "transport", "type": "stop", "address": ""}}, {"type": "Feature", "geometry": {"type": "Point", "coordinates": [113.3187833, 23.1048994]}, "properties": {"name": "赤岗塔", "name:en": "Chigang Pagoda", "name:zh": "赤岗塔", "public_transport": "stop_position", "railway": "stop", "subway": "yes", "osm_id": "node/12152697022", "category": "transport", "category_hint": "transport", "type": "stop", "address": ""}}, {"type": "Feature", "geometry": {"type": "Point", "coordinates": [113.2980534, 23.1125359]}, "properties": {"name": "二沙岛", "name:en": "Ersha Island", "name:zh": "二沙岛", "public_transport": "stop_position", "railway": "stop", "ref": "1217", "start_date": "2025-6-29", "subway": "yes", "osm_id": "node/12152697023", "category": "transport", "category_hint": "transport", "type": "stop", "address": ""}}, {"type": "Feature", "geometry": {"type": "Point", "coordinates": [113.3326694, 23.0874344]}, "properties": {"bus": "yes", "highway": "bus_stop", "name": "江海街办事处总站", "name:en": "Jianghai Sub-district Office Bus Terminal", "name:zh": "江海街办事处总站", "public_transport": "platform", "osm_id": "node/12280149053", "category": "transport", "category_hint": "transport", "type": "bus_stop", "address": ""}}, {"type": "Feature", "geometry": {"type": "Point", "coordinates": [113.2995211, 23.084675]}, "properties": {"name": "逸景路", "name:en": "Yijing Road", "name:zh": "逸景路", "operator": "广州地铁运营集团有限公司", "public_transport": "station", "railway": "station", "ref": "1128", "start_date": "2024-12-28", "station": "subway", "subway": "yes", "wikidata": "Q56533240", "wikipedia": "zh:逸景路站", "osm_id": "node/12451641916", "category": "transport", "category_hint": "transport", "type": "station", "address": ""}}, {"type": "Feature", "geometry": {"type": "Point", "coordinates": [113.307502, 23.0823992]}, "properties": {"name": "上涌", "name:en": "Shangchong", "name:zh": "上涌", "operator": "广州地铁运营集团有限公司", "public_transport": "station", "railway": "station", "ref": "1129", "start_date": "2024-12-28", "station": "subway", "subway": "yes", "wheelchair": "yes", "wikidata": "Q59135163", "wikipedia": "zh:上涌站", "osm_id": "node/12451641917", "category": "transport", "category_hint": "transport", "type": "station", "address": ""}}, {"type": "Feature", "geometry": {"type": "Point", "coordinates": [113.3344108, 23.0812393]}, "properties": {"name": "龙潭站G出入口", "opening_hours": "06:02-23:50", "railway": "subway_entrance", "ref": "G", "osm_id": "node/12452785408", "category": "transport", "category_hint": "transport", "type": "subway_entrance", "address": ""}}, {"type": "Feature", "geometry": {"type": "Point", "coordinates": [113.336687, 23.08229]}, "properties": {"name": "龙潭站A出入口", "opening_hours": "06:02-23:50", "railway": "subway_entrance", "ref": "A", "osm_id": "node/12452785409", "category": "transport", "category_hint": "transport", "type": "subway_entrance", "address": ""}}, {"type": "Feature", "geometry": {"type": "Point", "coordinates": [113.333743, 23.0816949]}, "properties": {"name": "龙潭站F出入口", "opening_hours": "06:02-23:50", "railway": "subway_entrance", "ref": "F", "osm_id": "node/12452785410", "category": "transport", "category_hint": "transport", "type": "subway_entrance", "address": ""}}, {"type": "Feature", "geometry": {"type": "Point", "coordinates": [113.3076914, 23.082069]}, "properties": {"name": "上涌站B出入口", "railway": "subway_entrance", "ref": "B", "osm_id": "node/12452785417", "category": "transport", "category_hint": "transport", "type": "subway_entrance", "address": ""}}, {"type": "Feature", "geometry": {"type": "Point", "coordinates": [113.3163641, 23.0802696]}, "properties": {"name": "大塘站C出入口", "opening_hours": "06:02-23:50", "railway": "subway_entrance", "ref": "C", "osm_id": "node/12452785422", "category": "transport", "category_hint": "transport", "type": "subway_entrance", "address": ""}}, {"type": "Feature", "geometry": {"type": "Point", "coordinates": [113.3068324, 23.0830843]}, "properties": {"name": "上涌站D出入口", "railway": "subway_entrance", "ref": "D", "wheelchair": "no", "osm_id": "node/12452785424", "category": "transport", "category_hint": "transport", "type": "subway_entrance", "address": ""}}, {"type": "Feature", "geometry": {"type": "Point", "coordinates": [113.3179043, 23.0800659]}, "properties": {"name": "大塘站E出入口", "opening_hours": "06:02-23:50", "railway": "subway_entrance", "ref": "E", "wheelchair": "no", "osm_id": "node/12452785427", "category": "transport", "category_hint": "transport", "type": "subway_entrance", "address": ""}}, {"type": "Feature", "geometry": {"type": "Point", "coordinates": [113.3081861, 23.0822385]}, "properties": {"name": "上涌站C出入口", "railway": "subway_entrance", "ref": "C", "wheelchair": "no", "osm_id": "node/12452785432", "category": "transport", "category_hint": "transport", "type": "subway_entrance", "address": ""}}, {"type": "Feature", "geometry": {"type": "Point", "coordinates": [113.2999353, 23.0845403]}, "properties": {"name": "逸景路站C出入口", "railway": "subway_entrance", "ref": "C", "osm_id": "node/12452785434", "category": "transport", "category_hint": "transport", "type": "subway_entrance", "address": ""}}, {"type": "Feature", "geometry": {"type": "Point", "coordinates": [113.2993876, 23.0848794]}, "properties": {"name": "逸景路站D出入口", "railway": "subway_entrance", "ref": "D", "osm_id": "node/12452785435", "category": "transport", "category_hint": "transport", "type": "subway_entrance", "address": ""}}, {"type": "Feature", "geometry": {"type": "Point", "coordinates": [113.3347692, 23.0819148]}, "properties": {"name": "龙潭站E出入口", "opening_hours": "06:02-23:50", "railway": "subway_entrance", "ref": "E", "osm_id": "node/12452785437", "category": "transport", "category_hint": "transport", "type": "subway_entrance", "address": ""}}, {"type": "Feature", "geometry": {"type": "Point", "coordinates": [113.2980747, 23.1126286]}, "properties": {"name": "二沙岛", "name:en": "Ersha Island", "name:zh": "二沙岛", "public_transport": "stop_position", "railway": "stop", "ref": "1217", "subway": "yes", "osm_id": "node/12705072354", "category": "transport", "category_hint": "transport", "type": "stop", "address": ""}}, {"type": "Feature", "geometry": {"type": "Point", "coordinates": [113.3154449, 23.1054423]}, "properties": {"bus": "yes", "highway": "bus_stop", "name": "艺洲路", "name:en": "Yizhou Road", "name:zh": "艺洲路", "public_transport": "platform", "osm_id": "node/12960096697", "category": "transport", "category_hint": "transport", "type": "bus_stop", "address": ""}}, {"type": "Feature", "geometry": {"type": "Point", "coordinates": [113.3153765, 23.1051197]}, "properties": {"bus": "yes", "highway": "bus_stop", "name": "艺洲路", "name:en": "Yizhou Road", "name:zh": "艺洲路", "public_transport": "platform", "osm_id": "node/12960096698", "category": "transport", "category_hint": "transport", "type": "bus_stop", "address": ""}}, {"type": "Feature", "geometry": {"type": "Point", "coordinates": [113.2980699, 23.1126052]}, "properties": {"name": "二沙岛", "name:en": "Ersha Island", "name:zh": "二沙岛", "operator": "广州地铁运营集团有限公司", "public_transport": "station", "railway": "station", "ref": "1217", "start_date": "2025-06-29", "station": "subway", "subway": "yes", "wheelchair": "yes", "wikidata": "Q107059717", "wikipedia": "zh:二沙島站", "osm_id": "node/12961482900", "category": "transport", "category_hint": "transport", "type": "station", "address": ""}}, {"type": "Feature", "geometry": {"type": "Point", "coordinates": [113.3187859, 23.1047927]}, "properties": {"name": "赤岗塔", "name:en": "Chigang Pagoda", "name:zh": "赤岗塔", "operator": "广州地铁运营集团有限公司", "public_transport": "station", "railway": "station", "ref": "1218", "start_date": "2025-06-29", "station": "subway", "subway": "yes", "wikidata": "Q106913829", "wikipedia": "zh:赤岗塔站", "osm_id": "node/12961547201", "category": "transport", "category_hint": "transport", "type": "station", "address": ""}}, {"type": "Feature", "geometry": {"type": "Point", "coordinates": [113.2973406, 23.1123136]}, "properties": {"railway": "subway_entrance", "ref": "A", "osm_id": "node/12965585394", "name": "", "category": "transport", "category_hint": "transport", "type": "subway_entrance", "address": ""}}, {"type": "Feature", "geometry": {"type": "Point", "coordinates": [113.2994368, 23.1119475]}, "properties": {"railway": "subway_entrance", "ref": "B", "osm_id": "node/12965585396", "name": "", "category": "transport", "category_hint": "transport", "type": "subway_entrance", "address": ""}}, {"type": "Feature", "geometry": {"type": "Point", "coordinates": [113.2978962, 23.1133488]}, "properties": {"railway": "subway_entrance", "ref": "C", "osm_id": "node/12965624006", "name": "", "category": "transport", "category_hint": "transport", "type": "subway_entrance", "address": ""}}, {"type": "Feature", "geometry": {"type": "Point", "coordinates": [113.3214618, 23.1100694]}, "properties": {"light_rail": "yes", "name": "广州塔", "name:en": "Canton Tower", "name:zh": "广州塔", "old_name": "广州塔东", "old_name:en:2014-2024": "Canton Tower East", "old_name:zh:2014-2024": "广州塔东", "old_start_date": "2024-12-31", "operator": "广州有轨电车有限责任公司", "public_transport": "station", "railway": "station", "ref": "THZ101", "start_date": "2025-07-01", "station": "light_rail", "wheelchair": "yes", "wikidata": "Q18699095", "wikipedia": "zh:广州塔站 (有轨电车)", "osm_id": "node/12990256555", "category": "transport", "category_hint": "transport", "type": "station", "address": ""}}, {"type": "Feature", "geometry": {"type": "Point", "coordinates": [113.3216814, 23.1100732]}, "properties": {"light_rail": "yes", "name": "广州塔", "name:en": "Canton Tower", "name:zh": "广州塔", "old_name": "广州塔东", "old_name:en:2014-2024": "Canton Tower East", "old_name:zh:2014-2024": "广州塔东", "public_transport": "stop_position", "railway": "stop", "ref": "THZ101", "station": "light_rail", "osm_id": "node/12990256556", "category": "transport", "category_hint": "transport", "type": "stop", "address": ""}}, {"type": "Feature", "geometry": {"type": "Point", "coordinates": [113.3216802, 23.1100407]}, "properties": {"light_rail": "yes", "name": "广州塔", "name:en": "Canton Tower", "name:zh": "广州塔", "old_name": "广州塔东", "old_name:en:2014-2024": "Canton Tower East", "old_name:zh:2014-2024": "广州塔东", "public_transport": "stop_position", "railway": "stop", "ref": "THZ101", "station": "light_rail", "osm_id": "node/12990256557", "category": "transport", "category_hint": "transport", "type": "stop", "address": ""}}, {"type": "Feature", "geometry": {"type": "Point", "coordinates": [113.3022889, 23.0860775]}, "properties": {"bus": "yes", "name": "华盛南路", "name:zh": "华盛南路", "public_transport": "stop_position", "osm_id": "node/13235043375", "category": "transport", "category_hint": "transport", "type": "", "address": ""}}, {"type": "Feature", "geometry": {"type": "Point", "coordinates": [113.302137, 23.0872721]}, "properties": {"bus": "yes", "name": "华盛南路", "name:zh": "华盛南路", "public_transport": "stop_position", "osm_id": "node/13235043376", "category": "transport", "category_hint": "transport", "type": "", "address": ""}}, {"type": "Feature", "geometry": {"type": "Point", "coordinates": [113.3038171, 23.0847828]}, "properties": {"bus": "yes", "name": "逸景路", "name:zh": "逸景路", "public_transport": "stop_position", "osm_id": "node/13235043380", "category": "transport", "category_hint": "transport", "type": "", "address": ""}}, {"type": "Feature", "geometry": {"type": "Point", "coordinates": [113.3084772, 23.0853272]}, "properties": {"bus": "yes", "name": "逸景路东", "name:zh": "逸景路东", "public_transport": "stop_position", "osm_id": "node/13235043381", "category": "transport", "category_hint": "transport", "type": "", "address": ""}}, {"type": "Feature", "geometry": {"type": "Point", "coordinates": [113.3084609, 23.0854671]}, "properties": {"bus": "yes", "name": "逸景路东", "name:zh": "逸景路东", "public_transport": "stop_position", "osm_id": "node/13235043382", "category": "transport", "category_hint": "transport", "type": "", "address": ""}}, {"type": "Feature", "geometry": {"type": "Point", "coordinates": [113.310492, 23.089099]}, "properties": {"bus": "yes", "name": "广州大道南(叠景路口)", "name:en": "Guangzhou Avenue South(Diejing Road Entrance)", "name:zh": "广州大道南(叠景路口)", "public_transport": "stop_position", "osm_id": "node/13235043383", "category": "transport", "category_hint": "transport", "type": "", "address": ""}}, {"type": "Feature", "geometry": {"type": "Point", "coordinates": [113.3107373, 23.0878943]}, "properties": {"bus": "yes", "name": "广州大道南(叠景路口)", "name:en": "Guangzhou Avenue South(Diejing Road Entrance)", "name:zh": "广州大道南(叠景路口)", "public_transport": "stop_position", "osm_id": "node/13235043384", "category": "transport", "category_hint": "transport", "type": "", "address": ""}}, {"type": "Feature", "geometry": {"type": "Point", "coordinates": [113.310508, 23.0877905]}, "properties": {"bus": "yes", "name": "广州大道南(叠景路口)", "name:en": "Guangzhou Avenue South(Diejing Road Entrance)", "name:zh": "广州大道南(叠景路口)", "public_transport": "stop_position", "osm_id": "node/13235043385", "category": "transport", "category_hint": "transport", "type": "", "address": ""}}, {"type": "Feature", "geometry": {"type": "Point", "coordinates": [113.3101122, 23.0939344]}, "properties": {"bus": "yes", "name": "敦和", "name:zh": "敦和", "public_transport": "stop_position", "osm_id": "node/13235043386", "category": "transport", "category_hint": "transport", "type": "", "address": ""}}, {"type": "Feature", "geometry": {"type": "Point", "coordinates": [113.3100621, 23.094616]}, "properties": {"bus": "yes", "name": "敦和", "name:zh": "敦和", "public_transport": "stop_position", "osm_id": "node/13235043387", "category": "transport", "category_hint": "transport", "type": "", "address": ""}}, {"type": "Feature", "geometry": {"type": "Point", "coordinates": [113.3047413, 23.0982006]}, "properties": {"bus": "yes", "name": "鹭江", "name:zh": "鹭江", "public_transport": "stop_position", "osm_id": "node/13235043388", "category": "transport", "category_hint": "transport", "type": "", "address": ""}}, {"type": "Feature", "geometry": {"type": "Point", "coordinates": [113.3035474, 23.0980721]}, "properties": {"bus": "yes", "name": "鹭江", "name:zh": "鹭江", "public_transport": "stop_position", "osm_id": "node/13235043389", "category": "transport", "category_hint": "transport", "type": "", "address": ""}}, {"type": "Feature", "geometry": {"type": "Point", "coordinates": [113.3028377, 23.099944]}, "properties": {"bus": "yes", "name": "下渡路口", "name:zh": "下渡路口", "public_transport": "stop_position", "osm_id": "node/13235043390", "category": "transport", "category_hint": "transport", "type": "", "address": ""}}, {"type": "Feature", "geometry": {"type": "Point", "coordinates": [113.3027623, 23.1028159]}, "properties": {"bus": "yes", "name": "中信乐涛苑", "name:zh": "中信乐涛苑", "public_transport": "stop_position", "osm_id": "node/13235043391", "category": "transport", "category_hint": "transport", "type": "", "address": ""}}, {"type": "Feature", "geometry": {"type": "Point", "coordinates": [113.2978279, 23.1054554]}, "properties": {"bus": "yes", "name": "中大北门", "name:zh": "中大北门", "public_transport": "stop_position", "osm_id": "node/13235043394", "category": "transport", "category_hint": "transport", "type": "", "address": ""}}, {"type": "Feature", "geometry": {"type": "Point", "coordinates": [113.2947699, 23.0735996]}, "properties": {"bus": "yes", "name": "瑞宝小学", "name:zh": "瑞宝小学", "public_transport": "stop_position", "osm_id": "node/13236253133", "category": "transport", "category_hint": "transport", "type": "", "address": ""}}, {"type": "Feature", "geometry": {"type": "Point", "coordinates": [113.2943114, 23.0737178]}, "properties": {"bus": "yes", "name": "瑞宝小学", "name:zh": "瑞宝小学", "public_transport": "stop_position", "osm_id": "node/13236253134", "category": "transport", "category_hint": "transport", "type": "", "address": ""}}, {"type": "Feature", "geometry": {"type": "Point", "coordinates": [113.3050594, 23.1049395]}, "properties": {"bus": "yes", "name": "珠江广场", "name:zh": "珠江广场", "public_transport": "stop_position", "osm_id": "node/13241075948", "category": "transport", "category_hint": "transport", "type": "", "address": ""}}, {"type": "Feature", "geometry": {"type": "Point", "coordinates": [113.308622, 23.1070799]}, "properties": {"bus": "yes", "name": "广州大桥底", "name:zh": "广州大桥底", "public_transport": "stop_position", "osm_id": "node/13241075949", "category": "transport", "category_hint": "transport", "type": "", "address": ""}}, {"type": "Feature", "geometry": {"type": "Point", "coordinates": [113.3123174, 23.1065149]}, "properties": {"bus": "yes", "name": "新鸿花园", "name:zh": "新鸿花园", "public_transport": "stop_position", "osm_id": "node/13241075950", "category": "transport", "category_hint": "transport", "type": "", "address": ""}}, {"type": "Feature", "geometry": {"type": "Point", "coordinates": [113.3291411, 23.1058768]}, "properties": {"bus": "yes", "name": "芳园路口", "name:zh": "芳园路口", "public_transport": "stop_position", "osm_id": "node/13241075951", "category": "transport", "category_hint": "transport", "type": "", "address": ""}}, {"type": "Feature", "geometry": {"type": "Point", "coordinates": [113.315438, 23.1053508]}, "properties": {"bus": "yes", "name": "艺洲路", "name:zh": "艺洲路", "public_transport": "stop_position", "osm_id": "node/13241075952", "category": "transport", "category_hint": "transport", "type": "", "address": ""}}, {"type": "Feature", "geometry": {"type": "Point", "coordinates": [113.3153763, 23.1052068]}, "properties": {"bus": "yes", "name": "艺洲路", "name:zh": "艺洲路", "public_transport": "stop_position", "osm_id": "node/13241075953", "category": "transport", "category_hint": "transport", "type": "", "address": ""}}, {"type": "Feature", "geometry": {"type": "Point", "coordinates": [113.3187655, 23.1047284]}, "properties": {"bus": "yes", "name": "赤岗塔", "name:zh": "赤岗塔", "public_transport": "stop_position", "osm_id": "node/13241075954", "category": "transport", "category_hint": "transport", "type": "", "address": ""}}, {"type": "Feature", "geometry": {"type": "Point", "coordinates": [113.3187996, 23.104864]}, "properties": {"bus": "yes", "name": "赤岗塔", "name:zh": "赤岗塔", "public_transport": "stop_position", "osm_id": "node/13241075955", "category": "transport", "category_hint": "transport", "type": "", "address": ""}}, {"type": "Feature", "geometry": {"type": "Point", "coordinates": [113.3178735, 23.1072697]}, "properties": {"bus": "yes", "name": "广州塔西", "name:zh": "广州塔西", "public_transport": "stop_position", "osm_id": "node/13241075958", "category": "transport", "category_hint": "transport", "type": "", "address": ""}}, {"type": "Feature", "geometry": {"type": "Point", "coordinates": [113.3247979, 23.1042244]}, "properties": {"bus": "yes", "name": "艺洲路东", "name:zh": "艺洲路东", "public_transport": "stop_position", "osm_id": "node/13241075959", "category": "transport", "category_hint": "transport", "type": "", "address": ""}}, {"type": "Feature", "geometry": {"type": "Point", "coordinates": [113.3243604, 23.1043646]}, "properties": {"bus": "yes", "name": "艺洲路东", "name:zh": "艺洲路东", "public_transport": "stop_position", "osm_id": "node/13241075960", "category": "transport", "category_hint": "transport", "type": "", "address": ""}}, {"type": "Feature", "geometry": {"type": "Point", "coordinates": [113.3078739, 23.0774594]}, "properties": {"bus": "yes", "name": "上涌南", "name:zh": "上涌南", "public_transport": "stop_position", "osm_id": "node/13250160744", "category": "transport", "category_hint": "transport", "type": "", "address": ""}}, {"type": "Feature", "geometry": {"type": "Point", "coordinates": [113.3077804, 23.0764295]}, "properties": {"bus": "yes", "name": "上涌南", "name:zh": "上涌南", "public_transport": "stop_position", "osm_id": "node/13250160745", "category": "transport", "category_hint": "transport", "type": "", "address": ""}}, {"type": "Feature", "geometry": {"type": "Point", "coordinates": [113.3075437, 23.0757027]}, "properties": {"bus": "yes", "name": "上涌南", "name:zh": "上涌南", "public_transport": "stop_position", "osm_id": "node/13250160746", "category": "transport", "category_hint": "transport", "type": "", "address": ""}}, {"type": "Feature", "geometry": {"type": "Point", "coordinates": [113.3074248, 23.0760753]}, "properties": {"bus": "yes", "name": "上涌南", "name:zh": "上涌南", "public_transport": "stop_position", "osm_id": "node/13250160747", "category": "transport", "category_hint": "transport", "type": "", "address": ""}}, {"type": "Feature", "geometry": {"type": "Point", "coordinates": [113.3103054, 23.0846864]}, "properties": {"bus": "yes", "name": "上涌", "name:zh": "上涌", "public_transport": "stop_position", "osm_id": "node/13250160748", "category": "transport", "category_hint": "transport", "type": "", "address": ""}}, {"type": "Feature", "geometry": {"type": "Point", "coordinates": [113.3101127, 23.0838548]}, "properties": {"bus": "yes", "name": "上涌", "name:zh": "上涌", "public_transport": "stop_position", "osm_id": "node/13250160749", "category": "transport", "category_hint": "transport", "type": "", "address": ""}}, {"type": "Feature", "geometry": {"type": "Point", "coordinates": [113.309795, 23.0836234]}, "properties": {"bus": "yes", "name": "上涌", "name:zh": "上涌", "public_transport": "stop_position", "osm_id": "node/13250160750", "category": "transport", "category_hint": "transport", "type": "", "address": ""}}, {"type": "Feature", "geometry": {"type": "Point", "coordinates": [113.3095926, 23.0829631]}, "properties": {"bus": "yes", "name": "上涌", "name:zh": "上涌", "public_transport": "stop_position", "osm_id": "node/13250160751", "category": "transport", "category_hint": "transport", "type": "", "address": ""}}, {"type": "Feature", "geometry": {"type": "Point", "coordinates": [113.3100847, 23.0998082]}, "properties": {"bus": "yes", "name": "客村立交", "name:zh": "客村立交", "public_transport": "stop_position", "osm_id": "node/13250160753", "category": "transport", "category_hint": "transport", "type": "", "address": ""}}, {"type": "Feature", "geometry": {"type": "Point", "coordinates": [113.3101861, 23.1039203]}, "properties": {"bus": "yes", "name": "客村立交", "name:zh": "客村立交", "public_transport": "stop_position", "osm_id": "node/13250160754", "category": "transport", "category_hint": "transport", "type": "", "address": ""}}, {"type": "Feature", "geometry": {"type": "Point", "coordinates": [113.3102797, 23.102538]}, "properties": {"bus": "yes", "name": "客村立交", "name:zh": "客村立交", "public_transport": "stop_position", "osm_id": "node/13250160755", "category": "transport", "category_hint": "transport", "type": "", "address": ""}}, {"type": "Feature", "geometry": {"type": "Point", "coordinates": [113.3100635, 23.1008011]}, "properties": {"bus": "yes", "name": "客村立交", "name:zh": "客村立交", "public_transport": "stop_position", "osm_id": "node/13250160756", "category": "transport", "category_hint": "transport", "type": "", "address": ""}}, {"type": "Feature", "geometry": {"type": "Point", "coordinates": [113.3374156, 23.1044579]}, "properties": {"name": "磨碟沙", "name:en": "Modiesha", "name:zh": "磨碟沙", "public_transport": "stop_position", "railway": "stop", "subway": "yes", "osm_id": "node/13254890239", "category": "transport", "category_hint": "transport", "type": "stop", "address": ""}}, {"type": "Feature", "geometry": {"type": "Point", "coordinates": [113.3374194, 23.1042723]}, "properties": {"name": "磨碟沙", "name:en": "Modiesha", "name:zh": "磨碟沙", "public_transport": "stop_position", "railway": "stop", "subway": "yes", "osm_id": "node/13254890240", "category": "transport", "category_hint": "transport", "type": "stop", "address": ""}}, {"type": "Feature", "geometry": {"type": "Point", "coordinates": [113.3220547, 23.0889353]}, "properties": {"bus": "yes", "name": "大塘路口", "name:zh": "大塘路口", "public_transport": "stop_position", "osm_id": "node/13257073270", "category": "transport", "category_hint": "transport", "type": "", "address": ""}}, {"type": "Feature", "geometry": {"type": "Point", "coordinates": [113.3220541, 23.0890193]}, "properties": {"bus": "yes", "name": "大塘路口", "name:zh": "大塘路口", "public_transport": "stop_position", "osm_id": "node/13257073271", "category": "transport", "category_hint": "transport", "type": "", "address": ""}}, {"type": "Feature", "geometry": {"type": "Point", "coordinates": [113.3220301, 23.0922861]}, "properties": {"bus": "yes", "name": "卷烟一厂", "name:zh": "卷烟一厂", "public_transport": "stop_position", "osm_id": "node/13257073272", "category": "transport", "category_hint": "transport", "type": "", "address": ""}}, {"type": "Feature", "geometry": {"type": "Point", "coordinates": [113.3220282, 23.0926117]}, "properties": {"bus": "yes", "name": "卷烟一厂", "name:zh": "卷烟一厂", "public_transport": "stop_position", "osm_id": "node/13257073273", "category": "transport", "category_hint": "transport", "type": "", "address": ""}}, {"type": "Feature", "geometry": {"type": "Point", "coordinates": [113.3220109, 23.095668]}, "properties": {"bus": "yes", "name": "赤岗路", "name:zh": "赤岗路", "public_transport": "stop_position", "osm_id": "node/13257073274", "category": "transport", "category_hint": "transport", "type": "", "address": ""}}, {"type": "Feature", "geometry": {"type": "Point", "coordinates": [113.3220105, 23.0958382]}, "properties": {"bus": "yes", "name": "赤岗路", "name:zh": "赤岗路", "public_transport": "stop_position", "osm_id": "node/13257073275", "category": "transport", "category_hint": "transport", "type": "", "address": ""}}, {"type": "Feature", "geometry": {"type": "Point", "coordinates": [113.3241515, 23.0988081]}, "properties": {"bus": "yes", "name": "赤岗路口", "name:zh": "赤岗路口", "public_transport": "stop_position", "osm_id": "node/13257073276", "category": "transport", "category_hint": "transport", "type": "", "address": ""}}, {"type": "Feature", "geometry": {"type": "Point", "coordinates": [113.3234886, 23.0989429]}, "properties": {"bus": "yes", "name": "赤岗路口", "name:zh": "赤岗路口", "public_transport": "stop_position", "osm_id": "node/13257073277", "category": "transport", "category_hint": "transport", "type": "", "address": ""}}, {"type": "Feature", "geometry": {"type": "Point", "coordinates": [113.3197018, 23.0989029]}, "properties": {"bus": "yes", "name": "赤岗路口", "name:zh": "赤岗路口", "public_transport": "stop_position", "osm_id": "node/13257073278", "category": "transport", "category_hint": "transport", "type": "", "address": ""}}, {"type": "Feature", "geometry": {"type": "Point", "coordinates": [113.3149142, 23.0987212]}, "properties": {"bus": "yes", "name": "珠影(地铁客村站)", "name:en": "Zhujiang Film Studio (Kecun Metro Station)", "name:zh": "珠影(地铁客村站)", "public_transport": "stop_position", "osm_id": "node/13257073279", "category": "transport", "category_hint": "transport", "type": "", "address": ""}}, {"type": "Feature", "geometry": {"type": "Point", "coordinates": [113.3162284, 23.0987361]}, "properties": {"bus": "yes", "name": "珠影(地铁客村站)", "name:en": "Zhujiang Film Studio (Kecun Metro Station)", "name:zh": "珠影(地铁客村站)", "public_transport": "stop_position", "osm_id": "node/13257073280", "category": "transport", "category_hint": "transport", "type": "", "address": ""}}, {"type": "Feature", "geometry": {"type": "Point", "coordinates": [113.3098651, 23.088244]}, "properties": {"bus": "yes", "name": "叠景路口", "name:zh": "叠景路口", "public_transport": "stop_position", "osm_id": "node/13257077732", "category": "transport", "category_hint": "transport", "type": "", "address": ""}}, {"type": "Feature", "geometry": {"type": "Point", "coordinates": [113.3099216, 23.0882514]}, "properties": {"bus": "yes", "name": "叠景路口", "name:zh": "叠景路口", "public_transport": "stop_position", "osm_id": "node/13257077733", "category": "transport", "category_hint": "transport", "type": "", "address": ""}}, {"type": "Feature", "geometry": {"type": "Point", "coordinates": [113.3041278, 23.0879531]}, "properties": {"bus": "yes", "name": "叠景路", "name:zh": "叠景路", "public_transport": "stop_position", "osm_id": "node/13257077734", "category": "transport", "category_hint": "transport", "type": "", "address": ""}}, {"type": "Feature", "geometry": {"type": "Point", "coordinates": [113.3093858, 23.1033068]}, "properties": {"bus": "yes", "name": "广州大桥南", "name:zh": "广州大桥南", "public_transport": "stop_position", "osm_id": "node/13257356395", "category": "transport", "category_hint": "transport", "type": "", "address": ""}}, {"type": "Feature", "geometry": {"type": "Point", "coordinates": [113.3093259, 23.1033761]}, "properties": {"bus": "yes", "name": "广州大桥南", "name:zh": "广州大桥南", "public_transport": "stop_position", "osm_id": "node/13257356396", "category": "transport", "category_hint": "transport", "type": "", "address": ""}}, {"type": "Feature", "geometry": {"type": "Point", "coordinates": [113.3074871, 23.1119192]}, "properties": {"bus": "yes", "name": "二沙东(传祺公园)", "name:en": "Ersha Island East (Trumpchi Park)", "name:zh": "二沙东(传祺公园)", "public_transport": "stop_position", "osm_id": "node/13257356397", "category": "transport", "category_hint": "transport", "type": "", "address": ""}}, {"type": "Feature", "geometry": {"type": "Point", "coordinates": [113.3075654, 23.1119897]}, "properties": {"bus": "yes", "name": "二沙东(传祺公园)", "name:en": "Ersha Island East (Trumpchi Park)", "name:zh": "二沙东(传祺公园)", "public_transport": "stop_position", "osm_id": "node/13257356398", "category": "transport", "category_hint": "transport", "type": "", "address": ""}}, {"type": "Feature", "geometry": {"type": "Point", "coordinates": [113.3020267, 23.1113474]}, "properties": {"bus": "yes", "name": "星海音乐厅", "name:zh": "星海音乐厅", "public_transport": "stop_position", "osm_id": "node/13257356399", "category": "transport", "category_hint": "transport", "type": "", "address": ""}}, {"type": "Feature", "geometry": {"type": "Point", "coordinates": [113.2981244, 23.1134656]}, "properties": {"bus": "yes", "name": "星海音乐厅", "name:zh": "星海音乐厅", "public_transport": "stop_position", "osm_id": "node/13257356400", "category": "transport", "category_hint": "transport", "type": "", "address": ""}}, {"type": "Feature", "geometry": {"type": "Point", "coordinates": [113.2972488, 23.1121353]}, "properties": {"bus": "yes", "name": "省中医二沙分院", "name:zh": "省中医二沙分院", "public_transport": "stop_position", "osm_id": "node/13257395301", "category": "transport", "category_hint": "transport", "type": "", "address": ""}}, {"type": "Feature", "geometry": {"type": "Point", "coordinates": [113.2946743, 23.1134088]}, "properties": {"bus": "yes", "name": "二沙西", "name:zh": "二沙西", "public_transport": "stop_position", "osm_id": "node/13257395302", "category": "transport", "category_hint": "transport", "type": "", "address": ""}}, {"type": "Feature", "geometry": {"type": "Point", "coordinates": [113.294207, 23.1134494]}, "properties": {"bus": "yes", "name": "二沙西", "name:zh": "二沙西", "public_transport": "stop_position", "osm_id": "node/13257395303", "category": "transport", "category_hint": "transport", "type": "", "address": ""}}, {"type": "Feature", "geometry": {"type": "Point", "coordinates": [113.3068871, 23.1026144]}, "properties": {"bus": "yes", "name": "大江直街北", "name:zh": "大江直街北", "public_transport": "stop_position", "osm_id": "node/13257395304", "category": "transport", "category_hint": "transport", "type": "", "address": ""}}, {"type": "Feature", "geometry": {"type": "Point", "coordinates": [113.3268198, 23.0987116]}, "properties": {"bus": "yes", "name": "赤岗", "name:zh": "赤岗", "public_transport": "stop_position", "osm_id": "node/13257395305", "category": "transport", "category_hint": "transport", "type": "", "address": ""}}, {"type": "Feature", "geometry": {"type": "Point", "coordinates": [113.3273736, 23.0973205]}, "properties": {"bus": "yes", "name": "赤岗", "name:zh": "赤岗", "public_transport": "stop_position", "osm_id": "node/13257395306", "category": "transport", "category_hint": "transport", "type": "", "address": ""}}, {"type": "Feature", "geometry": {"type": "Point", "coordinates": [113.3364574, 23.1146314]}, "properties": {"bus": "yes", "name": "临江大道东", "name:zh": "临江大道东", "public_transport": "stop_position", "osm_id": "node/13261421888", "category": "transport", "category_hint": "transport", "type": "", "address": ""}}, {"type": "Feature", "geometry": {"type": "Point", "coordinates": [113.3346173, 23.1146801]}, "properties": {"bus": "yes", "name": "临江大道东", "name:zh": "临江大道东", "public_transport": "stop_position", "osm_id": "node/13261421889", "category": "transport", "category_hint": "transport", "type": "", "address": ""}}, {"type": "Feature", "geometry": {"type": "Point", "coordinates": [113.3298509, 23.1154767]}, "properties": {"bus": "yes", "name": "临江大道猎德牌坊", "name:zh": "临江大道猎德牌坊", "public_transport": "stop_position", "osm_id": "node/13261421890", "category": "transport", "category_hint": "transport", "type": "", "address": ""}}, {"type": "Feature", "geometry": {"type": "Point", "coordinates": [113.3296592, 23.1153029]}, "properties": {"bus": "yes", "name": "临江大道猎德牌坊", "name:zh": "临江大道猎德牌坊", "public_transport": "stop_position", "osm_id": "node/13261421891", "category": "transport", "category_hint": "transport", "type": "", "address": ""}}, {"type": "Feature", "geometry": {"type": "Point", "coordinates": [113.3258848, 23.1157805]}, "properties": {"bus": "yes", "name": "临江大道中", "name:zh": "临江大道中", "public_transport": "stop_position", "osm_id": "node/13261421892", "category": "transport", "category_hint": "transport", "type": "", "address": ""}}, {"type": "Feature", "geometry": {"type": "Point", "coordinates": [113.3241793, 23.1161786]}, "properties": {"bus": "yes", "name": "临江大道中", "name:zh": "临江大道中", "public_transport": "stop_position", "osm_id": "node/13261421893", "category": "transport", "category_hint": "transport", "type": "", "address": ""}}, {"type": "Feature", "geometry": {"type": "Point", "coordinates": [113.3217833, 23.103663]}, "properties": {"bus": "yes", "name": "广州艺术博物院", "name:en": "Guangzhou Museum of Art", "name:zh": "广州艺术博物院", "public_transport": "stop_position", "osm_id": "node/13267146775", "category": "transport", "category_hint": "transport", "type": "", "address": ""}}, {"type": "Feature", "geometry": {"type": "Point", "coordinates": [113.3219227, 23.1031794]}, "properties": {"bus": "yes", "name": "广州艺术博物院", "name:en": "Guangzhou Museum of Art", "name:zh": "广州艺术博物院", "public_transport": "stop_position", "osm_id": "node/13267146776", "category": "transport", "category_hint": "transport", "type": "", "address": ""}}, {"type": "Feature", "geometry": {"type": "Point", "coordinates": [113.3219985, 23.1004805]}, "properties": {"bus": "yes", "name": "赤岗北路", "name:zh": "赤岗北路", "public_transport": "stop_position", "osm_id": "node/13267146777", "category": "transport", "category_hint": "transport", "type": "", "address": ""}}, {"type": "Feature", "geometry": {"type": "Point", "coordinates": [113.3218857, 23.1001871]}, "properties": {"bus": "yes", "name": "赤岗北路", "name:zh": "赤岗北路", "public_transport": "stop_position", "osm_id": "node/13267146778", "category": "transport", "category_hint": "transport", "type": "", "address": ""}}, {"type": "Feature", "geometry": {"type": "Point", "coordinates": [113.3275412, 23.0918858]}, "properties": {"bus": "yes", "name": "江海大道中", "name:zh": "江海大道中", "public_transport": "stop_position", "osm_id": "node/13267146785", "category": "transport", "category_hint": "transport", "type": "", "address": ""}}, {"type": "Feature", "geometry": {"type": "Point", "coordinates": [113.3268203, 23.0857867]}, "properties": {"bus": "yes", "name": "龙潭村", "name:zh": "龙潭村", "public_transport": "stop_position", "osm_id": "node/13267146786", "category": "transport", "category_hint": "transport", "type": "", "address": ""}}, {"type": "Feature", "geometry": {"type": "Point", "coordinates": [113.3266216, 23.0847517]}, "properties": {"bus": "yes", "name": "龙潭村", "name:zh": "龙潭村", "public_transport": "stop_position", "osm_id": "node/13267146787", "category": "transport", "category_hint": "transport", "type": "", "address": ""}}, {"type": "Feature", "geometry": {"type": "Point", "coordinates": [113.3266211, 23.0852306]}, "properties": {"bus": "yes", "name": "龙潭村", "name:zh": "龙潭村", "public_transport": "stop_position", "osm_id": "node/13267146788", "category": "transport", "category_hint": "transport", "type": "", "address": ""}}, {"type": "Feature", "geometry": {"type": "Point", "coordinates": [113.33572, 23.081905]}, "properties": {"bus": "yes", "name": "新滘中路(地铁龙潭站)", "name:zh": "新滘中路(地铁龙潭站)", "public_transport": "stop_position", "osm_id": "node/13267146794", "category": "transport", "category_hint": "transport", "type": "", "address": ""}}, {"type": "Feature", "geometry": {"type": "Point", "coordinates": [113.3317827, 23.0810406]}, "properties": {"bus": "yes", "name": "龙潭村牌坊", "name:zh": "龙潭村牌坊", "public_transport": "stop_position", "osm_id": "node/13267146796", "category": "transport", "category_hint": "transport", "type": "", "address": ""}}, {"type": "Feature", "geometry": {"type": "Point", "coordinates": [113.3310903, 23.0807196]}, "properties": {"bus": "yes", "name": "龙潭村牌坊", "name:zh": "龙潭村牌坊", "public_transport": "stop_position", "osm_id": "node/13267146797", "category": "transport", "category_hint": "transport", "type": "", "address": ""}}, {"type": "Feature", "geometry": {"type": "Point", "coordinates": [113.3002697, 23.0975985]}, "properties": {"bus": "yes", "name": "康乐村", "name:zh": "康乐村", "public_transport": "stop_position", "osm_id": "node/13267146798", "category": "transport", "category_hint": "transport", "type": "", "address": ""}}, {"type": "Feature", "geometry": {"type": "Point", "coordinates": [113.299574, 23.0975223]}, "properties": {"bus": "yes", "name": "康乐村", "name:zh": "康乐村", "public_transport": "stop_position", "osm_id": "node/13267146799", "category": "transport", "category_hint": "transport", "type": "", "address": ""}}, {"type": "Feature", "geometry": {"type": "Point", "coordinates": [113.2979272, 23.0967348]}, "properties": {"bus": "yes", "name": "康乐村", "name:zh": "康乐村", "public_transport": "stop_position", "osm_id": "node/13267146800", "category": "transport", "category_hint": "transport", "type": "", "address": ""}}, {"type": "Feature", "geometry": {"type": "Point", "coordinates": [113.2969415, 23.0959248]}, "properties": {"bus": "yes", "name": "康乐村", "name:zh": "康乐村", "public_transport": "stop_position", "osm_id": "node/13267157501", "category": "transport", "category_hint": "transport", "type": "", "address": ""}}, {"type": "Feature", "geometry": {"type": "Point", "coordinates": [113.2957101, 23.0947222]}, "properties": {"bus": "yes", "name": "中山大学", "name:zh": "中山大学", "public_transport": "stop_position", "osm_id": "node/13267157502", "category": "transport", "category_hint": "transport", "type": "", "address": ""}}, {"type": "Feature", "geometry": {"type": "Point", "coordinates": [113.2939659, 23.0938666]}, "properties": {"bus": "yes", "name": "中山大学", "name:zh": "中山大学", "public_transport": "stop_position", "osm_id": "node/13267157503", "category": "transport", "category_hint": "transport", "type": "", "address": ""}}, {"type": "Feature", "geometry": {"type": "Point", "coordinates": [113.2936323, 23.093894]}, "properties": {"bus": "yes", "name": "中山大学", "name:zh": "中山大学", "public_transport": "stop_position", "osm_id": "node/13267157504", "category": "transport", "category_hint": "transport", "type": "", "address": ""}}, {"type": "Feature", "geometry": {"type": "Point", "coordinates": [113.2947224, 23.0941408]}, "properties": {"bus": "yes", "name": "中山大学", "name:zh": "中山大学", "public_transport": "stop_position", "osm_id": "node/13267157505", "category": "transport", "category_hint": "transport", "type": "", "address": ""}}, {"type": "Feature", "geometry": {"type": "Point", "coordinates": [113.2942155, 23.0940984]}, "properties": {"bus": "yes", "name": "中山大学", "name:zh": "中山大学", "public_transport": "stop_position", "osm_id": "node/13267157506", "category": "transport", "category_hint": "transport", "type": "", "address": ""}}, {"type": "Feature", "geometry": {"type": "Point", "coordinates": [113.3305087, 23.1010872]}, "properties": {"bus": "yes", "name": "磨碟沙路", "name:en": "Modiesha Road", "name:zh": "磨碟沙路", "public_transport": "stop_position", "osm_id": "node/13283034280", "category": "transport", "category_hint": "transport", "type": "", "address": ""}}, {"type": "Feature", "geometry": {"type": "Point", "coordinates": [113.3300453, 23.1016909]}, "properties": {"bus": "yes", "name": "磨碟沙路", "name:en": "Modiesha Road", "name:zh": "磨碟沙路", "public_transport": "stop_position", "osm_id": "node/13283034281", "category": "transport", "category_hint": "transport", "type": "", "address": ""}}, {"type": "Feature", "geometry": {"type": "Point", "coordinates": [113.3303388, 23.0917664]}, "properties": {"alt_name": "中西医结合医院", "bus": "yes", "name": "石榴岗路西", "name:zh": "石榴岗路西", "public_transport": "stop_position", "osm_id": "node/13283199058", "category": "transport", "category_hint": "transport", "type": "", "address": ""}}, {"type": "Feature", "geometry": {"type": "Point", "coordinates": [113.330681, 23.0913776]}, "properties": {"alt_name": "中西医结合医院", "bus": "yes", "name": "石榴岗路西", "name:zh": "石榴岗路西", "public_transport": "stop_position", "osm_id": "node/13283199059", "category": "transport", "category_hint": "transport", "type": "", "address": ""}}, {"type": "Feature", "geometry": {"type": "Point", "coordinates": [113.3346908, 23.0878585]}, "properties": {"bus": "yes", "name": "台涌", "name:zh": "台涌", "public_transport": "stop_position", "osm_id": "node/13283199060", "category": "transport", "category_hint": "transport", "type": "", "address": ""}}, {"type": "Feature", "geometry": {"type": "Point", "coordinates": [113.3344987, 23.0883857]}, "properties": {"bus": "yes", "name": "台涌", "name:zh": "台涌", "public_transport": "stop_position", "osm_id": "node/13283199061", "category": "transport", "category_hint": "transport", "type": "", "address": ""}}, {"type": "Feature", "geometry": {"type": "Point", "coordinates": [113.3185766, 23.104484]}, "properties": {"name": "赤岗塔站 A出入口", "railway": "subway_entrance", "ref": "A", "osm_id": "node/13403171830", "category": "transport", "category_hint": "transport", "type": "subway_entrance", "address": ""}}, {"type": "Feature", "geometry": {"type": "Point", "coordinates": [113.2913032, 23.0922669]}, "properties": {"name": "中大南门站A出入口", "railway": "subway_entrance", "ref": "A", "wheelchair": "no", "osm_id": "node/13414701847", "category": "transport", "category_hint": "transport", "type": "subway_entrance", "address": ""}}, {"type": "Feature", "geometry": {"type": "Point", "coordinates": [113.3358394, 23.0817146]}, "properties": {"bus": "yes", "name": "新滘中路(地铁龙潭站)", "name:zh": "新滘中路(地铁龙潭站)", "public_transport": "stop_position", "osm_id": "node/13608343182", "category": "transport", "category_hint": "transport", "type": "", "address": ""}}, {"type": "Feature", "geometry": {"type": "Point", "coordinates": [113.3195352, 23.1043319]}, "properties": {"name": "赤岗塔站 B出入口", "railway": "subway_entrance", "ref": "B", "osm_id": "node/13661357608", "category": "transport", "category_hint": "transport", "type": "subway_entrance", "address": ""}}, {"type": "Feature", "geometry": {"type": "Point", "coordinates": [113.302832, 23.1037699]}, "properties": {"bus": "yes", "name": "中信乐涛苑", "name:zh": "中信乐涛苑", "public_transport": "stop_position", "osm_id": "node/13741817041", "category": "transport", "category_hint": "transport", "type": "", "address": ""}}, {"type": "Feature", "geometry": {"type": "Point", "coordinates": [113.3214702, 23.1100519]}, "properties": {"light_rail": "yes", "name": "广州塔", "name:en": "Canton Tower", "name:zh": "广州塔", "public_transport": "stop_position", "railway": "stop", "ref": "THZ101", "station": "light_rail", "osm_id": "node/13849998003", "category": "transport", "category_hint": "transport", "type": "stop", "address": ""}}, {"type": "Feature", "geometry": {"type": "Point", "coordinates": [113.3033766, 23.098158]}, "properties": {"departures_board": "no", "highway": "bus_stop", "local_ref": "3", "name": "鹭江", "name:en": "Lujiang", "name:zh": "鹭江", "network": "广州公交", "network:en": "Bus transport in Guangzhou", "network:wikidata": "Q32157703", "network:zh": "广州公交", "operator": "广州巴士集团有限公司", "operator:en": "Guangzhou Bus Group", "operator:not": "广州市公共交通集团有限公司", "operator:wikidata": "Q28193838", "operator:zh": "广州巴士集团有限公司", "shelter": "yes", "osm_id": "node/13934926281", "category": "transport", "category_hint": "transport", "type": "bus_stop", "address": ""}}, {"type": "Feature", "geometry": {"type": "Point", "coordinates": [113.3180597, 23.1097488]}, "properties": {"bus": "yes", "highway": "bus_stop", "name": "广州塔地铁站A口", "name:en": "Canton Tower Metro Station Exit A", "name:zh": "广州塔地铁站A口", "public_transport": "platform", "osm_id": "node/14079849672", "category": "transport", "category_hint": "transport", "type": "bus_stop", "address": ""}}, {"type": "Feature", "geometry": {"type": "Point", "coordinates": [113.3299591, 23.1098857]}, "properties": {"bus": "yes", "name": "阅江西路西", "name:en": "Yuejiang West Road West", "name:zh": "阅江西路西", "public_transport": "stop_position", "osm_id": "node/14079849675", "category": "transport", "category_hint": "transport", "type": "", "address": ""}}, {"type": "Feature", "geometry": {"type": "Point", "coordinates": [113.3298249, 23.1096851]}, "properties": {"bus": "yes", "name": "阅江西路西", "name:en": "Yuejiang West Road West", "name:zh": "阅江西路西", "public_transport": "stop_position", "osm_id": "node/14079849676", "category": "transport", "category_hint": "transport", "type": "", "address": ""}}, {"type": "Feature", "geometry": {"type": "Point", "coordinates": [113.3027776, 23.1053883]}, "properties": {"bus": "yes", "name": "下渡路(海琴湾)总站", "name:en": "Xiadu Road (Haiqin Bay) Bus Terminal", "name:zh": "下渡路(海琴湾)总站", "public_transport": "stop_position", "osm_id": "node/14079858128", "category": "transport", "category_hint": "transport", "type": "", "address": ""}}, {"type": "Feature", "geometry": {"type": "Point", "coordinates": [113.3355685, 23.0827384]}, "properties": {"name": "龙潭", "name:en": "Longtan", "name:zh": "龙潭", "operator": "广东城际铁路运营有限公司", "public_transport": "station", "railway": "station", "ref": "1806", "start_date": "2021-9-28", "station": "subway", "subway": "yes", "wikidata": "Q105936716", "wikipedia": "zh:龙潭站 (广州市)", "osm_id": "node/14137668132", "category": "transport", "category_hint": "transport", "type": "station", "address": ""}}, {"type": "Feature", "geometry": {"type": "Point", "coordinates": [113.294642, 23.1022781]}, "properties": {"access": "permissive", "amenity": "parking", "capacity": "88", "name": "荣光堂停车点", "osm_id": "node/14152669210", "category": "transport", "category_hint": "transport", "type": "parking", "address": ""}}, {"type": "Feature", "geometry": {"type": "Point", "coordinates": [113.3208066, 23.0806282]}, "properties": {"bus": "yes", "name": "广州市文化馆", "name:en": "Guangzhou Cultural Palace", "name:zh": "广州市文化馆", "public_transport": "stop_position", "osm_id": "node/14172561706", "category": "transport", "category_hint": "transport", "type": "", "address": ""}}, {"type": "Feature", "geometry": {"type": "Point", "coordinates": [113.3215091, 23.0804718]}, "properties": {"bus": "yes", "name": "广州市文化馆", "name:en": "Guangzhou Cultural Palace", "name:zh": "广州市文化馆", "public_transport": "stop_position", "osm_id": "node/14172561707", "category": "transport", "category_hint": "transport", "type": "", "address": ""}}, {"type": "Feature", "geometry": {"type": "Point", "coordinates": [113.3034506, 23.0806264]}, "properties": {"bus": "yes", "name": "上涌果树公园", "name:en": "Shangchong Fruit Tree Park", "name:zh": "上涌果树公园", "public_transport": "stop_position", "osm_id": "node/14172561708", "category": "transport", "category_hint": "transport", "type": "", "address": ""}}, {"type": "Feature", "geometry": {"type": "Point", "coordinates": [113.303263, 23.0804263]}, "properties": {"bus": "yes", "name": "上涌果树公园", "name:en": "Shangchong Fruit Tree Park", "name:zh": "上涌果树公园", "public_transport": "stop_position", "osm_id": "node/14172561709", "category": "transport", "category_hint": "transport", "type": "", "address": ""}}, {"type": "Feature", "geometry": {"type": "Point", "coordinates": [113.3309353, 23.1062891]}, "properties": {"bus": "yes", "name": "芳园路", "name:en": "Fangyuan Road", "name:zh": "芳园路", "public_transport": "stop_position", "osm_id": "node/14172561737", "category": "transport", "category_hint": "transport", "type": "", "address": ""}}, {"type": "Feature", "geometry": {"type": "Point", "coordinates": [113.330977, 23.1062325]}, "properties": {"bus": "yes", "name": "芳园路", "name:en": "Fangyuan Road", "name:zh": "芳园路", "public_transport": "stop_position", "osm_id": "node/14172561738", "category": "transport", "category_hint": "transport", "type": "", "address": ""}}, {"type": "Feature", "geometry": {"type": "Point", "coordinates": [113.3348934, 23.1061588]}, "properties": {"bus": "yes", "name": "芳园路东", "name:en": "Fangyuan Road East", "name:zh": "芳园路东", "public_transport": "stop_position", "osm_id": "node/14172561741", "category": "transport", "category_hint": "transport", "type": "", "address": ""}}, {"type": "Feature", "geometry": {"type": "Point", "coordinates": [113.334122, 23.1062158]}, "properties": {"bus": "yes", "name": "芳园路东", "name:en": "Fangyuan Road East", "name:zh": "芳园路东", "public_transport": "stop_position", "osm_id": "node/14172561742", "category": "transport", "category_hint": "transport", "type": "", "address": ""}}, {"type": "Feature", "geometry": {"type": "Point", "coordinates": [113.3357738, 23.107493]}, "properties": {"bus": "yes", "highway": "bus_stop", "name": "数景路", "public_transport": "platform", "osm_id": "node/14172561755", "category": "transport", "category_hint": "transport", "type": "bus_stop", "address": ""}}, {"type": "Feature", "geometry": {"type": "Point", "coordinates": [113.3382599, 23.1049895]}, "properties": {"bus": "yes", "highway": "bus_stop", "name": "地铁磨碟沙站H口", "public_transport": "platform", "osm_id": "node/14172561756", "category": "transport", "category_hint": "transport", "type": "bus_stop", "address": ""}}, {"type": "Feature", "geometry": {"type": "Point", "coordinates": [113.3350465, 23.1013184]}, "properties": {"bus": "yes", "name": "磨碟沙", "name:en": "Modiesha", "name:zh": "磨碟沙", "public_transport": "stop_position", "osm_id": "node/14172561759", "category": "transport", "category_hint": "transport", "type": "", "address": ""}}, {"type": "Feature", "geometry": {"type": "Point", "coordinates": [113.3342731, 23.1011118]}, "properties": {"bus": "yes", "name": "磨碟沙", "name:en": "Modiesha", "name:zh": "磨碟沙", "public_transport": "stop_position", "osm_id": "node/14172561760", "category": "transport", "category_hint": "transport", "type": "", "address": ""}}, {"type": "Feature", "geometry": {"type": "Point", "coordinates": [113.3353022, 23.1009957]}, "properties": {"bus": "yes", "highway": "bus_stop", "name": "磨碟沙地铁站C口", "public_transport": "platform", "osm_id": "node/14172561761", "category": "transport", "category_hint": "transport", "type": "bus_stop", "address": ""}}, {"type": "Feature", "geometry": {"type": "Point", "coordinates": [113.3154071, 23.1141953]}, "properties": {"aeroway": "helipad", "osm_id": "way/184738714", "name": "", "category": "transport", "category_hint": "transport", "type": "helipad", "address": ""}}, {"type": "Feature", "geometry": {"type": "Point", "coordinates": [113.3211572, 23.1083398]}, "properties": {"access": "yes", "amenity": "parking", "fee": "yes", "parking": "surface", "osm_id": "way/347808368", "name": "", "category": "transport", "category_hint": "transport", "type": "parking", "address": ""}}, {"type": "Feature", "geometry": {"type": "Point", "coordinates": [113.3300795, 23.1102032]}, "properties": {"area": "yes", "public_transport": "platform", "railway": "platform", "tram": "yes", "osm_id": "way/365637993", "name": "", "category": "transport", "category_hint": "transport", "type": "platform", "address": ""}}, {"type": "Feature", "geometry": {"type": "Point", "coordinates": [113.3301297, 23.1101025]}, "properties": {"area": "yes", "public_transport": "platform", "railway": "platform", "tram": "yes", "osm_id": "way/365637994", "name": "", "category": "transport", "category_hint": "transport", "type": "platform", "address": ""}}, {"type": "Feature", "geometry": {"type": "Point", "coordinates": [113.3273839, 23.0982919]}, "properties": {"amenity": "bus_station", "bus": "yes", "name": "赤岗公交站场", "name:zh": "赤岗公交站场", "public_transport": "station", "wheelchair": "yes", "osm_id": "way/412886251", "category": "transport", "category_hint": "transport", "type": "bus_station", "address": ""}}, {"type": "Feature", "geometry": {"type": "Point", "coordinates": [113.304091, 23.0853353]}, "properties": {"amenity": "bus_station", "bus": "yes", "name": "逸景翠园公交站场", "name:zh": "逸景翠园公交站场", "public_transport": "station", "osm_id": "way/440497100", "category": "transport", "category_hint": "transport", "type": "bus_station", "address": ""}}, {"type": "Feature", "geometry": {"type": "Point", "coordinates": [113.3204192, 23.1061478]}, "properties": {"amenity": "bus_station", "bus": "yes", "name": "珠江帝景苑公交站场", "name:en": "Regal Riviera Bus Terminal", "name:zh": "珠江帝景苑公交站场", "public_transport": "station", "wheelchair": "no", "osm_id": "way/448908560", "category": "transport", "category_hint": "transport", "type": "bus_station", "address": ""}}, {"type": "Feature", "geometry": {"type": "Point", "coordinates": [113.3342382, 23.1103948]}, "properties": {"area": "yes", "bench": "yes", "bin": "yes", "lit": "yes", "public_transport": "platform", "railway": "platform", "shelter": "yes", "tram": "yes", "osm_id": "way/501198268", "name": "", "category": "transport", "category_hint": "transport", "type": "platform", "address": ""}}, {"type": "Feature", "geometry": {"type": "Point", "coordinates": [113.334256, 23.1104556]}, "properties": {"area": "yes", "bench": "yes", "bin": "yes", "lit": "yes", "public_transport": "platform", "railway": "platform", "shelter": "yes", "tram": "yes", "osm_id": "way/501198269", "name": "", "category": "transport", "category_hint": "transport", "type": "platform", "address": ""}}, {"type": "Feature", "geometry": {"type": "Point", "coordinates": [113.3292119, 23.0992727]}, "properties": {"area": "yes", "bench": "yes", "bin": "yes", "description": "滘心方向/下站：客村", "layer": "-2", "lit": "yes", "name": "1站台", "operator": "广州地铁运营集团有限公司", "public_transport": "platform", "railway": "platform", "ref": "1", "shelter": "yes", "start_date": "2003-6-28", "subway": "yes", "osm_id": "way/510641485", "category": "transport", "category_hint": "transport", "type": "platform", "address": ""}}, {"type": "Feature", "geometry": {"type": "Point", "coordinates": [113.3148774, 23.0990231]}, "properties": {"area": "yes", "bench": "yes", "bin": "yes", "description": "滘心方向/下站：鹭江", "layer": "-2", "level": "-2", "name": "3站台", "opening_hours": "05:59-23:51", "operator": "广州地铁集团有限公司", "public_transport": "platform", "railway": "platform", "ref": "3", "start_date": "2003-6-28", "subway": "yes", "osm_id": "way/510641489", "category": "transport", "category_hint": "transport", "type": "platform", "address": ""}}, {"type": "Feature", "geometry": {"type": "Point", "coordinates": [113.3028719, 23.0979265]}, "properties": {"area": "yes", "bench": "yes", "bin": "yes", "description": "滘心方向/下站：中大", "layer": "-2", "lit": "yes", "name": "1站台", "operator": "广州地铁集团有限公司", "public_transport": "platform", "railway": "platform", "ref": "1", "shelter": "yes", "start_date": "2003-6-28", "subway": "yes", "osm_id": "way/510641490", "category": "transport", "category_hint": "transport", "type": "platform", "address": ""}}, {"type": "Feature", "geometry": {"type": "Point", "coordinates": [113.3028773, 23.0978866]}, "properties": {"area": "yes", "bench": "yes", "bin": "yes", "description": "万胜围方向/下站：客村", "layer": "-2", "lit": "yes", "name": "2站台", "operator": "广州地铁集团有限公司", "public_transport": "platform", "railway": "platform", "ref": "2", "shelter": "yes", "start_date": "2003-6-28", "subway": "yes", "osm_id": "way/519984825", "category": "transport", "category_hint": "transport", "type": "platform", "address": ""}}, {"type": "Feature", "geometry": {"type": "Point", "coordinates": [113.3292336, 23.0992364]}, "properties": {"area": "yes", "bench": "yes", "bin": "yes", "description": "万胜围方向/下站：磨碟沙", "layer": "-2", "lit": "yes", "name": "2站台", "operator": "广州地铁运营集团有限公司", "public_transport": "platform", "railway": "platform", "ref": "2", "shelter": "yes", "start_date": "2003-6-28", "subway": "yes", "osm_id": "way/520245462", "category": "transport", "category_hint": "transport", "type": "platform", "address": ""}}, {"type": "Feature", "geometry": {"type": "Point", "coordinates": [113.3362519, 23.1011742]}, "properties": {"area": "yes", "departures_board": "realtime", "description": "万胜围方向/下站：新港东", "layer": "-1", "name": "2站台", "operator": "广州地铁运营集团有限公司", "public_transport": "platform", "railway": "platform", "ref": "2", "start_date": "2003-6-28", "subway": "yes", "osm_id": "way/520255086", "category": "transport", "category_hint": "transport", "type": "platform", "address": ""}}, {"type": "Feature", "geometry": {"type": "Point", "coordinates": [113.3362515, 23.1012747]}, "properties": {"area": "yes", "departures_board": "realtime", "description": "滘心方向/下站：赤岗", "layer": "-1", "name": "1站台", "operator": "广州地铁运营集团有限公司", "public_transport": "platform", "railway": "platform", "ref": "1", "start_date": "2003-6-28", "subway": "yes", "osm_id": "way/520255087", "category": "transport", "category_hint": "transport", "type": "platform", "address": ""}}, {"type": "Feature", "geometry": {"type": "Point", "coordinates": [113.3179648, 23.1090469]}, "properties": {"area": "yes", "bench": "yes", "bin": "yes", "description": "番禺广场方向/下站：客村", "layer": "-3", "level": "-3", "name": "1站台", "operator": "广州地铁集团有限公司", "public_transport": "platform", "railway": "platform", "ref": "1", "start_date": "2005-12-26", "subway": "yes", "osm_id": "way/521224251", "category": "transport", "category_hint": "transport", "type": "platform", "address": ""}}, {"type": "Feature", "geometry": {"type": "Point", "coordinates": [113.3180068, 23.1090436]}, "properties": {"area": "yes", "bench": "yes", "bin": "yes", "description": "天河客运站、机场北（2号航站楼）方向/下站：珠江新城", "layer": "-3", "level": "-3", "name": "2站台", "operator": "广州地铁集团有限公司", "public_transport": "platform", "railway": "platform", "ref": "2", "start_date": "2005-12-26", "subway": "yes", "osm_id": "way/521224254", "category": "transport", "category_hint": "transport", "type": "platform", "address": ""}}, {"type": "Feature", "geometry": {"type": "Point", "coordinates": [113.314878, 23.0989692]}, "properties": {"area": "yes", "bench": "yes", "bin": "yes", "description": "万胜围方向/下站：赤岗", "layer": "-2", "level": "-2", "name": "4站台", "opening_hours": "05:59-23:51", "operator": "广州地铁集团有限公司", "public_transport": "platform", "railway": "platform", "ref": "4", "start_date": "2003-6-28", "subway": "yes", "osm_id": "way/521226743", "category": "transport", "category_hint": "transport", "type": "platform", "address": ""}}, {"type": "Feature", "geometry": {"type": "Point", "coordinates": [113.3148491, 23.0989961]}, "properties": {"area": "yes", "bench": "yes", "bin": "yes", "description": "番禺广场方向/下站：大塘", "layer": "-4", "level": "-4", "name": "1站台", "opening_hours": "05:59-23:51", "operator": "广州地铁集团有限公司", "public_transport": "platform", "railway": "platform", "ref": "1", "start_date": "2005-12-26", "subway": "yes", "osm_id": "way/521233373", "category": "transport", "category_hint": "transport", "type": "platform", "address": ""}}, {"type": "Feature", "geometry": {"type": "Point", "coordinates": [113.3149076, 23.0989966]}, "properties": {"area": "yes", "bench": "yes", "bin": "yes", "description": "天河客运站、机场北（2号航站楼）方向/下站：广州塔", "layer": "-4", "level": "-4", "name": "2站台", "opening_hours": "05:59-23:51", "operator": "广州地铁集团有限公司", "public_transport": "platform", "railway": "platform", "ref": "2", "start_date": "2005-12-26", "subway": "yes", "osm_id": "way/521233374", "category": "transport", "category_hint": "transport", "type": "platform", "address": ""}}, {"type": "Feature", "geometry": {"type": "Point", "coordinates": [113.3162547, 23.080655]}, "properties": {"area": "yes", "bench": "yes", "bin": "yes", "description": "番禺广场方向/下站：沥滘", "layer": "-2", "level": "-2", "name": "1站台", "opening_hours": "06:02-23:50", "operator": "广州地铁集团有限公司", "public_transport": "platform", "railway": "platform", "ref": "1", "start_date": "2006-12-30", "subway": "yes", "osm_id": "way/521762472", "category": "transport", "category_hint": "transport", "type": "platform", "address": ""}}, {"type": "Feature", "geometry": {"type": "Point", "coordinates": [113.3162959, 23.08065]}, "properties": {"area": "yes", "bench": "yes", "bin": "yes", "description": "天河客运站、机场北（2号航站楼）方向/下站：客村", "layer": "-2", "level": "-2", "name": "2站台", "opening_hours": "06:02-23:50", "operator": "广州地铁集团有限公司", "public_transport": "platform", "railway": "platform", "ref": "2", "start_date": "2006-12-30", "subway": "yes", "osm_id": "way/521762473", "category": "transport", "category_hint": "transport", "type": "platform", "address": ""}}, {"type": "Feature", "geometry": {"type": "Point", "coordinates": [113.3086447, 23.1060193]}, "properties": {"amenity": "parking", "osm_id": "way/585606278", "name": "", "category": "transport", "category_hint": "transport", "type": "parking", "address": ""}}, {"type": "Feature", "geometry": {"type": "Point", "coordinates": [113.3093637, 23.1045344]}, "properties": {"amenity": "parking", "osm_id": "way/585606285", "name": "", "category": "transport", "category_hint": "transport", "type": "parking", "address": ""}}, {"type": "Feature", "geometry": {"type": "Point", "coordinates": [113.320257, 23.1086656]}, "properties": {"amenity": "parking", "osm_id": "way/598860706", "name": "", "category": "transport", "category_hint": "transport", "type": "parking", "address": ""}}, {"type": "Feature", "geometry": {"type": "Point", "coordinates": [113.3193498, 23.1177149]}, "properties": {"amenity": "parking", "layer": "-1", "parking": "underground", "osm_id": "way/603486759", "name": "", "category": "transport", "category_hint": "transport", "type": "parking", "address": ""}}, {"type": "Feature", "geometry": {"type": "Point", "coordinates": [113.3187699, 23.1177219]}, "properties": {"amenity": "parking", "layer": "-1", "parking": "underground", "osm_id": "way/603486760", "name": "", "category": "transport", "category_hint": "transport", "type": "parking", "address": ""}}, {"type": "Feature", "geometry": {"type": "Point", "coordinates": [113.3159933, 23.0799429]}, "properties": {"amenity": "parking", "osm_id": "way/612815251", "name": "", "category": "transport", "category_hint": "transport", "type": "parking", "address": ""}}, {"type": "Feature", "geometry": {"type": "Point", "coordinates": [113.3144894, 23.0973814]}, "properties": {"amenity": "parking", "osm_id": "way/614761455", "name": "", "category": "transport", "category_hint": "transport", "type": "parking", "address": ""}}, {"type": "Feature", "geometry": {"type": "Point", "coordinates": [113.3186843, 23.1140521]}, "properties": {"area": "yes", "bench": "yes", "bin": "yes", "covered": "yes", "layer": "-3", "light_rail": "yes", "lit": "yes", "name": "2站台/广州塔方向/下站：广州塔", "name:zh": "2站台/广州塔方向/下站：广州塔", "operator": "广州地铁集团有限公司", "public_transport": "platform", "railway": "platform", "ref": "2", "start_date": "2011-2-24", "osm_id": "way/620330287", "category": "transport", "category_hint": "transport", "type": "platform", "address": ""}}, {"type": "Feature", "geometry": {"type": "Point", "coordinates": [113.3187225, 23.1140519]}, "properties": {"area": "yes", "bench": "yes", "bin": "yes", "covered": "yes", "layer": "-3", "light_rail": "yes", "lit": "yes", "name": "1站台/林和西方向/下站：大剧院", "name:zh": "1站台/林和西方向/下站：大剧院", "operator": "广州地铁集团有限公司", "public_transport": "platform", "railway": "platform", "ref": "1", "start_date": "2011-2-24", "osm_id": "way/620330288", "category": "transport", "category_hint": "transport", "type": "platform", "address": ""}}, {"type": "Feature", "geometry": {"type": "Point", "coordinates": [113.3183279, 23.1092416]}, "properties": {"area": "yes", "bench": "yes", "bin": "yes", "description": "落客站台", "layer": "-2", "level": "-2", "light_rail": "yes", "name": "2站台", "operator": "广州地铁集团有限公司", "public_transport": "platform", "railway": "platform", "ref": "2", "start_date": "2010-11-28", "osm_id": "way/620358649", "category": "transport", "category_hint": "transport", "type": "platform", "address": ""}}, {"type": "Feature", "geometry": {"type": "Point", "coordinates": [113.3183661, 23.1092414]}, "properties": {"area": "yes", "bench": "yes", "bin": "yes", "description": "林和西方向/下站：海心沙", "layer": "-2", "level": "-2", "light_rail": "yes", "name": "1站台", "operator": "广州地铁集团有限公司", "public_transport": "platform", "railway": "platform", "ref": "1", "start_date": "2010-11-28", "osm_id": "way/620358650", "category": "transport", "category_hint": "transport", "type": "platform", "address": ""}}, {"type": "Feature", "geometry": {"type": "Point", "coordinates": [113.3214277, 23.0991134]}, "properties": {"access": "private", "amenity": "parking", "fee": "yes", "parking": "surface", "osm_id": "way/679031548", "name": "", "category": "transport", "category_hint": "transport", "type": "parking", "address": ""}}, {"type": "Feature", "geometry": {"type": "Point", "coordinates": [113.3231132, 23.1038547]}, "properties": {"access": "yes", "amenity": "parking", "fee": "yes", "parking": "surface", "osm_id": "way/679032625", "name": "", "category": "transport", "category_hint": "transport", "type": "parking", "address": ""}}, {"type": "Feature", "geometry": {"type": "Point", "coordinates": [113.3346067, 23.1088066]}, "properties": {"amenity": "parking", "osm_id": "way/699670625", "name": "", "category": "transport", "category_hint": "transport", "type": "parking", "address": ""}}, {"type": "Feature", "geometry": {"type": "Point", "coordinates": [113.3366643, 23.1088194]}, "properties": {"amenity": "parking", "osm_id": "way/699670626", "name": "", "category": "transport", "category_hint": "transport", "type": "parking", "address": ""}}, {"type": "Feature", "geometry": {"type": "Point", "coordinates": [113.3219075, 23.1144244]}, "properties": {"amenity": "parking", "osm_id": "way/704251700", "name": "", "category": "transport", "category_hint": "transport", "type": "parking", "address": ""}}, {"type": "Feature", "geometry": {"type": "Point", "coordinates": [113.3228927, 23.1090346]}, "properties": {"amenity": "parking", "osm_id": "way/823098227", "name": "", "category": "transport", "category_hint": "transport", "type": "parking", "address": ""}}, {"type": "Feature", "geometry": {"type": "Point", "coordinates": [113.3355437, 23.0827424]}, "properties": {"area": "yes", "bench": "yes", "bin": "yes", "description": "万顷沙方向\\下站：沙溪", "layer": "-3", "lit": "yes", "name": "4站台", "operator": "广东城际铁路运营有限公司", "public_transport": "platform", "railway": "platform", "ref": "4", "shelter": "yes", "subway": "yes", "osm_id": "way/831745748", "category": "transport", "category_hint": "transport", "type": "platform", "address": ""}}, {"type": "Feature", "geometry": {"type": "Point", "coordinates": [113.3355972, 23.0827344]}, "properties": {"area": "yes", "bench": "yes", "bin": "yes", "description": "冼村方向\\下站：磨碟沙", "layer": "-3", "lit": "yes", "name": "3站台", "operator": "广东城际铁路运营有限公司", "public_transport": "platform", "railway": "platform", "ref": "3", "shelter": "yes", "subway": "yes", "osm_id": "way/831745749", "category": "transport", "category_hint": "transport", "type": "platform", "address": ""}}, {"type": "Feature", "geometry": {"type": "Point", "coordinates": [113.3383398, 23.1036179]}, "properties": {"area": "yes", "bench": "yes", "bin": "yes", "covered": "yes", "departures_board": "realtime", "description": "冼村方向\\下站：冼村", "layer": "-2", "lit": "yes", "name": "3站台", "operator": "广东城际铁路运营有限公司", "public_transport": "platform", "railway": "platform", "ref": "3", "subway": "yes", "osm_id": "way/831852024", "category": "transport", "category_hint": "transport", "type": "platform", "address": ""}}, {"type": "Feature", "geometry": {"type": "Point", "coordinates": [113.3382855, 23.103618]}, "properties": {"area": "yes", "bench": "yes", "bin": "yes", "covered": "yes", "departures_board": "realtime", "description": "万顷沙方向\\下站：龙潭", "layer": "-2", "lit": "yes", "name": "4站台", "operator": "广东城际铁路运营有限公司", "public_transport": "platform", "railway": "platform", "ref": "4", "subway": "yes", "osm_id": "way/831852025", "category": "transport", "category_hint": "transport", "type": "platform", "address": ""}}, {"type": "Feature", "geometry": {"type": "Point", "coordinates": [113.2910672, 23.0919774]}, "properties": {"area": "yes", "bench": "yes", "bin": "yes", "covered": "yes", "description": "1站台/天河客运站方向/下站：滨江东路", "layer": "-4", "lit": "yes", "operator": "广州地铁集团有限公司", "public_transport": "platform", "railway": "platform", "ref": "1", "subway": "yes", "osm_id": "way/834235408", "name": "", "category": "transport", "category_hint": "transport", "type": "platform", "address": ""}}, {"type": "Feature", "geometry": {"type": "Point", "coordinates": [113.2910207, 23.0919902]}, "properties": {"area": "yes", "bench": "yes", "bin": "yes", "covered": "yes", "description": "2站台/西塱方向/下站：五凤", "layer": "-4", "lit": "yes", "operator": "广州地铁集团有限公司", "public_transport": "platform", "railway": "platform", "ref": "2", "subway": "yes", "osm_id": "way/834235409", "name": "", "category": "transport", "category_hint": "transport", "type": "platform", "address": ""}}, {"type": "Feature", "geometry": {"type": "Point", "coordinates": [113.309161, 23.0757932]}, "properties": {"amenity": "parking", "osm_id": "way/841869650", "name": "", "category": "transport", "category_hint": "transport", "type": "parking", "address": ""}}, {"type": "Feature", "geometry": {"type": "Point", "coordinates": [113.3086674, 23.1114726]}, "properties": {"amenity": "parking", "osm_id": "way/857818557", "name": "", "category": "transport", "category_hint": "transport", "type": "parking", "address": ""}}, {"type": "Feature", "geometry": {"type": "Point", "coordinates": [113.3128341, 23.1130164]}, "properties": {"amenity": "parking", "osm_id": "way/857826272", "name": "", "category": "transport", "category_hint": "transport", "type": "parking", "address": ""}}, {"type": "Feature", "geometry": {"type": "Point", "coordinates": [113.3006407, 23.1053982]}, "properties": {"amenity": "parking", "parking": "surface", "osm_id": "way/991668343", "name": "", "category": "transport", "category_hint": "transport", "type": "parking", "address": ""}}, {"type": "Feature", "geometry": {"type": "Point", "coordinates": [113.316346, 23.0811461]}, "properties": {"access": "yes", "amenity": "parking", "fee": "yes", "parking": "surface", "osm_id": "way/1075546555", "name": "", "category": "transport", "category_hint": "transport", "type": "parking", "address": ""}}, {"type": "Feature", "geometry": {"type": "Point", "coordinates": [113.3110004, 23.0772132]}, "properties": {"amenity": "parking", "osm_id": "way/1075552352", "name": "", "category": "transport", "category_hint": "transport", "type": "parking", "address": ""}}, {"type": "Feature", "geometry": {"type": "Point", "coordinates": [113.3112949, 23.079067]}, "properties": {"amenity": "parking", "osm_id": "way/1075552354", "name": "", "category": "transport", "category_hint": "transport", "type": "parking", "address": ""}}, {"type": "Feature", "geometry": {"type": "Point", "coordinates": [113.3332221, 23.0786483]}, "properties": {"amenity": "parking", "osm_id": "way/1100873652", "name": "", "category": "transport", "category_hint": "transport", "type": "parking", "address": ""}}, {"type": "Feature", "geometry": {"type": "Point", "coordinates": [113.3330548, 23.0782489]}, "properties": {"amenity": "parking", "osm_id": "way/1100873653", "name": "", "category": "transport", "category_hint": "transport", "type": "parking", "address": ""}}, {"type": "Feature", "geometry": {"type": "Point", "coordinates": [113.3052315, 23.1007058]}, "properties": {"access": "private", "amenity": "parking", "parking": "surface", "osm_id": "way/1111792177", "name": "", "category": "transport", "category_hint": "transport", "type": "parking", "address": ""}}, {"type": "Feature", "geometry": {"type": "Point", "coordinates": [113.3150002, 23.0828528]}, "properties": {"amenity": "parking", "name": "上冲停车场", "osm_id": "way/1135841571", "category": "transport", "category_hint": "transport", "type": "parking", "address": ""}}, {"type": "Feature", "geometry": {"type": "Point", "coordinates": [113.3252709, 23.0829409]}, "properties": {"amenity": "parking", "osm_id": "way/1136104144", "name": "", "category": "transport", "category_hint": "transport", "type": "parking", "address": ""}}, {"type": "Feature", "geometry": {"type": "Point", "coordinates": [113.3057237, 23.1004307]}, "properties": {"amenity": "parking", "osm_id": "way/1164062146", "name": "", "category": "transport", "category_hint": "transport", "type": "parking", "address": ""}}, {"type": "Feature", "geometry": {"type": "Point", "coordinates": [113.335844, 23.0824237]}, "properties": {"amenity": "parking", "osm_id": "way/1186451315", "name": "", "category": "transport", "category_hint": "transport", "type": "parking", "address": ""}}, {"type": "Feature", "geometry": {"type": "Point", "coordinates": [113.3004173, 23.1128065]}, "properties": {"amenity": "parking", "osm_id": "way/1225229845", "name": "", "category": "transport", "category_hint": "transport", "type": "parking", "address": ""}}, {"type": "Feature", "geometry": {"type": "Point", "coordinates": [113.3236744, 23.0914038]}, "properties": {"amenity": "parking", "osm_id": "way/1248842321", "name": "", "category": "transport", "category_hint": "transport", "type": "parking", "address": ""}}, {"type": "Feature", "geometry": {"type": "Point", "coordinates": [113.3224481, 23.09805]}, "properties": {"access": "yes", "amenity": "parking", "fee": "yes", "parking": "surface", "osm_id": "way/1248842329", "name": "", "category": "transport", "category_hint": "transport", "type": "parking", "address": ""}}, {"type": "Feature", "geometry": {"type": "Point", "coordinates": [113.3177638, 23.0925715]}, "properties": {"amenity": "parking", "osm_id": "way/1256543323", "name": "", "category": "transport", "category_hint": "transport", "type": "parking", "address": ""}}, {"type": "Feature", "geometry": {"type": "Point", "coordinates": [113.3188461, 23.0932836]}, "properties": {"amenity": "parking", "osm_id": "way/1256543324", "name": "", "category": "transport", "category_hint": "transport", "type": "parking", "address": ""}}, {"type": "Feature", "geometry": {"type": "Point", "coordinates": [113.310604, 23.0744173]}, "properties": {"amenity": "parking", "osm_id": "way/1258093469", "name": "", "category": "transport", "category_hint": "transport", "type": "parking", "address": ""}}, {"type": "Feature", "geometry": {"type": "Point", "coordinates": [113.319799, 23.082104]}, "properties": {"amenity": "parking", "osm_id": "way/1263390802", "name": "", "category": "transport", "category_hint": "transport", "type": "parking", "address": ""}}, {"type": "Feature", "geometry": {"type": "Point", "coordinates": [113.3314731, 23.0918199]}, "properties": {"amenity": "parking", "osm_id": "way/1267017051", "name": "", "category": "transport", "category_hint": "transport", "type": "parking", "address": ""}}, {"type": "Feature", "geometry": {"type": "Point", "coordinates": [113.3211409, 23.0977648]}, "properties": {"amenity": "parking", "osm_id": "way/1267493269", "name": "", "category": "transport", "category_hint": "transport", "type": "parking", "address": ""}}, {"type": "Feature", "geometry": {"type": "Point", "coordinates": [113.2982007, 23.0826266]}, "properties": {"amenity": "parking", "osm_id": "way/1267853941", "name": "", "category": "transport", "category_hint": "transport", "type": "parking", "address": ""}}, {"type": "Feature", "geometry": {"type": "Point", "coordinates": [113.3230147, 23.0816171]}, "properties": {"amenity": "parking", "osm_id": "way/1279413323", "name": "", "category": "transport", "category_hint": "transport", "type": "parking", "address": ""}}, {"type": "Feature", "geometry": {"type": "Point", "coordinates": [113.323873, 23.0813062]}, "properties": {"amenity": "parking", "osm_id": "way/1279413324", "name": "", "category": "transport", "category_hint": "transport", "type": "parking", "address": ""}}, {"type": "Feature", "geometry": {"type": "Point", "coordinates": [113.3129688, 23.0903037]}, "properties": {"amenity": "parking", "osm_id": "way/1286982602", "name": "", "category": "transport", "category_hint": "transport", "type": "parking", "address": ""}}, {"type": "Feature", "geometry": {"type": "Point", "coordinates": [113.3114024, 23.0912947]}, "properties": {"amenity": "parking", "osm_id": "way/1286982603", "name": "", "category": "transport", "category_hint": "transport", "type": "parking", "address": ""}}, {"type": "Feature", "geometry": {"type": "Point", "coordinates": [113.3288156, 23.0990525]}, "properties": {"amenity": "parking", "parking": "surface", "osm_id": "way/1296426537", "name": "", "category": "transport", "category_hint": "transport", "type": "parking", "address": ""}}, {"type": "Feature", "geometry": {"type": "Point", "coordinates": [113.3049855, 23.0985471]}, "properties": {"amenity": "parking", "osm_id": "way/1298492352", "name": "", "category": "transport", "category_hint": "transport", "type": "parking", "address": ""}}, {"type": "Feature", "geometry": {"type": "Point", "coordinates": [113.3069559, 23.0949408]}, "properties": {"amenity": "parking", "osm_id": "way/1298492369", "name": "", "category": "transport", "category_hint": "transport", "type": "parking", "address": ""}}, {"type": "Feature", "geometry": {"type": "Point", "coordinates": [113.3254977, 23.0905021]}, "properties": {"amenity": "parking", "osm_id": "way/1300930216", "name": "", "category": "transport", "category_hint": "transport", "type": "parking", "address": ""}}, {"type": "Feature", "geometry": {"type": "Point", "coordinates": [113.3111834, 23.0753189]}, "properties": {"amenity": "parking", "osm_id": "way/1301028135", "name": "", "category": "transport", "category_hint": "transport", "type": "parking", "address": ""}}, {"type": "Feature", "geometry": {"type": "Point", "coordinates": [113.3018192, 23.0949465]}, "properties": {"amenity": "parking", "osm_id": "way/1303060978", "name": "", "category": "transport", "category_hint": "transport", "type": "parking", "address": ""}}, {"type": "Feature", "geometry": {"type": "Point", "coordinates": [113.3188246, 23.0822237]}, "properties": {"amenity": "parking", "osm_id": "way/1303896915", "name": "", "category": "transport", "category_hint": "transport", "type": "parking", "address": ""}}, {"type": "Feature", "geometry": {"type": "Point", "coordinates": [113.323808, 23.0887544]}, "properties": {"amenity": "parking", "osm_id": "way/1303896921", "name": "", "category": "transport", "category_hint": "transport", "type": "parking", "address": ""}}, {"type": "Feature", "geometry": {"type": "Point", "coordinates": [113.303489, 23.0996584]}, "properties": {"amenity": "parking", "osm_id": "way/1304255343", "name": "", "category": "transport", "category_hint": "transport", "type": "parking", "address": ""}}, {"type": "Feature", "geometry": {"type": "Point", "coordinates": [113.3053144, 23.1011266]}, "properties": {"amenity": "parking", "osm_id": "way/1304255348", "name": "", "category": "transport", "category_hint": "transport", "type": "parking", "address": ""}}, {"type": "Feature", "geometry": {"type": "Point", "coordinates": [113.3195365, 23.0981236]}, "properties": {"amenity": "parking", "osm_id": "way/1304255354", "name": "", "category": "transport", "category_hint": "transport", "type": "parking", "address": ""}}, {"type": "Feature", "geometry": {"type": "Point", "coordinates": [113.3197897, 23.0998458]}, "properties": {"amenity": "parking", "osm_id": "way/1304255355", "name": "", "category": "transport", "category_hint": "transport", "type": "parking", "address": ""}}, {"type": "Feature", "geometry": {"type": "Point", "coordinates": [113.3224099, 23.0885931]}, "properties": {"amenity": "parking", "osm_id": "way/1304840588", "name": "", "category": "transport", "category_hint": "transport", "type": "parking", "address": ""}}, {"type": "Feature", "geometry": {"type": "Point", "coordinates": [113.3214281, 23.088178]}, "properties": {"amenity": "parking", "osm_id": "way/1304840590", "name": "", "category": "transport", "category_hint": "transport", "type": "parking", "address": ""}}, {"type": "Feature", "geometry": {"type": "Point", "coordinates": [113.3138704, 23.0990947]}, "properties": {"amenity": "parking", "osm_id": "way/1304840593", "name": "", "category": "transport", "category_hint": "transport", "type": "parking", "address": ""}}, {"type": "Feature", "geometry": {"type": "Point", "coordinates": [113.2911358, 23.1063779]}, "properties": {"amenity": "parking", "osm_id": "way/1304840599", "name": "", "category": "transport", "category_hint": "transport", "type": "parking", "address": ""}}, {"type": "Feature", "geometry": {"type": "Point", "coordinates": [113.3226935, 23.0847691]}, "properties": {"amenity": "parking", "osm_id": "way/1305989880", "name": "", "category": "transport", "category_hint": "transport", "type": "parking", "address": ""}}, {"type": "Feature", "geometry": {"type": "Point", "coordinates": [113.3335982, 23.084494]}, "properties": {"amenity": "parking", "osm_id": "way/1306349425", "name": "", "category": "transport", "category_hint": "transport", "type": "parking", "address": ""}}, {"type": "Feature", "geometry": {"type": "Point", "coordinates": [113.3143687, 23.0873486]}, "properties": {"amenity": "parking", "osm_id": "way/1306483765", "name": "", "category": "transport", "category_hint": "transport", "type": "parking", "address": ""}}, {"type": "Feature", "geometry": {"type": "Point", "coordinates": [113.3147694, 23.0876616]}, "properties": {"amenity": "parking", "osm_id": "way/1306483766", "name": "", "category": "transport", "category_hint": "transport", "type": "parking", "address": ""}}, {"type": "Feature", "geometry": {"type": "Point", "coordinates": [113.3188062, 23.104856]}, "properties": {"layer": "-1", "public_transport": "platform", "railway": "platform", "start_date": "2025-6-29", "subway": "yes", "osm_id": "way/1306728968", "name": "", "category": "transport", "category_hint": "transport", "type": "platform", "address": ""}}, {"type": "Feature", "geometry": {"type": "Point", "coordinates": [113.3188041, 23.1047255]}, "properties": {"layer": "-1", "public_transport": "platform", "railway": "platform", "start_date": "2025-6-29", "subway": "yes", "osm_id": "way/1306728969", "name": "", "category": "transport", "category_hint": "transport", "type": "platform", "address": ""}}, {"type": "Feature", "geometry": {"type": "Point", "coordinates": [113.3157792, 23.0871378]}, "properties": {"amenity": "parking", "osm_id": "way/1308000943", "name": "", "category": "transport", "category_hint": "transport", "type": "parking", "address": ""}}, {"type": "Feature", "geometry": {"type": "Point", "coordinates": [113.3192223, 23.0828941]}, "properties": {"amenity": "parking", "osm_id": "way/1308009657", "name": "", "category": "transport", "category_hint": "transport", "type": "parking", "address": ""}}, {"type": "Feature", "geometry": {"type": "Point", "coordinates": [113.3210863, 23.0797581]}, "properties": {"amenity": "parking", "osm_id": "way/1308079829", "name": "", "category": "transport", "category_hint": "transport", "type": "parking", "address": ""}}, {"type": "Feature", "geometry": {"type": "Point", "coordinates": [113.3350086, 23.0879125]}, "properties": {"amenity": "parking", "osm_id": "way/1308260373", "name": "", "category": "transport", "category_hint": "transport", "type": "parking", "address": ""}}, {"type": "Feature", "geometry": {"type": "Point", "coordinates": [113.3283442, 23.0960492]}, "properties": {"amenity": "parking", "osm_id": "way/1309466295", "name": "", "category": "transport", "category_hint": "transport", "type": "parking", "address": ""}}, {"type": "Feature", "geometry": {"type": "Point", "coordinates": [113.3290424, 23.0941814]}, "properties": {"amenity": "parking", "osm_id": "way/1309466300", "name": "", "category": "transport", "category_hint": "transport", "type": "parking", "address": ""}}, {"type": "Feature", "geometry": {"type": "Point", "coordinates": [113.3300165, 23.0959299]}, "properties": {"amenity": "parking", "osm_id": "way/1309466302", "name": "", "category": "transport", "category_hint": "transport", "type": "parking", "address": ""}}, {"type": "Feature", "geometry": {"type": "Point", "coordinates": [113.3297817, 23.0974486]}, "properties": {"amenity": "parking", "osm_id": "way/1309466306", "name": "", "category": "transport", "category_hint": "transport", "type": "parking", "address": ""}}, {"type": "Feature", "geometry": {"type": "Point", "coordinates": [113.312551, 23.0953767]}, "properties": {"amenity": "parking", "osm_id": "way/1310864738", "name": "", "category": "transport", "category_hint": "transport", "type": "parking", "address": ""}}, {"type": "Feature", "geometry": {"type": "Point", "coordinates": [113.3253189, 23.088267]}, "properties": {"amenity": "bus_station", "bus": "yes", "name": "大塘公交站场", "public_transport": "station", "osm_id": "way/1311096491", "category": "transport", "category_hint": "transport", "type": "bus_station", "address": ""}}, {"type": "Feature", "geometry": {"type": "Point", "coordinates": [113.3283709, 23.0978087]}, "properties": {"amenity": "parking", "osm_id": "way/1311227062", "name": "", "category": "transport", "category_hint": "transport", "type": "parking", "address": ""}}, {"type": "Feature", "geometry": {"type": "Point", "coordinates": [113.3200031, 23.0839666]}, "properties": {"amenity": "parking", "osm_id": "way/1311556715", "name": "", "category": "transport", "category_hint": "transport", "type": "parking", "address": ""}}, {"type": "Feature", "geometry": {"type": "Point", "coordinates": [113.3278978, 23.0768775]}, "properties": {"amenity": "parking", "osm_id": "way/1311556739", "name": "", "category": "transport", "category_hint": "transport", "type": "parking", "address": ""}}, {"type": "Feature", "geometry": {"type": "Point", "coordinates": [113.3285634, 23.0767213]}, "properties": {"amenity": "parking", "osm_id": "way/1311556740", "name": "", "category": "transport", "category_hint": "transport", "type": "parking", "address": ""}}, {"type": "Feature", "geometry": {"type": "Point", "coordinates": [113.3182777, 23.0912086]}, "properties": {"amenity": "parking", "osm_id": "way/1312466171", "name": "", "category": "transport", "category_hint": "transport", "type": "parking", "address": ""}}, {"type": "Feature", "geometry": {"type": "Point", "coordinates": [113.3132161, 23.0974357]}, "properties": {"amenity": "parking", "osm_id": "way/1312560860", "name": "", "category": "transport", "category_hint": "transport", "type": "parking", "address": ""}}, {"type": "Feature", "geometry": {"type": "Point", "coordinates": [113.3348819, 23.0817379]}, "properties": {"area": "yes", "bench": "yes", "bin": "yes", "description": "外环/下站：赤沙", "layer": "-3", "lit": "yes", "operator": "广州地铁运营集团有限公司", "public_transport": "platform", "railway": "platform", "ref": "1", "shelter": "yes", "subway": "yes", "osm_id": "way/1363386825", "name": "", "category": "transport", "category_hint": "transport", "type": "platform", "address": ""}}, {"type": "Feature", "geometry": {"type": "Point", "coordinates": [113.3348656, 23.0817915]}, "properties": {"area": "yes", "bench": "yes", "bin": "yes", "description": "内环/下站：大塘", "layer": "-3", "lit": "yes", "operator": "广州地铁运营集团有限公司", "public_transport": "platform", "railway": "platform", "ref": "2", "shelter": "yes", "subway": "yes", "osm_id": "way/1363386826", "name": "", "category": "transport", "category_hint": "transport", "type": "platform", "address": ""}}, {"type": "Feature", "geometry": {"type": "Point", "coordinates": [113.2980781, 23.1125626]}, "properties": {"bench": "yes", "bin": "yes", "construction": "yes", "covered": "yes", "layer": "-3", "lit": "yes", "public_transport": "platform", "railway": "platform", "subway": "yes", "osm_id": "way/1372087967", "name": "", "category": "transport", "category_hint": "transport", "type": "platform", "address": ""}}, {"type": "Feature", "geometry": {"type": "Point", "coordinates": [113.2980866, 23.1125973]}, "properties": {"bench": "yes", "bin": "yes", "covered": "yes", "layer": "-3", "lit": "yes", "public_transport": "platform", "railway": "platform", "subway": "yes", "osm_id": "way/1372087968", "name": "", "category": "transport", "category_hint": "transport", "type": "platform", "address": ""}}, {"type": "Feature", "geometry": {"type": "Point", "coordinates": [113.2981135, 23.1127009]}, "properties": {"bench": "yes", "bin": "yes", "covered": "yes", "layer": "-3", "lit": "yes", "public_transport": "platform", "railway": "platform", "subway": "yes", "osm_id": "way/1372087969", "name": "", "category": "transport", "category_hint": "transport", "type": "platform", "address": ""}}, {"type": "Feature", "geometry": {"type": "Point", "coordinates": [113.32202, 23.1173167]}, "properties": {"amenity": "parking", "osm_id": "way/1374426293", "name": "", "category": "transport", "category_hint": "transport", "type": "parking", "address": ""}}, {"type": "Feature", "geometry": {"type": "Point", "coordinates": [113.2995973, 23.0846368]}, "properties": {"description": "外环/下站：上涌", "public_transport": "platform", "railway": "platform", "ref": "1", "subway": "yes", "osm_id": "way/1393423178", "name": "", "category": "transport", "category_hint": "transport", "type": "platform", "address": ""}}, {"type": "Feature", "geometry": {"type": "Point", "coordinates": [113.2996003, 23.0847159]}, "properties": {"description": "内环/下站：五凤", "public_transport": "platform", "railway": "platform", "ref": "2", "subway": "yes", "osm_id": "way/1393423179", "name": "", "category": "transport", "category_hint": "transport", "type": "platform", "address": ""}}, {"type": "Feature", "geometry": {"type": "Point", "coordinates": [113.2910324, 23.0846734]}, "properties": {"description": "外环/下站：逸景路", "level": "-3", "public_transport": "platform", "railway": "platform", "ref": "1", "subway": "yes", "osm_id": "way/1393423208", "name": "", "category": "transport", "category_hint": "transport", "type": "platform", "address": ""}}, {"type": "Feature", "geometry": {"type": "Point", "coordinates": [113.2910327, 23.0847317]}, "properties": {"description": "内环/下站：江泰路", "level": "-3", "public_transport": "platform", "railway": "platform", "ref": "2", "subway": "yes", "osm_id": "way/1393423209", "name": "", "category": "transport", "category_hint": "transport", "type": "platform", "address": ""}}, {"type": "Feature", "geometry": {"type": "Point", "coordinates": [113.307503, 23.0824379]}, "properties": {"bench": "yes", "bin": "yes", "covered": "yes", "description": "内环/下站：逸景路", "lit": "yes", "public_transport": "platform", "railway": "platform", "ref": "2", "subway": "yes", "osm_id": "way/1393423210", "name": "", "category": "transport", "category_hint": "transport", "type": "platform", "address": ""}}, {"type": "Feature", "geometry": {"type": "Point", "coordinates": [113.3074728, 23.0824023]}, "properties": {"bench": "yes", "bin": "yes", "covered": "yes", "description": "外环/下站：大塘", "lit": "yes", "public_transport": "platform", "railway": "platform", "ref": "1", "subway": "yes", "osm_id": "way/1393423211", "name": "", "category": "transport", "category_hint": "transport", "type": "platform", "address": ""}}, {"type": "Feature", "geometry": {"type": "Point", "coordinates": [113.317904, 23.0806017]}, "properties": {"area": "yes", "description": "内环/下站：上涌", "layer": "-3", "public_transport": "platform", "railway": "platform", "ref": "4", "subway": "yes", "osm_id": "way/1393423217", "name": "", "category": "transport", "category_hint": "transport", "type": "platform", "address": ""}}, {"type": "Feature", "geometry": {"type": "Point", "coordinates": [113.3179064, 23.0805462]}, "properties": {"area": "yes", "description": "外环/下站：龙潭", "layer": "-3", "public_transport": "platform", "railway": "platform", "ref": "3", "subway": "yes", "osm_id": "way/1393423218", "name": "", "category": "transport", "category_hint": "transport", "type": "platform", "address": ""}}, {"type": "Feature", "geometry": {"type": "Point", "coordinates": [113.3216137, 23.1100127]}, "properties": {"bench": "yes", "bin": "yes", "lit": "yes", "public_transport": "platform", "railway": "platform", "shelter": "yes", "tram": "yes", "osm_id": "way/1413558997", "name": "", "category": "transport", "category_hint": "transport", "type": "platform", "address": ""}}, {"type": "Feature", "geometry": {"type": "Point", "coordinates": [113.3216876, 23.1100983]}, "properties": {"bench": "yes", "bin": "yes", "lit": "yes", "note": "备用", "public_transport": "platform", "railway": "platform", "shelter": "yes", "tram": "yes", "osm_id": "way/1413558998", "name": "", "category": "transport", "category_hint": "transport", "type": "platform", "address": ""}}, {"type": "Feature", "geometry": {"type": "Point", "coordinates": [113.3134891, 23.0958897]}, "properties": {"amenity": "parking", "osm_id": "way/1491152362", "name": "", "category": "transport", "category_hint": "transport", "type": "parking", "address": ""}}, {"type": "Feature", "geometry": {"type": "Point", "coordinates": [113.3135071, 23.0952543]}, "properties": {"amenity": "parking", "osm_id": "way/1491152368", "name": "", "category": "transport", "category_hint": "transport", "type": "parking", "address": ""}}, {"type": "Feature", "geometry": {"type": "Point", "coordinates": [113.3322641, 23.0938516]}, "properties": {"amenity": "parking", "osm_id": "way/1524496274", "name": "", "category": "transport", "category_hint": "transport", "type": "parking", "address": ""}}, {"type": "Feature", "geometry": {"type": "Point", "coordinates": [113.3177927, 23.108988]}, "properties": {"description": "Metro line 3 station", "name": "广州塔", "name:en": "Canton Tower", "name:zh": "广州塔", "operator": "广州地铁运营集团有限公司", "public_transport": "stop_area", "type": "", "wikidata": "Q5097203", "wikipedia": "zh:广州塔站 (地铁)", "osm_id": "relation/3987167", "category": "transport", "category_hint": "transport", "address": ""}}, {"type": "Feature", "geometry": {"type": "Point", "coordinates": [113.317954, 23.1089531]}, "properties": {"description": "APM station", "name": "广州塔", "name:en": "Canton Tower", "name:zh": "广州塔", "operator": "广州地铁运营集团有限公司", "public_transport": "stop_area", "type": "", "osm_id": "relation/9611406", "category": "transport", "category_hint": "transport", "address": ""}}, {"type": "Feature", "geometry": {"type": "Point", "coordinates": [113.3187023, 23.114389]}, "properties": {"name": "海心沙", "name:en": "Haixinsha", "name:zh": "海心沙", "operator": "广州地铁运营集团有限公司", "public_transport": "stop_area", "type": "", "osm_id": "relation/9611408", "category": "transport", "category_hint": "transport", "address": ""}}, {"type": "Feature", "geometry": {"type": "Point", "coordinates": [113.3362512, 23.1011972]}, "properties": {"name": "磨碟沙", "name:en": "Modiesha", "public_transport": "stop_area", "type": "", "osm_id": "relation/9652380", "category": "transport", "category_hint": "transport", "address": ""}}, {"type": "Feature", "geometry": {"type": "Point", "coordinates": [113.3292011, 23.0989826]}, "properties": {"name": "赤岗", "name:en": "Chigang", "public_transport": "stop_area", "type": "", "osm_id": "relation/9652381", "category": "transport", "category_hint": "transport", "address": ""}}, {"type": "Feature", "geometry": {"type": "Point", "coordinates": [113.3149758, 23.0988228]}, "properties": {"name": "客村", "name:en": "Kecun", "public_transport": "stop_area", "type": "", "osm_id": "relation/9652383", "category": "transport", "category_hint": "transport", "address": ""}}, {"type": "Feature", "geometry": {"type": "Point", "coordinates": [113.302897, 23.097991]}, "properties": {"name": "鹭江", "name:en": "Lujiang", "public_transport": "stop_area", "type": "", "osm_id": "relation/9652384", "category": "transport", "category_hint": "transport", "address": ""}}, {"type": "Feature", "geometry": {"type": "Point", "coordinates": [113.3163345, 23.0807491]}, "properties": {"name": "大塘", "name:en": "Datang", "public_transport": "stop_area", "type": "", "osm_id": "relation/9799438", "category": "transport", "category_hint": "transport", "address": ""}}, {"type": "Feature", "geometry": {"type": "Point", "coordinates": [113.330105, 23.1101529]}, "properties": {"name": "猎德大桥南", "public_transport": "stop_area", "type": "", "osm_id": "relation/12232146", "category": "transport", "category_hint": "transport", "address": ""}}, {"type": "Feature", "geometry": {"type": "Point", "coordinates": [113.3342468, 23.1104251]}, "properties": {"name": "琶醍", "public_transport": "stop_area", "type": "", "osm_id": "relation/12232147", "category": "transport", "category_hint": "transport", "address": ""}}, {"type": "Feature", "geometry": {"type": "Point", "coordinates": [113.338313, 23.103618]}, "properties": {"name": "磨碟沙", "name:en": "Modiesha", "network": "广州地铁", "operator": "广东城际铁路运营有限公司", "public_transport": "stop_area", "ref": "1807", "type": "", "osm_id": "relation/13239403", "category": "transport", "category_hint": "transport", "address": ""}}, {"type": "Feature", "geometry": {"type": "Point", "coordinates": [113.335215, 23.0825449]}, "properties": {"name": "龙潭", "name:en": "Longtan", "network": "广州地铁", "operator": "广东城际铁路运营有限公司", "public_transport": "stop_area", "ref": "1806", "type": "", "osm_id": "relation/13239404", "category": "transport", "category_hint": "transport", "address": ""}}, {"type": "Feature", "geometry": {"type": "Point", "coordinates": [113.3149758, 23.0989846]}, "properties": {"name": "客村", "name:en": "Kecun", "public_transport": "stop_area", "type": "", "osm_id": "relation/13422763", "category": "transport", "category_hint": "transport", "address": ""}}, {"type": "Feature", "geometry": {"type": "Point", "coordinates": [113.3075093, 23.0825767]}, "properties": {"name": "上涌", "name:en": "Shangchong", "public_transport": "stop_area", "type": "", "osm_id": "relation/18468387", "category": "transport", "category_hint": "transport", "address": ""}}, {"type": "Feature", "geometry": {"type": "Point", "coordinates": [113.335215, 23.082115]}, "properties": {"name": "龙潭", "name:en": "Longtan", "name:zh": "龙潭", "operator": "广州地铁运营集团有限公司", "public_transport": "stop_area", "type": "", "osm_id": "relation/18469468", "category": "transport", "category_hint": "transport", "address": ""}}, {"type": "Feature", "geometry": {"type": "Point", "coordinates": [113.3172533, 23.0805863]}, "properties": {"name": "大塘", "name:en": "Datang", "name:zh": "大塘", "public_transport": "stop_area", "type": "", "osm_id": "relation/18469469", "category": "transport", "category_hint": "transport", "address": ""}}, {"type": "Feature", "geometry": {"type": "Point", "coordinates": [113.2996615, 23.0847099]}, "properties": {"name": "逸景路", "name:en": "Yijing Road", "name:zh": "逸景路", "public_transport": "stop_area", "type": "", "osm_id": "relation/18469470", "category": "transport", "category_hint": "transport", "address": ""}}, {"type": "Feature", "geometry": {"type": "Point", "coordinates": [113.2910325, 23.084689]}, "properties": {"name": "五凤", "name:en": "Wufeng", "name:zh": "五凤", "public_transport": "stop_area", "type": "", "osm_id": "relation/18469471", "category": "transport", "category_hint": "transport", "address": ""}}, {"type": "Feature", "geometry": {"type": "Point", "coordinates": [113.291044, 23.0919837]}, "properties": {"name": "中大南门", "name:en": "Sun Yat-sen University South Entrance", "public_transport": "stop_area", "type": "", "osm_id": "relation/19307276", "category": "transport", "category_hint": "transport", "address": ""}}, {"type": "Feature", "geometry": {"type": "Point", "coordinates": [113.2983887, 23.1126481]}, "properties": {"name": "二沙岛", "name:en": "Ersha Island", "public_transport": "stop_area", "type": "", "osm_id": "relation/19307347", "category": "transport", "category_hint": "transport", "address": ""}}, {"type": "Feature", "geometry": {"type": "Point", "coordinates": [113.3189229, 23.1046368]}, "properties": {"name": "赤岗塔", "name:en": "Chigang Pagoda", "public_transport": "stop_area", "type": "", "osm_id": "relation/19307353", "category": "transport", "category_hint": "transport", "address": ""}}, {"type": "Feature", "geometry": {"type": "Point", "coordinates": [113.3292011, 23.0991989]}, "properties": {"name": "赤岗", "name:en": "Chigang", "public_transport": "stop_area", "type": "", "osm_id": "relation/19309021", "category": "transport", "category_hint": "transport", "address": ""}}, {"type": "Feature", "geometry": {"type": "Point", "coordinates": [113.3216137, 23.1100471]}, "properties": {"name": "广州塔", "name:en": "Canton Tower", "name:zh": "广州塔", "operator": "广州有轨电车有限责任公司", "public_transport": "stop_area", "type": "", "osm_id": "relation/19381265", "category": "transport", "category_hint": "transport", "address": ""}}, {"type": "Feature", "geometry": {"type": "Point", "coordinates": [113.3021957, 23.0866776]}, "properties": {"name": "华盛南路", "name:zh": "华盛南路", "public_transport": "stop_area", "type": "", "osm_id": "relation/19718102", "category": "transport", "category_hint": "transport", "address": ""}}, {"type": "Feature", "geometry": {"type": "Point", "coordinates": [113.303876, 23.0851227]}, "properties": {"name": "逸景翠园总站", "name:zh": "逸景翠园总站", "public_transport": "stop_area", "type": "", "osm_id": "relation/19718106", "category": "transport", "category_hint": "transport", "address": ""}}, {"type": "Feature", "geometry": {"type": "Point", "coordinates": [113.3038163, 23.0847391]}, "properties": {"name": "逸景路", "name:zh": "逸景路", "public_transport": "stop_area", "type": "", "osm_id": "relation/19718107", "category": "transport", "category_hint": "transport", "address": ""}}, {"type": "Feature", "geometry": {"type": "Point", "coordinates": [113.3084694, 23.0854159]}, "properties": {"name": "逸景路东", "name:zh": "逸景路东", "public_transport": "stop_area", "type": "", "osm_id": "relation/19718108", "category": "transport", "category_hint": "transport", "address": ""}}, {"type": "Feature", "geometry": {"type": "Point", "coordinates": [113.3105705, 23.0878886]}, "properties": {"name": "广州大道南(叠景路口)", "name:en": "Guangzhou Avenue South(Diejing Road Entrance)", "name:zh": "广州大道南(叠景路口)", "public_transport": "stop_area", "type": "", "osm_id": "relation/19718109", "category": "transport", "category_hint": "transport", "address": ""}}, {"type": "Feature", "geometry": {"type": "Point", "coordinates": [113.3102157, 23.0944927]}, "properties": {"name": "敦和", "name:zh": "敦和", "public_transport": "stop_area", "type": "", "osm_id": "relation/19718110", "category": "transport", "category_hint": "transport", "address": ""}}, {"type": "Feature", "geometry": {"type": "Point", "coordinates": [113.3056027, 23.0980532]}, "properties": {"name": "鹭江", "name:zh": "鹭江", "public_transport": "stop_area", "type": "", "osm_id": "relation/19718111", "category": "transport", "category_hint": "transport", "address": ""}}, {"type": "Feature", "geometry": {"type": "Point", "coordinates": [113.3027874, 23.099835]}, "properties": {"name": "下渡路口", "name:zh": "下渡路口", "public_transport": "stop_area", "type": "", "osm_id": "relation/19718112", "category": "transport", "category_hint": "transport", "address": ""}}, {"type": "Feature", "geometry": {"type": "Point", "coordinates": [113.302803, 23.1033213]}, "properties": {"name": "中信乐涛苑", "name:zh": "中信乐涛苑", "public_transport": "stop_area", "type": "", "osm_id": "relation/19718113", "category": "transport", "category_hint": "transport", "address": ""}}, {"type": "Feature", "geometry": {"type": "Point", "coordinates": [113.2990507, 23.1053363]}, "properties": {"name": "中大北门", "name:zh": "中大北门", "public_transport": "stop_area", "type": "", "osm_id": "relation/19718114", "category": "transport", "category_hint": "transport", "address": ""}}, {"type": "Feature", "geometry": {"type": "Point", "coordinates": [113.2945407, 23.0736611]}, "properties": {"name": "瑞宝小学", "name:zh": "瑞宝小学", "public_transport": "stop_area", "type": "", "osm_id": "relation/19720278", "category": "transport", "category_hint": "transport", "address": ""}}, {"type": "Feature", "geometry": {"type": "Point", "coordinates": [113.3053582, 23.1050941]}, "properties": {"name": "珠江广场", "name:zh": "珠江广场", "public_transport": "stop_area", "type": "", "osm_id": "relation/19727715", "category": "transport", "category_hint": "transport", "address": ""}}, {"type": "Feature", "geometry": {"type": "Point", "coordinates": [113.3055221, 23.1052564]}, "properties": {"name": "滨江东路总站", "name:zh": "滨江东路总站", "public_transport": "stop_area", "type": "", "osm_id": "relation/19727716", "category": "transport", "category_hint": "transport", "address": ""}}, {"type": "Feature", "geometry": {"type": "Point", "coordinates": [113.308872, 23.1071516]}, "properties": {"name": "广州大桥底", "name:zh": "广州大桥底", "public_transport": "stop_area", "type": "", "osm_id": "relation/19727717", "category": "transport", "category_hint": "transport", "address": ""}}, {"type": "Feature", "geometry": {"type": "Point", "coordinates": [113.3118434, 23.1068149]}, "properties": {"name": "新鸿花园", "name:zh": "新鸿花园", "public_transport": "stop_area", "type": "", "osm_id": "relation/19727718", "category": "transport", "category_hint": "transport", "address": ""}}, {"type": "Feature", "geometry": {"type": "Point", "coordinates": [113.329203, 23.1058896]}, "properties": {"name": "芳园路口", "name:zh": "芳园路口", "public_transport": "stop_area", "type": "", "osm_id": "relation/19727719", "category": "transport", "category_hint": "transport", "address": ""}}, {"type": "Feature", "geometry": {"type": "Point", "coordinates": [113.3154106, 23.105281]}, "properties": {"name": "艺洲路", "name:zh": "艺洲路", "public_transport": "stop_area", "type": "", "osm_id": "relation/19727720", "category": "transport", "category_hint": "transport", "address": ""}}, {"type": "Feature", "geometry": {"type": "Point", "coordinates": [113.3187791, 23.1047909]}, "properties": {"name": "赤岗塔", "name:zh": "赤岗塔", "public_transport": "stop_area", "type": "", "osm_id": "relation/19727721", "category": "transport", "category_hint": "transport", "address": ""}}, {"type": "Feature", "geometry": {"type": "Point", "coordinates": [113.3178661, 23.1075228]}, "properties": {"name": "广州塔西", "name:zh": "广州塔西", "public_transport": "stop_area", "type": "", "osm_id": "relation/19727722", "category": "transport", "category_hint": "transport", "address": ""}}, {"type": "Feature", "geometry": {"type": "Point", "coordinates": [113.3245792, 23.1042941]}, "properties": {"name": "艺洲路东", "name:zh": "艺洲路东", "public_transport": "stop_area", "type": "", "osm_id": "relation/19727723", "category": "transport", "category_hint": "transport", "address": ""}}, {"type": "Feature", "geometry": {"type": "Point", "coordinates": [113.3204164, 23.1063783]}, "properties": {"name": "珠江帝景苑总站", "name:zh": "珠江帝景苑总站", "public_transport": "stop_area", "type": "", "osm_id": "relation/19739100", "category": "transport", "category_hint": "transport", "address": ""}}, {"type": "Feature", "geometry": {"type": "Point", "coordinates": [113.2927358, 23.1130495]}, "properties": {"name": "二沙岛西总站", "name:zh": "二沙岛西总站", "public_transport": "stop_area", "type": "", "osm_id": "relation/19739102", "category": "transport", "category_hint": "transport", "address": ""}}, {"type": "Feature", "geometry": {"type": "Point", "coordinates": [113.3076077, 23.0765837]}, "properties": {"name": "上涌南", "name:zh": "上涌南", "public_transport": "stop_area", "type": "", "osm_id": "relation/19742883", "category": "transport", "category_hint": "transport", "address": ""}}, {"type": "Feature", "geometry": {"type": "Point", "coordinates": [113.3099538, 23.0838247]}, "properties": {"name": "上涌", "name:zh": "上涌", "public_transport": "stop_area", "type": "", "osm_id": "relation/19742884", "category": "transport", "category_hint": "transport", "address": ""}}, {"type": "Feature", "geometry": {"type": "Point", "coordinates": [113.3100558, 23.1018666]}, "properties": {"name": "客村立交", "name:zh": "客村立交", "public_transport": "stop_area", "type": "", "osm_id": "relation/19742885", "category": "transport", "category_hint": "transport", "address": ""}}, {"type": "Feature", "geometry": {"type": "Point", "coordinates": [113.3219886, 23.0957531]}, "properties": {"name": "赤岗路", "name:zh": "赤岗路", "public_transport": "stop_area", "type": "", "osm_id": "relation/19756174", "category": "transport", "category_hint": "transport", "address": ""}}, {"type": "Feature", "geometry": {"type": "Point", "coordinates": [113.3220005, 23.0924489]}, "properties": {"name": "卷烟一厂", "name:zh": "卷烟一厂", "public_transport": "stop_area", "type": "", "osm_id": "relation/19756175", "category": "transport", "category_hint": "transport", "address": ""}}, {"type": "Feature", "geometry": {"type": "Point", "coordinates": [113.322026, 23.0889817]}, "properties": {"name": "大塘路口", "name:zh": "大塘路口", "public_transport": "stop_area", "type": "", "osm_id": "relation/19756176", "category": "transport", "category_hint": "transport", "address": ""}}, {"type": "Feature", "geometry": {"type": "Point", "coordinates": [113.3250869, 23.0883751]}, "properties": {"name": "大塘总站", "name:zh": "大塘总站", "public_transport": "stop_area", "type": "", "osm_id": "relation/19756177", "category": "transport", "category_hint": "transport", "address": ""}}, {"type": "Feature", "geometry": {"type": "Point", "coordinates": [113.3219266, 23.098876]}, "properties": {"name": "赤岗路口", "name:zh": "赤岗路口", "public_transport": "stop_area", "type": "", "osm_id": "relation/19756178", "category": "transport", "category_hint": "transport", "address": ""}}, {"type": "Feature", "geometry": {"type": "Point", "coordinates": [113.3156364, 23.0988302]}, "properties": {"name": "珠影(地铁客村站)", "name:en": "Zhujiang Film Studio (Kecun Metro Station)", "name:zh": "珠影(地铁客村站)", "public_transport": "stop_area", "type": "", "osm_id": "relation/19756179", "category": "transport", "category_hint": "transport", "address": ""}}, {"type": "Feature", "geometry": {"type": "Point", "coordinates": [113.2974867, 23.0734407]}, "properties": {"name": "南洲北路", "name:zh": "南洲北路", "public_transport": "stop_area", "type": "", "osm_id": "relation/19756196", "category": "transport", "category_hint": "transport", "address": ""}}, {"type": "Feature", "geometry": {"type": "Point", "coordinates": [113.3098933, 23.0881928]}, "properties": {"name": "叠景路口", "name:zh": "叠景路口", "public_transport": "stop_area", "type": "", "osm_id": "relation/19756212", "category": "transport", "category_hint": "transport", "address": ""}}, {"type": "Feature", "geometry": {"type": "Point", "coordinates": [113.3040438, 23.0879977]}, "properties": {"name": "叠景路", "name:zh": "叠景路", "public_transport": "stop_area", "type": "", "osm_id": "relation/19756213", "category": "transport", "category_hint": "transport", "address": ""}}, {"type": "Feature", "geometry": {"type": "Point", "coordinates": [113.3093582, 23.1033371]}, "properties": {"name": "广州大桥南", "name:zh": "广州大桥南", "public_transport": "stop_area", "type": "", "osm_id": "relation/19756661", "category": "transport", "category_hint": "transport", "address": ""}}, {"type": "Feature", "geometry": {"type": "Point", "coordinates": [113.2972453, 23.1121059]}, "properties": {"name": "省中医二沙分院", "name:zh": "省中医二沙分院", "public_transport": "stop_area", "type": "", "osm_id": "relation/19756662", "category": "transport", "category_hint": "transport", "address": ""}}, {"type": "Feature", "geometry": {"type": "Point", "coordinates": [113.3000756, 23.1124273]}, "properties": {"name": "星海音乐厅", "name:zh": "星海音乐厅", "public_transport": "stop_area", "type": "", "osm_id": "relation/19756663", "category": "transport", "category_hint": "transport", "address": ""}}, {"type": "Feature", "geometry": {"type": "Point", "coordinates": [113.3075196, 23.1119407]}, "properties": {"name": "二沙东(传祺公园)", "name:en": "Ersha Island East (Trumpchi Park)", "name:zh": "二沙东(传祺公园)", "public_transport": "stop_area", "type": "", "osm_id": "relation/19756664", "category": "transport", "category_hint": "transport", "address": ""}}, {"type": "Feature", "geometry": {"type": "Point", "coordinates": [113.2944392, 23.1134339]}, "properties": {"name": "二沙西", "name:zh": "二沙西", "public_transport": "stop_area", "type": "", "osm_id": "relation/19756665", "category": "transport", "category_hint": "transport", "address": ""}}, {"type": "Feature", "geometry": {"type": "Point", "coordinates": [113.3065836, 23.0990804]}, "properties": {"name": "大江直街南", "name:zh": "大江直街南", "public_transport": "stop_area", "type": "", "osm_id": "relation/19756666", "category": "transport", "category_hint": "transport", "address": ""}}, {"type": "Feature", "geometry": {"type": "Point", "coordinates": [113.3069067, 23.1026089]}, "properties": {"name": "大江直街北", "name:zh": "大江直街北", "public_transport": "stop_area", "type": "", "osm_id": "relation/19756667", "category": "transport", "category_hint": "transport", "address": ""}}, {"type": "Feature", "geometry": {"type": "Point", "coordinates": [113.3070778, 23.1040567]}, "properties": {"name": "大江苑", "name:zh": "大江苑", "public_transport": "stop_area", "type": "", "osm_id": "relation/19756668", "category": "transport", "category_hint": "transport", "address": ""}}, {"type": "Feature", "geometry": {"type": "Point", "coordinates": [113.3070623, 23.1045134]}, "properties": {"name": "大江苑总站", "name:zh": "大江苑总站", "public_transport": "stop_area", "type": "", "osm_id": "relation/19756669", "category": "transport", "category_hint": "transport", "address": ""}}, {"type": "Feature", "geometry": {"type": "Point", "coordinates": [113.3284, 23.0980665]}, "properties": {"name": "赤岗", "name:zh": "赤岗", "public_transport": "stop_area", "type": "", "osm_id": "relation/19756670", "category": "transport", "category_hint": "transport", "address": ""}}, {"type": "Feature", "geometry": {"type": "Point", "coordinates": [113.3275464, 23.0981934]}, "properties": {"name": "赤岗总站", "name:zh": "赤岗总站", "public_transport": "stop_area", "type": "", "osm_id": "relation/19756671", "category": "transport", "category_hint": "transport", "address": ""}}, {"type": "Feature", "geometry": {"type": "Point", "coordinates": [113.329756, 23.1153876]}, "properties": {"name": "临江大道猎德牌坊", "name:zh": "临江大道猎德牌坊", "public_transport": "stop_area", "type": "", "osm_id": "relation/19760661", "category": "transport", "category_hint": "transport", "address": ""}}, {"type": "Feature", "geometry": {"type": "Point", "coordinates": [113.3355389, 23.1146641]}, "properties": {"name": "临江大道东", "name:zh": "临江大道东", "public_transport": "stop_area", "type": "", "osm_id": "relation/19760662", "category": "transport", "category_hint": "transport", "address": ""}}, {"type": "Feature", "geometry": {"type": "Point", "coordinates": [113.3250367, 23.1159957]}, "properties": {"name": "临江大道中", "name:zh": "临江大道中", "public_transport": "stop_area", "type": "", "osm_id": "relation/19760663", "category": "transport", "category_hint": "transport", "address": ""}}, {"type": "Feature", "geometry": {"type": "Point", "coordinates": [113.3218532, 23.1034212]}, "properties": {"name": "广州艺术博物院", "name:en": "Guangzhou Museum of Art", "name:zh": "广州艺术博物院", "public_transport": "stop_area", "type": "", "osm_id": "relation/19769823", "category": "transport", "category_hint": "transport", "address": ""}}, {"type": "Feature", "geometry": {"type": "Point", "coordinates": [113.3219444, 23.1003344]}, "properties": {"name": "赤岗北路", "name:zh": "赤岗北路", "public_transport": "stop_area", "type": "", "osm_id": "relation/19769824", "category": "transport", "category_hint": "transport", "address": ""}}, {"type": "Feature", "geometry": {"type": "Point", "coordinates": [113.3267164, 23.0852692]}, "properties": {"name": "龙潭村", "name:zh": "龙潭村", "public_transport": "stop_area", "type": "", "osm_id": "relation/19769831", "category": "transport", "category_hint": "transport", "address": ""}}, {"type": "Feature", "geometry": {"type": "Point", "coordinates": [113.3268747, 23.0892202]}, "properties": {"name": "大塘", "name:zh": "大塘", "public_transport": "stop_area", "type": "", "osm_id": "relation/19769832", "category": "transport", "category_hint": "transport", "address": ""}}, {"type": "Feature", "geometry": {"type": "Point", "coordinates": [113.3274971, 23.0931182]}, "properties": {"name": "江海大道中", "name:zh": "江海大道中", "public_transport": "stop_area", "type": "", "osm_id": "relation/19769833", "category": "transport", "category_hint": "transport", "address": ""}}, {"type": "Feature", "geometry": {"type": "Point", "coordinates": [113.3357741, 23.081799]}, "properties": {"name": "新滘中路(地铁龙潭站)", "name:zh": "新滘中路(地铁龙潭站)", "public_transport": "stop_area", "type": "", "osm_id": "relation/19769837", "category": "transport", "category_hint": "transport", "address": ""}}, {"type": "Feature", "geometry": {"type": "Point", "coordinates": [113.331821, 23.080818]}, "properties": {"name": "新滘中路龙潭村总站", "name:zh": "新滘中路龙潭村总站", "public_transport": "stop_area", "type": "", "osm_id": "relation/19769838", "category": "transport", "category_hint": "transport", "address": ""}}, {"type": "Feature", "geometry": {"type": "Point", "coordinates": [113.3314362, 23.0808702]}, "properties": {"name": "龙潭村牌坊", "name:zh": "龙潭村牌坊", "public_transport": "stop_area", "type": "", "osm_id": "relation/19769839", "category": "transport", "category_hint": "transport", "address": ""}}, {"type": "Feature", "geometry": {"type": "Point", "coordinates": [113.2985738, 23.0967617]}, "properties": {"name": "康乐村", "name:zh": "康乐村", "public_transport": "stop_area", "type": "", "osm_id": "relation/19769840", "category": "transport", "category_hint": "transport", "address": ""}}, {"type": "Feature", "geometry": {"type": "Point", "coordinates": [113.2946673, 23.0942489]}, "properties": {"name": "中山大学", "name:zh": "中山大学", "public_transport": "stop_area", "type": "", "osm_id": "relation/19769841", "category": "transport", "category_hint": "transport", "address": ""}}, {"type": "Feature", "geometry": {"type": "Point", "coordinates": [113.330277, 23.1013823]}, "properties": {"name": "磨碟沙路", "name:en": "Modiesha Road", "name:zh": "磨碟沙路", "public_transport": "stop_area", "type": "", "osm_id": "relation/19796202", "category": "transport", "category_hint": "transport", "address": ""}}, {"type": "Feature", "geometry": {"type": "Point", "coordinates": [113.3345761, 23.0881221]}, "properties": {"name": "台涌", "name:zh": "台涌", "public_transport": "stop_area", "type": "", "osm_id": "relation/19796603", "category": "transport", "category_hint": "transport", "address": ""}}, {"type": "Feature", "geometry": {"type": "Point", "coordinates": [113.3305105, 23.091572]}, "properties": {"name": "石榴岗路西", "name:zh": "石榴岗路西", "public_transport": "stop_area", "type": "", "osm_id": "relation/19796604", "category": "transport", "category_hint": "transport", "address": ""}}, {"type": "Feature", "geometry": {"type": "Point", "coordinates": [113.334479, 23.0878738]}, "properties": {"name": "石榴岗海珠政务服务中心总站", "name:zh": "石榴岗海珠政务服务中心总站", "public_transport": "stop_area", "type": "", "osm_id": "relation/19799220", "category": "transport", "category_hint": "transport", "address": ""}}, {"type": "Feature", "geometry": {"type": "Point", "coordinates": [113.3180569, 23.1097792]}, "properties": {"name": "广州塔地铁站A口", "name:en": "Canton Tower Metro Station Exit A", "name:zh": "广州塔地铁站A口", "public_transport": "stop_area", "type": "", "osm_id": "relation/21202256", "category": "transport", "category_hint": "transport", "address": ""}}, {"type": "Feature", "geometry": {"type": "Point", "coordinates": [113.329892, 23.1097851]}, "properties": {"name": "阅江西路西", "name:en": "Yuejiang West Road West", "name:zh": "阅江西路西", "public_transport": "stop_area", "type": "", "osm_id": "relation/21202258", "category": "transport", "category_hint": "transport", "address": ""}}, {"type": "Feature", "geometry": {"type": "Point", "coordinates": [113.302743, 23.1053828]}, "properties": {"name": "下渡路(海琴湾)总站", "name:en": "Xiadu Road (Haiqin Bay) Bus Terminal", "name:zh": "下渡路(海琴湾)总站", "public_transport": "stop_area", "type": "", "osm_id": "relation/21202282", "category": "transport", "category_hint": "transport", "address": ""}}, {"type": "Feature", "geometry": {"type": "Point", "coordinates": [113.3211548, 23.0805542]}, "properties": {"name": "广州市文化馆", "name:en": "Guangzhou Cultural Palace", "name:zh": "广州市文化馆", "public_transport": "stop_area", "type": "", "osm_id": "relation/21380847", "category": "transport", "category_hint": "transport", "address": ""}}, {"type": "Feature", "geometry": {"type": "Point", "coordinates": [113.3033568, 23.0805292]}, "properties": {"name": "上涌果树公园", "name:en": "Shangchong Fruit Tree Park", "name:zh": "上涌果树公园", "public_transport": "stop_area", "type": "", "osm_id": "relation/21380848", "category": "transport", "category_hint": "transport", "address": ""}}, {"type": "Feature", "geometry": {"type": "Point", "coordinates": [113.3309517, 23.1062516]}, "properties": {"name": "芳园路", "name:en": "Fangyuan Road", "name:zh": "芳园路", "public_transport": "stop_area", "type": "", "osm_id": "relation/21380849", "category": "transport", "category_hint": "transport", "address": ""}}, {"type": "Feature", "geometry": {"type": "Point", "coordinates": [113.334509, 23.1061761]}, "properties": {"name": "芳园路东", "name:en": "Fangyuan Road East", "name:zh": "芳园路东", "public_transport": "stop_area", "type": "", "osm_id": "relation/21380850", "category": "transport", "category_hint": "transport", "address": ""}}, {"type": "Feature", "geometry": {"type": "Point", "coordinates": [113.3374055, 23.1060958]}, "properties": {"name": "阅江路(珠江啤酒厂)总站", "name:en": "Yuejiang Road (Zhujiang Beer Factory) Bus Terminal", "name:zh": "阅江路(珠江啤酒厂)总站", "public_transport": "stop_area", "type": "", "osm_id": "relation/21380851", "category": "transport", "category_hint": "transport", "address": ""}}, {"type": "Feature", "geometry": {"type": "Point", "coordinates": [113.3346676, 23.1012268]}, "properties": {"name": "磨碟沙", "name:en": "Modiesha", "name:zh": "磨碟沙", "public_transport": "stop_area", "type": "", "osm_id": "relation/21380852", "category": "transport", "category_hint": "transport", "address": ""}}, {"type": "Feature", "geometry": {"type": "Point", "coordinates": [113.3383224, 23.0744147]}, "properties": {"landuse": "industrial", "name": "越和华工业园B区", "osm_id": "way/662503923", "category": "industrial", "category_hint": "industrial", "type": "industrial", "address": ""}}, {"type": "Feature", "geometry": {"type": "Point", "coordinates": [113.3379453, 23.0917789]}, "properties": {"landuse": "industrial", "name": "七星岗工业区", "osm_id": "way/662505283", "category": "industrial", "category_hint": "industrial", "type": "industrial", "address": ""}}, {"type": "Feature", "geometry": {"type": "Point", "coordinates": [113.3038492, 23.1041097]}, "properties": {"landuse": "industrial", "name": "广州白云山天心制药股份有限公司", "osm_id": "way/662596327", "category": "industrial", "category_hint": "industrial", "type": "industrial", "address": ""}}, {"type": "Feature", "geometry": {"type": "Point", "coordinates": [113.293813, 23.0795947]}, "properties": {"landuse": "industrial", "name": "瑞宝制衣城", "osm_id": "way/663255156", "category": "industrial", "category_hint": "industrial", "type": "industrial", "address": ""}}, {"type": "Feature", "geometry": {"type": "Point", "coordinates": [113.3206505, 23.0932038]}, "properties": {"landuse": "industrial", "name": "广州卷烟一厂", "osm_id": "way/679105137", "category": "industrial", "category_hint": "industrial", "type": "industrial", "address": ""}}, {"type": "Feature", "geometry": {"type": "Point", "coordinates": [113.3198838, 23.0964146]}, "properties": {"landuse": "industrial", "name": "畅流工业园", "osm_id": "way/906981406", "category": "industrial", "category_hint": "industrial", "type": "industrial", "address": ""}}, {"type": "Feature", "geometry": {"type": "Point", "coordinates": [113.3210476, 23.081412]}, "properties": {"landuse": "industrial", "name": "德臻科创园", "osm_id": "way/1196007813", "category": "industrial", "category_hint": "industrial", "type": "industrial", "address": ""}}, {"type": "Feature", "geometry": {"type": "Point", "coordinates": [113.3387587, 23.0736702]}, "properties": {"landuse": "industrial", "osm_id": "way/1267121355", "name": "", "category": "industrial", "category_hint": "industrial", "type": "industrial", "address": ""}}, {"type": "Feature", "geometry": {"type": "Point", "coordinates": [113.3176823, 23.0946066]}, "properties": {"landuse": "industrial", "osm_id": "way/1308000984", "name": "", "category": "industrial", "category_hint": "industrial", "type": "industrial", "address": ""}}, {"type": "Feature", "geometry": {"type": "Point", "coordinates": [113.3380317, 23.0906271]}, "properties": {"landuse": "industrial", "osm_id": "way/1308447989", "name": "", "category": "industrial", "category_hint": "industrial", "type": "industrial", "address": ""}}, {"type": "Feature", "geometry": {"type": "Point", "coordinates": [113.3182432, 23.0895434]}, "properties": {"landuse": "industrial", "name": "湛鹰实业工贸城", "osm_id": "way/1311228625", "category": "industrial", "category_hint": "industrial", "type": "industrial", "address": ""}}, {"type": "Feature", "geometry": {"type": "Point", "coordinates": [113.3167897, 23.0910267]}, "properties": {"landuse": "industrial", "name": "新泉公司", "osm_id": "way/1312466167", "category": "industrial", "category_hint": "industrial", "type": "industrial", "address": ""}}, {"type": "Feature", "geometry": {"type": "Point", "coordinates": [113.3177477, 23.1014052]}, "properties": {"landuse": "industrial", "name": "南方电网公司", "osm_id": "way/1315087729", "category": "industrial", "category_hint": "industrial", "type": "industrial", "address": ""}}, {"type": "Feature", "geometry": {"type": "Point", "coordinates": [113.3280195, 23.1071002]}, "properties": {"covered": "yes", "depot": "light_rail", "industrial": "depot", "landuse": "industrial", "osm_id": "way/1414035325", "name": "", "category": "industrial", "category_hint": "industrial", "type": "industrial", "address": ""}}, {"type": "Feature", "geometry": {"type": "Point", "coordinates": [113.2916323, 23.0822642]}, "properties": {"landuse": "industrial", "osm_id": "way/1479665709", "name": "", "category": "industrial", "category_hint": "industrial", "type": "industrial", "address": ""}}, {"type": "Feature", "geometry": {"type": "Point", "coordinates": [113.3177162, 23.1022693]}, "properties": {"landuse": "industrial", "osm_id": "way/1486211770", "name": "", "category": "industrial", "category_hint": "industrial", "type": "industrial", "address": ""}}, {"type": "Feature", "geometry": {"type": "Point", "coordinates": [113.3093297, 23.0728299]}, "properties": {"landuse": "industrial", "osm_id": "way/1491866916", "name": "", "category": "industrial", "category_hint": "industrial", "type": "industrial", "address": ""}}]}