{
"type": "FeatureCollection",
"name": "pois",
"crs": { "type": "name", "properties": { "name": "urn:ogc:def:crs:OGC:1.3:CRS84" } },
"features": [
{ "type": "Feature", "properties": { "poi_type": "residential", "density": 0.66015668683706186 }, "geometry": { "type": "Point", "coordinates": [ 225.0, 45.0 ] } },
{ "type": "Feature", "properties": { "poi_type": "residential", "density": 0.57246737590728103 }, "geometry": { "type": "Point", "coordinates": [ 225.0, 65.0 ] } },
{ "type": "Feature", "properties": { "poi_type": "residential", "density": 0.91027101068718808 }, "geometry": { "type": "Point", "coordinates": [ 225.0, 75.0 ] } },
{ "type": "Feature", "properties": { "poi_type": "residential", "density": 0.58075386399102713 }, "geometry": { "type": "Point", "coordinates": [ 245.0, 75.0 ] } },
{ "type": "Feature", "properties": { "poi_type": "residential", "density": 0.97504650754404032 }, "geometry": { "type": "Point", "coordinates": [ 225.0, 85.0 ] } },
{ "type": "Feature", "properties": { "poi_type": "residential", "density": 0.66820802272398283 }, "geometry": { "type": "Point", "coordinates": [ 265.0, 85.0 ] } },
{ "type": "Feature", "properties": { "poi_type": "residential", "density": 0.57572125828739895 }, "geometry": { "type": "Point", "coordinates": [ 335.0, 85.0 ] } },
{ "type": "Feature", "properties": { "poi_type": "residential", "density": 0.83929194928499484 }, "geometry": { "type": "Point", "coordinates": [ 345.0, 85.0 ] } },
{ "type": "Feature", "properties": { "poi_type": "residential", "density": 0.61533752339140657 }, "geometry": { "type": "Point", "coordinates": [ 375.0, 85.0 ] } },
{ "type": "Feature", "properties": { "poi_type": "residential", "density": 0.98529647968227096 }, "geometry": { "type": "Point", "coordinates": [ 405.0, 85.0 ] } },
{ "type": "Feature", "properties": { "poi_type": "residential", "density": 0.9772727451602401 }, "geometry": { "type": "Point", "coordinates": [ 255.0, 95.0 ] } },
{ "type": "Feature", "properties": { "poi_type": "residential", "density": 0.66179856863457687 }, "geometry": { "type": "Point", "coordinates": [ 265.0, 95.0 ] } },
{ "type": "Feature", "properties": { "poi_type": "residential", "density": 0.62368341496418855 }, "geometry": { "type": "Point", "coordinates": [ 335.0, 95.0 ] } },
{ "type": "Feature", "properties": { "poi_type": "residential", "density": 0.5963337117296319 }, "geometry": { "type": "Point", "coordinates": [ 355.0, 95.0 ] } },
{ "type": "Feature", "properties": { "poi_type": "residential", "density": 0.58339550940357765 }, "geometry": { "type": "Point", "coordinates": [ 385.0, 95.0 ] } },
{ "type": "Feature", "properties": { "poi_type": "residential", "density": 0.81409961906354966 }, "geometry": { "type": "Point", "coordinates": [ 205.0, 105.0 ] } },
{ "type": "Feature", "properties": { "poi_type": "residential", "density": 0.62257601855549716 }, "geometry": { "type": "Point", "coordinates": [ 255.0, 105.0 ] } },
{ "type": "Feature", "properties": { "poi_type": "residential", "density": 0.56178719777997499 }, "geometry": { "type": "Point", "coordinates": [ 265.0, 105.0 ] } },
{ "type": "Feature", "properties": { "poi_type": "residential", "density": 0.83709816413530813 }, "geometry": { "type": "Point", "coordinates": [ 335.0, 105.0 ] } },
{ "type": "Feature", "properties": { "poi_type": "residential", "density": 0.86744525156745422 }, "geometry": { "type": "Point", "coordinates": [ 345.0, 105.0 ] } },
{ "type": "Feature", "properties": { "poi_type": "residential", "density": 0.70839852528939184 }, "geometry": { "type": "Point", "coordinates": [ 355.0, 105.0 ] } },
{ "type": "Feature", "properties": { "poi_type": "residential", "density": 0.72904751955479896 }, "geometry": { "type": "Point", "coordinates": [ 385.0, 105.0 ] } },
{ "type": "Feature", "properties": { "poi_type": "residential", "density": 0.90935060762627096 }, "geometry": { "type": "Point", "coordinates": [ 215.0, 115.0 ] } },
{ "type": "Feature", "properties": { "poi_type": "residential", "density": 0.74327014062371133 }, "geometry": { "type": "Point", "coordinates": [ 225.0, 115.0 ] } },
{ "type": "Feature", "properties": { "poi_type": "residential", "density": 0.72719336474111007 }, "geometry": { "type": "Point", "coordinates": [ 255.0, 115.0 ] } },
{ "type": "Feature", "properties": { "poi_type": "residential", "density": 0.55099424233339334 }, "geometry": { "type": "Point", "coordinates": [ 265.0, 115.0 ] } },
{ "type": "Feature", "properties": { "poi_type": "residential", "density": 0.66965200567859584 }, "geometry": { "type": "Point", "coordinates": [ 335.0, 115.0 ] } },
{ "type": "Feature", "properties": { "poi_type": "residential", "density": 0.90531771846035269 }, "geometry": { "type": "Point", "coordinates": [ 345.0, 115.0 ] } },
{ "type": "Feature", "properties": { "poi_type": "residential", "density": 0.96990607814353424 }, "geometry": { "type": "Point", "coordinates": [ 375.0, 115.0 ] } },
{ "type": "Feature", "properties": { "poi_type": "residential", "density": 0.82758164788752187 }, "geometry": { "type": "Point", "coordinates": [ 395.0, 115.0 ] } },
{ "type": "Feature", "properties": { "poi_type": "residential", "density": 0.77192786794266166 }, "geometry": { "type": "Point", "coordinates": [ 405.0, 115.0 ] } },
{ "type": "Feature", "properties": { "poi_type": "residential", "density": 0.8151411286610738 }, "geometry": { "type": "Point", "coordinates": [ 225.0, 185.0 ] } },
{ "type": "Feature", "properties": { "poi_type": "residential", "density": 0.52701491934896472 }, "geometry": { "type": "Point", "coordinates": [ 235.0, 185.0 ] } },
{ "type": "Feature", "properties": { "poi_type": "residential", "density": 0.58697703232354059 }, "geometry": { "type": "Point", "coordinates": [ 245.0, 185.0 ] } },
{ "type": "Feature", "properties": { "poi_type": "residential", "density": 0.53840286493221789 }, "geometry": { "type": "Point", "coordinates": [ 255.0, 185.0 ] } },
{ "type": "Feature", "properties": { "poi_type": "residential", "density": 0.75533041432694181 }, "geometry": { "type": "Point", "coordinates": [ 265.0, 185.0 ] } },
{ "type": "Feature", "properties": { "poi_type": "residential", "density": 0.78492063053905592 }, "geometry": { "type": "Point", "coordinates": [ 335.0, 185.0 ] } },
{ "type": "Feature", "properties": { "poi_type": "residential", "density": 0.77043076675394506 }, "geometry": { "type": "Point", "coordinates": [ 345.0, 185.0 ] } },
{ "type": "Feature", "properties": { "poi_type": "residential", "density": 0.87212548051826433 }, "geometry": { "type": "Point", "coordinates": [ 365.0, 185.0 ] } },
{ "type": "Feature", "properties": { "poi_type": "residential", "density": 0.67051026979652295 }, "geometry": { "type": "Point", "coordinates": [ 375.0, 185.0 ] } },
{ "type": "Feature", "properties": { "poi_type": "residential", "density": 0.72550143086316488 }, "geometry": { "type": "Point", "coordinates": [ 395.0, 185.0 ] } },
{ "type": "Feature", "properties": { "poi_type": "residential", "density": 0.59581854661222455 }, "geometry": { "type": "Point", "coordinates": [ 405.0, 185.0 ] } },
{ "type": "Feature", "properties": { "poi_type": "residential", "density": 0.92961646027859901 }, "geometry": { "type": "Point", "coordinates": [ 115.0, 195.0 ] } },
{ "type": "Feature", "properties": { "poi_type": "residential", "density": 0.77106745387108167 }, "geometry": { "type": "Point", "coordinates": [ 225.0, 195.0 ] } },
{ "type": "Feature", "properties": { "poi_type": "residential", "density": 0.77664303225338938 }, "geometry": { "type": "Point", "coordinates": [ 245.0, 195.0 ] } },
{ "type": "Feature", "properties": { "poi_type": "residential", "density": 0.99260667679295467 }, "geometry": { "type": "Point", "coordinates": [ 255.0, 195.0 ] } },
{ "type": "Feature", "properties": { "poi_type": "residential", "density": 0.77226115085451319 }, "geometry": { "type": "Point", "coordinates": [ 265.0, 195.0 ] } },
{ "type": "Feature", "properties": { "poi_type": "residential", "density": 0.84345656067630825 }, "geometry": { "type": "Point", "coordinates": [ 335.0, 195.0 ] } },
{ "type": "Feature", "properties": { "poi_type": "residential", "density": 0.81163997026176404 }, "geometry": { "type": "Point", "coordinates": [ 355.0, 195.0 ] } },
{ "type": "Feature", "properties": { "poi_type": "residential", "density": 0.90644995782020987 }, "geometry": { "type": "Point", "coordinates": [ 375.0, 195.0 ] } },
{ "type": "Feature", "properties": { "poi_type": "residential", "density": 0.83900477553969743 }, "geometry": { "type": "Point", "coordinates": [ 385.0, 195.0 ] } },
{ "type": "Feature", "properties": { "poi_type": "residential", "density": 0.77777806068006017 }, "geometry": { "type": "Point", "coordinates": [ 405.0, 195.0 ] } },
{ "type": "Feature", "properties": { "poi_type": "residential", "density": 0.55715346150186251 }, "geometry": { "type": "Point", "coordinates": [ 495.0, 195.0 ] } },
{ "type": "Feature", "properties": { "poi_type": "residential", "density": 0.88062111221894046 }, "geometry": { "type": "Point", "coordinates": [ 515.0, 195.0 ] } },
{ "type": "Feature", "properties": { "poi_type": "residential", "density": 0.70121336146084379 }, "geometry": { "type": "Point", "coordinates": [ 105.0, 205.0 ] } },
{ "type": "Feature", "properties": { "poi_type": "residential", "density": 0.60053165964457866 }, "geometry": { "type": "Point", "coordinates": [ 115.0, 205.0 ] } },
{ "type": "Feature", "properties": { "poi_type": "residential", "density": 0.74904885840885671 }, "geometry": { "type": "Point", "coordinates": [ 235.0, 205.0 ] } },
{ "type": "Feature", "properties": { "poi_type": "residential", "density": 0.61818833137682749 }, "geometry": { "type": "Point", "coordinates": [ 265.0, 205.0 ] } },
{ "type": "Feature", "properties": { "poi_type": "residential", "density": 0.68915790234816432 }, "geometry": { "type": "Point", "coordinates": [ 335.0, 205.0 ] } },
{ "type": "Feature", "properties": { "poi_type": "residential", "density": 0.61141006150566068 }, "geometry": { "type": "Point", "coordinates": [ 355.0, 205.0 ] } },
{ "type": "Feature", "properties": { "poi_type": "residential", "density": 0.69426333839693199 }, "geometry": { "type": "Point", "coordinates": [ 365.0, 205.0 ] } },
{ "type": "Feature", "properties": { "poi_type": "residential", "density": 0.70469021904526152 }, "geometry": { "type": "Point", "coordinates": [ 375.0, 205.0 ] } },
{ "type": "Feature", "properties": { "poi_type": "residential", "density": 0.75674708498743759 }, "geometry": { "type": "Point", "coordinates": [ 385.0, 205.0 ] } },
{ "type": "Feature", "properties": { "poi_type": "residential", "density": 0.57398604957450983 }, "geometry": { "type": "Point", "coordinates": [ 395.0, 205.0 ] } },
{ "type": "Feature", "properties": { "poi_type": "residential", "density": 0.91014293150059755 }, "geometry": { "type": "Point", "coordinates": [ 405.0, 205.0 ] } },
{ "type": "Feature", "properties": { "poi_type": "residential", "density": 0.658105920612716 }, "geometry": { "type": "Point", "coordinates": [ 415.0, 205.0 ] } },
{ "type": "Feature", "properties": { "poi_type": "residential", "density": 0.9676802623165861 }, "geometry": { "type": "Point", "coordinates": [ 485.0, 205.0 ] } },
{ "type": "Feature", "properties": { "poi_type": "residential", "density": 0.54057661339274121 }, "geometry": { "type": "Point", "coordinates": [ 495.0, 205.0 ] } },
{ "type": "Feature", "properties": { "poi_type": "residential", "density": 0.76457385250397403 }, "geometry": { "type": "Point", "coordinates": [ 525.0, 205.0 ] } },
{ "type": "Feature", "properties": { "poi_type": "residential", "density": 0.90033695840280448 }, "geometry": { "type": "Point", "coordinates": [ 185.0, 215.0 ] } },
{ "type": "Feature", "properties": { "poi_type": "residential", "density": 0.8150426756251421 }, "geometry": { "type": "Point", "coordinates": [ 335.0, 215.0 ] } },
{ "type": "Feature", "properties": { "poi_type": "residential", "density": 0.64358611076182703 }, "geometry": { "type": "Point", "coordinates": [ 365.0, 215.0 ] } },
{ "type": "Feature", "properties": { "poi_type": "residential", "density": 0.87165525328927118 }, "geometry": { "type": "Point", "coordinates": [ 375.0, 215.0 ] } },
{ "type": "Feature", "properties": { "poi_type": "residential", "density": 0.54370543489900891 }, "geometry": { "type": "Point", "coordinates": [ 85.0, 225.0 ] } },
{ "type": "Feature", "properties": { "poi_type": "residential", "density": 0.64454324553442532 }, "geometry": { "type": "Point", "coordinates": [ 185.0, 225.0 ] } },
{ "type": "Feature", "properties": { "poi_type": "residential", "density": 0.98981530810254559 }, "geometry": { "type": "Point", "coordinates": [ 195.0, 225.0 ] } },
{ "type": "Feature", "properties": { "poi_type": "residential", "density": 0.62318827168753832 }, "geometry": { "type": "Point", "coordinates": [ 375.0, 225.0 ] } },
{ "type": "Feature", "properties": { "poi_type": "residential", "density": 0.95456060360251083 }, "geometry": { "type": "Point", "coordinates": [ 395.0, 225.0 ] } },
{ "type": "Feature", "properties": { "poi_type": "residential", "density": 0.93982845304954377 }, "geometry": { "type": "Point", "coordinates": [ 415.0, 225.0 ] } },
{ "type": "Feature", "properties": { "poi_type": "residential", "density": 0.86705807667655543 }, "geometry": { "type": "Point", "coordinates": [ 495.0, 225.0 ] } },
{ "type": "Feature", "properties": { "poi_type": "residential", "density": 0.79371097483394237 }, "geometry": { "type": "Point", "coordinates": [ 505.0, 225.0 ] } },
{ "type": "Feature", "properties": { "poi_type": "residential", "density": 0.86121270597243482 }, "geometry": { "type": "Point", "coordinates": [ 525.0, 225.0 ] } },
{ "type": "Feature", "properties": { "poi_type": "residential", "density": 0.79490489778226214 }, "geometry": { "type": "Point", "coordinates": [ 535.0, 225.0 ] } },
{ "type": "Feature", "properties": { "poi_type": "residential", "density": 0.79412283216977086 }, "geometry": { "type": "Point", "coordinates": [ 115.0, 235.0 ] } },
{ "type": "Feature", "properties": { "poi_type": "residential", "density": 0.92279265421285539 }, "geometry": { "type": "Point", "coordinates": [ 185.0, 235.0 ] } },
{ "type": "Feature", "properties": { "poi_type": "residential", "density": 0.92492487713828353 }, "geometry": { "type": "Point", "coordinates": [ 195.0, 235.0 ] } },
{ "type": "Feature", "properties": { "poi_type": "residential", "density": 0.75673086880492146 }, "geometry": { "type": "Point", "coordinates": [ 335.0, 235.0 ] } },
{ "type": "Feature", "properties": { "poi_type": "residential", "density": 0.58695173230855135 }, "geometry": { "type": "Point", "coordinates": [ 405.0, 235.0 ] } },
{ "type": "Feature", "properties": { "poi_type": "residential", "density": 0.71656061409443739 }, "geometry": { "type": "Point", "coordinates": [ 415.0, 235.0 ] } },
{ "type": "Feature", "properties": { "poi_type": "residential", "density": 0.59802711692488231 }, "geometry": { "type": "Point", "coordinates": [ 485.0, 235.0 ] } },
{ "type": "Feature", "properties": { "poi_type": "residential", "density": 0.81328648742482901 }, "geometry": { "type": "Point", "coordinates": [ 495.0, 235.0 ] } },
{ "type": "Feature", "properties": { "poi_type": "residential", "density": 0.98502321478382338 }, "geometry": { "type": "Point", "coordinates": [ 185.0, 245.0 ] } },
{ "type": "Feature", "properties": { "poi_type": "residential", "density": 0.57970010357451041 }, "geometry": { "type": "Point", "coordinates": [ 195.0, 245.0 ] } },
{ "type": "Feature", "properties": { "poi_type": "residential", "density": 0.6554589667204731 }, "geometry": { "type": "Point", "coordinates": [ 205.0, 245.0 ] } },
{ "type": "Feature", "properties": { "poi_type": "residential", "density": 0.52420551824134831 }, "geometry": { "type": "Point", "coordinates": [ 405.0, 245.0 ] } },
{ "type": "Feature", "properties": { "poi_type": "residential", "density": 0.62216384645248679 }, "geometry": { "type": "Point", "coordinates": [ 415.0, 245.0 ] } },
{ "type": "Feature", "properties": { "poi_type": "residential", "density": 0.71685301341458807 }, "geometry": { "type": "Point", "coordinates": [ 485.0, 245.0 ] } },
{ "type": "Feature", "properties": { "poi_type": "residential", "density": 0.65004371966090913 }, "geometry": { "type": "Point", "coordinates": [ 115.0, 255.0 ] } },
{ "type": "Feature", "properties": { "poi_type": "residential", "density": 0.80549937026632323 }, "geometry": { "type": "Point", "coordinates": [ 185.0, 255.0 ] } },
{ "type": "Feature", "properties": { "poi_type": "residential", "density": 0.75226117747515731 }, "geometry": { "type": "Point", "coordinates": [ 195.0, 255.0 ] } },
{ "type": "Feature", "properties": { "poi_type": "residential", "density": 0.63764213522878799 }, "geometry": { "type": "Point", "coordinates": [ 205.0, 255.0 ] } },
{ "type": "Feature", "properties": { "poi_type": "residential", "density": 0.87115912698578357 }, "geometry": { "type": "Point", "coordinates": [ 215.0, 255.0 ] } },
{ "type": "Feature", "properties": { "poi_type": "residential", "density": 0.60678233830928296 }, "geometry": { "type": "Point", "coordinates": [ 405.0, 255.0 ] } },
{ "type": "Feature", "properties": { "poi_type": "residential", "density": 0.53655082265141463 }, "geometry": { "type": "Point", "coordinates": [ 415.0, 255.0 ] } },
{ "type": "Feature", "properties": { "poi_type": "residential", "density": 0.82194476831263241 }, "geometry": { "type": "Point", "coordinates": [ 485.0, 255.0 ] } },
{ "type": "Feature", "properties": { "poi_type": "residential", "density": 0.60768935743874164 }, "geometry": { "type": "Point", "coordinates": [ 505.0, 255.0 ] } },
{ "type": "Feature", "properties": { "poi_type": "residential", "density": 0.892795680529342 }, "geometry": { "type": "Point", "coordinates": [ 515.0, 255.0 ] } },
{ "type": "Feature", "properties": { "poi_type": "residential", "density": 0.84474680896979071 }, "geometry": { "type": "Point", "coordinates": [ 525.0, 255.0 ] } },
{ "type": "Feature", "properties": { "poi_type": "residential", "density": 0.84048087722362919 }, "geometry": { "type": "Point", "coordinates": [ 85.0, 265.0 ] } },
{ "type": "Feature", "properties": { "poi_type": "residential", "density": 0.77149695962577314 }, "geometry": { "type": "Point", "coordinates": [ 95.0, 265.0 ] } },
{ "type": "Feature", "properties": { "poi_type": "residential", "density": 0.52837227980516666 }, "geometry": { "type": "Point", "coordinates": [ 115.0, 265.0 ] } },
{ "type": "Feature", "properties": { "poi_type": "residential", "density": 0.77844068722627413 }, "geometry": { "type": "Point", "coordinates": [ 185.0, 265.0 ] } },
{ "type": "Feature", "properties": { "poi_type": "residential", "density": 0.53324395724277518 }, "geometry": { "type": "Point", "coordinates": [ 205.0, 265.0 ] } },
{ "type": "Feature", "properties": { "poi_type": "residential", "density": 0.62425946314690739 }, "geometry": { "type": "Point", "coordinates": [ 215.0, 265.0 ] } },
{ "type": "Feature", "properties": { "poi_type": "residential", "density": 0.54617539491385791 }, "geometry": { "type": "Point", "coordinates": [ 415.0, 265.0 ] } },
{ "type": "Feature", "properties": { "poi_type": "residential", "density": 0.52046405814059038 }, "geometry": { "type": "Point", "coordinates": [ 485.0, 265.0 ] } },
{ "type": "Feature", "properties": { "poi_type": "residential", "density": 0.93497153312987624 }, "geometry": { "type": "Point", "coordinates": [ 495.0, 265.0 ] } },
{ "type": "Feature", "properties": { "poi_type": "residential", "density": 0.69092847957215442 }, "geometry": { "type": "Point", "coordinates": [ 505.0, 265.0 ] } },
{ "type": "Feature", "properties": { "poi_type": "residential", "density": 0.69765812166230068 }, "geometry": { "type": "Point", "coordinates": [ 85.0, 335.0 ] } },
{ "type": "Feature", "properties": { "poi_type": "residential", "density": 0.52969527298487806 }, "geometry": { "type": "Point", "coordinates": [ 115.0, 335.0 ] } },
{ "type": "Feature", "properties": { "poi_type": "residential", "density": 0.57730664810215315 }, "geometry": { "type": "Point", "coordinates": [ 485.0, 335.0 ] } },
{ "type": "Feature", "properties": { "poi_type": "residential", "density": 0.6364278852323163 }, "geometry": { "type": "Point", "coordinates": [ 515.0, 335.0 ] } },
{ "type": "Feature", "properties": { "poi_type": "residential", "density": 0.71684152814737356 }, "geometry": { "type": "Point", "coordinates": [ 115.0, 345.0 ] } },
{ "type": "Feature", "properties": { "poi_type": "residential", "density": 0.92598003183257405 }, "geometry": { "type": "Point", "coordinates": [ 185.0, 345.0 ] } },
{ "type": "Feature", "properties": { "poi_type": "residential", "density": 0.50209647310349603 }, "geometry": { "type": "Point", "coordinates": [ 195.0, 345.0 ] } },
{ "type": "Feature", "properties": { "poi_type": "residential", "density": 0.78421394513927478 }, "geometry": { "type": "Point", "coordinates": [ 205.0, 345.0 ] } },
{ "type": "Feature", "properties": { "poi_type": "residential", "density": 0.73120303289103306 }, "geometry": { "type": "Point", "coordinates": [ 405.0, 345.0 ] } },
{ "type": "Feature", "properties": { "poi_type": "residential", "density": 0.7304829893215834 }, "geometry": { "type": "Point", "coordinates": [ 505.0, 345.0 ] } },
{ "type": "Feature", "properties": { "poi_type": "residential", "density": 0.83176573731751369 }, "geometry": { "type": "Point", "coordinates": [ 535.0, 345.0 ] } },
{ "type": "Feature", "properties": { "poi_type": "residential", "density": 0.79493357005092347 }, "geometry": { "type": "Point", "coordinates": [ 105.0, 355.0 ] } },
{ "type": "Feature", "properties": { "poi_type": "residential", "density": 0.66526082262933961 }, "geometry": { "type": "Point", "coordinates": [ 195.0, 355.0 ] } },
{ "type": "Feature", "properties": { "poi_type": "residential", "density": 0.65782442286809917 }, "geometry": { "type": "Point", "coordinates": [ 205.0, 355.0 ] } },
{ "type": "Feature", "properties": { "poi_type": "residential", "density": 0.9136226638182785 }, "geometry": { "type": "Point", "coordinates": [ 215.0, 355.0 ] } },
{ "type": "Feature", "properties": { "poi_type": "residential", "density": 0.63041465909145544 }, "geometry": { "type": "Point", "coordinates": [ 415.0, 355.0 ] } },
{ "type": "Feature", "properties": { "poi_type": "residential", "density": 0.69659252163210295 }, "geometry": { "type": "Point", "coordinates": [ 485.0, 355.0 ] } },
{ "type": "Feature", "properties": { "poi_type": "residential", "density": 0.90998543007244115 }, "geometry": { "type": "Point", "coordinates": [ 495.0, 355.0 ] } },
{ "type": "Feature", "properties": { "poi_type": "residential", "density": 0.69051128177323118 }, "geometry": { "type": "Point", "coordinates": [ 505.0, 355.0 ] } },
{ "type": "Feature", "properties": { "poi_type": "residential", "density": 0.72675016865197573 }, "geometry": { "type": "Point", "coordinates": [ 115.0, 365.0 ] } },
{ "type": "Feature", "properties": { "poi_type": "residential", "density": 0.53429379495099871 }, "geometry": { "type": "Point", "coordinates": [ 195.0, 365.0 ] } },
{ "type": "Feature", "properties": { "poi_type": "residential", "density": 0.70705583460388399 }, "geometry": { "type": "Point", "coordinates": [ 205.0, 365.0 ] } },
{ "type": "Feature", "properties": { "poi_type": "residential", "density": 0.68838443027834151 }, "geometry": { "type": "Point", "coordinates": [ 235.0, 365.0 ] } },
{ "type": "Feature", "properties": { "poi_type": "residential", "density": 0.55768985839605112 }, "geometry": { "type": "Point", "coordinates": [ 255.0, 365.0 ] } },
{ "type": "Feature", "properties": { "poi_type": "residential", "density": 0.90693310064939392 }, "geometry": { "type": "Point", "coordinates": [ 395.0, 365.0 ] } },
{ "type": "Feature", "properties": { "poi_type": "residential", "density": 0.65353127837650482 }, "geometry": { "type": "Point", "coordinates": [ 495.0, 365.0 ] } },
{ "type": "Feature", "properties": { "poi_type": "residential", "density": 0.97326355056896974 }, "geometry": { "type": "Point", "coordinates": [ 505.0, 365.0 ] } },
{ "type": "Feature", "properties": { "poi_type": "residential", "density": 0.7018727970187445 }, "geometry": { "type": "Point", "coordinates": [ 85.0, 375.0 ] } },
{ "type": "Feature", "properties": { "poi_type": "residential", "density": 0.8625667319717798 }, "geometry": { "type": "Point", "coordinates": [ 105.0, 375.0 ] } },
{ "type": "Feature", "properties": { "poi_type": "residential", "density": 0.76873142725665677 }, "geometry": { "type": "Point", "coordinates": [ 195.0, 375.0 ] } },
{ "type": "Feature", "properties": { "poi_type": "residential", "density": 0.50789785200174031 }, "geometry": { "type": "Point", "coordinates": [ 205.0, 375.0 ] } },
{ "type": "Feature", "properties": { "poi_type": "residential", "density": 0.56824928441256006 }, "geometry": { "type": "Point", "coordinates": [ 215.0, 375.0 ] } },
{ "type": "Feature", "properties": { "poi_type": "residential", "density": 0.67883219484609902 }, "geometry": { "type": "Point", "coordinates": [ 225.0, 375.0 ] } },
{ "type": "Feature", "properties": { "poi_type": "residential", "density": 0.50456644760828961 }, "geometry": { "type": "Point", "coordinates": [ 245.0, 375.0 ] } },
{ "type": "Feature", "properties": { "poi_type": "residential", "density": 0.97797158441862964 }, "geometry": { "type": "Point", "coordinates": [ 405.0, 375.0 ] } },
{ "type": "Feature", "properties": { "poi_type": "residential", "density": 0.74088959837797885 }, "geometry": { "type": "Point", "coordinates": [ 495.0, 375.0 ] } },
{ "type": "Feature", "properties": { "poi_type": "residential", "density": 0.96355881043864033 }, "geometry": { "type": "Point", "coordinates": [ 515.0, 375.0 ] } },
{ "type": "Feature", "properties": { "poi_type": "residential", "density": 0.84767529755634707 }, "geometry": { "type": "Point", "coordinates": [ 185.0, 385.0 ] } },
{ "type": "Feature", "properties": { "poi_type": "residential", "density": 0.86862193724987524 }, "geometry": { "type": "Point", "coordinates": [ 205.0, 385.0 ] } },
{ "type": "Feature", "properties": { "poi_type": "residential", "density": 0.77338045838803871 }, "geometry": { "type": "Point", "coordinates": [ 235.0, 385.0 ] } },
{ "type": "Feature", "properties": { "poi_type": "residential", "density": 0.64948176686528325 }, "geometry": { "type": "Point", "coordinates": [ 245.0, 385.0 ] } },
{ "type": "Feature", "properties": { "poi_type": "residential", "density": 0.63620177552055268 }, "geometry": { "type": "Point", "coordinates": [ 485.0, 385.0 ] } },
{ "type": "Feature", "properties": { "poi_type": "residential", "density": 0.69251883652927981 }, "geometry": { "type": "Point", "coordinates": [ 505.0, 385.0 ] } },
{ "type": "Feature", "properties": { "poi_type": "residential", "density": 0.83570951758708345 }, "geometry": { "type": "Point", "coordinates": [ 525.0, 385.0 ] } },
{ "type": "Feature", "properties": { "poi_type": "residential", "density": 0.6481254713458624 }, "geometry": { "type": "Point", "coordinates": [ 185.0, 395.0 ] } },
{ "type": "Feature", "properties": { "poi_type": "residential", "density": 0.6070797953349133 }, "geometry": { "type": "Point", "coordinates": [ 195.0, 395.0 ] } },
{ "type": "Feature", "properties": { "poi_type": "residential", "density": 0.58616828902486096 }, "geometry": { "type": "Point", "coordinates": [ 205.0, 395.0 ] } },
{ "type": "Feature", "properties": { "poi_type": "residential", "density": 0.52027229793134089 }, "geometry": { "type": "Point", "coordinates": [ 235.0, 395.0 ] } },
{ "type": "Feature", "properties": { "poi_type": "residential", "density": 0.89235698926154905 }, "geometry": { "type": "Point", "coordinates": [ 255.0, 395.0 ] } },
{ "type": "Feature", "properties": { "poi_type": "residential", "density": 0.90327237709312824 }, "geometry": { "type": "Point", "coordinates": [ 345.0, 395.0 ] } },
{ "type": "Feature", "properties": { "poi_type": "residential", "density": 0.97126321067504606 }, "geometry": { "type": "Point", "coordinates": [ 355.0, 395.0 ] } },
{ "type": "Feature", "properties": { "poi_type": "residential", "density": 0.75126354521740024 }, "geometry": { "type": "Point", "coordinates": [ 505.0, 395.0 ] } },
{ "type": "Feature", "properties": { "poi_type": "residential", "density": 0.99737126071887472 }, "geometry": { "type": "Point", "coordinates": [ 525.0, 395.0 ] } },
{ "type": "Feature", "properties": { "poi_type": "residential", "density": 0.885439570104818 }, "geometry": { "type": "Point", "coordinates": [ 185.0, 405.0 ] } },
{ "type": "Feature", "properties": { "poi_type": "residential", "density": 0.85650117990237884 }, "geometry": { "type": "Point", "coordinates": [ 195.0, 405.0 ] } },
{ "type": "Feature", "properties": { "poi_type": "residential", "density": 0.68472120027031325 }, "geometry": { "type": "Point", "coordinates": [ 205.0, 405.0 ] } },
{ "type": "Feature", "properties": { "poi_type": "residential", "density": 0.83306798905939849 }, "geometry": { "type": "Point", "coordinates": [ 235.0, 405.0 ] } },
{ "type": "Feature", "properties": { "poi_type": "residential", "density": 0.51169421928724801 }, "geometry": { "type": "Point", "coordinates": [ 255.0, 405.0 ] } },
{ "type": "Feature", "properties": { "poi_type": "residential", "density": 0.85722348422136885 }, "geometry": { "type": "Point", "coordinates": [ 265.0, 405.0 ] } },
{ "type": "Feature", "properties": { "poi_type": "residential", "density": 0.76301451838029966 }, "geometry": { "type": "Point", "coordinates": [ 345.0, 405.0 ] } },
{ "type": "Feature", "properties": { "poi_type": "residential", "density": 0.63285501581256742 }, "geometry": { "type": "Point", "coordinates": [ 365.0, 405.0 ] } },
{ "type": "Feature", "properties": { "poi_type": "residential", "density": 0.94429675366777677 }, "geometry": { "type": "Point", "coordinates": [ 485.0, 405.0 ] } },
{ "type": "Feature", "properties": { "poi_type": "residential", "density": 0.53503421440969545 }, "geometry": { "type": "Point", "coordinates": [ 495.0, 405.0 ] } },
{ "type": "Feature", "properties": { "poi_type": "residential", "density": 0.53790739347406324 }, "geometry": { "type": "Point", "coordinates": [ 185.0, 415.0 ] } },
{ "type": "Feature", "properties": { "poi_type": "residential", "density": 0.7155427447334074 }, "geometry": { "type": "Point", "coordinates": [ 195.0, 415.0 ] } },
{ "type": "Feature", "properties": { "poi_type": "residential", "density": 0.70891374429843246 }, "geometry": { "type": "Point", "coordinates": [ 235.0, 415.0 ] } },
{ "type": "Feature", "properties": { "poi_type": "residential", "density": 0.77846933992520806 }, "geometry": { "type": "Point", "coordinates": [ 335.0, 415.0 ] } },
{ "type": "Feature", "properties": { "poi_type": "residential", "density": 0.65710030729424918 }, "geometry": { "type": "Point", "coordinates": [ 355.0, 415.0 ] } },
{ "type": "Feature", "properties": { "poi_type": "residential", "density": 0.62968032332598023 }, "geometry": { "type": "Point", "coordinates": [ 375.0, 415.0 ] } },
{ "type": "Feature", "properties": { "poi_type": "residential", "density": 0.73673060616107455 }, "geometry": { "type": "Point", "coordinates": [ 385.0, 415.0 ] } },
{ "type": "Feature", "properties": { "poi_type": "residential", "density": 0.63080611840640866 }, "geometry": { "type": "Point", "coordinates": [ 485.0, 415.0 ] } },
{ "type": "Feature", "properties": { "poi_type": "residential", "density": 0.66849171747457437 }, "geometry": { "type": "Point", "coordinates": [ 495.0, 415.0 ] } },
{ "type": "Feature", "properties": { "poi_type": "residential", "density": 0.55134530629165424 }, "geometry": { "type": "Point", "coordinates": [ 185.0, 485.0 ] } },
{ "type": "Feature", "properties": { "poi_type": "residential", "density": 0.64215334524675804 }, "geometry": { "type": "Point", "coordinates": [ 205.0, 485.0 ] } },
{ "type": "Feature", "properties": { "poi_type": "residential", "density": 0.50167338960318952 }, "geometry": { "type": "Point", "coordinates": [ 215.0, 485.0 ] } },
{ "type": "Feature", "properties": { "poi_type": "residential", "density": 0.52316512415256977 }, "geometry": { "type": "Point", "coordinates": [ 225.0, 485.0 ] } },
{ "type": "Feature", "properties": { "poi_type": "residential", "density": 0.74050699069826842 }, "geometry": { "type": "Point", "coordinates": [ 235.0, 485.0 ] } },
{ "type": "Feature", "properties": { "poi_type": "residential", "density": 0.93656712953365084 }, "geometry": { "type": "Point", "coordinates": [ 245.0, 485.0 ] } },
{ "type": "Feature", "properties": { "poi_type": "residential", "density": 0.70742445095947093 }, "geometry": { "type": "Point", "coordinates": [ 265.0, 485.0 ] } },
{ "type": "Feature", "properties": { "poi_type": "residential", "density": 0.60892258412616018 }, "geometry": { "type": "Point", "coordinates": [ 365.0, 485.0 ] } },
{ "type": "Feature", "properties": { "poi_type": "residential", "density": 0.50368793612086704 }, "geometry": { "type": "Point", "coordinates": [ 375.0, 485.0 ] } },
{ "type": "Feature", "properties": { "poi_type": "residential", "density": 0.90837335866568303 }, "geometry": { "type": "Point", "coordinates": [ 385.0, 485.0 ] } },
{ "type": "Feature", "properties": { "poi_type": "residential", "density": 0.79683762007289238 }, "geometry": { "type": "Point", "coordinates": [ 195.0, 495.0 ] } },
{ "type": "Feature", "properties": { "poi_type": "residential", "density": 0.94258877942779407 }, "geometry": { "type": "Point", "coordinates": [ 215.0, 495.0 ] } },
{ "type": "Feature", "properties": { "poi_type": "residential", "density": 0.82056450660363744 }, "geometry": { "type": "Point", "coordinates": [ 225.0, 495.0 ] } },
{ "type": "Feature", "properties": { "poi_type": "residential", "density": 0.5766120540593509 }, "geometry": { "type": "Point", "coordinates": [ 255.0, 495.0 ] } },
{ "type": "Feature", "properties": { "poi_type": "residential", "density": 0.92329466126222648 }, "geometry": { "type": "Point", "coordinates": [ 265.0, 495.0 ] } },
{ "type": "Feature", "properties": { "poi_type": "residential", "density": 0.85340055491447642 }, "geometry": { "type": "Point", "coordinates": [ 375.0, 495.0 ] } },
{ "type": "Feature", "properties": { "poi_type": "residential", "density": 0.59240433302272288 }, "geometry": { "type": "Point", "coordinates": [ 215.0, 505.0 ] } },
{ "type": "Feature", "properties": { "poi_type": "residential", "density": 0.70898362853335883 }, "geometry": { "type": "Point", "coordinates": [ 225.0, 505.0 ] } },
{ "type": "Feature", "properties": { "poi_type": "residential", "density": 0.76586670281197466 }, "geometry": { "type": "Point", "coordinates": [ 245.0, 505.0 ] } },
{ "type": "Feature", "properties": { "poi_type": "residential", "density": 0.57357345251016456 }, "geometry": { "type": "Point", "coordinates": [ 255.0, 505.0 ] } },
{ "type": "Feature", "properties": { "poi_type": "residential", "density": 0.58074537324349751 }, "geometry": { "type": "Point", "coordinates": [ 265.0, 505.0 ] } },
{ "type": "Feature", "properties": { "poi_type": "residential", "density": 0.75358830853900538 }, "geometry": { "type": "Point", "coordinates": [ 345.0, 505.0 ] } },
{ "type": "Feature", "properties": { "poi_type": "residential", "density": 0.60597998437858891 }, "geometry": { "type": "Point", "coordinates": [ 365.0, 505.0 ] } },
{ "type": "Feature", "properties": { "poi_type": "residential", "density": 0.89422962194113897 }, "geometry": { "type": "Point", "coordinates": [ 225.0, 515.0 ] } },
{ "type": "Feature", "properties": { "poi_type": "residential", "density": 0.63311815391041804 }, "geometry": { "type": "Point", "coordinates": [ 345.0, 515.0 ] } },
{ "type": "Feature", "properties": { "poi_type": "residential", "density": 0.72844770447277929 }, "geometry": { "type": "Point", "coordinates": [ 215.0, 525.0 ] } },
{ "type": "Feature", "properties": { "poi_type": "residential", "density": 0.82515055421134198 }, "geometry": { "type": "Point", "coordinates": [ 265.0, 525.0 ] } },
{ "type": "Feature", "properties": { "poi_type": "residential", "density": 0.73380326005661289 }, "geometry": { "type": "Point", "coordinates": [ 345.0, 525.0 ] } },
{ "type": "Feature", "properties": { "poi_type": "residential", "density": 0.67824212267055017 }, "geometry": { "type": "Point", "coordinates": [ 355.0, 525.0 ] } },
{ "type": "Feature", "properties": { "poi_type": "residential", "density": 0.84671496687449765 }, "geometry": { "type": "Point", "coordinates": [ 365.0, 525.0 ] } },
{ "type": "Feature", "properties": { "poi_type": "residential", "density": 0.83443819689951537 }, "geometry": { "type": "Point", "coordinates": [ 365.0, 535.0 ] } },
{ "type": "Feature", "properties": { "poi_type": "office", "density": 0.79099836256452338 }, "geometry": { "type": "Point", "coordinates": [ 345.0, 205.0 ] } },
{ "type": "Feature", "properties": { "poi_type": "office", "density": 0.7584169928887563 }, "geometry": { "type": "Point", "coordinates": [ 245.0, 215.0 ] } },
{ "type": "Feature", "properties": { "poi_type": "office", "density": 0.89268172876015717 }, "geometry": { "type": "Point", "coordinates": [ 265.0, 215.0 ] } },
{ "type": "Feature", "properties": { "poi_type": "office", "density": 0.98581884674765674 }, "geometry": { "type": "Point", "coordinates": [ 345.0, 215.0 ] } },
{ "type": "Feature", "properties": { "poi_type": "office", "density": 0.85737158303034322 }, "geometry": { "type": "Point", "coordinates": [ 355.0, 215.0 ] } },
{ "type": "Feature", "properties": { "poi_type": "office", "density": 0.79024104102550963 }, "geometry": { "type": "Point", "coordinates": [ 265.0, 225.0 ] } },
{ "type": "Feature", "properties": { "poi_type": "office", "density": 0.71848149179277798 }, "geometry": { "type": "Point", "coordinates": [ 335.0, 225.0 ] } },
{ "type": "Feature", "properties": { "poi_type": "office", "density": 0.95886909149859745 }, "geometry": { "type": "Point", "coordinates": [ 345.0, 225.0 ] } },
{ "type": "Feature", "properties": { "poi_type": "office", "density": 0.90649294002880443 }, "geometry": { "type": "Point", "coordinates": [ 355.0, 225.0 ] } },
{ "type": "Feature", "properties": { "poi_type": "office", "density": 0.78811589936682824 }, "geometry": { "type": "Point", "coordinates": [ 365.0, 225.0 ] } },
{ "type": "Feature", "properties": { "poi_type": "office", "density": 0.73067829162557718 }, "geometry": { "type": "Point", "coordinates": [ 385.0, 225.0 ] } },
{ "type": "Feature", "properties": { "poi_type": "office", "density": 0.80061891026463383 }, "geometry": { "type": "Point", "coordinates": [ 265.0, 235.0 ] } },
{ "type": "Feature", "properties": { "poi_type": "office", "density": 0.70186367864593258 }, "geometry": { "type": "Point", "coordinates": [ 345.0, 235.0 ] } },
{ "type": "Feature", "properties": { "poi_type": "office", "density": 0.92419302273197679 }, "geometry": { "type": "Point", "coordinates": [ 355.0, 235.0 ] } },
{ "type": "Feature", "properties": { "poi_type": "office", "density": 0.83611883980737067 }, "geometry": { "type": "Point", "coordinates": [ 375.0, 235.0 ] } },
{ "type": "Feature", "properties": { "poi_type": "office", "density": 0.84059603421257667 }, "geometry": { "type": "Point", "coordinates": [ 215.0, 245.0 ] } },
{ "type": "Feature", "properties": { "poi_type": "office", "density": 0.9771196813522669 }, "geometry": { "type": "Point", "coordinates": [ 345.0, 245.0 ] } },
{ "type": "Feature", "properties": { "poi_type": "office", "density": 0.83956122601214744 }, "geometry": { "type": "Point", "coordinates": [ 355.0, 245.0 ] } },
{ "type": "Feature", "properties": { "poi_type": "office", "density": 0.70005704290523185 }, "geometry": { "type": "Point", "coordinates": [ 365.0, 245.0 ] } },
{ "type": "Feature", "properties": { "poi_type": "office", "density": 0.99151256147294065 }, "geometry": { "type": "Point", "coordinates": [ 375.0, 245.0 ] } },
{ "type": "Feature", "properties": { "poi_type": "office", "density": 0.97758436211419664 }, "geometry": { "type": "Point", "coordinates": [ 335.0, 255.0 ] } },
{ "type": "Feature", "properties": { "poi_type": "office", "density": 0.87498771752489923 }, "geometry": { "type": "Point", "coordinates": [ 345.0, 255.0 ] } },
{ "type": "Feature", "properties": { "poi_type": "office", "density": 0.8413915200133989 }, "geometry": { "type": "Point", "coordinates": [ 355.0, 255.0 ] } },
{ "type": "Feature", "properties": { "poi_type": "office", "density": 0.77740863455989384 }, "geometry": { "type": "Point", "coordinates": [ 365.0, 255.0 ] } },
{ "type": "Feature", "properties": { "poi_type": "office", "density": 0.90978906183422037 }, "geometry": { "type": "Point", "coordinates": [ 385.0, 255.0 ] } },
{ "type": "Feature", "properties": { "poi_type": "office", "density": 0.81480790623730126 }, "geometry": { "type": "Point", "coordinates": [ 395.0, 255.0 ] } },
{ "type": "Feature", "properties": { "poi_type": "office", "density": 0.86740525294923965 }, "geometry": { "type": "Point", "coordinates": [ 195.0, 265.0 ] } },
{ "type": "Feature", "properties": { "poi_type": "office", "density": 0.7409777160931883 }, "geometry": { "type": "Point", "coordinates": [ 225.0, 265.0 ] } },
{ "type": "Feature", "properties": { "poi_type": "office", "density": 0.73142614635711511 }, "geometry": { "type": "Point", "coordinates": [ 355.0, 265.0 ] } },
{ "type": "Feature", "properties": { "poi_type": "office", "density": 0.88744445607879163 }, "geometry": { "type": "Point", "coordinates": [ 385.0, 265.0 ] } },
{ "type": "Feature", "properties": { "poi_type": "office", "density": 0.82723951900604487 }, "geometry": { "type": "Point", "coordinates": [ 395.0, 265.0 ] } },
{ "type": "Feature", "properties": { "poi_type": "office", "density": 0.84669900264055309 }, "geometry": { "type": "Point", "coordinates": [ 405.0, 265.0 ] } },
{ "type": "Feature", "properties": { "poi_type": "office", "density": 0.94127205187803675 }, "geometry": { "type": "Point", "coordinates": [ 195.0, 335.0 ] } },
{ "type": "Feature", "properties": { "poi_type": "office", "density": 0.99326934211138651 }, "geometry": { "type": "Point", "coordinates": [ 205.0, 335.0 ] } },
{ "type": "Feature", "properties": { "poi_type": "office", "density": 0.90869170750023009 }, "geometry": { "type": "Point", "coordinates": [ 215.0, 335.0 ] } },
{ "type": "Feature", "properties": { "poi_type": "office", "density": 0.92675369867308532 }, "geometry": { "type": "Point", "coordinates": [ 225.0, 335.0 ] } },
{ "type": "Feature", "properties": { "poi_type": "office", "density": 0.73300095044438962 }, "geometry": { "type": "Point", "coordinates": [ 235.0, 335.0 ] } },
{ "type": "Feature", "properties": { "poi_type": "office", "density": 0.93878533603234215 }, "geometry": { "type": "Point", "coordinates": [ 245.0, 335.0 ] } },
{ "type": "Feature", "properties": { "poi_type": "office", "density": 0.83792736122008693 }, "geometry": { "type": "Point", "coordinates": [ 255.0, 335.0 ] } },
{ "type": "Feature", "properties": { "poi_type": "office", "density": 0.73991481137069581 }, "geometry": { "type": "Point", "coordinates": [ 265.0, 335.0 ] } },
{ "type": "Feature", "properties": { "poi_type": "office", "density": 0.87598430424196694 }, "geometry": { "type": "Point", "coordinates": [ 365.0, 335.0 ] } },
{ "type": "Feature", "properties": { "poi_type": "office", "density": 0.74451387825502835 }, "geometry": { "type": "Point", "coordinates": [ 375.0, 335.0 ] } },
{ "type": "Feature", "properties": { "poi_type": "office", "density": 0.94300229366897836 }, "geometry": { "type": "Point", "coordinates": [ 385.0, 335.0 ] } },
{ "type": "Feature", "properties": { "poi_type": "office", "density": 0.93467432589751587 }, "geometry": { "type": "Point", "coordinates": [ 395.0, 335.0 ] } },
{ "type": "Feature", "properties": { "poi_type": "office", "density": 0.82716234437706437 }, "geometry": { "type": "Point", "coordinates": [ 405.0, 335.0 ] } },
{ "type": "Feature", "properties": { "poi_type": "office", "density": 0.82095700651288339 }, "geometry": { "type": "Point", "coordinates": [ 215.0, 345.0 ] } },
{ "type": "Feature", "properties": { "poi_type": "office", "density": 0.9941699946157303 }, "geometry": { "type": "Point", "coordinates": [ 225.0, 345.0 ] } },
{ "type": "Feature", "properties": { "poi_type": "office", "density": 0.81158325565709999 }, "geometry": { "type": "Point", "coordinates": [ 235.0, 345.0 ] } },
{ "type": "Feature", "properties": { "poi_type": "office", "density": 0.84326929397720785 }, "geometry": { "type": "Point", "coordinates": [ 245.0, 345.0 ] } },
{ "type": "Feature", "properties": { "poi_type": "office", "density": 0.97571573848335269 }, "geometry": { "type": "Point", "coordinates": [ 255.0, 345.0 ] } },
{ "type": "Feature", "properties": { "poi_type": "office", "density": 0.71064772144860699 }, "geometry": { "type": "Point", "coordinates": [ 265.0, 345.0 ] } },
{ "type": "Feature", "properties": { "poi_type": "office", "density": 0.78526328589139094 }, "geometry": { "type": "Point", "coordinates": [ 385.0, 345.0 ] } },
{ "type": "Feature", "properties": { "poi_type": "office", "density": 0.81326295633652135 }, "geometry": { "type": "Point", "coordinates": [ 395.0, 345.0 ] } },
{ "type": "Feature", "properties": { "poi_type": "office", "density": 0.962837773780293 }, "geometry": { "type": "Point", "coordinates": [ 185.0, 355.0 ] } },
{ "type": "Feature", "properties": { "poi_type": "office", "density": 0.81755710056937025 }, "geometry": { "type": "Point", "coordinates": [ 225.0, 355.0 ] } },
{ "type": "Feature", "properties": { "poi_type": "office", "density": 0.73396161618660649 }, "geometry": { "type": "Point", "coordinates": [ 235.0, 355.0 ] } },
{ "type": "Feature", "properties": { "poi_type": "office", "density": 0.7371236446163032 }, "geometry": { "type": "Point", "coordinates": [ 255.0, 355.0 ] } },
{ "type": "Feature", "properties": { "poi_type": "office", "density": 0.95177447493946765 }, "geometry": { "type": "Point", "coordinates": [ 265.0, 355.0 ] } },
{ "type": "Feature", "properties": { "poi_type": "office", "density": 0.92886013110273991 }, "geometry": { "type": "Point", "coordinates": [ 385.0, 355.0 ] } },
{ "type": "Feature", "properties": { "poi_type": "office", "density": 0.93198108378636368 }, "geometry": { "type": "Point", "coordinates": [ 215.0, 365.0 ] } },
{ "type": "Feature", "properties": { "poi_type": "office", "density": 0.86701110687904481 }, "geometry": { "type": "Point", "coordinates": [ 245.0, 365.0 ] } },
{ "type": "Feature", "properties": { "poi_type": "office", "density": 0.98501354862218116 }, "geometry": { "type": "Point", "coordinates": [ 265.0, 365.0 ] } },
{ "type": "Feature", "properties": { "poi_type": "office", "density": 0.8056504794076863 }, "geometry": { "type": "Point", "coordinates": [ 235.0, 375.0 ] } },
{ "type": "Feature", "properties": { "poi_type": "office", "density": 0.97110923239170677 }, "geometry": { "type": "Point", "coordinates": [ 255.0, 375.0 ] } },
{ "type": "Feature", "properties": { "poi_type": "office", "density": 0.8113003465825569 }, "geometry": { "type": "Point", "coordinates": [ 265.0, 375.0 ] } },
{ "type": "Feature", "properties": { "poi_type": "office", "density": 0.87280648466290867 }, "geometry": { "type": "Point", "coordinates": [ 345.0, 375.0 ] } },
{ "type": "Feature", "properties": { "poi_type": "office", "density": 0.78342216028129741 }, "geometry": { "type": "Point", "coordinates": [ 195.0, 385.0 ] } },
{ "type": "Feature", "properties": { "poi_type": "office", "density": 0.92262104106824105 }, "geometry": { "type": "Point", "coordinates": [ 215.0, 385.0 ] } },
{ "type": "Feature", "properties": { "poi_type": "office", "density": 0.84136441875519652 }, "geometry": { "type": "Point", "coordinates": [ 225.0, 385.0 ] } },
{ "type": "Feature", "properties": { "poi_type": "office", "density": 0.70765758954664759 }, "geometry": { "type": "Point", "coordinates": [ 265.0, 385.0 ] } },
{ "type": "Feature", "properties": { "poi_type": "office", "density": 0.86830437433131369 }, "geometry": { "type": "Point", "coordinates": [ 335.0, 385.0 ] } },
{ "type": "Feature", "properties": { "poi_type": "office", "density": 0.92418330116202785 }, "geometry": { "type": "Point", "coordinates": [ 355.0, 385.0 ] } },
{ "type": "Feature", "properties": { "poi_type": "office", "density": 0.86433456443673295 }, "geometry": { "type": "Point", "coordinates": [ 215.0, 395.0 ] } },
{ "type": "Feature", "properties": { "poi_type": "office", "density": 0.97684026893110298 }, "geometry": { "type": "Point", "coordinates": [ 225.0, 395.0 ] } },
{ "type": "Feature", "properties": { "poi_type": "office", "density": 0.95456791157402954 }, "geometry": { "type": "Point", "coordinates": [ 245.0, 395.0 ] } },
{ "type": "Feature", "properties": { "poi_type": "office", "density": 0.83643680210982807 }, "geometry": { "type": "Point", "coordinates": [ 265.0, 395.0 ] } },
{ "type": "Feature", "properties": { "poi_type": "office", "density": 0.72213320405020998 }, "geometry": { "type": "Point", "coordinates": [ 335.0, 395.0 ] } },
{ "type": "Feature", "properties": { "poi_type": "office", "density": 0.78512004029119042 }, "geometry": { "type": "Point", "coordinates": [ 365.0, 395.0 ] } },
{ "type": "Feature", "properties": { "poi_type": "office", "density": 0.93548070411717843 }, "geometry": { "type": "Point", "coordinates": [ 335.0, 405.0 ] } },
{ "type": "Feature", "properties": { "poi_type": "office", "density": 0.76892224077290128 }, "geometry": { "type": "Point", "coordinates": [ 355.0, 405.0 ] } },
{ "type": "Feature", "properties": { "poi_type": "institution", "density": 0.84016988953053273 }, "geometry": { "type": "Point", "coordinates": [ 395.0, 105.0 ] } },
{ "type": "Feature", "properties": { "poi_type": "institution", "density": 0.88213105524593471 }, "geometry": { "type": "Point", "coordinates": [ 385.0, 185.0 ] } },
{ "type": "Feature", "properties": { "poi_type": "institution", "density": 0.76112223315784944 }, "geometry": { "type": "Point", "coordinates": [ 405.0, 225.0 ] } },
{ "type": "Feature", "properties": { "poi_type": "institution", "density": 0.73449707790447005 }, "geometry": { "type": "Point", "coordinates": [ 95.0, 235.0 ] } },
{ "type": "Feature", "properties": { "poi_type": "institution", "density": 0.84122902188628523 }, "geometry": { "type": "Point", "coordinates": [ 505.0, 245.0 ] } },
{ "type": "Feature", "properties": { "poi_type": "institution", "density": 0.74876364391699068 }, "geometry": { "type": "Point", "coordinates": [ 415.0, 335.0 ] } },
{ "type": "Feature", "properties": { "poi_type": "institution", "density": 0.69288165283180758 }, "geometry": { "type": "Point", "coordinates": [ 415.0, 375.0 ] } },
{ "type": "Feature", "properties": { "poi_type": "institution", "density": 0.8452716413465764 }, "geometry": { "type": "Point", "coordinates": [ 255.0, 385.0 ] } },
{ "type": "Feature", "properties": { "poi_type": "institution", "density": 0.72243055137995105 }, "geometry": { "type": "Point", "coordinates": [ 505.0, 405.0 ] } },
{ "type": "Feature", "properties": { "poi_type": "institution", "density": 0.61219185396185138 }, "geometry": { "type": "Point", "coordinates": [ 205.0, 415.0 ] } },
{ "type": "Feature", "properties": { "poi_type": "institution", "density": 0.8670367946949995 }, "geometry": { "type": "Point", "coordinates": [ 245.0, 415.0 ] } },
{ "type": "Feature", "properties": { "poi_type": "institution", "density": 0.71154346338504415 }, "geometry": { "type": "Point", "coordinates": [ 385.0, 505.0 ] } },
{ "type": "Feature", "properties": { "poi_type": "transport", "density": 0.3848670869066928 }, "geometry": { "type": "Point", "coordinates": [ 5.0, 5.0 ] } },
{ "type": "Feature", "properties": { "poi_type": "transport", "density": 0.58409321104206702 }, "geometry": { "type": "Point", "coordinates": [ 15.0, 5.0 ] } },
{ "type": "Feature", "properties": { "poi_type": "transport", "density": 0.69942282310726556 }, "geometry": { "type": "Point", "coordinates": [ 25.0, 5.0 ] } },
{ "type": "Feature", "properties": { "poi_type": "transport", "density": 0.48759026456953924 }, "geometry": { "type": "Point", "coordinates": [ 125.0, 5.0 ] } },
{ "type": "Feature", "properties": { "poi_type": "transport", "density": 0.30428255437856683 }, "geometry": { "type": "Point", "coordinates": [ 135.0, 5.0 ] } },
{ "type": "Feature", "properties": { "poi_type": "transport", "density": 0.3273383882173953 }, "geometry": { "type": "Point", "coordinates": [ 145.0, 5.0 ] } },
{ "type": "Feature", "properties": { "poi_type": "transport", "density": 0.36376362799587003 }, "geometry": { "type": "Point", "coordinates": [ 155.0, 5.0 ] } },
{ "type": "Feature", "properties": { "poi_type": "transport", "density": 0.31550009675055773 }, "geometry": { "type": "Point", "coordinates": [ 165.0, 5.0 ] } },
{ "type": "Feature", "properties": { "poi_type": "transport", "density": 0.34363563295709332 }, "geometry": { "type": "Point", "coordinates": [ 175.0, 5.0 ] } },
{ "type": "Feature", "properties": { "poi_type": "transport", "density": 0.59239909133044677 }, "geometry": { "type": "Point", "coordinates": [ 275.0, 5.0 ] } },
{ "type": "Feature", "properties": { "poi_type": "transport", "density": 0.45171116390841393 }, "geometry": { "type": "Point", "coordinates": [ 285.0, 5.0 ] } },
{ "type": "Feature", "properties": { "poi_type": "transport", "density": 0.55730974549296919 }, "geometry": { "type": "Point", "coordinates": [ 295.0, 5.0 ] } },
{ "type": "Feature", "properties": { "poi_type": "transport", "density": 0.66404621079794635 }, "geometry": { "type": "Point", "coordinates": [ 305.0, 5.0 ] } },
{ "type": "Feature", "properties": { "poi_type": "transport", "density": 0.4690349094256091 }, "geometry": { "type": "Point", "coordinates": [ 315.0, 5.0 ] } },
{ "type": "Feature", "properties": { "poi_type": "transport", "density": 0.39246791454805002 }, "geometry": { "type": "Point", "coordinates": [ 325.0, 5.0 ] } },
{ "type": "Feature", "properties": { "poi_type": "transport", "density": 0.63102231935931763 }, "geometry": { "type": "Point", "coordinates": [ 425.0, 5.0 ] } },
{ "type": "Feature", "properties": { "poi_type": "transport", "density": 0.58785006249550542 }, "geometry": { "type": "Point", "coordinates": [ 435.0, 5.0 ] } },
{ "type": "Feature", "properties": { "poi_type": "transport", "density": 0.45944410341256725 }, "geometry": { "type": "Point", "coordinates": [ 445.0, 5.0 ] } },
{ "type": "Feature", "properties": { "poi_type": "transport", "density": 0.40870613318857058 }, "geometry": { "type": "Point", "coordinates": [ 455.0, 5.0 ] } },
{ "type": "Feature", "properties": { "poi_type": "transport", "density": 0.68069573286940577 }, "geometry": { "type": "Point", "coordinates": [ 465.0, 5.0 ] } },
{ "type": "Feature", "properties": { "poi_type": "transport", "density": 0.31753568643639829 }, "geometry": { "type": "Point", "coordinates": [ 475.0, 5.0 ] } },
{ "type": "Feature", "properties": { "poi_type": "transport", "density": 0.37625411108901929 }, "geometry": { "type": "Point", "coordinates": [ 5.0, 15.0 ] } },
{ "type": "Feature", "properties": { "poi_type": "transport", "density": 0.42397738538413482 }, "geometry": { "type": "Point", "coordinates": [ 15.0, 15.0 ] } },
{ "type": "Feature", "properties": { "poi_type": "transport", "density": 0.34605813999710289 }, "geometry": { "type": "Point", "coordinates": [ 25.0, 15.0 ] } },
{ "type": "Feature", "properties": { "poi_type": "transport", "density": 0.69181207833721781 }, "geometry": { "type": "Point", "coordinates": [ 35.0, 15.0 ] } },
{ "type": "Feature", "properties": { "poi_type": "transport", "density": 0.48971965169077963 }, "geometry": { "type": "Point", "coordinates": [ 125.0, 15.0 ] } },
{ "type": "Feature", "properties": { "poi_type": "transport", "density": 0.31375186007721539 }, "geometry": { "type": "Point", "coordinates": [ 135.0, 15.0 ] } },
{ "type": "Feature", "properties": { "poi_type": "transport", "density": 0.38122058739607806 }, "geometry": { "type": "Point", "coordinates": [ 145.0, 15.0 ] } },
{ "type": "Feature", "properties": { "poi_type": "transport", "density": 0.3641455423388214 }, "geometry": { "type": "Point", "coordinates": [ 155.0, 15.0 ] } },
{ "type": "Feature", "properties": { "poi_type": "transport", "density": 0.41960600406334164 }, "geometry": { "type": "Point", "coordinates": [ 165.0, 15.0 ] } },
{ "type": "Feature", "properties": { "poi_type": "transport", "density": 0.40670288771775759 }, "geometry": { "type": "Point", "coordinates": [ 175.0, 15.0 ] } },
{ "type": "Feature", "properties": { "poi_type": "transport", "density": 0.42452575305958873 }, "geometry": { "type": "Point", "coordinates": [ 275.0, 15.0 ] } },
{ "type": "Feature", "properties": { "poi_type": "transport", "density": 0.61840791089715563 }, "geometry": { "type": "Point", "coordinates": [ 285.0, 15.0 ] } },
{ "type": "Feature", "properties": { "poi_type": "transport", "density": 0.60188158069636966 }, "geometry": { "type": "Point", "coordinates": [ 295.0, 15.0 ] } },
{ "type": "Feature", "properties": { "poi_type": "transport", "density": 0.58163463955085637 }, "geometry": { "type": "Point", "coordinates": [ 305.0, 15.0 ] } },
{ "type": "Feature", "properties": { "poi_type": "transport", "density": 0.54334658971331118 }, "geometry": { "type": "Point", "coordinates": [ 315.0, 15.0 ] } },
{ "type": "Feature", "properties": { "poi_type": "transport", "density": 0.65715751579104986 }, "geometry": { "type": "Point", "coordinates": [ 325.0, 15.0 ] } },
{ "type": "Feature", "properties": { "poi_type": "transport", "density": 0.5260733157478642 }, "geometry": { "type": "Point", "coordinates": [ 425.0, 15.0 ] } },
{ "type": "Feature", "properties": { "poi_type": "transport", "density": 0.5691360136160738 }, "geometry": { "type": "Point", "coordinates": [ 435.0, 15.0 ] } },
{ "type": "Feature", "properties": { "poi_type": "transport", "density": 0.61228585023481452 }, "geometry": { "type": "Point", "coordinates": [ 445.0, 15.0 ] } },
{ "type": "Feature", "properties": { "poi_type": "transport", "density": 0.3324610190545883 }, "geometry": { "type": "Point", "coordinates": [ 455.0, 15.0 ] } },
{ "type": "Feature", "properties": { "poi_type": "transport", "density": 0.33015938704208381 }, "geometry": { "type": "Point", "coordinates": [ 465.0, 15.0 ] } },
{ "type": "Feature", "properties": { "poi_type": "transport", "density": 0.4202621117575141 }, "geometry": { "type": "Point", "coordinates": [ 475.0, 15.0 ] } },
{ "type": "Feature", "properties": { "poi_type": "transport", "density": 0.3298008305464829 }, "geometry": { "type": "Point", "coordinates": [ 5.0, 25.0 ] } },
{ "type": "Feature", "properties": { "poi_type": "transport", "density": 0.6213217858950475 }, "geometry": { "type": "Point", "coordinates": [ 15.0, 25.0 ] } },
{ "type": "Feature", "properties": { "poi_type": "transport", "density": 0.37595190107663001 }, "geometry": { "type": "Point", "coordinates": [ 25.0, 25.0 ] } },
{ "type": "Feature", "properties": { "poi_type": "transport", "density": 0.31024834971826476 }, "geometry": { "type": "Point", "coordinates": [ 35.0, 25.0 ] } },
{ "type": "Feature", "properties": { "poi_type": "transport", "density": 0.60110435719045374 }, "geometry": { "type": "Point", "coordinates": [ 45.0, 25.0 ] } },
{ "type": "Feature", "properties": { "poi_type": "transport", "density": 0.44518114400675657 }, "geometry": { "type": "Point", "coordinates": [ 125.0, 25.0 ] } },
{ "type": "Feature", "properties": { "poi_type": "transport", "density": 0.52981220226854975 }, "geometry": { "type": "Point", "coordinates": [ 135.0, 25.0 ] } },
{ "type": "Feature", "properties": { "poi_type": "transport", "density": 0.50998005531653101 }, "geometry": { "type": "Point", "coordinates": [ 145.0, 25.0 ] } },
{ "type": "Feature", "properties": { "poi_type": "transport", "density": 0.64253432586137793 }, "geometry": { "type": "Point", "coordinates": [ 155.0, 25.0 ] } },
{ "type": "Feature", "properties": { "poi_type": "transport", "density": 0.39193667044459796 }, "geometry": { "type": "Point", "coordinates": [ 165.0, 25.0 ] } },
{ "type": "Feature", "properties": { "poi_type": "transport", "density": 0.35869377081594894 }, "geometry": { "type": "Point", "coordinates": [ 175.0, 25.0 ] } },
{ "type": "Feature", "properties": { "poi_type": "transport", "density": 0.32647296699299144 }, "geometry": { "type": "Point", "coordinates": [ 245.0, 25.0 ] } },
{ "type": "Feature", "properties": { "poi_type": "transport", "density": 0.63416750671557054 }, "geometry": { "type": "Point", "coordinates": [ 275.0, 25.0 ] } },
{ "type": "Feature", "properties": { "poi_type": "transport", "density": 0.50096820210693149 }, "geometry": { "type": "Point", "coordinates": [ 285.0, 25.0 ] } },
{ "type": "Feature", "properties": { "poi_type": "transport", "density": 0.68830135715556739 }, "geometry": { "type": "Point", "coordinates": [ 295.0, 25.0 ] } },
{ "type": "Feature", "properties": { "poi_type": "transport", "density": 0.35539444487899496 }, "geometry": { "type": "Point", "coordinates": [ 305.0, 25.0 ] } },
{ "type": "Feature", "properties": { "poi_type": "transport", "density": 0.48453215621756551 }, "geometry": { "type": "Point", "coordinates": [ 315.0, 25.0 ] } },
{ "type": "Feature", "properties": { "poi_type": "transport", "density": 0.4212045145062232 }, "geometry": { "type": "Point", "coordinates": [ 325.0, 25.0 ] } },
{ "type": "Feature", "properties": { "poi_type": "transport", "density": 0.30565086785926693 }, "geometry": { "type": "Point", "coordinates": [ 395.0, 25.0 ] } },
{ "type": "Feature", "properties": { "poi_type": "transport", "density": 0.39448600215007912 }, "geometry": { "type": "Point", "coordinates": [ 425.0, 25.0 ] } },
{ "type": "Feature", "properties": { "poi_type": "transport", "density": 0.53833553170139559 }, "geometry": { "type": "Point", "coordinates": [ 435.0, 25.0 ] } },
{ "type": "Feature", "properties": { "poi_type": "transport", "density": 0.61426123081567485 }, "geometry": { "type": "Point", "coordinates": [ 445.0, 25.0 ] } },
{ "type": "Feature", "properties": { "poi_type": "transport", "density": 0.36243226359570507 }, "geometry": { "type": "Point", "coordinates": [ 455.0, 25.0 ] } },
{ "type": "Feature", "properties": { "poi_type": "transport", "density": 0.44291804102737714 }, "geometry": { "type": "Point", "coordinates": [ 465.0, 25.0 ] } },
{ "type": "Feature", "properties": { "poi_type": "transport", "density": 0.55171828687675761 }, "geometry": { "type": "Point", "coordinates": [ 475.0, 25.0 ] } },
{ "type": "Feature", "properties": { "poi_type": "transport", "density": 0.50501477289431818 }, "geometry": { "type": "Point", "coordinates": [ 15.0, 35.0 ] } },
{ "type": "Feature", "properties": { "poi_type": "transport", "density": 0.62896977022308764 }, "geometry": { "type": "Point", "coordinates": [ 25.0, 35.0 ] } },
{ "type": "Feature", "properties": { "poi_type": "transport", "density": 0.57790803086956655 }, "geometry": { "type": "Point", "coordinates": [ 35.0, 35.0 ] } },
{ "type": "Feature", "properties": { "poi_type": "transport", "density": 0.64104573286805944 }, "geometry": { "type": "Point", "coordinates": [ 45.0, 35.0 ] } },
{ "type": "Feature", "properties": { "poi_type": "transport", "density": 0.41100780388083741 }, "geometry": { "type": "Point", "coordinates": [ 55.0, 35.0 ] } },
{ "type": "Feature", "properties": { "poi_type": "transport", "density": 0.42876124644171654 }, "geometry": { "type": "Point", "coordinates": [ 125.0, 35.0 ] } },
{ "type": "Feature", "properties": { "poi_type": "transport", "density": 0.66336991553862457 }, "geometry": { "type": "Point", "coordinates": [ 135.0, 35.0 ] } },
{ "type": "Feature", "properties": { "poi_type": "transport", "density": 0.42294376475808759 }, "geometry": { "type": "Point", "coordinates": [ 145.0, 35.0 ] } },
{ "type": "Feature", "properties": { "poi_type": "transport", "density": 0.50544024375950014 }, "geometry": { "type": "Point", "coordinates": [ 155.0, 35.0 ] } },
{ "type": "Feature", "properties": { "poi_type": "transport", "density": 0.33238079676972027 }, "geometry": { "type": "Point", "coordinates": [ 165.0, 35.0 ] } },
{ "type": "Feature", "properties": { "poi_type": "transport", "density": 0.43695396553953997 }, "geometry": { "type": "Point", "coordinates": [ 175.0, 35.0 ] } },
{ "type": "Feature", "properties": { "poi_type": "transport", "density": 0.69190037709912466 }, "geometry": { "type": "Point", "coordinates": [ 275.0, 35.0 ] } },
{ "type": "Feature", "properties": { "poi_type": "transport", "density": 0.69270491221116637 }, "geometry": { "type": "Point", "coordinates": [ 285.0, 35.0 ] } },
{ "type": "Feature", "properties": { "poi_type": "transport", "density": 0.69619856176867756 }, "geometry": { "type": "Point", "coordinates": [ 295.0, 35.0 ] } },
{ "type": "Feature", "properties": { "poi_type": "transport", "density": 0.61104023081727288 }, "geometry": { "type": "Point", "coordinates": [ 305.0, 35.0 ] } },
{ "type": "Feature", "properties": { "poi_type": "transport", "density": 0.6672313474696967 }, "geometry": { "type": "Point", "coordinates": [ 315.0, 35.0 ] } },
{ "type": "Feature", "properties": { "poi_type": "transport", "density": 0.34865107940024348 }, "geometry": { "type": "Point", "coordinates": [ 325.0, 35.0 ] } },
{ "type": "Feature", "properties": { "poi_type": "transport", "density": 0.56716910664856135 }, "geometry": { "type": "Point", "coordinates": [ 425.0, 35.0 ] } },
{ "type": "Feature", "properties": { "poi_type": "transport", "density": 0.54305521384467681 }, "geometry": { "type": "Point", "coordinates": [ 435.0, 35.0 ] } },
{ "type": "Feature", "properties": { "poi_type": "transport", "density": 0.56435494361756944 }, "geometry": { "type": "Point", "coordinates": [ 445.0, 35.0 ] } },
{ "type": "Feature", "properties": { "poi_type": "transport", "density": 0.6885621694994275 }, "geometry": { "type": "Point", "coordinates": [ 455.0, 35.0 ] } },
{ "type": "Feature", "properties": { "poi_type": "transport", "density": 0.48460845340133163 }, "geometry": { "type": "Point", "coordinates": [ 465.0, 35.0 ] } },
{ "type": "Feature", "properties": { "poi_type": "transport", "density": 0.60078287991134682 }, "geometry": { "type": "Point", "coordinates": [ 475.0, 35.0 ] } },
{ "type": "Feature", "properties": { "poi_type": "transport", "density": 0.35841430147267345 }, "geometry": { "type": "Point", "coordinates": [ 25.0, 45.0 ] } },
{ "type": "Feature", "properties": { "poi_type": "transport", "density": 0.47921566828233925 }, "geometry": { "type": "Point", "coordinates": [ 35.0, 45.0 ] } },
{ "type": "Feature", "properties": { "poi_type": "transport", "density": 0.39370653187933335 }, "geometry": { "type": "Point", "coordinates": [ 45.0, 45.0 ] } },
{ "type": "Feature", "properties": { "poi_type": "transport", "density": 0.52461962767323778 }, "geometry": { "type": "Point", "coordinates": [ 55.0, 45.0 ] } },
{ "type": "Feature", "properties": { "poi_type": "transport", "density": 0.51295941832720349 }, "geometry": { "type": "Point", "coordinates": [ 65.0, 45.0 ] } },
{ "type": "Feature", "properties": { "poi_type": "transport", "density": 0.31452353936539124 }, "geometry": { "type": "Point", "coordinates": [ 125.0, 45.0 ] } },
{ "type": "Feature", "properties": { "poi_type": "transport", "density": 0.38740033178496236 }, "geometry": { "type": "Point", "coordinates": [ 135.0, 45.0 ] } },
{ "type": "Feature", "properties": { "poi_type": "transport", "density": 0.52486845933602044 }, "geometry": { "type": "Point", "coordinates": [ 145.0, 45.0 ] } },
{ "type": "Feature", "properties": { "poi_type": "transport", "density": 0.42104845528410406 }, "geometry": { "type": "Point", "coordinates": [ 155.0, 45.0 ] } },
{ "type": "Feature", "properties": { "poi_type": "transport", "density": 0.32748889567765893 }, "geometry": { "type": "Point", "coordinates": [ 165.0, 45.0 ] } },
{ "type": "Feature", "properties": { "poi_type": "transport", "density": 0.52294539289343911 }, "geometry": { "type": "Point", "coordinates": [ 175.0, 45.0 ] } },
{ "type": "Feature", "properties": { "poi_type": "transport", "density": 0.42430523344606857 }, "geometry": { "type": "Point", "coordinates": [ 275.0, 45.0 ] } },
{ "type": "Feature", "properties": { "poi_type": "transport", "density": 0.3966231325088807 }, "geometry": { "type": "Point", "coordinates": [ 285.0, 45.0 ] } },
{ "type": "Feature", "properties": { "poi_type": "transport", "density": 0.43483285550940365 }, "geometry": { "type": "Point", "coordinates": [ 295.0, 45.0 ] } },
{ "type": "Feature", "properties": { "poi_type": "transport", "density": 0.48702681371836276 }, "geometry": { "type": "Point", "coordinates": [ 305.0, 45.0 ] } },
{ "type": "Feature", "properties": { "poi_type": "transport", "density": 0.31119227245001579 }, "geometry": { "type": "Point", "coordinates": [ 315.0, 45.0 ] } },
{ "type": "Feature", "properties": { "poi_type": "transport", "density": 0.57991499781818368 }, "geometry": { "type": "Point", "coordinates": [ 325.0, 45.0 ] } },
{ "type": "Feature", "properties": { "poi_type": "transport", "density": 0.59068949884294297 }, "geometry": { "type": "Point", "coordinates": [ 425.0, 45.0 ] } },
{ "type": "Feature", "properties": { "poi_type": "transport", "density": 0.67949374358466708 }, "geometry": { "type": "Point", "coordinates": [ 435.0, 45.0 ] } },
{ "type": "Feature", "properties": { "poi_type": "transport", "density": 0.5926070558914891 }, "geometry": { "type": "Point", "coordinates": [ 445.0, 45.0 ] } },
{ "type": "Feature", "properties": { "poi_type": "transport", "density": 0.55717255298392643 }, "geometry": { "type": "Point", "coordinates": [ 455.0, 45.0 ] } },
{ "type": "Feature", "properties": { "poi_type": "transport", "density": 0.46002522894840769 }, "geometry": { "type": "Point", "coordinates": [ 465.0, 45.0 ] } },
{ "type": "Feature", "properties": { "poi_type": "transport", "density": 0.38640746667998055 }, "geometry": { "type": "Point", "coordinates": [ 475.0, 45.0 ] } },
{ "type": "Feature", "properties": { "poi_type": "transport", "density": 0.35193966638949437 }, "geometry": { "type": "Point", "coordinates": [ 35.0, 55.0 ] } },
{ "type": "Feature", "properties": { "poi_type": "transport", "density": 0.69147462873020138 }, "geometry": { "type": "Point", "coordinates": [ 45.0, 55.0 ] } },
{ "type": "Feature", "properties": { "poi_type": "transport", "density": 0.4341565914022838 }, "geometry": { "type": "Point", "coordinates": [ 55.0, 55.0 ] } },
{ "type": "Feature", "properties": { "poi_type": "transport", "density": 0.42176626781998089 }, "geometry": { "type": "Point", "coordinates": [ 65.0, 55.0 ] } },
{ "type": "Feature", "properties": { "poi_type": "transport", "density": 0.49224739184555566 }, "geometry": { "type": "Point", "coordinates": [ 75.0, 55.0 ] } },
{ "type": "Feature", "properties": { "poi_type": "transport", "density": 0.50982116513512299 }, "geometry": { "type": "Point", "coordinates": [ 125.0, 55.0 ] } },
{ "type": "Feature", "properties": { "poi_type": "transport", "density": 0.36411647601290587 }, "geometry": { "type": "Point", "coordinates": [ 135.0, 55.0 ] } },
{ "type": "Feature", "properties": { "poi_type": "transport", "density": 0.62038116508749441 }, "geometry": { "type": "Point", "coordinates": [ 145.0, 55.0 ] } },
{ "type": "Feature", "properties": { "poi_type": "transport", "density": 0.47560915093269857 }, "geometry": { "type": "Point", "coordinates": [ 155.0, 55.0 ] } },
{ "type": "Feature", "properties": { "poi_type": "transport", "density": 0.35036246147154876 }, "geometry": { "type": "Point", "coordinates": [ 165.0, 55.0 ] } },
{ "type": "Feature", "properties": { "poi_type": "transport", "density": 0.52385994566056682 }, "geometry": { "type": "Point", "coordinates": [ 175.0, 55.0 ] } },
{ "type": "Feature", "properties": { "poi_type": "transport", "density": 0.5269271111146463 }, "geometry": { "type": "Point", "coordinates": [ 275.0, 55.0 ] } },
{ "type": "Feature", "properties": { "poi_type": "transport", "density": 0.4452322550365726 }, "geometry": { "type": "Point", "coordinates": [ 285.0, 55.0 ] } },
{ "type": "Feature", "properties": { "poi_type": "transport", "density": 0.53362457839536204 }, "geometry": { "type": "Point", "coordinates": [ 295.0, 55.0 ] } },
{ "type": "Feature", "properties": { "poi_type": "transport", "density": 0.4025314300392529 }, "geometry": { "type": "Point", "coordinates": [ 305.0, 55.0 ] } },
{ "type": "Feature", "properties": { "poi_type": "transport", "density": 0.54477617677355195 }, "geometry": { "type": "Point", "coordinates": [ 315.0, 55.0 ] } },
{ "type": "Feature", "properties": { "poi_type": "transport", "density": 0.48216240088504947 }, "geometry": { "type": "Point", "coordinates": [ 325.0, 55.0 ] } },
{ "type": "Feature", "properties": { "poi_type": "transport", "density": 0.58368263637588647 }, "geometry": { "type": "Point", "coordinates": [ 425.0, 55.0 ] } },
{ "type": "Feature", "properties": { "poi_type": "transport", "density": 0.59446498004388337 }, "geometry": { "type": "Point", "coordinates": [ 435.0, 55.0 ] } },
{ "type": "Feature", "properties": { "poi_type": "transport", "density": 0.54315501392575505 }, "geometry": { "type": "Point", "coordinates": [ 445.0, 55.0 ] } },
{ "type": "Feature", "properties": { "poi_type": "transport", "density": 0.38281426879205416 }, "geometry": { "type": "Point", "coordinates": [ 455.0, 55.0 ] } },
{ "type": "Feature", "properties": { "poi_type": "transport", "density": 0.34849124913112806 }, "geometry": { "type": "Point", "coordinates": [ 465.0, 55.0 ] } },
{ "type": "Feature", "properties": { "poi_type": "transport", "density": 0.64413447572894711 }, "geometry": { "type": "Point", "coordinates": [ 475.0, 55.0 ] } },
{ "type": "Feature", "properties": { "poi_type": "transport", "density": 0.39442602681852029 }, "geometry": { "type": "Point", "coordinates": [ 45.0, 65.0 ] } },
{ "type": "Feature", "properties": { "poi_type": "transport", "density": 0.64321425311630109 }, "geometry": { "type": "Point", "coordinates": [ 55.0, 65.0 ] } },
{ "type": "Feature", "properties": { "poi_type": "transport", "density": 0.37994182970599666 }, "geometry": { "type": "Point", "coordinates": [ 65.0, 65.0 ] } },
{ "type": "Feature", "properties": { "poi_type": "transport", "density": 0.37148615982139366 }, "geometry": { "type": "Point", "coordinates": [ 75.0, 65.0 ] } },
{ "type": "Feature", "properties": { "poi_type": "transport", "density": 0.36076137848290446 }, "geometry": { "type": "Point", "coordinates": [ 85.0, 65.0 ] } },
{ "type": "Feature", "properties": { "poi_type": "transport", "density": 0.41285661029540699 }, "geometry": { "type": "Point", "coordinates": [ 125.0, 65.0 ] } },
{ "type": "Feature", "properties": { "poi_type": "transport", "density": 0.6654217342220391 }, "geometry": { "type": "Point", "coordinates": [ 135.0, 65.0 ] } },
{ "type": "Feature", "properties": { "poi_type": "transport", "density": 0.34276474304918758 }, "geometry": { "type": "Point", "coordinates": [ 145.0, 65.0 ] } },
{ "type": "Feature", "properties": { "poi_type": "transport", "density": 0.53943350700239823 }, "geometry": { "type": "Point", "coordinates": [ 155.0, 65.0 ] } },
{ "type": "Feature", "properties": { "poi_type": "transport", "density": 0.38708180317190438 }, "geometry": { "type": "Point", "coordinates": [ 165.0, 65.0 ] } },
{ "type": "Feature", "properties": { "poi_type": "transport", "density": 0.66333785534573375 }, "geometry": { "type": "Point", "coordinates": [ 175.0, 65.0 ] } },
{ "type": "Feature", "properties": { "poi_type": "transport", "density": 0.41423093866078498 }, "geometry": { "type": "Point", "coordinates": [ 275.0, 65.0 ] } },
{ "type": "Feature", "properties": { "poi_type": "transport", "density": 0.31574461073751076 }, "geometry": { "type": "Point", "coordinates": [ 285.0, 65.0 ] } },
{ "type": "Feature", "properties": { "poi_type": "transport", "density": 0.54634706351847329 }, "geometry": { "type": "Point", "coordinates": [ 295.0, 65.0 ] } },
{ "type": "Feature", "properties": { "poi_type": "transport", "density": 0.37200397987229122 }, "geometry": { "type": "Point", "coordinates": [ 305.0, 65.0 ] } },
{ "type": "Feature", "properties": { "poi_type": "transport", "density": 0.52241976206411977 }, "geometry": { "type": "Point", "coordinates": [ 315.0, 65.0 ] } },
{ "type": "Feature", "properties": { "poi_type": "transport", "density": 0.582464051054294 }, "geometry": { "type": "Point", "coordinates": [ 325.0, 65.0 ] } },
{ "type": "Feature", "properties": { "poi_type": "transport", "density": 0.57570000340540894 }, "geometry": { "type": "Point", "coordinates": [ 425.0, 65.0 ] } },
{ "type": "Feature", "properties": { "poi_type": "transport", "density": 0.52707393333925634 }, "geometry": { "type": "Point", "coordinates": [ 435.0, 65.0 ] } },
{ "type": "Feature", "properties": { "poi_type": "transport", "density": 0.37309234367703731 }, "geometry": { "type": "Point", "coordinates": [ 445.0, 65.0 ] } },
{ "type": "Feature", "properties": { "poi_type": "transport", "density": 0.67451200133230249 }, "geometry": { "type": "Point", "coordinates": [ 455.0, 65.0 ] } },
{ "type": "Feature", "properties": { "poi_type": "transport", "density": 0.56476874348386186 }, "geometry": { "type": "Point", "coordinates": [ 465.0, 65.0 ] } },
{ "type": "Feature", "properties": { "poi_type": "transport", "density": 0.49347574689040635 }, "geometry": { "type": "Point", "coordinates": [ 475.0, 65.0 ] } },
{ "type": "Feature", "properties": { "poi_type": "transport", "density": 0.35594352686245884 }, "geometry": { "type": "Point", "coordinates": [ 55.0, 75.0 ] } },
{ "type": "Feature", "properties": { "poi_type": "transport", "density": 0.38423711547934597 }, "geometry": { "type": "Point", "coordinates": [ 65.0, 75.0 ] } },
{ "type": "Feature", "properties": { "poi_type": "transport", "density": 0.61078530748461946 }, "geometry": { "type": "Point", "coordinates": [ 75.0, 75.0 ] } },
{ "type": "Feature", "properties": { "poi_type": "transport", "density": 0.67942161596898143 }, "geometry": { "type": "Point", "coordinates": [ 85.0, 75.0 ] } },
{ "type": "Feature", "properties": { "poi_type": "transport", "density": 0.58053196184864153 }, "geometry": { "type": "Point", "coordinates": [ 95.0, 75.0 ] } },
{ "type": "Feature", "properties": { "poi_type": "transport", "density": 0.36550935639938426 }, "geometry": { "type": "Point", "coordinates": [ 125.0, 75.0 ] } },
{ "type": "Feature", "properties": { "poi_type": "transport", "density": 0.5742148182989949 }, "geometry": { "type": "Point", "coordinates": [ 135.0, 75.0 ] } },
{ "type": "Feature", "properties": { "poi_type": "transport", "density": 0.67883873409541462 }, "geometry": { "type": "Point", "coordinates": [ 145.0, 75.0 ] } },
{ "type": "Feature", "properties": { "poi_type": "transport", "density": 0.43949815092642175 }, "geometry": { "type": "Point", "coordinates": [ 155.0, 75.0 ] } },
{ "type": "Feature", "properties": { "poi_type": "transport", "density": 0.31098158207107862 }, "geometry": { "type": "Point", "coordinates": [ 165.0, 75.0 ] } },
{ "type": "Feature", "properties": { "poi_type": "transport", "density": 0.40849514042541368 }, "geometry": { "type": "Point", "coordinates": [ 175.0, 75.0 ] } },
{ "type": "Feature", "properties": { "poi_type": "transport", "density": 0.39695637167904491 }, "geometry": { "type": "Point", "coordinates": [ 275.0, 75.0 ] } },
{ "type": "Feature", "properties": { "poi_type": "transport", "density": 0.61690111975622064 }, "geometry": { "type": "Point", "coordinates": [ 285.0, 75.0 ] } },
{ "type": "Feature", "properties": { "poi_type": "transport", "density": 0.56707752273640943 }, "geometry": { "type": "Point", "coordinates": [ 295.0, 75.0 ] } },
{ "type": "Feature", "properties": { "poi_type": "transport", "density": 0.47643533481082057 }, "geometry": { "type": "Point", "coordinates": [ 305.0, 75.0 ] } },
{ "type": "Feature", "properties": { "poi_type": "transport", "density": 0.63139525818810904 }, "geometry": { "type": "Point", "coordinates": [ 315.0, 75.0 ] } },
{ "type": "Feature", "properties": { "poi_type": "transport", "density": 0.65466062662355595 }, "geometry": { "type": "Point", "coordinates": [ 325.0, 75.0 ] } },
{ "type": "Feature", "properties": { "poi_type": "transport", "density": 0.67313888906594554 }, "geometry": { "type": "Point", "coordinates": [ 425.0, 75.0 ] } },
{ "type": "Feature", "properties": { "poi_type": "transport", "density": 0.4272748252241525 }, "geometry": { "type": "Point", "coordinates": [ 435.0, 75.0 ] } },
{ "type": "Feature", "properties": { "poi_type": "transport", "density": 0.46909948212035379 }, "geometry": { "type": "Point", "coordinates": [ 445.0, 75.0 ] } },
{ "type": "Feature", "properties": { "poi_type": "transport", "density": 0.53537350288448293 }, "geometry": { "type": "Point", "coordinates": [ 455.0, 75.0 ] } },
{ "type": "Feature", "properties": { "poi_type": "transport", "density": 0.40710100231080903 }, "geometry": { "type": "Point", "coordinates": [ 465.0, 75.0 ] } },
{ "type": "Feature", "properties": { "poi_type": "transport", "density": 0.35410170101645211 }, "geometry": { "type": "Point", "coordinates": [ 475.0, 75.0 ] } },
{ "type": "Feature", "properties": { "poi_type": "transport", "density": 0.41542029412851122 }, "geometry": { "type": "Point", "coordinates": [ 495.0, 75.0 ] } },
{ "type": "Feature", "properties": { "poi_type": "transport", "density": 0.47767499861321017 }, "geometry": { "type": "Point", "coordinates": [ 65.0, 85.0 ] } },
{ "type": "Feature", "properties": { "poi_type": "transport", "density": 0.61118802721836218 }, "geometry": { "type": "Point", "coordinates": [ 75.0, 85.0 ] } },
{ "type": "Feature", "properties": { "poi_type": "transport", "density": 0.46933729228484966 }, "geometry": { "type": "Point", "coordinates": [ 85.0, 85.0 ] } },
{ "type": "Feature", "properties": { "poi_type": "transport", "density": 0.35517122119509326 }, "geometry": { "type": "Point", "coordinates": [ 95.0, 85.0 ] } },
{ "type": "Feature", "properties": { "poi_type": "transport", "density": 0.31919007364440471 }, "geometry": { "type": "Point", "coordinates": [ 105.0, 85.0 ] } },
{ "type": "Feature", "properties": { "poi_type": "transport", "density": 0.46628928638209455 }, "geometry": { "type": "Point", "coordinates": [ 125.0, 85.0 ] } },
{ "type": "Feature", "properties": { "poi_type": "transport", "density": 0.54458188975102984 }, "geometry": { "type": "Point", "coordinates": [ 135.0, 85.0 ] } },
{ "type": "Feature", "properties": { "poi_type": "transport", "density": 0.59387847665200311 }, "geometry": { "type": "Point", "coordinates": [ 145.0, 85.0 ] } },
{ "type": "Feature", "properties": { "poi_type": "transport", "density": 0.48645105208039674 }, "geometry": { "type": "Point", "coordinates": [ 155.0, 85.0 ] } },
{ "type": "Feature", "properties": { "poi_type": "transport", "density": 0.50779076466581119 }, "geometry": { "type": "Point", "coordinates": [ 165.0, 85.0 ] } },
{ "type": "Feature", "properties": { "poi_type": "transport", "density": 0.60868099207156212 }, "geometry": { "type": "Point", "coordinates": [ 175.0, 85.0 ] } },
{ "type": "Feature", "properties": { "poi_type": "transport", "density": 0.43301855496759428 }, "geometry": { "type": "Point", "coordinates": [ 275.0, 85.0 ] } },
{ "type": "Feature", "properties": { "poi_type": "transport", "density": 0.53824047445503531 }, "geometry": { "type": "Point", "coordinates": [ 285.0, 85.0 ] } },
{ "type": "Feature", "properties": { "poi_type": "transport", "density": 0.33804169475288437 }, "geometry": { "type": "Point", "coordinates": [ 295.0, 85.0 ] } },
{ "type": "Feature", "properties": { "poi_type": "transport", "density": 0.62955917480591483 }, "geometry": { "type": "Point", "coordinates": [ 305.0, 85.0 ] } },
{ "type": "Feature", "properties": { "poi_type": "transport", "density": 0.62948956358386654 }, "geometry": { "type": "Point", "coordinates": [ 315.0, 85.0 ] } },
{ "type": "Feature", "properties": { "poi_type": "transport", "density": 0.49884789411778219 }, "geometry": { "type": "Point", "coordinates": [ 325.0, 85.0 ] } },
{ "type": "Feature", "properties": { "poi_type": "transport", "density": 0.37737882778805004 }, "geometry": { "type": "Point", "coordinates": [ 425.0, 85.0 ] } },
{ "type": "Feature", "properties": { "poi_type": "transport", "density": 0.5120695138477751 }, "geometry": { "type": "Point", "coordinates": [ 435.0, 85.0 ] } },
{ "type": "Feature", "properties": { "poi_type": "transport", "density": 0.64400173840078856 }, "geometry": { "type": "Point", "coordinates": [ 445.0, 85.0 ] } },
{ "type": "Feature", "properties": { "poi_type": "transport", "density": 0.63387423314202762 }, "geometry": { "type": "Point", "coordinates": [ 455.0, 85.0 ] } },
{ "type": "Feature", "properties": { "poi_type": "transport", "density": 0.57383735098053879 }, "geometry": { "type": "Point", "coordinates": [ 465.0, 85.0 ] } },
{ "type": "Feature", "properties": { "poi_type": "transport", "density": 0.68875574989998212 }, "geometry": { "type": "Point", "coordinates": [ 475.0, 85.0 ] } },
{ "type": "Feature", "properties": { "poi_type": "transport", "density": 0.30434386434209132 }, "geometry": { "type": "Point", "coordinates": [ 75.0, 95.0 ] } },
{ "type": "Feature", "properties": { "poi_type": "transport", "density": 0.39791243067569415 }, "geometry": { "type": "Point", "coordinates": [ 85.0, 95.0 ] } },
{ "type": "Feature", "properties": { "poi_type": "transport", "density": 0.37556933757464195 }, "geometry": { "type": "Point", "coordinates": [ 95.0, 95.0 ] } },
{ "type": "Feature", "properties": { "poi_type": "transport", "density": 0.63021667955488558 }, "geometry": { "type": "Point", "coordinates": [ 105.0, 95.0 ] } },
{ "type": "Feature", "properties": { "poi_type": "transport", "density": 0.57273895437273337 }, "geometry": { "type": "Point", "coordinates": [ 115.0, 95.0 ] } },
{ "type": "Feature", "properties": { "poi_type": "transport", "density": 0.68879241141443404 }, "geometry": { "type": "Point", "coordinates": [ 125.0, 95.0 ] } },
{ "type": "Feature", "properties": { "poi_type": "transport", "density": 0.35024986119356433 }, "geometry": { "type": "Point", "coordinates": [ 135.0, 95.0 ] } },
{ "type": "Feature", "properties": { "poi_type": "transport", "density": 0.43659544819633783 }, "geometry": { "type": "Point", "coordinates": [ 145.0, 95.0 ] } },
{ "type": "Feature", "properties": { "poi_type": "transport", "density": 0.54947514170282485 }, "geometry": { "type": "Point", "coordinates": [ 155.0, 95.0 ] } },
{ "type": "Feature", "properties": { "poi_type": "transport", "density": 0.47264376290237708 }, "geometry": { "type": "Point", "coordinates": [ 165.0, 95.0 ] } },
{ "type": "Feature", "properties": { "poi_type": "transport", "density": 0.30879296049825944 }, "geometry": { "type": "Point", "coordinates": [ 175.0, 95.0 ] } },
{ "type": "Feature", "properties": { "poi_type": "transport", "density": 0.53289485912798262 }, "geometry": { "type": "Point", "coordinates": [ 275.0, 95.0 ] } },
{ "type": "Feature", "properties": { "poi_type": "transport", "density": 0.43044920413844151 }, "geometry": { "type": "Point", "coordinates": [ 285.0, 95.0 ] } },
{ "type": "Feature", "properties": { "poi_type": "transport", "density": 0.588639736016207 }, "geometry": { "type": "Point", "coordinates": [ 295.0, 95.0 ] } },
{ "type": "Feature", "properties": { "poi_type": "transport", "density": 0.64613624850227491 }, "geometry": { "type": "Point", "coordinates": [ 305.0, 95.0 ] } },
{ "type": "Feature", "properties": { "poi_type": "transport", "density": 0.43600845183530118 }, "geometry": { "type": "Point", "coordinates": [ 315.0, 95.0 ] } },
{ "type": "Feature", "properties": { "poi_type": "transport", "density": 0.59818978426592773 }, "geometry": { "type": "Point", "coordinates": [ 325.0, 95.0 ] } },
{ "type": "Feature", "properties": { "poi_type": "transport", "density": 0.45472031483551456 }, "geometry": { "type": "Point", "coordinates": [ 425.0, 95.0 ] } },
{ "type": "Feature", "properties": { "poi_type": "transport", "density": 0.36596970976679627 }, "geometry": { "type": "Point", "coordinates": [ 435.0, 95.0 ] } },
{ "type": "Feature", "properties": { "poi_type": "transport", "density": 0.34501779727579462 }, "geometry": { "type": "Point", "coordinates": [ 445.0, 95.0 ] } },
{ "type": "Feature", "properties": { "poi_type": "transport", "density": 0.61098205730601418 }, "geometry": { "type": "Point", "coordinates": [ 455.0, 95.0 ] } },
{ "type": "Feature", "properties": { "poi_type": "transport", "density": 0.56833341637362877 }, "geometry": { "type": "Point", "coordinates": [ 465.0, 95.0 ] } },
{ "type": "Feature", "properties": { "poi_type": "transport", "density": 0.53342441047843148 }, "geometry": { "type": "Point", "coordinates": [ 475.0, 95.0 ] } },
{ "type": "Feature", "properties": { "poi_type": "transport", "density": 0.3549521194758507 }, "geometry": { "type": "Point", "coordinates": [ 85.0, 105.0 ] } },
{ "type": "Feature", "properties": { "poi_type": "transport", "density": 0.36906340332964027 }, "geometry": { "type": "Point", "coordinates": [ 95.0, 105.0 ] } },
{ "type": "Feature", "properties": { "poi_type": "transport", "density": 0.54821775888046065 }, "geometry": { "type": "Point", "coordinates": [ 105.0, 105.0 ] } },
{ "type": "Feature", "properties": { "poi_type": "transport", "density": 0.52093496352890978 }, "geometry": { "type": "Point", "coordinates": [ 115.0, 105.0 ] } },
{ "type": "Feature", "properties": { "poi_type": "transport", "density": 0.4900313864449235 }, "geometry": { "type": "Point", "coordinates": [ 125.0, 105.0 ] } },
{ "type": "Feature", "properties": { "poi_type": "transport", "density": 0.60957619832587573 }, "geometry": { "type": "Point", "coordinates": [ 135.0, 105.0 ] } },
{ "type": "Feature", "properties": { "poi_type": "transport", "density": 0.30129874364286613 }, "geometry": { "type": "Point", "coordinates": [ 145.0, 105.0 ] } },
{ "type": "Feature", "properties": { "poi_type": "transport", "density": 0.6699059451154481 }, "geometry": { "type": "Point", "coordinates": [ 155.0, 105.0 ] } },
{ "type": "Feature", "properties": { "poi_type": "transport", "density": 0.3196829234964958 }, "geometry": { "type": "Point", "coordinates": [ 165.0, 105.0 ] } },
{ "type": "Feature", "properties": { "poi_type": "transport", "density": 0.68764430595511672 }, "geometry": { "type": "Point", "coordinates": [ 175.0, 105.0 ] } },
{ "type": "Feature", "properties": { "poi_type": "transport", "density": 0.58906426084412289 }, "geometry": { "type": "Point", "coordinates": [ 275.0, 105.0 ] } },
{ "type": "Feature", "properties": { "poi_type": "transport", "density": 0.6808841772951284 }, "geometry": { "type": "Point", "coordinates": [ 285.0, 105.0 ] } },
{ "type": "Feature", "properties": { "poi_type": "transport", "density": 0.38708145533965166 }, "geometry": { "type": "Point", "coordinates": [ 295.0, 105.0 ] } },
{ "type": "Feature", "properties": { "poi_type": "transport", "density": 0.49052372750125828 }, "geometry": { "type": "Point", "coordinates": [ 305.0, 105.0 ] } },
{ "type": "Feature", "properties": { "poi_type": "transport", "density": 0.48942127005326008 }, "geometry": { "type": "Point", "coordinates": [ 315.0, 105.0 ] } },
{ "type": "Feature", "properties": { "poi_type": "transport", "density": 0.50585998991420122 }, "geometry": { "type": "Point", "coordinates": [ 325.0, 105.0 ] } },
{ "type": "Feature", "properties": { "poi_type": "transport", "density": 0.35832274249178542 }, "geometry": { "type": "Point", "coordinates": [ 425.0, 105.0 ] } },
{ "type": "Feature", "properties": { "poi_type": "transport", "density": 0.58848729316489445 }, "geometry": { "type": "Point", "coordinates": [ 435.0, 105.0 ] } },
{ "type": "Feature", "properties": { "poi_type": "transport", "density": 0.43254631493524498 }, "geometry": { "type": "Point", "coordinates": [ 445.0, 105.0 ] } },
{ "type": "Feature", "properties": { "poi_type": "transport", "density": 0.69160885393174576 }, "geometry": { "type": "Point", "coordinates": [ 455.0, 105.0 ] } },
{ "type": "Feature", "properties": { "poi_type": "transport", "density": 0.49168197165363725 }, "geometry": { "type": "Point", "coordinates": [ 465.0, 105.0 ] } },
{ "type": "Feature", "properties": { "poi_type": "transport", "density": 0.69572949218821789 }, "geometry": { "type": "Point", "coordinates": [ 475.0, 105.0 ] } },
{ "type": "Feature", "properties": { "poi_type": "transport", "density": 0.37008186422297973 }, "geometry": { "type": "Point", "coordinates": [ 95.0, 115.0 ] } },
{ "type": "Feature", "properties": { "poi_type": "transport", "density": 0.33669799032676406 }, "geometry": { "type": "Point", "coordinates": [ 105.0, 115.0 ] } },
{ "type": "Feature", "properties": { "poi_type": "transport", "density": 0.45988604596623861 }, "geometry": { "type": "Point", "coordinates": [ 115.0, 115.0 ] } },
{ "type": "Feature", "properties": { "poi_type": "transport", "density": 0.38755032257293065 }, "geometry": { "type": "Point", "coordinates": [ 125.0, 115.0 ] } },
{ "type": "Feature", "properties": { "poi_type": "transport", "density": 0.60644129239029576 }, "geometry": { "type": "Point", "coordinates": [ 135.0, 115.0 ] } },
{ "type": "Feature", "properties": { "poi_type": "transport", "density": 0.52432641570568017 }, "geometry": { "type": "Point", "coordinates": [ 145.0, 115.0 ] } },
{ "type": "Feature", "properties": { "poi_type": "transport", "density": 0.63114087240429606 }, "geometry": { "type": "Point", "coordinates": [ 155.0, 115.0 ] } },
{ "type": "Feature", "properties": { "poi_type": "transport", "density": 0.60810074624221033 }, "geometry": { "type": "Point", "coordinates": [ 165.0, 115.0 ] } },
{ "type": "Feature", "properties": { "poi_type": "transport", "density": 0.5961725992101421 }, "geometry": { "type": "Point", "coordinates": [ 175.0, 115.0 ] } },
{ "type": "Feature", "properties": { "poi_type": "transport", "density": 0.6010404128925052 }, "geometry": { "type": "Point", "coordinates": [ 275.0, 115.0 ] } },
{ "type": "Feature", "properties": { "poi_type": "transport", "density": 0.41693242443845502 }, "geometry": { "type": "Point", "coordinates": [ 285.0, 115.0 ] } },
{ "type": "Feature", "properties": { "poi_type": "transport", "density": 0.40464798586339401 }, "geometry": { "type": "Point", "coordinates": [ 295.0, 115.0 ] } },
{ "type": "Feature", "properties": { "poi_type": "transport", "density": 0.53023288916037414 }, "geometry": { "type": "Point", "coordinates": [ 305.0, 115.0 ] } },
{ "type": "Feature", "properties": { "poi_type": "transport", "density": 0.66126328246238442 }, "geometry": { "type": "Point", "coordinates": [ 315.0, 115.0 ] } },
{ "type": "Feature", "properties": { "poi_type": "transport", "density": 0.42547422696815235 }, "geometry": { "type": "Point", "coordinates": [ 325.0, 115.0 ] } },
{ "type": "Feature", "properties": { "poi_type": "transport", "density": 0.3296667398533365 }, "geometry": { "type": "Point", "coordinates": [ 425.0, 115.0 ] } },
{ "type": "Feature", "properties": { "poi_type": "transport", "density": 0.68805744596170815 }, "geometry": { "type": "Point", "coordinates": [ 435.0, 115.0 ] } },
{ "type": "Feature", "properties": { "poi_type": "transport", "density": 0.62280319955498897 }, "geometry": { "type": "Point", "coordinates": [ 445.0, 115.0 ] } },
{ "type": "Feature", "properties": { "poi_type": "transport", "density": 0.62519793075603425 }, "geometry": { "type": "Point", "coordinates": [ 455.0, 115.0 ] } },
{ "type": "Feature", "properties": { "poi_type": "transport", "density": 0.53015887628888025 }, "geometry": { "type": "Point", "coordinates": [ 465.0, 115.0 ] } },
{ "type": "Feature", "properties": { "poi_type": "transport", "density": 0.60363240603744961 }, "geometry": { "type": "Point", "coordinates": [ 475.0, 115.0 ] } },
{ "type": "Feature", "properties": { "poi_type": "transport", "density": 0.52984279055333516 }, "geometry": { "type": "Point", "coordinates": [ 545.0, 115.0 ] } },
{ "type": "Feature", "properties": { "poi_type": "transport", "density": 0.55509689055965872 }, "geometry": { "type": "Point", "coordinates": [ 5.0, 125.0 ] } },
{ "type": "Feature", "properties": { "poi_type": "transport", "density": 0.46913312988837186 }, "geometry": { "type": "Point", "coordinates": [ 15.0, 125.0 ] } },
{ "type": "Feature", "properties": { "poi_type": "transport", "density": 0.59871323840260438 }, "geometry": { "type": "Point", "coordinates": [ 25.0, 125.0 ] } },
{ "type": "Feature", "properties": { "poi_type": "transport", "density": 0.66779321731951158 }, "geometry": { "type": "Point", "coordinates": [ 35.0, 125.0 ] } },
{ "type": "Feature", "properties": { "poi_type": "transport", "density": 0.58264980884491657 }, "geometry": { "type": "Point", "coordinates": [ 45.0, 125.0 ] } },
{ "type": "Feature", "properties": { "poi_type": "transport", "density": 0.59264937231323045 }, "geometry": { "type": "Point", "coordinates": [ 55.0, 125.0 ] } },
{ "type": "Feature", "properties": { "poi_type": "transport", "density": 0.3908838846737055 }, "geometry": { "type": "Point", "coordinates": [ 65.0, 125.0 ] } },
{ "type": "Feature", "properties": { "poi_type": "transport", "density": 0.64798113611023922 }, "geometry": { "type": "Point", "coordinates": [ 75.0, 125.0 ] } },
{ "type": "Feature", "properties": { "poi_type": "transport", "density": 0.53414916768549237 }, "geometry": { "type": "Point", "coordinates": [ 85.0, 125.0 ] } },
{ "type": "Feature", "properties": { "poi_type": "transport", "density": 0.34000573760606528 }, "geometry": { "type": "Point", "coordinates": [ 95.0, 125.0 ] } },
{ "type": "Feature", "properties": { "poi_type": "transport", "density": 0.50424016015085482 }, "geometry": { "type": "Point", "coordinates": [ 105.0, 125.0 ] } },
{ "type": "Feature", "properties": { "poi_type": "transport", "density": 0.60344658886656433 }, "geometry": { "type": "Point", "coordinates": [ 115.0, 125.0 ] } },
{ "type": "Feature", "properties": { "poi_type": "transport", "density": 0.39081505897877261 }, "geometry": { "type": "Point", "coordinates": [ 125.0, 125.0 ] } },
{ "type": "Feature", "properties": { "poi_type": "transport", "density": 0.58499309748910666 }, "geometry": { "type": "Point", "coordinates": [ 135.0, 125.0 ] } },
{ "type": "Feature", "properties": { "poi_type": "transport", "density": 0.34260966519093411 }, "geometry": { "type": "Point", "coordinates": [ 145.0, 125.0 ] } },
{ "type": "Feature", "properties": { "poi_type": "transport", "density": 0.46288418253665137 }, "geometry": { "type": "Point", "coordinates": [ 155.0, 125.0 ] } },
{ "type": "Feature", "properties": { "poi_type": "transport", "density": 0.4522399829354346 }, "geometry": { "type": "Point", "coordinates": [ 165.0, 125.0 ] } },
{ "type": "Feature", "properties": { "poi_type": "transport", "density": 0.42147689459117244 }, "geometry": { "type": "Point", "coordinates": [ 175.0, 125.0 ] } },
{ "type": "Feature", "properties": { "poi_type": "transport", "density": 0.490996691498993 }, "geometry": { "type": "Point", "coordinates": [ 185.0, 125.0 ] } },
{ "type": "Feature", "properties": { "poi_type": "transport", "density": 0.32014174951699065 }, "geometry": { "type": "Point", "coordinates": [ 195.0, 125.0 ] } },
{ "type": "Feature", "properties": { "poi_type": "transport", "density": 0.64614624478411831 }, "geometry": { "type": "Point", "coordinates": [ 205.0, 125.0 ] } },
{ "type": "Feature", "properties": { "poi_type": "transport", "density": 0.34566417602370886 }, "geometry": { "type": "Point", "coordinates": [ 215.0, 125.0 ] } },
{ "type": "Feature", "properties": { "poi_type": "transport", "density": 0.51894969131473545 }, "geometry": { "type": "Point", "coordinates": [ 225.0, 125.0 ] } },
{ "type": "Feature", "properties": { "poi_type": "transport", "density": 0.46845271772977015 }, "geometry": { "type": "Point", "coordinates": [ 235.0, 125.0 ] } },
{ "type": "Feature", "properties": { "poi_type": "transport", "density": 0.49453466886645825 }, "geometry": { "type": "Point", "coordinates": [ 245.0, 125.0 ] } },
{ "type": "Feature", "properties": { "poi_type": "transport", "density": 0.47257625044221313 }, "geometry": { "type": "Point", "coordinates": [ 255.0, 125.0 ] } },
{ "type": "Feature", "properties": { "poi_type": "transport", "density": 0.50353228701767283 }, "geometry": { "type": "Point", "coordinates": [ 265.0, 125.0 ] } },
{ "type": "Feature", "properties": { "poi_type": "transport", "density": 0.6647149350760283 }, "geometry": { "type": "Point", "coordinates": [ 275.0, 125.0 ] } },
{ "type": "Feature", "properties": { "poi_type": "transport", "density": 0.39834661487965478 }, "geometry": { "type": "Point", "coordinates": [ 285.0, 125.0 ] } },
{ "type": "Feature", "properties": { "poi_type": "transport", "density": 0.56524168385155504 }, "geometry": { "type": "Point", "coordinates": [ 295.0, 125.0 ] } },
{ "type": "Feature", "properties": { "poi_type": "transport", "density": 0.47002562366292222 }, "geometry": { "type": "Point", "coordinates": [ 305.0, 125.0 ] } },
{ "type": "Feature", "properties": { "poi_type": "transport", "density": 0.31648648450383504 }, "geometry": { "type": "Point", "coordinates": [ 315.0, 125.0 ] } },
{ "type": "Feature", "properties": { "poi_type": "transport", "density": 0.65265237865422399 }, "geometry": { "type": "Point", "coordinates": [ 325.0, 125.0 ] } },
{ "type": "Feature", "properties": { "poi_type": "transport", "density": 0.40046276493026062 }, "geometry": { "type": "Point", "coordinates": [ 335.0, 125.0 ] } },
{ "type": "Feature", "properties": { "poi_type": "transport", "density": 0.33920978527462692 }, "geometry": { "type": "Point", "coordinates": [ 345.0, 125.0 ] } },
{ "type": "Feature", "properties": { "poi_type": "transport", "density": 0.3101863877975351 }, "geometry": { "type": "Point", "coordinates": [ 355.0, 125.0 ] } },
{ "type": "Feature", "properties": { "poi_type": "transport", "density": 0.35031637890291528 }, "geometry": { "type": "Point", "coordinates": [ 365.0, 125.0 ] } },
{ "type": "Feature", "properties": { "poi_type": "transport", "density": 0.59054285701387454 }, "geometry": { "type": "Point", "coordinates": [ 375.0, 125.0 ] } },
{ "type": "Feature", "properties": { "poi_type": "transport", "density": 0.44971650750527215 }, "geometry": { "type": "Point", "coordinates": [ 385.0, 125.0 ] } },
{ "type": "Feature", "properties": { "poi_type": "transport", "density": 0.42523462689920571 }, "geometry": { "type": "Point", "coordinates": [ 395.0, 125.0 ] } },
{ "type": "Feature", "properties": { "poi_type": "transport", "density": 0.69581560453886027 }, "geometry": { "type": "Point", "coordinates": [ 405.0, 125.0 ] } },
{ "type": "Feature", "properties": { "poi_type": "transport", "density": 0.69692570181377878 }, "geometry": { "type": "Point", "coordinates": [ 415.0, 125.0 ] } },
{ "type": "Feature", "properties": { "poi_type": "transport", "density": 0.33453591067927763 }, "geometry": { "type": "Point", "coordinates": [ 425.0, 125.0 ] } },
{ "type": "Feature", "properties": { "poi_type": "transport", "density": 0.63370192155827676 }, "geometry": { "type": "Point", "coordinates": [ 435.0, 125.0 ] } },
{ "type": "Feature", "properties": { "poi_type": "transport", "density": 0.65365640019400228 }, "geometry": { "type": "Point", "coordinates": [ 445.0, 125.0 ] } },
{ "type": "Feature", "properties": { "poi_type": "transport", "density": 0.37197631836549666 }, "geometry": { "type": "Point", "coordinates": [ 455.0, 125.0 ] } },
{ "type": "Feature", "properties": { "poi_type": "transport", "density": 0.65775462050163525 }, "geometry": { "type": "Point", "coordinates": [ 465.0, 125.0 ] } },
{ "type": "Feature", "properties": { "poi_type": "transport", "density": 0.61225217434977408 }, "geometry": { "type": "Point", "coordinates": [ 475.0, 125.0 ] } },
{ "type": "Feature", "properties": { "poi_type": "transport", "density": 0.69039004934721349 }, "geometry": { "type": "Point", "coordinates": [ 485.0, 125.0 ] } },
{ "type": "Feature", "properties": { "poi_type": "transport", "density": 0.63441520268815721 }, "geometry": { "type": "Point", "coordinates": [ 495.0, 125.0 ] } },
{ "type": "Feature", "properties": { "poi_type": "transport", "density": 0.60817213067929909 }, "geometry": { "type": "Point", "coordinates": [ 505.0, 125.0 ] } },
{ "type": "Feature", "properties": { "poi_type": "transport", "density": 0.61303161019509966 }, "geometry": { "type": "Point", "coordinates": [ 515.0, 125.0 ] } },
{ "type": "Feature", "properties": { "poi_type": "transport", "density": 0.37512107133050898 }, "geometry": { "type": "Point", "coordinates": [ 525.0, 125.0 ] } },
{ "type": "Feature", "properties": { "poi_type": "transport", "density": 0.38412162876401029 }, "geometry": { "type": "Point", "coordinates": [ 535.0, 125.0 ] } },
{ "type": "Feature", "properties": { "poi_type": "transport", "density": 0.58086439294907566 }, "geometry": { "type": "Point", "coordinates": [ 545.0, 125.0 ] } },
{ "type": "Feature", "properties": { "poi_type": "transport", "density": 0.68010966267120021 }, "geometry": { "type": "Point", "coordinates": [ 555.0, 125.0 ] } },
{ "type": "Feature", "properties": { "poi_type": "transport", "density": 0.56206576475850833 }, "geometry": { "type": "Point", "coordinates": [ 565.0, 125.0 ] } },
{ "type": "Feature", "properties": { "poi_type": "transport", "density": 0.67053117291669273 }, "geometry": { "type": "Point", "coordinates": [ 575.0, 125.0 ] } },
{ "type": "Feature", "properties": { "poi_type": "transport", "density": 0.50702099835698178 }, "geometry": { "type": "Point", "coordinates": [ 585.0, 125.0 ] } },
{ "type": "Feature", "properties": { "poi_type": "transport", "density": 0.50448413446647677 }, "geometry": { "type": "Point", "coordinates": [ 595.0, 125.0 ] } },
{ "type": "Feature", "properties": { "poi_type": "transport", "density": 0.39882879155910334 }, "geometry": { "type": "Point", "coordinates": [ 5.0, 135.0 ] } },
{ "type": "Feature", "properties": { "poi_type": "transport", "density": 0.52384180789123136 }, "geometry": { "type": "Point", "coordinates": [ 15.0, 135.0 ] } },
{ "type": "Feature", "properties": { "poi_type": "transport", "density": 0.55495252775429282 }, "geometry": { "type": "Point", "coordinates": [ 25.0, 135.0 ] } },
{ "type": "Feature", "properties": { "poi_type": "transport", "density": 0.38476059561680565 }, "geometry": { "type": "Point", "coordinates": [ 35.0, 135.0 ] } },
{ "type": "Feature", "properties": { "poi_type": "transport", "density": 0.46076490515797719 }, "geometry": { "type": "Point", "coordinates": [ 45.0, 135.0 ] } },
{ "type": "Feature", "properties": { "poi_type": "transport", "density": 0.46645651869402138 }, "geometry": { "type": "Point", "coordinates": [ 55.0, 135.0 ] } },
{ "type": "Feature", "properties": { "poi_type": "transport", "density": 0.33230060682778101 }, "geometry": { "type": "Point", "coordinates": [ 65.0, 135.0 ] } },
{ "type": "Feature", "properties": { "poi_type": "transport", "density": 0.60671019359791289 }, "geometry": { "type": "Point", "coordinates": [ 75.0, 135.0 ] } },
{ "type": "Feature", "properties": { "poi_type": "transport", "density": 0.3559584430039151 }, "geometry": { "type": "Point", "coordinates": [ 85.0, 135.0 ] } },
{ "type": "Feature", "properties": { "poi_type": "transport", "density": 0.42005442705277424 }, "geometry": { "type": "Point", "coordinates": [ 95.0, 135.0 ] } },
{ "type": "Feature", "properties": { "poi_type": "transport", "density": 0.60917182258495162 }, "geometry": { "type": "Point", "coordinates": [ 105.0, 135.0 ] } },
{ "type": "Feature", "properties": { "poi_type": "transport", "density": 0.3571954494717936 }, "geometry": { "type": "Point", "coordinates": [ 115.0, 135.0 ] } },
{ "type": "Feature", "properties": { "poi_type": "transport", "density": 0.60419482894110932 }, "geometry": { "type": "Point", "coordinates": [ 125.0, 135.0 ] } },
{ "type": "Feature", "properties": { "poi_type": "transport", "density": 0.53435845252355885 }, "geometry": { "type": "Point", "coordinates": [ 135.0, 135.0 ] } },
{ "type": "Feature", "properties": { "poi_type": "transport", "density": 0.44992052071406302 }, "geometry": { "type": "Point", "coordinates": [ 145.0, 135.0 ] } },
{ "type": "Feature", "properties": { "poi_type": "transport", "density": 0.54308551595509202 }, "geometry": { "type": "Point", "coordinates": [ 155.0, 135.0 ] } },
{ "type": "Feature", "properties": { "poi_type": "transport", "density": 0.68400202900679286 }, "geometry": { "type": "Point", "coordinates": [ 165.0, 135.0 ] } },
{ "type": "Feature", "properties": { "poi_type": "transport", "density": 0.43191597735050119 }, "geometry": { "type": "Point", "coordinates": [ 175.0, 135.0 ] } },
{ "type": "Feature", "properties": { "poi_type": "transport", "density": 0.55753522409164402 }, "geometry": { "type": "Point", "coordinates": [ 185.0, 135.0 ] } },
{ "type": "Feature", "properties": { "poi_type": "transport", "density": 0.66693690062035005 }, "geometry": { "type": "Point", "coordinates": [ 195.0, 135.0 ] } },
{ "type": "Feature", "properties": { "poi_type": "transport", "density": 0.63302639633252289 }, "geometry": { "type": "Point", "coordinates": [ 205.0, 135.0 ] } },
{ "type": "Feature", "properties": { "poi_type": "transport", "density": 0.43030868186034987 }, "geometry": { "type": "Point", "coordinates": [ 215.0, 135.0 ] } },
{ "type": "Feature", "properties": { "poi_type": "transport", "density": 0.46816852897946959 }, "geometry": { "type": "Point", "coordinates": [ 225.0, 135.0 ] } },
{ "type": "Feature", "properties": { "poi_type": "transport", "density": 0.32582126656416549 }, "geometry": { "type": "Point", "coordinates": [ 235.0, 135.0 ] } },
{ "type": "Feature", "properties": { "poi_type": "transport", "density": 0.39764200654910792 }, "geometry": { "type": "Point", "coordinates": [ 245.0, 135.0 ] } },
{ "type": "Feature", "properties": { "poi_type": "transport", "density": 0.59272098401685192 }, "geometry": { "type": "Point", "coordinates": [ 255.0, 135.0 ] } },
{ "type": "Feature", "properties": { "poi_type": "transport", "density": 0.35931503037637463 }, "geometry": { "type": "Point", "coordinates": [ 265.0, 135.0 ] } },
{ "type": "Feature", "properties": { "poi_type": "transport", "density": 0.67837230652156977 }, "geometry": { "type": "Point", "coordinates": [ 275.0, 135.0 ] } },
{ "type": "Feature", "properties": { "poi_type": "transport", "density": 0.54596483122151973 }, "geometry": { "type": "Point", "coordinates": [ 285.0, 135.0 ] } },
{ "type": "Feature", "properties": { "poi_type": "transport", "density": 0.6378281464430885 }, "geometry": { "type": "Point", "coordinates": [ 295.0, 135.0 ] } },
{ "type": "Feature", "properties": { "poi_type": "transport", "density": 0.55316891587036743 }, "geometry": { "type": "Point", "coordinates": [ 305.0, 135.0 ] } },
{ "type": "Feature", "properties": { "poi_type": "transport", "density": 0.3789807902218576 }, "geometry": { "type": "Point", "coordinates": [ 315.0, 135.0 ] } },
{ "type": "Feature", "properties": { "poi_type": "transport", "density": 0.52909406444256568 }, "geometry": { "type": "Point", "coordinates": [ 325.0, 135.0 ] } },
{ "type": "Feature", "properties": { "poi_type": "transport", "density": 0.45457957624442025 }, "geometry": { "type": "Point", "coordinates": [ 335.0, 135.0 ] } },
{ "type": "Feature", "properties": { "poi_type": "transport", "density": 0.69553751188331314 }, "geometry": { "type": "Point", "coordinates": [ 345.0, 135.0 ] } },
{ "type": "Feature", "properties": { "poi_type": "transport", "density": 0.69635702187032855 }, "geometry": { "type": "Point", "coordinates": [ 355.0, 135.0 ] } },
{ "type": "Feature", "properties": { "poi_type": "transport", "density": 0.52532584063848908 }, "geometry": { "type": "Point", "coordinates": [ 365.0, 135.0 ] } },
{ "type": "Feature", "properties": { "poi_type": "transport", "density": 0.64481326992109711 }, "geometry": { "type": "Point", "coordinates": [ 375.0, 135.0 ] } },
{ "type": "Feature", "properties": { "poi_type": "transport", "density": 0.51361402305269555 }, "geometry": { "type": "Point", "coordinates": [ 385.0, 135.0 ] } },
{ "type": "Feature", "properties": { "poi_type": "transport", "density": 0.42524668102947466 }, "geometry": { "type": "Point", "coordinates": [ 395.0, 135.0 ] } },
{ "type": "Feature", "properties": { "poi_type": "transport", "density": 0.63553803248182406 }, "geometry": { "type": "Point", "coordinates": [ 405.0, 135.0 ] } },
{ "type": "Feature", "properties": { "poi_type": "transport", "density": 0.4395865709083 }, "geometry": { "type": "Point", "coordinates": [ 415.0, 135.0 ] } },
{ "type": "Feature", "properties": { "poi_type": "transport", "density": 0.36662097646866026 }, "geometry": { "type": "Point", "coordinates": [ 425.0, 135.0 ] } },
{ "type": "Feature", "properties": { "poi_type": "transport", "density": 0.54845608282188596 }, "geometry": { "type": "Point", "coordinates": [ 435.0, 135.0 ] } },
{ "type": "Feature", "properties": { "poi_type": "transport", "density": 0.61377783875270242 }, "geometry": { "type": "Point", "coordinates": [ 445.0, 135.0 ] } },
{ "type": "Feature", "properties": { "poi_type": "transport", "density": 0.63014677278859876 }, "geometry": { "type": "Point", "coordinates": [ 455.0, 135.0 ] } },
{ "type": "Feature", "properties": { "poi_type": "transport", "density": 0.68395312203877501 }, "geometry": { "type": "Point", "coordinates": [ 465.0, 135.0 ] } },
{ "type": "Feature", "properties": { "poi_type": "transport", "density": 0.31412533332545572 }, "geometry": { "type": "Point", "coordinates": [ 475.0, 135.0 ] } },
{ "type": "Feature", "properties": { "poi_type": "transport", "density": 0.41443248893508317 }, "geometry": { "type": "Point", "coordinates": [ 485.0, 135.0 ] } },
{ "type": "Feature", "properties": { "poi_type": "transport", "density": 0.34342722569772816 }, "geometry": { "type": "Point", "coordinates": [ 495.0, 135.0 ] } },
{ "type": "Feature", "properties": { "poi_type": "transport", "density": 0.63031104516530712 }, "geometry": { "type": "Point", "coordinates": [ 505.0, 135.0 ] } },
{ "type": "Feature", "properties": { "poi_type": "transport", "density": 0.59376042455616107 }, "geometry": { "type": "Point", "coordinates": [ 515.0, 135.0 ] } },
{ "type": "Feature", "properties": { "poi_type": "transport", "density": 0.40208397022757203 }, "geometry": { "type": "Point", "coordinates": [ 525.0, 135.0 ] } },
{ "type": "Feature", "properties": { "poi_type": "transport", "density": 0.5095550112525139 }, "geometry": { "type": "Point", "coordinates": [ 535.0, 135.0 ] } },
{ "type": "Feature", "properties": { "poi_type": "transport", "density": 0.57944681334189707 }, "geometry": { "type": "Point", "coordinates": [ 545.0, 135.0 ] } },
{ "type": "Feature", "properties": { "poi_type": "transport", "density": 0.43447668657192556 }, "geometry": { "type": "Point", "coordinates": [ 555.0, 135.0 ] } },
{ "type": "Feature", "properties": { "poi_type": "transport", "density": 0.67188678788496714 }, "geometry": { "type": "Point", "coordinates": [ 565.0, 135.0 ] } },
{ "type": "Feature", "properties": { "poi_type": "transport", "density": 0.30421182247808898 }, "geometry": { "type": "Point", "coordinates": [ 575.0, 135.0 ] } },
{ "type": "Feature", "properties": { "poi_type": "transport", "density": 0.35638509643056626 }, "geometry": { "type": "Point", "coordinates": [ 585.0, 135.0 ] } },
{ "type": "Feature", "properties": { "poi_type": "transport", "density": 0.57819407761951513 }, "geometry": { "type": "Point", "coordinates": [ 595.0, 135.0 ] } },
{ "type": "Feature", "properties": { "poi_type": "transport", "density": 0.4418809766249932 }, "geometry": { "type": "Point", "coordinates": [ 5.0, 145.0 ] } },
{ "type": "Feature", "properties": { "poi_type": "transport", "density": 0.39474818475777429 }, "geometry": { "type": "Point", "coordinates": [ 15.0, 145.0 ] } },
{ "type": "Feature", "properties": { "poi_type": "transport", "density": 0.59915535285900368 }, "geometry": { "type": "Point", "coordinates": [ 25.0, 145.0 ] } },
{ "type": "Feature", "properties": { "poi_type": "transport", "density": 0.61202000159117831 }, "geometry": { "type": "Point", "coordinates": [ 35.0, 145.0 ] } },
{ "type": "Feature", "properties": { "poi_type": "transport", "density": 0.35863683685552117 }, "geometry": { "type": "Point", "coordinates": [ 45.0, 145.0 ] } },
{ "type": "Feature", "properties": { "poi_type": "transport", "density": 0.6599117096483571 }, "geometry": { "type": "Point", "coordinates": [ 55.0, 145.0 ] } },
{ "type": "Feature", "properties": { "poi_type": "transport", "density": 0.36658527110404576 }, "geometry": { "type": "Point", "coordinates": [ 65.0, 145.0 ] } },
{ "type": "Feature", "properties": { "poi_type": "transport", "density": 0.37270055537028757 }, "geometry": { "type": "Point", "coordinates": [ 75.0, 145.0 ] } },
{ "type": "Feature", "properties": { "poi_type": "transport", "density": 0.60902409432407556 }, "geometry": { "type": "Point", "coordinates": [ 85.0, 145.0 ] } },
{ "type": "Feature", "properties": { "poi_type": "transport", "density": 0.47688830340961663 }, "geometry": { "type": "Point", "coordinates": [ 95.0, 145.0 ] } },
{ "type": "Feature", "properties": { "poi_type": "transport", "density": 0.34825332871681541 }, "geometry": { "type": "Point", "coordinates": [ 105.0, 145.0 ] } },
{ "type": "Feature", "properties": { "poi_type": "transport", "density": 0.46929411194695297 }, "geometry": { "type": "Point", "coordinates": [ 115.0, 145.0 ] } },
{ "type": "Feature", "properties": { "poi_type": "transport", "density": 0.31470812688702682 }, "geometry": { "type": "Point", "coordinates": [ 125.0, 145.0 ] } },
{ "type": "Feature", "properties": { "poi_type": "transport", "density": 0.68761105515941823 }, "geometry": { "type": "Point", "coordinates": [ 135.0, 145.0 ] } },
{ "type": "Feature", "properties": { "poi_type": "transport", "density": 0.30431322137541089 }, "geometry": { "type": "Point", "coordinates": [ 145.0, 145.0 ] } },
{ "type": "Feature", "properties": { "poi_type": "transport", "density": 0.57277028662620988 }, "geometry": { "type": "Point", "coordinates": [ 155.0, 145.0 ] } },
{ "type": "Feature", "properties": { "poi_type": "transport", "density": 0.4146300331868461 }, "geometry": { "type": "Point", "coordinates": [ 165.0, 145.0 ] } },
{ "type": "Feature", "properties": { "poi_type": "transport", "density": 0.33149354485295768 }, "geometry": { "type": "Point", "coordinates": [ 175.0, 145.0 ] } },
{ "type": "Feature", "properties": { "poi_type": "transport", "density": 0.52532813714523074 }, "geometry": { "type": "Point", "coordinates": [ 185.0, 145.0 ] } },
{ "type": "Feature", "properties": { "poi_type": "transport", "density": 0.69540539757564501 }, "geometry": { "type": "Point", "coordinates": [ 195.0, 145.0 ] } },
{ "type": "Feature", "properties": { "poi_type": "transport", "density": 0.62922530774514218 }, "geometry": { "type": "Point", "coordinates": [ 205.0, 145.0 ] } },
{ "type": "Feature", "properties": { "poi_type": "transport", "density": 0.32919033704422951 }, "geometry": { "type": "Point", "coordinates": [ 215.0, 145.0 ] } },
{ "type": "Feature", "properties": { "poi_type": "transport", "density": 0.33515311899167632 }, "geometry": { "type": "Point", "coordinates": [ 225.0, 145.0 ] } },
{ "type": "Feature", "properties": { "poi_type": "transport", "density": 0.59760849894019241 }, "geometry": { "type": "Point", "coordinates": [ 235.0, 145.0 ] } },
{ "type": "Feature", "properties": { "poi_type": "transport", "density": 0.52483157191153418 }, "geometry": { "type": "Point", "coordinates": [ 245.0, 145.0 ] } },
{ "type": "Feature", "properties": { "poi_type": "transport", "density": 0.56938302952218756 }, "geometry": { "type": "Point", "coordinates": [ 255.0, 145.0 ] } },
{ "type": "Feature", "properties": { "poi_type": "transport", "density": 0.64394747754337478 }, "geometry": { "type": "Point", "coordinates": [ 265.0, 145.0 ] } },
{ "type": "Feature", "properties": { "poi_type": "transport", "density": 0.6158169213905722 }, "geometry": { "type": "Point", "coordinates": [ 275.0, 145.0 ] } },
{ "type": "Feature", "properties": { "poi_type": "transport", "density": 0.47697668634592383 }, "geometry": { "type": "Point", "coordinates": [ 285.0, 145.0 ] } },
{ "type": "Feature", "properties": { "poi_type": "transport", "density": 0.37595218536111719 }, "geometry": { "type": "Point", "coordinates": [ 295.0, 145.0 ] } },
{ "type": "Feature", "properties": { "poi_type": "transport", "density": 0.45239615093429353 }, "geometry": { "type": "Point", "coordinates": [ 305.0, 145.0 ] } },
{ "type": "Feature", "properties": { "poi_type": "transport", "density": 0.37421144127861167 }, "geometry": { "type": "Point", "coordinates": [ 315.0, 145.0 ] } },
{ "type": "Feature", "properties": { "poi_type": "transport", "density": 0.46550969848857515 }, "geometry": { "type": "Point", "coordinates": [ 325.0, 145.0 ] } },
{ "type": "Feature", "properties": { "poi_type": "transport", "density": 0.31542615357500786 }, "geometry": { "type": "Point", "coordinates": [ 335.0, 145.0 ] } },
{ "type": "Feature", "properties": { "poi_type": "transport", "density": 0.34890091635460041 }, "geometry": { "type": "Point", "coordinates": [ 345.0, 145.0 ] } },
{ "type": "Feature", "properties": { "poi_type": "transport", "density": 0.39278111560372109 }, "geometry": { "type": "Point", "coordinates": [ 355.0, 145.0 ] } },
{ "type": "Feature", "properties": { "poi_type": "transport", "density": 0.54433320599136881 }, "geometry": { "type": "Point", "coordinates": [ 365.0, 145.0 ] } },
{ "type": "Feature", "properties": { "poi_type": "transport", "density": 0.64274007102436204 }, "geometry": { "type": "Point", "coordinates": [ 375.0, 145.0 ] } },
{ "type": "Feature", "properties": { "poi_type": "transport", "density": 0.3896428152109544 }, "geometry": { "type": "Point", "coordinates": [ 385.0, 145.0 ] } },
{ "type": "Feature", "properties": { "poi_type": "transport", "density": 0.45715994441752961 }, "geometry": { "type": "Point", "coordinates": [ 395.0, 145.0 ] } },
{ "type": "Feature", "properties": { "poi_type": "transport", "density": 0.58711324515033669 }, "geometry": { "type": "Point", "coordinates": [ 405.0, 145.0 ] } },
{ "type": "Feature", "properties": { "poi_type": "transport", "density": 0.54691387334467323 }, "geometry": { "type": "Point", "coordinates": [ 415.0, 145.0 ] } },
{ "type": "Feature", "properties": { "poi_type": "transport", "density": 0.66155356927776654 }, "geometry": { "type": "Point", "coordinates": [ 425.0, 145.0 ] } },
{ "type": "Feature", "properties": { "poi_type": "transport", "density": 0.60829640544485475 }, "geometry": { "type": "Point", "coordinates": [ 435.0, 145.0 ] } },
{ "type": "Feature", "properties": { "poi_type": "transport", "density": 0.61402203593768889 }, "geometry": { "type": "Point", "coordinates": [ 445.0, 145.0 ] } },
{ "type": "Feature", "properties": { "poi_type": "transport", "density": 0.57354787563726184 }, "geometry": { "type": "Point", "coordinates": [ 455.0, 145.0 ] } },
{ "type": "Feature", "properties": { "poi_type": "transport", "density": 0.3053063928431996 }, "geometry": { "type": "Point", "coordinates": [ 465.0, 145.0 ] } },
{ "type": "Feature", "properties": { "poi_type": "transport", "density": 0.57088290502993511 }, "geometry": { "type": "Point", "coordinates": [ 475.0, 145.0 ] } },
{ "type": "Feature", "properties": { "poi_type": "transport", "density": 0.60975682648108409 }, "geometry": { "type": "Point", "coordinates": [ 485.0, 145.0 ] } },
{ "type": "Feature", "properties": { "poi_type": "transport", "density": 0.45593634405522876 }, "geometry": { "type": "Point", "coordinates": [ 495.0, 145.0 ] } },
{ "type": "Feature", "properties": { "poi_type": "transport", "density": 0.31884670026055101 }, "geometry": { "type": "Point", "coordinates": [ 505.0, 145.0 ] } },
{ "type": "Feature", "properties": { "poi_type": "transport", "density": 0.31442057228600712 }, "geometry": { "type": "Point", "coordinates": [ 515.0, 145.0 ] } },
{ "type": "Feature", "properties": { "poi_type": "transport", "density": 0.33485824565697847 }, "geometry": { "type": "Point", "coordinates": [ 525.0, 145.0 ] } },
{ "type": "Feature", "properties": { "poi_type": "transport", "density": 0.31471948055781868 }, "geometry": { "type": "Point", "coordinates": [ 535.0, 145.0 ] } },
{ "type": "Feature", "properties": { "poi_type": "transport", "density": 0.62597088850037874 }, "geometry": { "type": "Point", "coordinates": [ 545.0, 145.0 ] } },
{ "type": "Feature", "properties": { "poi_type": "transport", "density": 0.53100385234028535 }, "geometry": { "type": "Point", "coordinates": [ 555.0, 145.0 ] } },
{ "type": "Feature", "properties": { "poi_type": "transport", "density": 0.46797594821453703 }, "geometry": { "type": "Point", "coordinates": [ 565.0, 145.0 ] } },
{ "type": "Feature", "properties": { "poi_type": "transport", "density": 0.41752386980952672 }, "geometry": { "type": "Point", "coordinates": [ 575.0, 145.0 ] } },
{ "type": "Feature", "properties": { "poi_type": "transport", "density": 0.32525091153771302 }, "geometry": { "type": "Point", "coordinates": [ 585.0, 145.0 ] } },
{ "type": "Feature", "properties": { "poi_type": "transport", "density": 0.33973148843740436 }, "geometry": { "type": "Point", "coordinates": [ 595.0, 145.0 ] } },
{ "type": "Feature", "properties": { "poi_type": "transport", "density": 0.67867231105632919 }, "geometry": { "type": "Point", "coordinates": [ 5.0, 155.0 ] } },
{ "type": "Feature", "properties": { "poi_type": "transport", "density": 0.65854203463681549 }, "geometry": { "type": "Point", "coordinates": [ 15.0, 155.0 ] } },
{ "type": "Feature", "properties": { "poi_type": "transport", "density": 0.65345523076459189 }, "geometry": { "type": "Point", "coordinates": [ 25.0, 155.0 ] } },
{ "type": "Feature", "properties": { "poi_type": "transport", "density": 0.38693001064926652 }, "geometry": { "type": "Point", "coordinates": [ 35.0, 155.0 ] } },
{ "type": "Feature", "properties": { "poi_type": "transport", "density": 0.4588827156529196 }, "geometry": { "type": "Point", "coordinates": [ 45.0, 155.0 ] } },
{ "type": "Feature", "properties": { "poi_type": "transport", "density": 0.36274692107352463 }, "geometry": { "type": "Point", "coordinates": [ 55.0, 155.0 ] } },
{ "type": "Feature", "properties": { "poi_type": "transport", "density": 0.59285459556601494 }, "geometry": { "type": "Point", "coordinates": [ 65.0, 155.0 ] } },
{ "type": "Feature", "properties": { "poi_type": "transport", "density": 0.30592659820875029 }, "geometry": { "type": "Point", "coordinates": [ 75.0, 155.0 ] } },
{ "type": "Feature", "properties": { "poi_type": "transport", "density": 0.55439976516997169 }, "geometry": { "type": "Point", "coordinates": [ 85.0, 155.0 ] } },
{ "type": "Feature", "properties": { "poi_type": "transport", "density": 0.52395484800421943 }, "geometry": { "type": "Point", "coordinates": [ 95.0, 155.0 ] } },
{ "type": "Feature", "properties": { "poi_type": "transport", "density": 0.67448188205953685 }, "geometry": { "type": "Point", "coordinates": [ 105.0, 155.0 ] } },
{ "type": "Feature", "properties": { "poi_type": "transport", "density": 0.61209203932403811 }, "geometry": { "type": "Point", "coordinates": [ 115.0, 155.0 ] } },
{ "type": "Feature", "properties": { "poi_type": "transport", "density": 0.3145327112906533 }, "geometry": { "type": "Point", "coordinates": [ 125.0, 155.0 ] } },
{ "type": "Feature", "properties": { "poi_type": "transport", "density": 0.41125054845453346 }, "geometry": { "type": "Point", "coordinates": [ 135.0, 155.0 ] } },
{ "type": "Feature", "properties": { "poi_type": "transport", "density": 0.32010053147045192 }, "geometry": { "type": "Point", "coordinates": [ 145.0, 155.0 ] } },
{ "type": "Feature", "properties": { "poi_type": "transport", "density": 0.66669380768285935 }, "geometry": { "type": "Point", "coordinates": [ 155.0, 155.0 ] } },
{ "type": "Feature", "properties": { "poi_type": "transport", "density": 0.36734976926108381 }, "geometry": { "type": "Point", "coordinates": [ 165.0, 155.0 ] } },
{ "type": "Feature", "properties": { "poi_type": "transport", "density": 0.69005678596432596 }, "geometry": { "type": "Point", "coordinates": [ 175.0, 155.0 ] } },
{ "type": "Feature", "properties": { "poi_type": "transport", "density": 0.55984384144865262 }, "geometry": { "type": "Point", "coordinates": [ 185.0, 155.0 ] } },
{ "type": "Feature", "properties": { "poi_type": "transport", "density": 0.67148393684005425 }, "geometry": { "type": "Point", "coordinates": [ 195.0, 155.0 ] } },
{ "type": "Feature", "properties": { "poi_type": "transport", "density": 0.58961848505652181 }, "geometry": { "type": "Point", "coordinates": [ 205.0, 155.0 ] } },
{ "type": "Feature", "properties": { "poi_type": "transport", "density": 0.3624095345711083 }, "geometry": { "type": "Point", "coordinates": [ 215.0, 155.0 ] } },
{ "type": "Feature", "properties": { "poi_type": "transport", "density": 0.46391298724887686 }, "geometry": { "type": "Point", "coordinates": [ 225.0, 155.0 ] } },
{ "type": "Feature", "properties": { "poi_type": "transport", "density": 0.66511778562068669 }, "geometry": { "type": "Point", "coordinates": [ 235.0, 155.0 ] } },
{ "type": "Feature", "properties": { "poi_type": "transport", "density": 0.40554195611546717 }, "geometry": { "type": "Point", "coordinates": [ 245.0, 155.0 ] } },
{ "type": "Feature", "properties": { "poi_type": "transport", "density": 0.6183255796882976 }, "geometry": { "type": "Point", "coordinates": [ 255.0, 155.0 ] } },
{ "type": "Feature", "properties": { "poi_type": "transport", "density": 0.54876648690789698 }, "geometry": { "type": "Point", "coordinates": [ 265.0, 155.0 ] } },
{ "type": "Feature", "properties": { "poi_type": "transport", "density": 0.53376841629959493 }, "geometry": { "type": "Point", "coordinates": [ 275.0, 155.0 ] } },
{ "type": "Feature", "properties": { "poi_type": "transport", "density": 0.32499067588832387 }, "geometry": { "type": "Point", "coordinates": [ 285.0, 155.0 ] } },
{ "type": "Feature", "properties": { "poi_type": "transport", "density": 0.30793485032817569 }, "geometry": { "type": "Point", "coordinates": [ 295.0, 155.0 ] } },
{ "type": "Feature", "properties": { "poi_type": "transport", "density": 0.56032766027881875 }, "geometry": { "type": "Point", "coordinates": [ 305.0, 155.0 ] } },
{ "type": "Feature", "properties": { "poi_type": "transport", "density": 0.6474083755291774 }, "geometry": { "type": "Point", "coordinates": [ 315.0, 155.0 ] } },
{ "type": "Feature", "properties": { "poi_type": "transport", "density": 0.36291310390694131 }, "geometry": { "type": "Point", "coordinates": [ 325.0, 155.0 ] } },
{ "type": "Feature", "properties": { "poi_type": "transport", "density": 0.33745067504863524 }, "geometry": { "type": "Point", "coordinates": [ 335.0, 155.0 ] } },
{ "type": "Feature", "properties": { "poi_type": "transport", "density": 0.56199711140195974 }, "geometry": { "type": "Point", "coordinates": [ 345.0, 155.0 ] } },
{ "type": "Feature", "properties": { "poi_type": "transport", "density": 0.48160561334734431 }, "geometry": { "type": "Point", "coordinates": [ 355.0, 155.0 ] } },
{ "type": "Feature", "properties": { "poi_type": "transport", "density": 0.31334105856504274 }, "geometry": { "type": "Point", "coordinates": [ 365.0, 155.0 ] } },
{ "type": "Feature", "properties": { "poi_type": "transport", "density": 0.4693928859473081 }, "geometry": { "type": "Point", "coordinates": [ 375.0, 155.0 ] } },
{ "type": "Feature", "properties": { "poi_type": "transport", "density": 0.4064986384550861 }, "geometry": { "type": "Point", "coordinates": [ 385.0, 155.0 ] } },
{ "type": "Feature", "properties": { "poi_type": "transport", "density": 0.31395753632521728 }, "geometry": { "type": "Point", "coordinates": [ 395.0, 155.0 ] } },
{ "type": "Feature", "properties": { "poi_type": "transport", "density": 0.59650910326897066 }, "geometry": { "type": "Point", "coordinates": [ 405.0, 155.0 ] } },
{ "type": "Feature", "properties": { "poi_type": "transport", "density": 0.31078944543579068 }, "geometry": { "type": "Point", "coordinates": [ 415.0, 155.0 ] } },
{ "type": "Feature", "properties": { "poi_type": "transport", "density": 0.56020703034602382 }, "geometry": { "type": "Point", "coordinates": [ 425.0, 155.0 ] } },
{ "type": "Feature", "properties": { "poi_type": "transport", "density": 0.32964873386815835 }, "geometry": { "type": "Point", "coordinates": [ 435.0, 155.0 ] } },
{ "type": "Feature", "properties": { "poi_type": "transport", "density": 0.40101035718066408 }, "geometry": { "type": "Point", "coordinates": [ 445.0, 155.0 ] } },
{ "type": "Feature", "properties": { "poi_type": "transport", "density": 0.67482354700892411 }, "geometry": { "type": "Point", "coordinates": [ 455.0, 155.0 ] } },
{ "type": "Feature", "properties": { "poi_type": "transport", "density": 0.47940971220891859 }, "geometry": { "type": "Point", "coordinates": [ 465.0, 155.0 ] } },
{ "type": "Feature", "properties": { "poi_type": "transport", "density": 0.54118354028579729 }, "geometry": { "type": "Point", "coordinates": [ 475.0, 155.0 ] } },
{ "type": "Feature", "properties": { "poi_type": "transport", "density": 0.43125025274610623 }, "geometry": { "type": "Point", "coordinates": [ 485.0, 155.0 ] } },
{ "type": "Feature", "properties": { "poi_type": "transport", "density": 0.41034857423113924 }, "geometry": { "type": "Point", "coordinates": [ 495.0, 155.0 ] } },
{ "type": "Feature", "properties": { "poi_type": "transport", "density": 0.38903737342650313 }, "geometry": { "type": "Point", "coordinates": [ 505.0, 155.0 ] } },
{ "type": "Feature", "properties": { "poi_type": "transport", "density": 0.49722486085170525 }, "geometry": { "type": "Point", "coordinates": [ 515.0, 155.0 ] } },
{ "type": "Feature", "properties": { "poi_type": "transport", "density": 0.64019540862687829 }, "geometry": { "type": "Point", "coordinates": [ 525.0, 155.0 ] } },
{ "type": "Feature", "properties": { "poi_type": "transport", "density": 0.68711067685052418 }, "geometry": { "type": "Point", "coordinates": [ 535.0, 155.0 ] } },
{ "type": "Feature", "properties": { "poi_type": "transport", "density": 0.32493487149071287 }, "geometry": { "type": "Point", "coordinates": [ 545.0, 155.0 ] } },
{ "type": "Feature", "properties": { "poi_type": "transport", "density": 0.55972253741868339 }, "geometry": { "type": "Point", "coordinates": [ 555.0, 155.0 ] } },
{ "type": "Feature", "properties": { "poi_type": "transport", "density": 0.59385815670406628 }, "geometry": { "type": "Point", "coordinates": [ 565.0, 155.0 ] } },
{ "type": "Feature", "properties": { "poi_type": "transport", "density": 0.6971698660010377 }, "geometry": { "type": "Point", "coordinates": [ 575.0, 155.0 ] } },
{ "type": "Feature", "properties": { "poi_type": "transport", "density": 0.60943433840546346 }, "geometry": { "type": "Point", "coordinates": [ 585.0, 155.0 ] } },
{ "type": "Feature", "properties": { "poi_type": "transport", "density": 0.60075340496185814 }, "geometry": { "type": "Point", "coordinates": [ 595.0, 155.0 ] } },
{ "type": "Feature", "properties": { "poi_type": "transport", "density": 0.41613415240634266 }, "geometry": { "type": "Point", "coordinates": [ 5.0, 165.0 ] } },
{ "type": "Feature", "properties": { "poi_type": "transport", "density": 0.45117351824519381 }, "geometry": { "type": "Point", "coordinates": [ 15.0, 165.0 ] } },
{ "type": "Feature", "properties": { "poi_type": "transport", "density": 0.52611076425752057 }, "geometry": { "type": "Point", "coordinates": [ 25.0, 165.0 ] } },
{ "type": "Feature", "properties": { "poi_type": "transport", "density": 0.33137987243629424 }, "geometry": { "type": "Point", "coordinates": [ 35.0, 165.0 ] } },
{ "type": "Feature", "properties": { "poi_type": "transport", "density": 0.5899587653319025 }, "geometry": { "type": "Point", "coordinates": [ 45.0, 165.0 ] } },
{ "type": "Feature", "properties": { "poi_type": "transport", "density": 0.40349391363336762 }, "geometry": { "type": "Point", "coordinates": [ 55.0, 165.0 ] } },
{ "type": "Feature", "properties": { "poi_type": "transport", "density": 0.36000533227966358 }, "geometry": { "type": "Point", "coordinates": [ 65.0, 165.0 ] } },
{ "type": "Feature", "properties": { "poi_type": "transport", "density": 0.44690186616433969 }, "geometry": { "type": "Point", "coordinates": [ 75.0, 165.0 ] } },
{ "type": "Feature", "properties": { "poi_type": "transport", "density": 0.60792048762354278 }, "geometry": { "type": "Point", "coordinates": [ 85.0, 165.0 ] } },
{ "type": "Feature", "properties": { "poi_type": "transport", "density": 0.43213520374703451 }, "geometry": { "type": "Point", "coordinates": [ 95.0, 165.0 ] } },
{ "type": "Feature", "properties": { "poi_type": "transport", "density": 0.46859915889418657 }, "geometry": { "type": "Point", "coordinates": [ 105.0, 165.0 ] } },
{ "type": "Feature", "properties": { "poi_type": "transport", "density": 0.48858245031566572 }, "geometry": { "type": "Point", "coordinates": [ 115.0, 165.0 ] } },
{ "type": "Feature", "properties": { "poi_type": "transport", "density": 0.32211114842871141 }, "geometry": { "type": "Point", "coordinates": [ 125.0, 165.0 ] } },
{ "type": "Feature", "properties": { "poi_type": "transport", "density": 0.53549320599204553 }, "geometry": { "type": "Point", "coordinates": [ 135.0, 165.0 ] } },
{ "type": "Feature", "properties": { "poi_type": "transport", "density": 0.64200031647474254 }, "geometry": { "type": "Point", "coordinates": [ 145.0, 165.0 ] } },
{ "type": "Feature", "properties": { "poi_type": "transport", "density": 0.67324535306487243 }, "geometry": { "type": "Point", "coordinates": [ 155.0, 165.0 ] } },
{ "type": "Feature", "properties": { "poi_type": "transport", "density": 0.425644002980758 }, "geometry": { "type": "Point", "coordinates": [ 165.0, 165.0 ] } },
{ "type": "Feature", "properties": { "poi_type": "transport", "density": 0.301402648299402 }, "geometry": { "type": "Point", "coordinates": [ 175.0, 165.0 ] } },
{ "type": "Feature", "properties": { "poi_type": "transport", "density": 0.66265637626023199 }, "geometry": { "type": "Point", "coordinates": [ 185.0, 165.0 ] } },
{ "type": "Feature", "properties": { "poi_type": "transport", "density": 0.52204689890021072 }, "geometry": { "type": "Point", "coordinates": [ 195.0, 165.0 ] } },
{ "type": "Feature", "properties": { "poi_type": "transport", "density": 0.57117909079349238 }, "geometry": { "type": "Point", "coordinates": [ 205.0, 165.0 ] } },
{ "type": "Feature", "properties": { "poi_type": "transport", "density": 0.39699083779894428 }, "geometry": { "type": "Point", "coordinates": [ 215.0, 165.0 ] } },
{ "type": "Feature", "properties": { "poi_type": "transport", "density": 0.62917831785102751 }, "geometry": { "type": "Point", "coordinates": [ 225.0, 165.0 ] } },
{ "type": "Feature", "properties": { "poi_type": "transport", "density": 0.39280717669004556 }, "geometry": { "type": "Point", "coordinates": [ 235.0, 165.0 ] } },
{ "type": "Feature", "properties": { "poi_type": "transport", "density": 0.64176892174264155 }, "geometry": { "type": "Point", "coordinates": [ 245.0, 165.0 ] } },
{ "type": "Feature", "properties": { "poi_type": "transport", "density": 0.36628591786699854 }, "geometry": { "type": "Point", "coordinates": [ 255.0, 165.0 ] } },
{ "type": "Feature", "properties": { "poi_type": "transport", "density": 0.47030294178299614 }, "geometry": { "type": "Point", "coordinates": [ 265.0, 165.0 ] } },
{ "type": "Feature", "properties": { "poi_type": "transport", "density": 0.64565431811518914 }, "geometry": { "type": "Point", "coordinates": [ 275.0, 165.0 ] } },
{ "type": "Feature", "properties": { "poi_type": "transport", "density": 0.4910569920980371 }, "geometry": { "type": "Point", "coordinates": [ 285.0, 165.0 ] } },
{ "type": "Feature", "properties": { "poi_type": "transport", "density": 0.35871951521459677 }, "geometry": { "type": "Point", "coordinates": [ 295.0, 165.0 ] } },
{ "type": "Feature", "properties": { "poi_type": "transport", "density": 0.38579710334102729 }, "geometry": { "type": "Point", "coordinates": [ 305.0, 165.0 ] } },
{ "type": "Feature", "properties": { "poi_type": "transport", "density": 0.57565274909399078 }, "geometry": { "type": "Point", "coordinates": [ 315.0, 165.0 ] } },
{ "type": "Feature", "properties": { "poi_type": "transport", "density": 0.65069440456822725 }, "geometry": { "type": "Point", "coordinates": [ 325.0, 165.0 ] } },
{ "type": "Feature", "properties": { "poi_type": "transport", "density": 0.67186119079557871 }, "geometry": { "type": "Point", "coordinates": [ 335.0, 165.0 ] } },
{ "type": "Feature", "properties": { "poi_type": "transport", "density": 0.5014012735593476 }, "geometry": { "type": "Point", "coordinates": [ 345.0, 165.0 ] } },
{ "type": "Feature", "properties": { "poi_type": "transport", "density": 0.45398512964494775 }, "geometry": { "type": "Point", "coordinates": [ 355.0, 165.0 ] } },
{ "type": "Feature", "properties": { "poi_type": "transport", "density": 0.50208414774186316 }, "geometry": { "type": "Point", "coordinates": [ 365.0, 165.0 ] } },
{ "type": "Feature", "properties": { "poi_type": "transport", "density": 0.33920806348923799 }, "geometry": { "type": "Point", "coordinates": [ 375.0, 165.0 ] } },
{ "type": "Feature", "properties": { "poi_type": "transport", "density": 0.46019460823540259 }, "geometry": { "type": "Point", "coordinates": [ 385.0, 165.0 ] } },
{ "type": "Feature", "properties": { "poi_type": "transport", "density": 0.67878047035676159 }, "geometry": { "type": "Point", "coordinates": [ 395.0, 165.0 ] } },
{ "type": "Feature", "properties": { "poi_type": "transport", "density": 0.50048896252623909 }, "geometry": { "type": "Point", "coordinates": [ 405.0, 165.0 ] } },
{ "type": "Feature", "properties": { "poi_type": "transport", "density": 0.3001799952664142 }, "geometry": { "type": "Point", "coordinates": [ 415.0, 165.0 ] } },
{ "type": "Feature", "properties": { "poi_type": "transport", "density": 0.60228241649038394 }, "geometry": { "type": "Point", "coordinates": [ 425.0, 165.0 ] } },
{ "type": "Feature", "properties": { "poi_type": "transport", "density": 0.66012605273653113 }, "geometry": { "type": "Point", "coordinates": [ 435.0, 165.0 ] } },
{ "type": "Feature", "properties": { "poi_type": "transport", "density": 0.35790012764658724 }, "geometry": { "type": "Point", "coordinates": [ 445.0, 165.0 ] } },
{ "type": "Feature", "properties": { "poi_type": "transport", "density": 0.64187376793020567 }, "geometry": { "type": "Point", "coordinates": [ 455.0, 165.0 ] } },
{ "type": "Feature", "properties": { "poi_type": "transport", "density": 0.37389668866451931 }, "geometry": { "type": "Point", "coordinates": [ 465.0, 165.0 ] } },
{ "type": "Feature", "properties": { "poi_type": "transport", "density": 0.57303983900961919 }, "geometry": { "type": "Point", "coordinates": [ 475.0, 165.0 ] } },
{ "type": "Feature", "properties": { "poi_type": "transport", "density": 0.54548410980854056 }, "geometry": { "type": "Point", "coordinates": [ 485.0, 165.0 ] } },
{ "type": "Feature", "properties": { "poi_type": "transport", "density": 0.35376374409105166 }, "geometry": { "type": "Point", "coordinates": [ 495.0, 165.0 ] } },
{ "type": "Feature", "properties": { "poi_type": "transport", "density": 0.6448557697679671 }, "geometry": { "type": "Point", "coordinates": [ 505.0, 165.0 ] } },
{ "type": "Feature", "properties": { "poi_type": "transport", "density": 0.65877861205036936 }, "geometry": { "type": "Point", "coordinates": [ 515.0, 165.0 ] } },
{ "type": "Feature", "properties": { "poi_type": "transport", "density": 0.36895597606515179 }, "geometry": { "type": "Point", "coordinates": [ 525.0, 165.0 ] } },
{ "type": "Feature", "properties": { "poi_type": "transport", "density": 0.36637359699297245 }, "geometry": { "type": "Point", "coordinates": [ 535.0, 165.0 ] } },
{ "type": "Feature", "properties": { "poi_type": "transport", "density": 0.44780909750068076 }, "geometry": { "type": "Point", "coordinates": [ 545.0, 165.0 ] } },
{ "type": "Feature", "properties": { "poi_type": "transport", "density": 0.55473019309305605 }, "geometry": { "type": "Point", "coordinates": [ 555.0, 165.0 ] } },
{ "type": "Feature", "properties": { "poi_type": "transport", "density": 0.50459105527912052 }, "geometry": { "type": "Point", "coordinates": [ 565.0, 165.0 ] } },
{ "type": "Feature", "properties": { "poi_type": "transport", "density": 0.69889033554719238 }, "geometry": { "type": "Point", "coordinates": [ 575.0, 165.0 ] } },
{ "type": "Feature", "properties": { "poi_type": "transport", "density": 0.6734039570656204 }, "geometry": { "type": "Point", "coordinates": [ 585.0, 165.0 ] } },
{ "type": "Feature", "properties": { "poi_type": "transport", "density": 0.68897077291849529 }, "geometry": { "type": "Point", "coordinates": [ 595.0, 165.0 ] } },
{ "type": "Feature", "properties": { "poi_type": "transport", "density": 0.43708450859193793 }, "geometry": { "type": "Point", "coordinates": [ 5.0, 175.0 ] } },
{ "type": "Feature", "properties": { "poi_type": "transport", "density": 0.54378106172726626 }, "geometry": { "type": "Point", "coordinates": [ 15.0, 175.0 ] } },
{ "type": "Feature", "properties": { "poi_type": "transport", "density": 0.6536968294405674 }, "geometry": { "type": "Point", "coordinates": [ 25.0, 175.0 ] } },
{ "type": "Feature", "properties": { "poi_type": "transport", "density": 0.30364567322058511 }, "geometry": { "type": "Point", "coordinates": [ 35.0, 175.0 ] } },
{ "type": "Feature", "properties": { "poi_type": "transport", "density": 0.53262705465639537 }, "geometry": { "type": "Point", "coordinates": [ 45.0, 175.0 ] } },
{ "type": "Feature", "properties": { "poi_type": "transport", "density": 0.38575745122318644 }, "geometry": { "type": "Point", "coordinates": [ 55.0, 175.0 ] } },
{ "type": "Feature", "properties": { "poi_type": "transport", "density": 0.4860980985160262 }, "geometry": { "type": "Point", "coordinates": [ 65.0, 175.0 ] } },
{ "type": "Feature", "properties": { "poi_type": "transport", "density": 0.67815145787181685 }, "geometry": { "type": "Point", "coordinates": [ 75.0, 175.0 ] } },
{ "type": "Feature", "properties": { "poi_type": "transport", "density": 0.56813914020379885 }, "geometry": { "type": "Point", "coordinates": [ 85.0, 175.0 ] } },
{ "type": "Feature", "properties": { "poi_type": "transport", "density": 0.32524638485116308 }, "geometry": { "type": "Point", "coordinates": [ 95.0, 175.0 ] } },
{ "type": "Feature", "properties": { "poi_type": "transport", "density": 0.37036128992739586 }, "geometry": { "type": "Point", "coordinates": [ 105.0, 175.0 ] } },
{ "type": "Feature", "properties": { "poi_type": "transport", "density": 0.32807944693840901 }, "geometry": { "type": "Point", "coordinates": [ 115.0, 175.0 ] } },
{ "type": "Feature", "properties": { "poi_type": "transport", "density": 0.55315936908807584 }, "geometry": { "type": "Point", "coordinates": [ 125.0, 175.0 ] } },
{ "type": "Feature", "properties": { "poi_type": "transport", "density": 0.53508707043828074 }, "geometry": { "type": "Point", "coordinates": [ 135.0, 175.0 ] } },
{ "type": "Feature", "properties": { "poi_type": "transport", "density": 0.69216295232608038 }, "geometry": { "type": "Point", "coordinates": [ 145.0, 175.0 ] } },
{ "type": "Feature", "properties": { "poi_type": "transport", "density": 0.51414624189002434 }, "geometry": { "type": "Point", "coordinates": [ 155.0, 175.0 ] } },
{ "type": "Feature", "properties": { "poi_type": "transport", "density": 0.46654133960946237 }, "geometry": { "type": "Point", "coordinates": [ 165.0, 175.0 ] } },
{ "type": "Feature", "properties": { "poi_type": "transport", "density": 0.61320614634174286 }, "geometry": { "type": "Point", "coordinates": [ 175.0, 175.0 ] } },
{ "type": "Feature", "properties": { "poi_type": "transport", "density": 0.4368926397897881 }, "geometry": { "type": "Point", "coordinates": [ 185.0, 175.0 ] } },
{ "type": "Feature", "properties": { "poi_type": "transport", "density": 0.46310605113443115 }, "geometry": { "type": "Point", "coordinates": [ 195.0, 175.0 ] } },
{ "type": "Feature", "properties": { "poi_type": "transport", "density": 0.51895168764932254 }, "geometry": { "type": "Point", "coordinates": [ 205.0, 175.0 ] } },
{ "type": "Feature", "properties": { "poi_type": "transport", "density": 0.41609257239481756 }, "geometry": { "type": "Point", "coordinates": [ 215.0, 175.0 ] } },
{ "type": "Feature", "properties": { "poi_type": "transport", "density": 0.37408637993568949 }, "geometry": { "type": "Point", "coordinates": [ 225.0, 175.0 ] } },
{ "type": "Feature", "properties": { "poi_type": "transport", "density": 0.30463856808815942 }, "geometry": { "type": "Point", "coordinates": [ 235.0, 175.0 ] } },
{ "type": "Feature", "properties": { "poi_type": "transport", "density": 0.67584677830411988 }, "geometry": { "type": "Point", "coordinates": [ 245.0, 175.0 ] } },
{ "type": "Feature", "properties": { "poi_type": "transport", "density": 0.43932097184156116 }, "geometry": { "type": "Point", "coordinates": [ 255.0, 175.0 ] } },
{ "type": "Feature", "properties": { "poi_type": "transport", "density": 0.65413048793756623 }, "geometry": { "type": "Point", "coordinates": [ 265.0, 175.0 ] } },
{ "type": "Feature", "properties": { "poi_type": "transport", "density": 0.49011732970908772 }, "geometry": { "type": "Point", "coordinates": [ 275.0, 175.0 ] } },
{ "type": "Feature", "properties": { "poi_type": "transport", "density": 0.54339146069366595 }, "geometry": { "type": "Point", "coordinates": [ 285.0, 175.0 ] } },
{ "type": "Feature", "properties": { "poi_type": "transport", "density": 0.43469927455836016 }, "geometry": { "type": "Point", "coordinates": [ 295.0, 175.0 ] } },
{ "type": "Feature", "properties": { "poi_type": "transport", "density": 0.60107396949634895 }, "geometry": { "type": "Point", "coordinates": [ 305.0, 175.0 ] } },
{ "type": "Feature", "properties": { "poi_type": "transport", "density": 0.48613733890506716 }, "geometry": { "type": "Point", "coordinates": [ 315.0, 175.0 ] } },
{ "type": "Feature", "properties": { "poi_type": "transport", "density": 0.3476978044346889 }, "geometry": { "type": "Point", "coordinates": [ 325.0, 175.0 ] } },
{ "type": "Feature", "properties": { "poi_type": "transport", "density": 0.55306054624495005 }, "geometry": { "type": "Point", "coordinates": [ 335.0, 175.0 ] } },
{ "type": "Feature", "properties": { "poi_type": "transport", "density": 0.60955997617473723 }, "geometry": { "type": "Point", "coordinates": [ 345.0, 175.0 ] } },
{ "type": "Feature", "properties": { "poi_type": "transport", "density": 0.60221738767432198 }, "geometry": { "type": "Point", "coordinates": [ 355.0, 175.0 ] } },
{ "type": "Feature", "properties": { "poi_type": "transport", "density": 0.36345270263210877 }, "geometry": { "type": "Point", "coordinates": [ 365.0, 175.0 ] } },
{ "type": "Feature", "properties": { "poi_type": "transport", "density": 0.53938663333114034 }, "geometry": { "type": "Point", "coordinates": [ 375.0, 175.0 ] } },
{ "type": "Feature", "properties": { "poi_type": "transport", "density": 0.44645155529045816 }, "geometry": { "type": "Point", "coordinates": [ 385.0, 175.0 ] } },
{ "type": "Feature", "properties": { "poi_type": "transport", "density": 0.58798182364923757 }, "geometry": { "type": "Point", "coordinates": [ 395.0, 175.0 ] } },
{ "type": "Feature", "properties": { "poi_type": "transport", "density": 0.3363316282961506 }, "geometry": { "type": "Point", "coordinates": [ 405.0, 175.0 ] } },
{ "type": "Feature", "properties": { "poi_type": "transport", "density": 0.38873221954471077 }, "geometry": { "type": "Point", "coordinates": [ 415.0, 175.0 ] } },
{ "type": "Feature", "properties": { "poi_type": "transport", "density": 0.5598475368018474 }, "geometry": { "type": "Point", "coordinates": [ 425.0, 175.0 ] } },
{ "type": "Feature", "properties": { "poi_type": "transport", "density": 0.55309245191994294 }, "geometry": { "type": "Point", "coordinates": [ 435.0, 175.0 ] } },
{ "type": "Feature", "properties": { "poi_type": "transport", "density": 0.40797941124852444 }, "geometry": { "type": "Point", "coordinates": [ 445.0, 175.0 ] } },
{ "type": "Feature", "properties": { "poi_type": "transport", "density": 0.68861708162703306 }, "geometry": { "type": "Point", "coordinates": [ 455.0, 175.0 ] } },
{ "type": "Feature", "properties": { "poi_type": "transport", "density": 0.31342261328963572 }, "geometry": { "type": "Point", "coordinates": [ 465.0, 175.0 ] } },
{ "type": "Feature", "properties": { "poi_type": "transport", "density": 0.37107740210690621 }, "geometry": { "type": "Point", "coordinates": [ 475.0, 175.0 ] } },
{ "type": "Feature", "properties": { "poi_type": "transport", "density": 0.55128259665354151 }, "geometry": { "type": "Point", "coordinates": [ 485.0, 175.0 ] } },
{ "type": "Feature", "properties": { "poi_type": "transport", "density": 0.57945229136382082 }, "geometry": { "type": "Point", "coordinates": [ 495.0, 175.0 ] } },
{ "type": "Feature", "properties": { "poi_type": "transport", "density": 0.5058769819451101 }, "geometry": { "type": "Point", "coordinates": [ 505.0, 175.0 ] } },
{ "type": "Feature", "properties": { "poi_type": "transport", "density": 0.59045988739546917 }, "geometry": { "type": "Point", "coordinates": [ 515.0, 175.0 ] } },
{ "type": "Feature", "properties": { "poi_type": "transport", "density": 0.66620074363209436 }, "geometry": { "type": "Point", "coordinates": [ 525.0, 175.0 ] } },
{ "type": "Feature", "properties": { "poi_type": "transport", "density": 0.33383449771141915 }, "geometry": { "type": "Point", "coordinates": [ 535.0, 175.0 ] } },
{ "type": "Feature", "properties": { "poi_type": "transport", "density": 0.63411389000537599 }, "geometry": { "type": "Point", "coordinates": [ 545.0, 175.0 ] } },
{ "type": "Feature", "properties": { "poi_type": "transport", "density": 0.58684763526927708 }, "geometry": { "type": "Point", "coordinates": [ 555.0, 175.0 ] } },
{ "type": "Feature", "properties": { "poi_type": "transport", "density": 0.36806536611110302 }, "geometry": { "type": "Point", "coordinates": [ 565.0, 175.0 ] } },
{ "type": "Feature", "properties": { "poi_type": "transport", "density": 0.44454087323738428 }, "geometry": { "type": "Point", "coordinates": [ 575.0, 175.0 ] } },
{ "type": "Feature", "properties": { "poi_type": "transport", "density": 0.5301923850165644 }, "geometry": { "type": "Point", "coordinates": [ 585.0, 175.0 ] } },
{ "type": "Feature", "properties": { "poi_type": "transport", "density": 0.48976914390433191 }, "geometry": { "type": "Point", "coordinates": [ 595.0, 175.0 ] } },
{ "type": "Feature", "properties": { "poi_type": "transport", "density": 0.48651270282641301 }, "geometry": { "type": "Point", "coordinates": [ 125.0, 185.0 ] } },
{ "type": "Feature", "properties": { "poi_type": "transport", "density": 0.37695285049996197 }, "geometry": { "type": "Point", "coordinates": [ 135.0, 185.0 ] } },
{ "type": "Feature", "properties": { "poi_type": "transport", "density": 0.56258850686690887 }, "geometry": { "type": "Point", "coordinates": [ 145.0, 185.0 ] } },
{ "type": "Feature", "properties": { "poi_type": "transport", "density": 0.57196028788813913 }, "geometry": { "type": "Point", "coordinates": [ 155.0, 185.0 ] } },
{ "type": "Feature", "properties": { "poi_type": "transport", "density": 0.31102298317991794 }, "geometry": { "type": "Point", "coordinates": [ 165.0, 185.0 ] } },
{ "type": "Feature", "properties": { "poi_type": "transport", "density": 0.48146969910985693 }, "geometry": { "type": "Point", "coordinates": [ 175.0, 185.0 ] } },
{ "type": "Feature", "properties": { "poi_type": "transport", "density": 0.56156736755841075 }, "geometry": { "type": "Point", "coordinates": [ 185.0, 185.0 ] } },
{ "type": "Feature", "properties": { "poi_type": "transport", "density": 0.3036558889988818 }, "geometry": { "type": "Point", "coordinates": [ 195.0, 185.0 ] } },
{ "type": "Feature", "properties": { "poi_type": "transport", "density": 0.36409018439842278 }, "geometry": { "type": "Point", "coordinates": [ 205.0, 185.0 ] } },
{ "type": "Feature", "properties": { "poi_type": "transport", "density": 0.65350959000438524 }, "geometry": { "type": "Point", "coordinates": [ 275.0, 185.0 ] } },
{ "type": "Feature", "properties": { "poi_type": "transport", "density": 0.59163154733321077 }, "geometry": { "type": "Point", "coordinates": [ 285.0, 185.0 ] } },
{ "type": "Feature", "properties": { "poi_type": "transport", "density": 0.37690807238847124 }, "geometry": { "type": "Point", "coordinates": [ 295.0, 185.0 ] } },
{ "type": "Feature", "properties": { "poi_type": "transport", "density": 0.56686960561742616 }, "geometry": { "type": "Point", "coordinates": [ 305.0, 185.0 ] } },
{ "type": "Feature", "properties": { "poi_type": "transport", "density": 0.4816844143925898 }, "geometry": { "type": "Point", "coordinates": [ 315.0, 185.0 ] } },
{ "type": "Feature", "properties": { "poi_type": "transport", "density": 0.69941575005811973 }, "geometry": { "type": "Point", "coordinates": [ 325.0, 185.0 ] } },
{ "type": "Feature", "properties": { "poi_type": "transport", "density": 0.5450223465524604 }, "geometry": { "type": "Point", "coordinates": [ 425.0, 185.0 ] } },
{ "type": "Feature", "properties": { "poi_type": "transport", "density": 0.37565165943290846 }, "geometry": { "type": "Point", "coordinates": [ 435.0, 185.0 ] } },
{ "type": "Feature", "properties": { "poi_type": "transport", "density": 0.67649751444149087 }, "geometry": { "type": "Point", "coordinates": [ 445.0, 185.0 ] } },
{ "type": "Feature", "properties": { "poi_type": "transport", "density": 0.37931567303462355 }, "geometry": { "type": "Point", "coordinates": [ 455.0, 185.0 ] } },
{ "type": "Feature", "properties": { "poi_type": "transport", "density": 0.32210769613057799 }, "geometry": { "type": "Point", "coordinates": [ 465.0, 185.0 ] } },
{ "type": "Feature", "properties": { "poi_type": "transport", "density": 0.44409295485297995 }, "geometry": { "type": "Point", "coordinates": [ 475.0, 185.0 ] } },
{ "type": "Feature", "properties": { "poi_type": "transport", "density": 0.52787111070160198 }, "geometry": { "type": "Point", "coordinates": [ 125.0, 195.0 ] } },
{ "type": "Feature", "properties": { "poi_type": "transport", "density": 0.48987461281867717 }, "geometry": { "type": "Point", "coordinates": [ 135.0, 195.0 ] } },
{ "type": "Feature", "properties": { "poi_type": "transport", "density": 0.5751440609907994 }, "geometry": { "type": "Point", "coordinates": [ 145.0, 195.0 ] } },
{ "type": "Feature", "properties": { "poi_type": "transport", "density": 0.51815007150737336 }, "geometry": { "type": "Point", "coordinates": [ 155.0, 195.0 ] } },
{ "type": "Feature", "properties": { "poi_type": "transport", "density": 0.43433679998100971 }, "geometry": { "type": "Point", "coordinates": [ 165.0, 195.0 ] } },
{ "type": "Feature", "properties": { "poi_type": "transport", "density": 0.39243743484251487 }, "geometry": { "type": "Point", "coordinates": [ 175.0, 195.0 ] } },
{ "type": "Feature", "properties": { "poi_type": "transport", "density": 0.33756469819630258 }, "geometry": { "type": "Point", "coordinates": [ 185.0, 195.0 ] } },
{ "type": "Feature", "properties": { "poi_type": "transport", "density": 0.30173243250991272 }, "geometry": { "type": "Point", "coordinates": [ 195.0, 195.0 ] } },
{ "type": "Feature", "properties": { "poi_type": "transport", "density": 0.42108196790875813 }, "geometry": { "type": "Point", "coordinates": [ 205.0, 195.0 ] } },
{ "type": "Feature", "properties": { "poi_type": "transport", "density": 0.34725334086834003 }, "geometry": { "type": "Point", "coordinates": [ 215.0, 195.0 ] } },
{ "type": "Feature", "properties": { "poi_type": "transport", "density": 0.43067090146363723 }, "geometry": { "type": "Point", "coordinates": [ 275.0, 195.0 ] } },
{ "type": "Feature", "properties": { "poi_type": "transport", "density": 0.44896089155034069 }, "geometry": { "type": "Point", "coordinates": [ 285.0, 195.0 ] } },
{ "type": "Feature", "properties": { "poi_type": "transport", "density": 0.5537664434443279 }, "geometry": { "type": "Point", "coordinates": [ 295.0, 195.0 ] } },
{ "type": "Feature", "properties": { "poi_type": "transport", "density": 0.5525208778142745 }, "geometry": { "type": "Point", "coordinates": [ 305.0, 195.0 ] } },
{ "type": "Feature", "properties": { "poi_type": "transport", "density": 0.30322859697309501 }, "geometry": { "type": "Point", "coordinates": [ 315.0, 195.0 ] } },
{ "type": "Feature", "properties": { "poi_type": "transport", "density": 0.61794631966331504 }, "geometry": { "type": "Point", "coordinates": [ 325.0, 195.0 ] } },
{ "type": "Feature", "properties": { "poi_type": "transport", "density": 0.39788729575289872 }, "geometry": { "type": "Point", "coordinates": [ 425.0, 195.0 ] } },
{ "type": "Feature", "properties": { "poi_type": "transport", "density": 0.303920775313053 }, "geometry": { "type": "Point", "coordinates": [ 435.0, 195.0 ] } },
{ "type": "Feature", "properties": { "poi_type": "transport", "density": 0.34099685947231295 }, "geometry": { "type": "Point", "coordinates": [ 445.0, 195.0 ] } },
{ "type": "Feature", "properties": { "poi_type": "transport", "density": 0.41389943797386408 }, "geometry": { "type": "Point", "coordinates": [ 455.0, 195.0 ] } },
{ "type": "Feature", "properties": { "poi_type": "transport", "density": 0.68070635980744165 }, "geometry": { "type": "Point", "coordinates": [ 465.0, 195.0 ] } },
{ "type": "Feature", "properties": { "poi_type": "transport", "density": 0.67992701734313676 }, "geometry": { "type": "Point", "coordinates": [ 475.0, 195.0 ] } },
{ "type": "Feature", "properties": { "poi_type": "transport", "density": 0.34439084503401857 }, "geometry": { "type": "Point", "coordinates": [ 125.0, 205.0 ] } },
{ "type": "Feature", "properties": { "poi_type": "transport", "density": 0.49951827032332052 }, "geometry": { "type": "Point", "coordinates": [ 135.0, 205.0 ] } },
{ "type": "Feature", "properties": { "poi_type": "transport", "density": 0.60376317819627034 }, "geometry": { "type": "Point", "coordinates": [ 145.0, 205.0 ] } },
{ "type": "Feature", "properties": { "poi_type": "transport", "density": 0.43920599204086547 }, "geometry": { "type": "Point", "coordinates": [ 155.0, 205.0 ] } },
{ "type": "Feature", "properties": { "poi_type": "transport", "density": 0.39390830272730337 }, "geometry": { "type": "Point", "coordinates": [ 165.0, 205.0 ] } },
{ "type": "Feature", "properties": { "poi_type": "transport", "density": 0.32354946044145588 }, "geometry": { "type": "Point", "coordinates": [ 175.0, 205.0 ] } },
{ "type": "Feature", "properties": { "poi_type": "transport", "density": 0.51687656273869753 }, "geometry": { "type": "Point", "coordinates": [ 185.0, 205.0 ] } },
{ "type": "Feature", "properties": { "poi_type": "transport", "density": 0.32681505188193177 }, "geometry": { "type": "Point", "coordinates": [ 195.0, 205.0 ] } },
{ "type": "Feature", "properties": { "poi_type": "transport", "density": 0.45936826720408069 }, "geometry": { "type": "Point", "coordinates": [ 205.0, 205.0 ] } },
{ "type": "Feature", "properties": { "poi_type": "transport", "density": 0.6049828782869866 }, "geometry": { "type": "Point", "coordinates": [ 215.0, 205.0 ] } },
{ "type": "Feature", "properties": { "poi_type": "transport", "density": 0.43650084116710441 }, "geometry": { "type": "Point", "coordinates": [ 225.0, 205.0 ] } },
{ "type": "Feature", "properties": { "poi_type": "transport", "density": 0.33294372494818786 }, "geometry": { "type": "Point", "coordinates": [ 275.0, 205.0 ] } },
{ "type": "Feature", "properties": { "poi_type": "transport", "density": 0.68102048036966578 }, "geometry": { "type": "Point", "coordinates": [ 285.0, 205.0 ] } },
{ "type": "Feature", "properties": { "poi_type": "transport", "density": 0.675533595068179 }, "geometry": { "type": "Point", "coordinates": [ 295.0, 205.0 ] } },
{ "type": "Feature", "properties": { "poi_type": "transport", "density": 0.36084327566587532 }, "geometry": { "type": "Point", "coordinates": [ 305.0, 205.0 ] } },
{ "type": "Feature", "properties": { "poi_type": "transport", "density": 0.37422649479863623 }, "geometry": { "type": "Point", "coordinates": [ 315.0, 205.0 ] } },
{ "type": "Feature", "properties": { "poi_type": "transport", "density": 0.63923181347171343 }, "geometry": { "type": "Point", "coordinates": [ 325.0, 205.0 ] } },
{ "type": "Feature", "properties": { "poi_type": "transport", "density": 0.57885947610642452 }, "geometry": { "type": "Point", "coordinates": [ 425.0, 205.0 ] } },
{ "type": "Feature", "properties": { "poi_type": "transport", "density": 0.4057556029731017 }, "geometry": { "type": "Point", "coordinates": [ 435.0, 205.0 ] } },
{ "type": "Feature", "properties": { "poi_type": "transport", "density": 0.45016461970063909 }, "geometry": { "type": "Point", "coordinates": [ 445.0, 205.0 ] } },
{ "type": "Feature", "properties": { "poi_type": "transport", "density": 0.58968576581270993 }, "geometry": { "type": "Point", "coordinates": [ 455.0, 205.0 ] } },
{ "type": "Feature", "properties": { "poi_type": "transport", "density": 0.38450049029323108 }, "geometry": { "type": "Point", "coordinates": [ 465.0, 205.0 ] } },
{ "type": "Feature", "properties": { "poi_type": "transport", "density": 0.35158516293517161 }, "geometry": { "type": "Point", "coordinates": [ 475.0, 205.0 ] } },
{ "type": "Feature", "properties": { "poi_type": "transport", "density": 0.54287345888897798 }, "geometry": { "type": "Point", "coordinates": [ 75.0, 215.0 ] } },
{ "type": "Feature", "properties": { "poi_type": "transport", "density": 0.57872560212469437 }, "geometry": { "type": "Point", "coordinates": [ 125.0, 215.0 ] } },
{ "type": "Feature", "properties": { "poi_type": "transport", "density": 0.37701929717287869 }, "geometry": { "type": "Point", "coordinates": [ 135.0, 215.0 ] } },
{ "type": "Feature", "properties": { "poi_type": "transport", "density": 0.35961532845719463 }, "geometry": { "type": "Point", "coordinates": [ 145.0, 215.0 ] } },
{ "type": "Feature", "properties": { "poi_type": "transport", "density": 0.42490404083911626 }, "geometry": { "type": "Point", "coordinates": [ 155.0, 215.0 ] } },
{ "type": "Feature", "properties": { "poi_type": "transport", "density": 0.41813077190830961 }, "geometry": { "type": "Point", "coordinates": [ 165.0, 215.0 ] } },
{ "type": "Feature", "properties": { "poi_type": "transport", "density": 0.66315596488688322 }, "geometry": { "type": "Point", "coordinates": [ 175.0, 215.0 ] } },
{ "type": "Feature", "properties": { "poi_type": "transport", "density": 0.61775728591781109 }, "geometry": { "type": "Point", "coordinates": [ 195.0, 215.0 ] } },
{ "type": "Feature", "properties": { "poi_type": "transport", "density": 0.57361699374677921 }, "geometry": { "type": "Point", "coordinates": [ 205.0, 215.0 ] } },
{ "type": "Feature", "properties": { "poi_type": "transport", "density": 0.51140169340859787 }, "geometry": { "type": "Point", "coordinates": [ 215.0, 215.0 ] } },
{ "type": "Feature", "properties": { "poi_type": "transport", "density": 0.34524506359447554 }, "geometry": { "type": "Point", "coordinates": [ 225.0, 215.0 ] } },
{ "type": "Feature", "properties": { "poi_type": "transport", "density": 0.40840837220043169 }, "geometry": { "type": "Point", "coordinates": [ 235.0, 215.0 ] } },
{ "type": "Feature", "properties": { "poi_type": "transport", "density": 0.65481962526149184 }, "geometry": { "type": "Point", "coordinates": [ 275.0, 215.0 ] } },
{ "type": "Feature", "properties": { "poi_type": "transport", "density": 0.66976480278644568 }, "geometry": { "type": "Point", "coordinates": [ 285.0, 215.0 ] } },
{ "type": "Feature", "properties": { "poi_type": "transport", "density": 0.6606394411614005 }, "geometry": { "type": "Point", "coordinates": [ 295.0, 215.0 ] } },
{ "type": "Feature", "properties": { "poi_type": "transport", "density": 0.38550422771638709 }, "geometry": { "type": "Point", "coordinates": [ 305.0, 215.0 ] } },
{ "type": "Feature", "properties": { "poi_type": "transport", "density": 0.67399162304033766 }, "geometry": { "type": "Point", "coordinates": [ 315.0, 215.0 ] } },
{ "type": "Feature", "properties": { "poi_type": "transport", "density": 0.54768716321398514 }, "geometry": { "type": "Point", "coordinates": [ 325.0, 215.0 ] } },
{ "type": "Feature", "properties": { "poi_type": "transport", "density": 0.58082870306515455 }, "geometry": { "type": "Point", "coordinates": [ 425.0, 215.0 ] } },
{ "type": "Feature", "properties": { "poi_type": "transport", "density": 0.62341913772133895 }, "geometry": { "type": "Point", "coordinates": [ 435.0, 215.0 ] } },
{ "type": "Feature", "properties": { "poi_type": "transport", "density": 0.58711413039660454 }, "geometry": { "type": "Point", "coordinates": [ 445.0, 215.0 ] } },
{ "type": "Feature", "properties": { "poi_type": "transport", "density": 0.38709185230877652 }, "geometry": { "type": "Point", "coordinates": [ 455.0, 215.0 ] } },
{ "type": "Feature", "properties": { "poi_type": "transport", "density": 0.44249611818870754 }, "geometry": { "type": "Point", "coordinates": [ 465.0, 215.0 ] } },
{ "type": "Feature", "properties": { "poi_type": "transport", "density": 0.53905750852360712 }, "geometry": { "type": "Point", "coordinates": [ 475.0, 215.0 ] } },
{ "type": "Feature", "properties": { "poi_type": "transport", "density": 0.55175199587192325 }, "geometry": { "type": "Point", "coordinates": [ 125.0, 225.0 ] } },
{ "type": "Feature", "properties": { "poi_type": "transport", "density": 0.31792937380189407 }, "geometry": { "type": "Point", "coordinates": [ 135.0, 225.0 ] } },
{ "type": "Feature", "properties": { "poi_type": "transport", "density": 0.64569072887274181 }, "geometry": { "type": "Point", "coordinates": [ 145.0, 225.0 ] } },
{ "type": "Feature", "properties": { "poi_type": "transport", "density": 0.42609345480317229 }, "geometry": { "type": "Point", "coordinates": [ 155.0, 225.0 ] } },
{ "type": "Feature", "properties": { "poi_type": "transport", "density": 0.40446554081349895 }, "geometry": { "type": "Point", "coordinates": [ 165.0, 225.0 ] } },
{ "type": "Feature", "properties": { "poi_type": "transport", "density": 0.39841101860186984 }, "geometry": { "type": "Point", "coordinates": [ 175.0, 225.0 ] } },
{ "type": "Feature", "properties": { "poi_type": "transport", "density": 0.60750839819286961 }, "geometry": { "type": "Point", "coordinates": [ 205.0, 225.0 ] } },
{ "type": "Feature", "properties": { "poi_type": "transport", "density": 0.64167131620519746 }, "geometry": { "type": "Point", "coordinates": [ 215.0, 225.0 ] } },
{ "type": "Feature", "properties": { "poi_type": "transport", "density": 0.46185342933899604 }, "geometry": { "type": "Point", "coordinates": [ 225.0, 225.0 ] } },
{ "type": "Feature", "properties": { "poi_type": "transport", "density": 0.33610865920855543 }, "geometry": { "type": "Point", "coordinates": [ 235.0, 225.0 ] } },
{ "type": "Feature", "properties": { "poi_type": "transport", "density": 0.36625726969510147 }, "geometry": { "type": "Point", "coordinates": [ 245.0, 225.0 ] } },
{ "type": "Feature", "properties": { "poi_type": "transport", "density": 0.69695921733805588 }, "geometry": { "type": "Point", "coordinates": [ 275.0, 225.0 ] } },
{ "type": "Feature", "properties": { "poi_type": "transport", "density": 0.32816304475869496 }, "geometry": { "type": "Point", "coordinates": [ 285.0, 225.0 ] } },
{ "type": "Feature", "properties": { "poi_type": "transport", "density": 0.45733609246707818 }, "geometry": { "type": "Point", "coordinates": [ 295.0, 225.0 ] } },
{ "type": "Feature", "properties": { "poi_type": "transport", "density": 0.50620737145890737 }, "geometry": { "type": "Point", "coordinates": [ 305.0, 225.0 ] } },
{ "type": "Feature", "properties": { "poi_type": "transport", "density": 0.6297529371185413 }, "geometry": { "type": "Point", "coordinates": [ 315.0, 225.0 ] } },
{ "type": "Feature", "properties": { "poi_type": "transport", "density": 0.66784467865240471 }, "geometry": { "type": "Point", "coordinates": [ 325.0, 225.0 ] } },
{ "type": "Feature", "properties": { "poi_type": "transport", "density": 0.57902172746916891 }, "geometry": { "type": "Point", "coordinates": [ 425.0, 225.0 ] } },
{ "type": "Feature", "properties": { "poi_type": "transport", "density": 0.36383214358140809 }, "geometry": { "type": "Point", "coordinates": [ 435.0, 225.0 ] } },
{ "type": "Feature", "properties": { "poi_type": "transport", "density": 0.37931449913787108 }, "geometry": { "type": "Point", "coordinates": [ 445.0, 225.0 ] } },
{ "type": "Feature", "properties": { "poi_type": "transport", "density": 0.38095748508871341 }, "geometry": { "type": "Point", "coordinates": [ 455.0, 225.0 ] } },
{ "type": "Feature", "properties": { "poi_type": "transport", "density": 0.44071664410861283 }, "geometry": { "type": "Point", "coordinates": [ 465.0, 225.0 ] } },
{ "type": "Feature", "properties": { "poi_type": "transport", "density": 0.44707013870471535 }, "geometry": { "type": "Point", "coordinates": [ 475.0, 225.0 ] } },
{ "type": "Feature", "properties": { "poi_type": "transport", "density": 0.44002850658473242 }, "geometry": { "type": "Point", "coordinates": [ 485.0, 225.0 ] } },
{ "type": "Feature", "properties": { "poi_type": "transport", "density": 0.4015275545334146 }, "geometry": { "type": "Point", "coordinates": [ 125.0, 235.0 ] } },
{ "type": "Feature", "properties": { "poi_type": "transport", "density": 0.43592325329123649 }, "geometry": { "type": "Point", "coordinates": [ 135.0, 235.0 ] } },
{ "type": "Feature", "properties": { "poi_type": "transport", "density": 0.35056372016825099 }, "geometry": { "type": "Point", "coordinates": [ 145.0, 235.0 ] } },
{ "type": "Feature", "properties": { "poi_type": "transport", "density": 0.30036915143843218 }, "geometry": { "type": "Point", "coordinates": [ 155.0, 235.0 ] } },
{ "type": "Feature", "properties": { "poi_type": "transport", "density": 0.48523714049925093 }, "geometry": { "type": "Point", "coordinates": [ 165.0, 235.0 ] } },
{ "type": "Feature", "properties": { "poi_type": "transport", "density": 0.69583178207441088 }, "geometry": { "type": "Point", "coordinates": [ 175.0, 235.0 ] } },
{ "type": "Feature", "properties": { "poi_type": "transport", "density": 0.43288669348588038 }, "geometry": { "type": "Point", "coordinates": [ 215.0, 235.0 ] } },
{ "type": "Feature", "properties": { "poi_type": "transport", "density": 0.47497242646189519 }, "geometry": { "type": "Point", "coordinates": [ 225.0, 235.0 ] } },
{ "type": "Feature", "properties": { "poi_type": "transport", "density": 0.50484440791167406 }, "geometry": { "type": "Point", "coordinates": [ 235.0, 235.0 ] } },
{ "type": "Feature", "properties": { "poi_type": "transport", "density": 0.46902786420310871 }, "geometry": { "type": "Point", "coordinates": [ 245.0, 235.0 ] } },
{ "type": "Feature", "properties": { "poi_type": "transport", "density": 0.33388340218056634 }, "geometry": { "type": "Point", "coordinates": [ 255.0, 235.0 ] } },
{ "type": "Feature", "properties": { "poi_type": "transport", "density": 0.55394555643476284 }, "geometry": { "type": "Point", "coordinates": [ 275.0, 235.0 ] } },
{ "type": "Feature", "properties": { "poi_type": "transport", "density": 0.44844292167750877 }, "geometry": { "type": "Point", "coordinates": [ 285.0, 235.0 ] } },
{ "type": "Feature", "properties": { "poi_type": "transport", "density": 0.53117637296574671 }, "geometry": { "type": "Point", "coordinates": [ 295.0, 235.0 ] } },
{ "type": "Feature", "properties": { "poi_type": "transport", "density": 0.69180227463885779 }, "geometry": { "type": "Point", "coordinates": [ 305.0, 235.0 ] } },
{ "type": "Feature", "properties": { "poi_type": "transport", "density": 0.49533195570116578 }, "geometry": { "type": "Point", "coordinates": [ 315.0, 235.0 ] } },
{ "type": "Feature", "properties": { "poi_type": "transport", "density": 0.60724482926789047 }, "geometry": { "type": "Point", "coordinates": [ 325.0, 235.0 ] } },
{ "type": "Feature", "properties": { "poi_type": "transport", "density": 0.64198428159123222 }, "geometry": { "type": "Point", "coordinates": [ 425.0, 235.0 ] } },
{ "type": "Feature", "properties": { "poi_type": "transport", "density": 0.55927294616819356 }, "geometry": { "type": "Point", "coordinates": [ 435.0, 235.0 ] } },
{ "type": "Feature", "properties": { "poi_type": "transport", "density": 0.61443769431652029 }, "geometry": { "type": "Point", "coordinates": [ 445.0, 235.0 ] } },
{ "type": "Feature", "properties": { "poi_type": "transport", "density": 0.68864690605758194 }, "geometry": { "type": "Point", "coordinates": [ 455.0, 235.0 ] } },
{ "type": "Feature", "properties": { "poi_type": "transport", "density": 0.39189827275185696 }, "geometry": { "type": "Point", "coordinates": [ 465.0, 235.0 ] } },
{ "type": "Feature", "properties": { "poi_type": "transport", "density": 0.48363660620678439 }, "geometry": { "type": "Point", "coordinates": [ 475.0, 235.0 ] } },
{ "type": "Feature", "properties": { "poi_type": "transport", "density": 0.39861213125142042 }, "geometry": { "type": "Point", "coordinates": [ 125.0, 245.0 ] } },
{ "type": "Feature", "properties": { "poi_type": "transport", "density": 0.45920396542945546 }, "geometry": { "type": "Point", "coordinates": [ 135.0, 245.0 ] } },
{ "type": "Feature", "properties": { "poi_type": "transport", "density": 0.60700478932621849 }, "geometry": { "type": "Point", "coordinates": [ 145.0, 245.0 ] } },
{ "type": "Feature", "properties": { "poi_type": "transport", "density": 0.4030931404461644 }, "geometry": { "type": "Point", "coordinates": [ 155.0, 245.0 ] } },
{ "type": "Feature", "properties": { "poi_type": "transport", "density": 0.43963553812085493 }, "geometry": { "type": "Point", "coordinates": [ 165.0, 245.0 ] } },
{ "type": "Feature", "properties": { "poi_type": "transport", "density": 0.60211564840241638 }, "geometry": { "type": "Point", "coordinates": [ 175.0, 245.0 ] } },
{ "type": "Feature", "properties": { "poi_type": "transport", "density": 0.38503662281238377 }, "geometry": { "type": "Point", "coordinates": [ 225.0, 245.0 ] } },
{ "type": "Feature", "properties": { "poi_type": "transport", "density": 0.42989602049182896 }, "geometry": { "type": "Point", "coordinates": [ 235.0, 245.0 ] } },
{ "type": "Feature", "properties": { "poi_type": "transport", "density": 0.33811537419088988 }, "geometry": { "type": "Point", "coordinates": [ 245.0, 245.0 ] } },
{ "type": "Feature", "properties": { "poi_type": "transport", "density": 0.69266765514985495 }, "geometry": { "type": "Point", "coordinates": [ 255.0, 245.0 ] } },
{ "type": "Feature", "properties": { "poi_type": "transport", "density": 0.66462180787100489 }, "geometry": { "type": "Point", "coordinates": [ 265.0, 245.0 ] } },
{ "type": "Feature", "properties": { "poi_type": "transport", "density": 0.35257982400284549 }, "geometry": { "type": "Point", "coordinates": [ 275.0, 245.0 ] } },
{ "type": "Feature", "properties": { "poi_type": "transport", "density": 0.68170960710774631 }, "geometry": { "type": "Point", "coordinates": [ 285.0, 245.0 ] } },
{ "type": "Feature", "properties": { "poi_type": "transport", "density": 0.32581021632235224 }, "geometry": { "type": "Point", "coordinates": [ 295.0, 245.0 ] } },
{ "type": "Feature", "properties": { "poi_type": "transport", "density": 0.3893941685532239 }, "geometry": { "type": "Point", "coordinates": [ 305.0, 245.0 ] } },
{ "type": "Feature", "properties": { "poi_type": "transport", "density": 0.57543204837832829 }, "geometry": { "type": "Point", "coordinates": [ 315.0, 245.0 ] } },
{ "type": "Feature", "properties": { "poi_type": "transport", "density": 0.32378212940064344 }, "geometry": { "type": "Point", "coordinates": [ 325.0, 245.0 ] } },
{ "type": "Feature", "properties": { "poi_type": "transport", "density": 0.45736966838577442 }, "geometry": { "type": "Point", "coordinates": [ 425.0, 245.0 ] } },
{ "type": "Feature", "properties": { "poi_type": "transport", "density": 0.37551542475602606 }, "geometry": { "type": "Point", "coordinates": [ 435.0, 245.0 ] } },
{ "type": "Feature", "properties": { "poi_type": "transport", "density": 0.43530744270697164 }, "geometry": { "type": "Point", "coordinates": [ 445.0, 245.0 ] } },
{ "type": "Feature", "properties": { "poi_type": "transport", "density": 0.42238357802345255 }, "geometry": { "type": "Point", "coordinates": [ 455.0, 245.0 ] } },
{ "type": "Feature", "properties": { "poi_type": "transport", "density": 0.32330287862979695 }, "geometry": { "type": "Point", "coordinates": [ 465.0, 245.0 ] } },
{ "type": "Feature", "properties": { "poi_type": "transport", "density": 0.31804677080649257 }, "geometry": { "type": "Point", "coordinates": [ 475.0, 245.0 ] } },
{ "type": "Feature", "properties": { "poi_type": "transport", "density": 0.6280307400439622 }, "geometry": { "type": "Point", "coordinates": [ 125.0, 255.0 ] } },
{ "type": "Feature", "properties": { "poi_type": "transport", "density": 0.35868403407959826 }, "geometry": { "type": "Point", "coordinates": [ 135.0, 255.0 ] } },
{ "type": "Feature", "properties": { "poi_type": "transport", "density": 0.60384840513646076 }, "geometry": { "type": "Point", "coordinates": [ 145.0, 255.0 ] } },
{ "type": "Feature", "properties": { "poi_type": "transport", "density": 0.61155655463883662 }, "geometry": { "type": "Point", "coordinates": [ 155.0, 255.0 ] } },
{ "type": "Feature", "properties": { "poi_type": "transport", "density": 0.3081949808065918 }, "geometry": { "type": "Point", "coordinates": [ 165.0, 255.0 ] } },
{ "type": "Feature", "properties": { "poi_type": "transport", "density": 0.36067561448634 }, "geometry": { "type": "Point", "coordinates": [ 175.0, 255.0 ] } },
{ "type": "Feature", "properties": { "poi_type": "transport", "density": 0.48721641850918723 }, "geometry": { "type": "Point", "coordinates": [ 235.0, 255.0 ] } },
{ "type": "Feature", "properties": { "poi_type": "transport", "density": 0.57960481000298003 }, "geometry": { "type": "Point", "coordinates": [ 245.0, 255.0 ] } },
{ "type": "Feature", "properties": { "poi_type": "transport", "density": 0.36795732883700072 }, "geometry": { "type": "Point", "coordinates": [ 255.0, 255.0 ] } },
{ "type": "Feature", "properties": { "poi_type": "transport", "density": 0.59829430627093538 }, "geometry": { "type": "Point", "coordinates": [ 265.0, 255.0 ] } },
{ "type": "Feature", "properties": { "poi_type": "transport", "density": 0.67631669913636794 }, "geometry": { "type": "Point", "coordinates": [ 275.0, 255.0 ] } },
{ "type": "Feature", "properties": { "poi_type": "transport", "density": 0.46124696842150814 }, "geometry": { "type": "Point", "coordinates": [ 285.0, 255.0 ] } },
{ "type": "Feature", "properties": { "poi_type": "transport", "density": 0.45204381211814398 }, "geometry": { "type": "Point", "coordinates": [ 295.0, 255.0 ] } },
{ "type": "Feature", "properties": { "poi_type": "transport", "density": 0.64294889208384598 }, "geometry": { "type": "Point", "coordinates": [ 305.0, 255.0 ] } },
{ "type": "Feature", "properties": { "poi_type": "transport", "density": 0.63767163757598111 }, "geometry": { "type": "Point", "coordinates": [ 315.0, 255.0 ] } },
{ "type": "Feature", "properties": { "poi_type": "transport", "density": 0.59262029949451323 }, "geometry": { "type": "Point", "coordinates": [ 325.0, 255.0 ] } },
{ "type": "Feature", "properties": { "poi_type": "transport", "density": 0.46583934143953876 }, "geometry": { "type": "Point", "coordinates": [ 425.0, 255.0 ] } },
{ "type": "Feature", "properties": { "poi_type": "transport", "density": 0.3354734376853547 }, "geometry": { "type": "Point", "coordinates": [ 435.0, 255.0 ] } },
{ "type": "Feature", "properties": { "poi_type": "transport", "density": 0.39366268598322168 }, "geometry": { "type": "Point", "coordinates": [ 445.0, 255.0 ] } },
{ "type": "Feature", "properties": { "poi_type": "transport", "density": 0.38841416467981249 }, "geometry": { "type": "Point", "coordinates": [ 455.0, 255.0 ] } },
{ "type": "Feature", "properties": { "poi_type": "transport", "density": 0.69624607100308167 }, "geometry": { "type": "Point", "coordinates": [ 465.0, 255.0 ] } },
{ "type": "Feature", "properties": { "poi_type": "transport", "density": 0.56471789066049261 }, "geometry": { "type": "Point", "coordinates": [ 475.0, 255.0 ] } },
{ "type": "Feature", "properties": { "poi_type": "transport", "density": 0.30992621923022573 }, "geometry": { "type": "Point", "coordinates": [ 125.0, 265.0 ] } },
{ "type": "Feature", "properties": { "poi_type": "transport", "density": 0.46835319823258592 }, "geometry": { "type": "Point", "coordinates": [ 135.0, 265.0 ] } },
{ "type": "Feature", "properties": { "poi_type": "transport", "density": 0.51737731633697703 }, "geometry": { "type": "Point", "coordinates": [ 145.0, 265.0 ] } },
{ "type": "Feature", "properties": { "poi_type": "transport", "density": 0.64636725301945319 }, "geometry": { "type": "Point", "coordinates": [ 155.0, 265.0 ] } },
{ "type": "Feature", "properties": { "poi_type": "transport", "density": 0.33232966031820466 }, "geometry": { "type": "Point", "coordinates": [ 165.0, 265.0 ] } },
{ "type": "Feature", "properties": { "poi_type": "transport", "density": 0.39831697540039596 }, "geometry": { "type": "Point", "coordinates": [ 175.0, 265.0 ] } },
{ "type": "Feature", "properties": { "poi_type": "transport", "density": 0.49948523388321131 }, "geometry": { "type": "Point", "coordinates": [ 245.0, 265.0 ] } },
{ "type": "Feature", "properties": { "poi_type": "transport", "density": 0.52202134824835045 }, "geometry": { "type": "Point", "coordinates": [ 255.0, 265.0 ] } },
{ "type": "Feature", "properties": { "poi_type": "transport", "density": 0.35027664333300712 }, "geometry": { "type": "Point", "coordinates": [ 265.0, 265.0 ] } },
{ "type": "Feature", "properties": { "poi_type": "transport", "density": 0.44213112758319162 }, "geometry": { "type": "Point", "coordinates": [ 275.0, 265.0 ] } },
{ "type": "Feature", "properties": { "poi_type": "transport", "density": 0.43701238039631218 }, "geometry": { "type": "Point", "coordinates": [ 285.0, 265.0 ] } },
{ "type": "Feature", "properties": { "poi_type": "transport", "density": 0.51044501616966131 }, "geometry": { "type": "Point", "coordinates": [ 295.0, 265.0 ] } },
{ "type": "Feature", "properties": { "poi_type": "transport", "density": 0.35204546949401205 }, "geometry": { "type": "Point", "coordinates": [ 305.0, 265.0 ] } },
{ "type": "Feature", "properties": { "poi_type": "transport", "density": 0.48285985700642708 }, "geometry": { "type": "Point", "coordinates": [ 315.0, 265.0 ] } },
{ "type": "Feature", "properties": { "poi_type": "transport", "density": 0.30892674961804389 }, "geometry": { "type": "Point", "coordinates": [ 325.0, 265.0 ] } },
{ "type": "Feature", "properties": { "poi_type": "transport", "density": 0.5030797136360825 }, "geometry": { "type": "Point", "coordinates": [ 345.0, 265.0 ] } },
{ "type": "Feature", "properties": { "poi_type": "transport", "density": 0.52869171700883588 }, "geometry": { "type": "Point", "coordinates": [ 365.0, 265.0 ] } },
{ "type": "Feature", "properties": { "poi_type": "transport", "density": 0.61347721991387716 }, "geometry": { "type": "Point", "coordinates": [ 425.0, 265.0 ] } },
{ "type": "Feature", "properties": { "poi_type": "transport", "density": 0.55845241396049727 }, "geometry": { "type": "Point", "coordinates": [ 435.0, 265.0 ] } },
{ "type": "Feature", "properties": { "poi_type": "transport", "density": 0.67679876135242656 }, "geometry": { "type": "Point", "coordinates": [ 445.0, 265.0 ] } },
{ "type": "Feature", "properties": { "poi_type": "transport", "density": 0.39793861766787614 }, "geometry": { "type": "Point", "coordinates": [ 455.0, 265.0 ] } },
{ "type": "Feature", "properties": { "poi_type": "transport", "density": 0.63960640504282495 }, "geometry": { "type": "Point", "coordinates": [ 465.0, 265.0 ] } },
{ "type": "Feature", "properties": { "poi_type": "transport", "density": 0.46678294146747634 }, "geometry": { "type": "Point", "coordinates": [ 475.0, 265.0 ] } },
{ "type": "Feature", "properties": { "poi_type": "transport", "density": 0.59691204663315844 }, "geometry": { "type": "Point", "coordinates": [ 5.0, 275.0 ] } },
{ "type": "Feature", "properties": { "poi_type": "transport", "density": 0.6122667977665126 }, "geometry": { "type": "Point", "coordinates": [ 15.0, 275.0 ] } },
{ "type": "Feature", "properties": { "poi_type": "transport", "density": 0.64387442148680696 }, "geometry": { "type": "Point", "coordinates": [ 25.0, 275.0 ] } },
{ "type": "Feature", "properties": { "poi_type": "transport", "density": 0.54340969942268624 }, "geometry": { "type": "Point", "coordinates": [ 35.0, 275.0 ] } },
{ "type": "Feature", "properties": { "poi_type": "transport", "density": 0.58453242591368548 }, "geometry": { "type": "Point", "coordinates": [ 45.0, 275.0 ] } },
{ "type": "Feature", "properties": { "poi_type": "transport", "density": 0.67408471576283224 }, "geometry": { "type": "Point", "coordinates": [ 55.0, 275.0 ] } },
{ "type": "Feature", "properties": { "poi_type": "transport", "density": 0.6979004088286308 }, "geometry": { "type": "Point", "coordinates": [ 65.0, 275.0 ] } },
{ "type": "Feature", "properties": { "poi_type": "transport", "density": 0.57771831140767227 }, "geometry": { "type": "Point", "coordinates": [ 75.0, 275.0 ] } },
{ "type": "Feature", "properties": { "poi_type": "transport", "density": 0.51073513317645236 }, "geometry": { "type": "Point", "coordinates": [ 85.0, 275.0 ] } },
{ "type": "Feature", "properties": { "poi_type": "transport", "density": 0.62157706410732483 }, "geometry": { "type": "Point", "coordinates": [ 95.0, 275.0 ] } },
{ "type": "Feature", "properties": { "poi_type": "transport", "density": 0.5313480937805164 }, "geometry": { "type": "Point", "coordinates": [ 105.0, 275.0 ] } },
{ "type": "Feature", "properties": { "poi_type": "transport", "density": 0.67900683434004949 }, "geometry": { "type": "Point", "coordinates": [ 115.0, 275.0 ] } },
{ "type": "Feature", "properties": { "poi_type": "transport", "density": 0.67038767482459527 }, "geometry": { "type": "Point", "coordinates": [ 125.0, 275.0 ] } },
{ "type": "Feature", "properties": { "poi_type": "transport", "density": 0.47450581407688408 }, "geometry": { "type": "Point", "coordinates": [ 135.0, 275.0 ] } },
{ "type": "Feature", "properties": { "poi_type": "transport", "density": 0.50364690227840414 }, "geometry": { "type": "Point", "coordinates": [ 145.0, 275.0 ] } },
{ "type": "Feature", "properties": { "poi_type": "transport", "density": 0.59379916837875535 }, "geometry": { "type": "Point", "coordinates": [ 155.0, 275.0 ] } },
{ "type": "Feature", "properties": { "poi_type": "transport", "density": 0.68378766363206767 }, "geometry": { "type": "Point", "coordinates": [ 165.0, 275.0 ] } },
{ "type": "Feature", "properties": { "poi_type": "transport", "density": 0.53751757113826326 }, "geometry": { "type": "Point", "coordinates": [ 175.0, 275.0 ] } },
{ "type": "Feature", "properties": { "poi_type": "transport", "density": 0.68732021479032901 }, "geometry": { "type": "Point", "coordinates": [ 185.0, 275.0 ] } },
{ "type": "Feature", "properties": { "poi_type": "transport", "density": 0.57075976891963354 }, "geometry": { "type": "Point", "coordinates": [ 195.0, 275.0 ] } },
{ "type": "Feature", "properties": { "poi_type": "transport", "density": 0.38548540560235306 }, "geometry": { "type": "Point", "coordinates": [ 205.0, 275.0 ] } },
{ "type": "Feature", "properties": { "poi_type": "transport", "density": 0.58777696467627782 }, "geometry": { "type": "Point", "coordinates": [ 215.0, 275.0 ] } },
{ "type": "Feature", "properties": { "poi_type": "transport", "density": 0.69733393153721113 }, "geometry": { "type": "Point", "coordinates": [ 225.0, 275.0 ] } },
{ "type": "Feature", "properties": { "poi_type": "transport", "density": 0.58133357887691695 }, "geometry": { "type": "Point", "coordinates": [ 235.0, 275.0 ] } },
{ "type": "Feature", "properties": { "poi_type": "transport", "density": 0.50041729163226023 }, "geometry": { "type": "Point", "coordinates": [ 245.0, 275.0 ] } },
{ "type": "Feature", "properties": { "poi_type": "transport", "density": 0.48963798256568059 }, "geometry": { "type": "Point", "coordinates": [ 255.0, 275.0 ] } },
{ "type": "Feature", "properties": { "poi_type": "transport", "density": 0.66876056645167359 }, "geometry": { "type": "Point", "coordinates": [ 265.0, 275.0 ] } },
{ "type": "Feature", "properties": { "poi_type": "transport", "density": 0.37051170963032665 }, "geometry": { "type": "Point", "coordinates": [ 275.0, 275.0 ] } },
{ "type": "Feature", "properties": { "poi_type": "transport", "density": 0.58588777358652822 }, "geometry": { "type": "Point", "coordinates": [ 285.0, 275.0 ] } },
{ "type": "Feature", "properties": { "poi_type": "transport", "density": 0.38238194998944752 }, "geometry": { "type": "Point", "coordinates": [ 295.0, 275.0 ] } },
{ "type": "Feature", "properties": { "poi_type": "transport", "density": 0.40824111776085698 }, "geometry": { "type": "Point", "coordinates": [ 305.0, 275.0 ] } },
{ "type": "Feature", "properties": { "poi_type": "transport", "density": 0.32049622487458057 }, "geometry": { "type": "Point", "coordinates": [ 315.0, 275.0 ] } },
{ "type": "Feature", "properties": { "poi_type": "transport", "density": 0.42267683335945 }, "geometry": { "type": "Point", "coordinates": [ 325.0, 275.0 ] } },
{ "type": "Feature", "properties": { "poi_type": "transport", "density": 0.58229492597619115 }, "geometry": { "type": "Point", "coordinates": [ 335.0, 275.0 ] } },
{ "type": "Feature", "properties": { "poi_type": "transport", "density": 0.34373333092907971 }, "geometry": { "type": "Point", "coordinates": [ 345.0, 275.0 ] } },
{ "type": "Feature", "properties": { "poi_type": "transport", "density": 0.5333700944832952 }, "geometry": { "type": "Point", "coordinates": [ 355.0, 275.0 ] } },
{ "type": "Feature", "properties": { "poi_type": "transport", "density": 0.55784038858025031 }, "geometry": { "type": "Point", "coordinates": [ 365.0, 275.0 ] } },
{ "type": "Feature", "properties": { "poi_type": "transport", "density": 0.46699027058767612 }, "geometry": { "type": "Point", "coordinates": [ 375.0, 275.0 ] } },
{ "type": "Feature", "properties": { "poi_type": "transport", "density": 0.3532543706081534 }, "geometry": { "type": "Point", "coordinates": [ 385.0, 275.0 ] } },
{ "type": "Feature", "properties": { "poi_type": "transport", "density": 0.38738645407583455 }, "geometry": { "type": "Point", "coordinates": [ 395.0, 275.0 ] } },
{ "type": "Feature", "properties": { "poi_type": "transport", "density": 0.64268787089346291 }, "geometry": { "type": "Point", "coordinates": [ 405.0, 275.0 ] } },
{ "type": "Feature", "properties": { "poi_type": "transport", "density": 0.66763378227518955 }, "geometry": { "type": "Point", "coordinates": [ 415.0, 275.0 ] } },
{ "type": "Feature", "properties": { "poi_type": "transport", "density": 0.36788123289133789 }, "geometry": { "type": "Point", "coordinates": [ 425.0, 275.0 ] } },
{ "type": "Feature", "properties": { "poi_type": "transport", "density": 0.38511565997452724 }, "geometry": { "type": "Point", "coordinates": [ 435.0, 275.0 ] } },
{ "type": "Feature", "properties": { "poi_type": "transport", "density": 0.56989818752269894 }, "geometry": { "type": "Point", "coordinates": [ 445.0, 275.0 ] } },
{ "type": "Feature", "properties": { "poi_type": "transport", "density": 0.32771379301743225 }, "geometry": { "type": "Point", "coordinates": [ 455.0, 275.0 ] } },
{ "type": "Feature", "properties": { "poi_type": "transport", "density": 0.45744362561891605 }, "geometry": { "type": "Point", "coordinates": [ 465.0, 275.0 ] } },
{ "type": "Feature", "properties": { "poi_type": "transport", "density": 0.43358945849607378 }, "geometry": { "type": "Point", "coordinates": [ 475.0, 275.0 ] } },
{ "type": "Feature", "properties": { "poi_type": "transport", "density": 0.5803839578623915 }, "geometry": { "type": "Point", "coordinates": [ 485.0, 275.0 ] } },
{ "type": "Feature", "properties": { "poi_type": "transport", "density": 0.543487149015909 }, "geometry": { "type": "Point", "coordinates": [ 495.0, 275.0 ] } },
{ "type": "Feature", "properties": { "poi_type": "transport", "density": 0.69338104634819187 }, "geometry": { "type": "Point", "coordinates": [ 505.0, 275.0 ] } },
{ "type": "Feature", "properties": { "poi_type": "transport", "density": 0.35742577154962968 }, "geometry": { "type": "Point", "coordinates": [ 515.0, 275.0 ] } },
{ "type": "Feature", "properties": { "poi_type": "transport", "density": 0.44570695829147966 }, "geometry": { "type": "Point", "coordinates": [ 525.0, 275.0 ] } },
{ "type": "Feature", "properties": { "poi_type": "transport", "density": 0.43673145213012776 }, "geometry": { "type": "Point", "coordinates": [ 535.0, 275.0 ] } },
{ "type": "Feature", "properties": { "poi_type": "transport", "density": 0.52837008253812157 }, "geometry": { "type": "Point", "coordinates": [ 545.0, 275.0 ] } },
{ "type": "Feature", "properties": { "poi_type": "transport", "density": 0.56849288881655213 }, "geometry": { "type": "Point", "coordinates": [ 555.0, 275.0 ] } },
{ "type": "Feature", "properties": { "poi_type": "transport", "density": 0.33585622844821689 }, "geometry": { "type": "Point", "coordinates": [ 565.0, 275.0 ] } },
{ "type": "Feature", "properties": { "poi_type": "transport", "density": 0.53934975697318743 }, "geometry": { "type": "Point", "coordinates": [ 575.0, 275.0 ] } },
{ "type": "Feature", "properties": { "poi_type": "transport", "density": 0.66450409710782921 }, "geometry": { "type": "Point", "coordinates": [ 585.0, 275.0 ] } },
{ "type": "Feature", "properties": { "poi_type": "transport", "density": 0.39722247982342923 }, "geometry": { "type": "Point", "coordinates": [ 595.0, 275.0 ] } },
{ "type": "Feature", "properties": { "poi_type": "transport", "density": 0.3593530985379037 }, "geometry": { "type": "Point", "coordinates": [ 5.0, 285.0 ] } },
{ "type": "Feature", "properties": { "poi_type": "transport", "density": 0.54045753191187818 }, "geometry": { "type": "Point", "coordinates": [ 15.0, 285.0 ] } },
{ "type": "Feature", "properties": { "poi_type": "transport", "density": 0.37969432828852584 }, "geometry": { "type": "Point", "coordinates": [ 25.0, 285.0 ] } },
{ "type": "Feature", "properties": { "poi_type": "transport", "density": 0.53553374930006181 }, "geometry": { "type": "Point", "coordinates": [ 35.0, 285.0 ] } },
{ "type": "Feature", "properties": { "poi_type": "transport", "density": 0.66643025737694517 }, "geometry": { "type": "Point", "coordinates": [ 45.0, 285.0 ] } },
{ "type": "Feature", "properties": { "poi_type": "transport", "density": 0.36390942098866941 }, "geometry": { "type": "Point", "coordinates": [ 55.0, 285.0 ] } },
{ "type": "Feature", "properties": { "poi_type": "transport", "density": 0.45939463213297571 }, "geometry": { "type": "Point", "coordinates": [ 65.0, 285.0 ] } },
{ "type": "Feature", "properties": { "poi_type": "transport", "density": 0.55335497491327734 }, "geometry": { "type": "Point", "coordinates": [ 75.0, 285.0 ] } },
{ "type": "Feature", "properties": { "poi_type": "transport", "density": 0.59412424496588367 }, "geometry": { "type": "Point", "coordinates": [ 85.0, 285.0 ] } },
{ "type": "Feature", "properties": { "poi_type": "transport", "density": 0.46340367438162039 }, "geometry": { "type": "Point", "coordinates": [ 95.0, 285.0 ] } },
{ "type": "Feature", "properties": { "poi_type": "transport", "density": 0.5296440170854203 }, "geometry": { "type": "Point", "coordinates": [ 105.0, 285.0 ] } },
{ "type": "Feature", "properties": { "poi_type": "transport", "density": 0.64308169614186661 }, "geometry": { "type": "Point", "coordinates": [ 115.0, 285.0 ] } },
{ "type": "Feature", "properties": { "poi_type": "transport", "density": 0.65175998881324271 }, "geometry": { "type": "Point", "coordinates": [ 125.0, 285.0 ] } },
{ "type": "Feature", "properties": { "poi_type": "transport", "density": 0.57656963586972421 }, "geometry": { "type": "Point", "coordinates": [ 135.0, 285.0 ] } },
{ "type": "Feature", "properties": { "poi_type": "transport", "density": 0.35224556899613629 }, "geometry": { "type": "Point", "coordinates": [ 145.0, 285.0 ] } },
{ "type": "Feature", "properties": { "poi_type": "transport", "density": 0.68104751937248476 }, "geometry": { "type": "Point", "coordinates": [ 155.0, 285.0 ] } },
{ "type": "Feature", "properties": { "poi_type": "transport", "density": 0.56534251970530924 }, "geometry": { "type": "Point", "coordinates": [ 165.0, 285.0 ] } },
{ "type": "Feature", "properties": { "poi_type": "transport", "density": 0.461049419005293 }, "geometry": { "type": "Point", "coordinates": [ 175.0, 285.0 ] } },
{ "type": "Feature", "properties": { "poi_type": "transport", "density": 0.52428741750738239 }, "geometry": { "type": "Point", "coordinates": [ 185.0, 285.0 ] } },
{ "type": "Feature", "properties": { "poi_type": "transport", "density": 0.49537629803475791 }, "geometry": { "type": "Point", "coordinates": [ 195.0, 285.0 ] } },
{ "type": "Feature", "properties": { "poi_type": "transport", "density": 0.51844097410960144 }, "geometry": { "type": "Point", "coordinates": [ 205.0, 285.0 ] } },
{ "type": "Feature", "properties": { "poi_type": "transport", "density": 0.45523604748271712 }, "geometry": { "type": "Point", "coordinates": [ 215.0, 285.0 ] } },
{ "type": "Feature", "properties": { "poi_type": "transport", "density": 0.6145900006354863 }, "geometry": { "type": "Point", "coordinates": [ 225.0, 285.0 ] } },
{ "type": "Feature", "properties": { "poi_type": "transport", "density": 0.46468213897670502 }, "geometry": { "type": "Point", "coordinates": [ 235.0, 285.0 ] } },
{ "type": "Feature", "properties": { "poi_type": "transport", "density": 0.61229175474161546 }, "geometry": { "type": "Point", "coordinates": [ 245.0, 285.0 ] } },
{ "type": "Feature", "properties": { "poi_type": "transport", "density": 0.6256317052048026 }, "geometry": { "type": "Point", "coordinates": [ 255.0, 285.0 ] } },
{ "type": "Feature", "properties": { "poi_type": "transport", "density": 0.64350684218973841 }, "geometry": { "type": "Point", "coordinates": [ 265.0, 285.0 ] } },
{ "type": "Feature", "properties": { "poi_type": "transport", "density": 0.59340722997788453 }, "geometry": { "type": "Point", "coordinates": [ 275.0, 285.0 ] } },
{ "type": "Feature", "properties": { "poi_type": "transport", "density": 0.5377202826141716 }, "geometry": { "type": "Point", "coordinates": [ 285.0, 285.0 ] } },
{ "type": "Feature", "properties": { "poi_type": "transport", "density": 0.31082645500183476 }, "geometry": { "type": "Point", "coordinates": [ 295.0, 285.0 ] } },
{ "type": "Feature", "properties": { "poi_type": "transport", "density": 0.53792630587930412 }, "geometry": { "type": "Point", "coordinates": [ 305.0, 285.0 ] } },
{ "type": "Feature", "properties": { "poi_type": "transport", "density": 0.6797561388212161 }, "geometry": { "type": "Point", "coordinates": [ 315.0, 285.0 ] } },
{ "type": "Feature", "properties": { "poi_type": "transport", "density": 0.312645155643203 }, "geometry": { "type": "Point", "coordinates": [ 325.0, 285.0 ] } },
{ "type": "Feature", "properties": { "poi_type": "transport", "density": 0.57181856388966112 }, "geometry": { "type": "Point", "coordinates": [ 335.0, 285.0 ] } },
{ "type": "Feature", "properties": { "poi_type": "transport", "density": 0.67546858363888573 }, "geometry": { "type": "Point", "coordinates": [ 345.0, 285.0 ] } },
{ "type": "Feature", "properties": { "poi_type": "transport", "density": 0.43833374485916565 }, "geometry": { "type": "Point", "coordinates": [ 355.0, 285.0 ] } },
{ "type": "Feature", "properties": { "poi_type": "transport", "density": 0.44893458093046607 }, "geometry": { "type": "Point", "coordinates": [ 365.0, 285.0 ] } },
{ "type": "Feature", "properties": { "poi_type": "transport", "density": 0.34332836402160377 }, "geometry": { "type": "Point", "coordinates": [ 375.0, 285.0 ] } },
{ "type": "Feature", "properties": { "poi_type": "transport", "density": 0.64204561485965117 }, "geometry": { "type": "Point", "coordinates": [ 385.0, 285.0 ] } },
{ "type": "Feature", "properties": { "poi_type": "transport", "density": 0.52423888050664713 }, "geometry": { "type": "Point", "coordinates": [ 395.0, 285.0 ] } },
{ "type": "Feature", "properties": { "poi_type": "transport", "density": 0.52979261342676343 }, "geometry": { "type": "Point", "coordinates": [ 405.0, 285.0 ] } },
{ "type": "Feature", "properties": { "poi_type": "transport", "density": 0.39086204569475436 }, "geometry": { "type": "Point", "coordinates": [ 415.0, 285.0 ] } },
{ "type": "Feature", "properties": { "poi_type": "transport", "density": 0.31582679663855573 }, "geometry": { "type": "Point", "coordinates": [ 425.0, 285.0 ] } },
{ "type": "Feature", "properties": { "poi_type": "transport", "density": 0.4673288584687772 }, "geometry": { "type": "Point", "coordinates": [ 435.0, 285.0 ] } },
{ "type": "Feature", "properties": { "poi_type": "transport", "density": 0.68045764626432192 }, "geometry": { "type": "Point", "coordinates": [ 445.0, 285.0 ] } },
{ "type": "Feature", "properties": { "poi_type": "transport", "density": 0.59512538784313307 }, "geometry": { "type": "Point", "coordinates": [ 455.0, 285.0 ] } },
{ "type": "Feature", "properties": { "poi_type": "transport", "density": 0.42839634405863558 }, "geometry": { "type": "Point", "coordinates": [ 465.0, 285.0 ] } },
{ "type": "Feature", "properties": { "poi_type": "transport", "density": 0.33602989777941072 }, "geometry": { "type": "Point", "coordinates": [ 475.0, 285.0 ] } },
{ "type": "Feature", "properties": { "poi_type": "transport", "density": 0.4497422598927307 }, "geometry": { "type": "Point", "coordinates": [ 485.0, 285.0 ] } },
{ "type": "Feature", "properties": { "poi_type": "transport", "density": 0.45208861644152665 }, "geometry": { "type": "Point", "coordinates": [ 495.0, 285.0 ] } },
{ "type": "Feature", "properties": { "poi_type": "transport", "density": 0.55852815005944767 }, "geometry": { "type": "Point", "coordinates": [ 505.0, 285.0 ] } },
{ "type": "Feature", "properties": { "poi_type": "transport", "density": 0.48450364461601825 }, "geometry": { "type": "Point", "coordinates": [ 515.0, 285.0 ] } },
{ "type": "Feature", "properties": { "poi_type": "transport", "density": 0.61443883185859061 }, "geometry": { "type": "Point", "coordinates": [ 525.0, 285.0 ] } },
{ "type": "Feature", "properties": { "poi_type": "transport", "density": 0.69734782121617733 }, "geometry": { "type": "Point", "coordinates": [ 535.0, 285.0 ] } },
{ "type": "Feature", "properties": { "poi_type": "transport", "density": 0.30478614570711554 }, "geometry": { "type": "Point", "coordinates": [ 545.0, 285.0 ] } },
{ "type": "Feature", "properties": { "poi_type": "transport", "density": 0.46268934212647878 }, "geometry": { "type": "Point", "coordinates": [ 555.0, 285.0 ] } },
{ "type": "Feature", "properties": { "poi_type": "transport", "density": 0.39475334150960917 }, "geometry": { "type": "Point", "coordinates": [ 565.0, 285.0 ] } },
{ "type": "Feature", "properties": { "poi_type": "transport", "density": 0.59686853340447876 }, "geometry": { "type": "Point", "coordinates": [ 575.0, 285.0 ] } },
{ "type": "Feature", "properties": { "poi_type": "transport", "density": 0.69004926607491313 }, "geometry": { "type": "Point", "coordinates": [ 585.0, 285.0 ] } },
{ "type": "Feature", "properties": { "poi_type": "transport", "density": 0.56819694512506058 }, "geometry": { "type": "Point", "coordinates": [ 595.0, 285.0 ] } },
{ "type": "Feature", "properties": { "poi_type": "transport", "density": 0.59385053499600438 }, "geometry": { "type": "Point", "coordinates": [ 5.0, 295.0 ] } },
{ "type": "Feature", "properties": { "poi_type": "transport", "density": 0.51847787698182368 }, "geometry": { "type": "Point", "coordinates": [ 15.0, 295.0 ] } },
{ "type": "Feature", "properties": { "poi_type": "transport", "density": 0.5752492703744978 }, "geometry": { "type": "Point", "coordinates": [ 25.0, 295.0 ] } },
{ "type": "Feature", "properties": { "poi_type": "transport", "density": 0.41240076890305444 }, "geometry": { "type": "Point", "coordinates": [ 35.0, 295.0 ] } },
{ "type": "Feature", "properties": { "poi_type": "transport", "density": 0.57660884601477025 }, "geometry": { "type": "Point", "coordinates": [ 45.0, 295.0 ] } },
{ "type": "Feature", "properties": { "poi_type": "transport", "density": 0.32751451614324445 }, "geometry": { "type": "Point", "coordinates": [ 55.0, 295.0 ] } },
{ "type": "Feature", "properties": { "poi_type": "transport", "density": 0.36910021459178022 }, "geometry": { "type": "Point", "coordinates": [ 65.0, 295.0 ] } },
{ "type": "Feature", "properties": { "poi_type": "transport", "density": 0.49061712369125249 }, "geometry": { "type": "Point", "coordinates": [ 75.0, 295.0 ] } },
{ "type": "Feature", "properties": { "poi_type": "transport", "density": 0.5581336140549138 }, "geometry": { "type": "Point", "coordinates": [ 85.0, 295.0 ] } },
{ "type": "Feature", "properties": { "poi_type": "transport", "density": 0.65468921985847273 }, "geometry": { "type": "Point", "coordinates": [ 95.0, 295.0 ] } },
{ "type": "Feature", "properties": { "poi_type": "transport", "density": 0.6110072042244894 }, "geometry": { "type": "Point", "coordinates": [ 105.0, 295.0 ] } },
{ "type": "Feature", "properties": { "poi_type": "transport", "density": 0.5008702906704191 }, "geometry": { "type": "Point", "coordinates": [ 115.0, 295.0 ] } },
{ "type": "Feature", "properties": { "poi_type": "transport", "density": 0.6629107209221905 }, "geometry": { "type": "Point", "coordinates": [ 125.0, 295.0 ] } },
{ "type": "Feature", "properties": { "poi_type": "transport", "density": 0.45018310634690439 }, "geometry": { "type": "Point", "coordinates": [ 135.0, 295.0 ] } },
{ "type": "Feature", "properties": { "poi_type": "transport", "density": 0.45799914360773358 }, "geometry": { "type": "Point", "coordinates": [ 145.0, 295.0 ] } },
{ "type": "Feature", "properties": { "poi_type": "transport", "density": 0.55742573397315476 }, "geometry": { "type": "Point", "coordinates": [ 155.0, 295.0 ] } },
{ "type": "Feature", "properties": { "poi_type": "transport", "density": 0.63482723023612508 }, "geometry": { "type": "Point", "coordinates": [ 165.0, 295.0 ] } },
{ "type": "Feature", "properties": { "poi_type": "transport", "density": 0.50863578220378114 }, "geometry": { "type": "Point", "coordinates": [ 175.0, 295.0 ] } },
{ "type": "Feature", "properties": { "poi_type": "transport", "density": 0.37608691754422607 }, "geometry": { "type": "Point", "coordinates": [ 185.0, 295.0 ] } },
{ "type": "Feature", "properties": { "poi_type": "transport", "density": 0.49340532486135968 }, "geometry": { "type": "Point", "coordinates": [ 195.0, 295.0 ] } },
{ "type": "Feature", "properties": { "poi_type": "transport", "density": 0.47442703871026126 }, "geometry": { "type": "Point", "coordinates": [ 205.0, 295.0 ] } },
{ "type": "Feature", "properties": { "poi_type": "transport", "density": 0.39430764798274837 }, "geometry": { "type": "Point", "coordinates": [ 215.0, 295.0 ] } },
{ "type": "Feature", "properties": { "poi_type": "transport", "density": 0.47555252946771176 }, "geometry": { "type": "Point", "coordinates": [ 225.0, 295.0 ] } },
{ "type": "Feature", "properties": { "poi_type": "transport", "density": 0.65916765228783769 }, "geometry": { "type": "Point", "coordinates": [ 235.0, 295.0 ] } },
{ "type": "Feature", "properties": { "poi_type": "transport", "density": 0.68446629907604528 }, "geometry": { "type": "Point", "coordinates": [ 245.0, 295.0 ] } },
{ "type": "Feature", "properties": { "poi_type": "transport", "density": 0.59765342670952459 }, "geometry": { "type": "Point", "coordinates": [ 255.0, 295.0 ] } },
{ "type": "Feature", "properties": { "poi_type": "transport", "density": 0.57043753857931145 }, "geometry": { "type": "Point", "coordinates": [ 265.0, 295.0 ] } },
{ "type": "Feature", "properties": { "poi_type": "transport", "density": 0.36341541166176367 }, "geometry": { "type": "Point", "coordinates": [ 275.0, 295.0 ] } },
{ "type": "Feature", "properties": { "poi_type": "transport", "density": 0.51078054252894423 }, "geometry": { "type": "Point", "coordinates": [ 285.0, 295.0 ] } },
{ "type": "Feature", "properties": { "poi_type": "transport", "density": 0.46139899081530289 }, "geometry": { "type": "Point", "coordinates": [ 295.0, 295.0 ] } },
{ "type": "Feature", "properties": { "poi_type": "transport", "density": 0.32829409523785219 }, "geometry": { "type": "Point", "coordinates": [ 305.0, 295.0 ] } },
{ "type": "Feature", "properties": { "poi_type": "transport", "density": 0.50100724500251981 }, "geometry": { "type": "Point", "coordinates": [ 315.0, 295.0 ] } },
{ "type": "Feature", "properties": { "poi_type": "transport", "density": 0.64591268495484855 }, "geometry": { "type": "Point", "coordinates": [ 325.0, 295.0 ] } },
{ "type": "Feature", "properties": { "poi_type": "transport", "density": 0.5019204354469724 }, "geometry": { "type": "Point", "coordinates": [ 335.0, 295.0 ] } },
{ "type": "Feature", "properties": { "poi_type": "transport", "density": 0.52782324113176493 }, "geometry": { "type": "Point", "coordinates": [ 345.0, 295.0 ] } },
{ "type": "Feature", "properties": { "poi_type": "transport", "density": 0.52837178357544445 }, "geometry": { "type": "Point", "coordinates": [ 355.0, 295.0 ] } },
{ "type": "Feature", "properties": { "poi_type": "transport", "density": 0.65124737559031598 }, "geometry": { "type": "Point", "coordinates": [ 365.0, 295.0 ] } },
{ "type": "Feature", "properties": { "poi_type": "transport", "density": 0.49666149156813599 }, "geometry": { "type": "Point", "coordinates": [ 375.0, 295.0 ] } },
{ "type": "Feature", "properties": { "poi_type": "transport", "density": 0.42800574190177798 }, "geometry": { "type": "Point", "coordinates": [ 385.0, 295.0 ] } },
{ "type": "Feature", "properties": { "poi_type": "transport", "density": 0.35376555558565304 }, "geometry": { "type": "Point", "coordinates": [ 395.0, 295.0 ] } },
{ "type": "Feature", "properties": { "poi_type": "transport", "density": 0.31485988525199837 }, "geometry": { "type": "Point", "coordinates": [ 405.0, 295.0 ] } },
{ "type": "Feature", "properties": { "poi_type": "transport", "density": 0.57750492606307491 }, "geometry": { "type": "Point", "coordinates": [ 415.0, 295.0 ] } },
{ "type": "Feature", "properties": { "poi_type": "transport", "density": 0.47907484633108594 }, "geometry": { "type": "Point", "coordinates": [ 425.0, 295.0 ] } },
{ "type": "Feature", "properties": { "poi_type": "transport", "density": 0.50396882503773255 }, "geometry": { "type": "Point", "coordinates": [ 435.0, 295.0 ] } },
{ "type": "Feature", "properties": { "poi_type": "transport", "density": 0.54815885347242022 }, "geometry": { "type": "Point", "coordinates": [ 445.0, 295.0 ] } },
{ "type": "Feature", "properties": { "poi_type": "transport", "density": 0.55294521439181121 }, "geometry": { "type": "Point", "coordinates": [ 455.0, 295.0 ] } },
{ "type": "Feature", "properties": { "poi_type": "transport", "density": 0.3633993779807409 }, "geometry": { "type": "Point", "coordinates": [ 465.0, 295.0 ] } },
{ "type": "Feature", "properties": { "poi_type": "transport", "density": 0.56961319705552116 }, "geometry": { "type": "Point", "coordinates": [ 475.0, 295.0 ] } },
{ "type": "Feature", "properties": { "poi_type": "transport", "density": 0.3932547641164269 }, "geometry": { "type": "Point", "coordinates": [ 485.0, 295.0 ] } },
{ "type": "Feature", "properties": { "poi_type": "transport", "density": 0.67150292420075097 }, "geometry": { "type": "Point", "coordinates": [ 495.0, 295.0 ] } },
{ "type": "Feature", "properties": { "poi_type": "transport", "density": 0.348968391474059 }, "geometry": { "type": "Point", "coordinates": [ 505.0, 295.0 ] } },
{ "type": "Feature", "properties": { "poi_type": "transport", "density": 0.33223374064352196 }, "geometry": { "type": "Point", "coordinates": [ 515.0, 295.0 ] } },
{ "type": "Feature", "properties": { "poi_type": "transport", "density": 0.66472000692953714 }, "geometry": { "type": "Point", "coordinates": [ 525.0, 295.0 ] } },
{ "type": "Feature", "properties": { "poi_type": "transport", "density": 0.37893760566012069 }, "geometry": { "type": "Point", "coordinates": [ 535.0, 295.0 ] } },
{ "type": "Feature", "properties": { "poi_type": "transport", "density": 0.4122711625384321 }, "geometry": { "type": "Point", "coordinates": [ 545.0, 295.0 ] } },
{ "type": "Feature", "properties": { "poi_type": "transport", "density": 0.66237958508109696 }, "geometry": { "type": "Point", "coordinates": [ 555.0, 295.0 ] } },
{ "type": "Feature", "properties": { "poi_type": "transport", "density": 0.64901483752682965 }, "geometry": { "type": "Point", "coordinates": [ 565.0, 295.0 ] } },
{ "type": "Feature", "properties": { "poi_type": "transport", "density": 0.45236653061278131 }, "geometry": { "type": "Point", "coordinates": [ 575.0, 295.0 ] } },
{ "type": "Feature", "properties": { "poi_type": "transport", "density": 0.32291532165622111 }, "geometry": { "type": "Point", "coordinates": [ 585.0, 295.0 ] } },
{ "type": "Feature", "properties": { "poi_type": "transport", "density": 0.6455541342402854 }, "geometry": { "type": "Point", "coordinates": [ 595.0, 295.0 ] } },
{ "type": "Feature", "properties": { "poi_type": "transport", "density": 0.38149427341970016 }, "geometry": { "type": "Point", "coordinates": [ 5.0, 305.0 ] } },
{ "type": "Feature", "properties": { "poi_type": "transport", "density": 0.34319210668465994 }, "geometry": { "type": "Point", "coordinates": [ 15.0, 305.0 ] } },
{ "type": "Feature", "properties": { "poi_type": "transport", "density": 0.48655359813598281 }, "geometry": { "type": "Point", "coordinates": [ 25.0, 305.0 ] } },
{ "type": "Feature", "properties": { "poi_type": "transport", "density": 0.33135525013883083 }, "geometry": { "type": "Point", "coordinates": [ 35.0, 305.0 ] } },
{ "type": "Feature", "properties": { "poi_type": "transport", "density": 0.65047050483617452 }, "geometry": { "type": "Point", "coordinates": [ 45.0, 305.0 ] } },
{ "type": "Feature", "properties": { "poi_type": "transport", "density": 0.65675331928153557 }, "geometry": { "type": "Point", "coordinates": [ 55.0, 305.0 ] } },
{ "type": "Feature", "properties": { "poi_type": "transport", "density": 0.46642324914805033 }, "geometry": { "type": "Point", "coordinates": [ 65.0, 305.0 ] } },
{ "type": "Feature", "properties": { "poi_type": "transport", "density": 0.67029961523106008 }, "geometry": { "type": "Point", "coordinates": [ 75.0, 305.0 ] } },
{ "type": "Feature", "properties": { "poi_type": "transport", "density": 0.4280925720390506 }, "geometry": { "type": "Point", "coordinates": [ 85.0, 305.0 ] } },
{ "type": "Feature", "properties": { "poi_type": "transport", "density": 0.38348887650765234 }, "geometry": { "type": "Point", "coordinates": [ 95.0, 305.0 ] } },
{ "type": "Feature", "properties": { "poi_type": "transport", "density": 0.67856541423791861 }, "geometry": { "type": "Point", "coordinates": [ 105.0, 305.0 ] } },
{ "type": "Feature", "properties": { "poi_type": "transport", "density": 0.50632672412343616 }, "geometry": { "type": "Point", "coordinates": [ 115.0, 305.0 ] } },
{ "type": "Feature", "properties": { "poi_type": "transport", "density": 0.53535074597748122 }, "geometry": { "type": "Point", "coordinates": [ 125.0, 305.0 ] } },
{ "type": "Feature", "properties": { "poi_type": "transport", "density": 0.38839165499857187 }, "geometry": { "type": "Point", "coordinates": [ 135.0, 305.0 ] } },
{ "type": "Feature", "properties": { "poi_type": "transport", "density": 0.62147111553971324 }, "geometry": { "type": "Point", "coordinates": [ 145.0, 305.0 ] } },
{ "type": "Feature", "properties": { "poi_type": "transport", "density": 0.37739816687316347 }, "geometry": { "type": "Point", "coordinates": [ 155.0, 305.0 ] } },
{ "type": "Feature", "properties": { "poi_type": "transport", "density": 0.45843062406515439 }, "geometry": { "type": "Point", "coordinates": [ 165.0, 305.0 ] } },
{ "type": "Feature", "properties": { "poi_type": "transport", "density": 0.57205486823982787 }, "geometry": { "type": "Point", "coordinates": [ 175.0, 305.0 ] } },
{ "type": "Feature", "properties": { "poi_type": "transport", "density": 0.65268696615663202 }, "geometry": { "type": "Point", "coordinates": [ 185.0, 305.0 ] } },
{ "type": "Feature", "properties": { "poi_type": "transport", "density": 0.48316103480621431 }, "geometry": { "type": "Point", "coordinates": [ 195.0, 305.0 ] } },
{ "type": "Feature", "properties": { "poi_type": "transport", "density": 0.3028136204720358 }, "geometry": { "type": "Point", "coordinates": [ 205.0, 305.0 ] } },
{ "type": "Feature", "properties": { "poi_type": "transport", "density": 0.52367644528030821 }, "geometry": { "type": "Point", "coordinates": [ 215.0, 305.0 ] } },
{ "type": "Feature", "properties": { "poi_type": "transport", "density": 0.63995748547032094 }, "geometry": { "type": "Point", "coordinates": [ 225.0, 305.0 ] } },
{ "type": "Feature", "properties": { "poi_type": "transport", "density": 0.39367810337707165 }, "geometry": { "type": "Point", "coordinates": [ 235.0, 305.0 ] } },
{ "type": "Feature", "properties": { "poi_type": "transport", "density": 0.5625848036533837 }, "geometry": { "type": "Point", "coordinates": [ 245.0, 305.0 ] } },
{ "type": "Feature", "properties": { "poi_type": "transport", "density": 0.3771709154944472 }, "geometry": { "type": "Point", "coordinates": [ 255.0, 305.0 ] } },
{ "type": "Feature", "properties": { "poi_type": "transport", "density": 0.62272117041869346 }, "geometry": { "type": "Point", "coordinates": [ 265.0, 305.0 ] } },
{ "type": "Feature", "properties": { "poi_type": "transport", "density": 0.44334062165682148 }, "geometry": { "type": "Point", "coordinates": [ 275.0, 305.0 ] } },
{ "type": "Feature", "properties": { "poi_type": "transport", "density": 0.57684433976382121 }, "geometry": { "type": "Point", "coordinates": [ 285.0, 305.0 ] } },
{ "type": "Feature", "properties": { "poi_type": "transport", "density": 0.34410208663794606 }, "geometry": { "type": "Point", "coordinates": [ 295.0, 305.0 ] } },
{ "type": "Feature", "properties": { "poi_type": "transport", "density": 0.39960147777713839 }, "geometry": { "type": "Point", "coordinates": [ 305.0, 305.0 ] } },
{ "type": "Feature", "properties": { "poi_type": "transport", "density": 0.41574270131957158 }, "geometry": { "type": "Point", "coordinates": [ 315.0, 305.0 ] } },
{ "type": "Feature", "properties": { "poi_type": "transport", "density": 0.43576926449792436 }, "geometry": { "type": "Point", "coordinates": [ 325.0, 305.0 ] } },
{ "type": "Feature", "properties": { "poi_type": "transport", "density": 0.41607362953977201 }, "geometry": { "type": "Point", "coordinates": [ 335.0, 305.0 ] } },
{ "type": "Feature", "properties": { "poi_type": "transport", "density": 0.31648192527722607 }, "geometry": { "type": "Point", "coordinates": [ 345.0, 305.0 ] } },
{ "type": "Feature", "properties": { "poi_type": "transport", "density": 0.32583639974269263 }, "geometry": { "type": "Point", "coordinates": [ 355.0, 305.0 ] } },
{ "type": "Feature", "properties": { "poi_type": "transport", "density": 0.59364214792805536 }, "geometry": { "type": "Point", "coordinates": [ 365.0, 305.0 ] } },
{ "type": "Feature", "properties": { "poi_type": "transport", "density": 0.56943346573076392 }, "geometry": { "type": "Point", "coordinates": [ 375.0, 305.0 ] } },
{ "type": "Feature", "properties": { "poi_type": "transport", "density": 0.5905685613724021 }, "geometry": { "type": "Point", "coordinates": [ 385.0, 305.0 ] } },
{ "type": "Feature", "properties": { "poi_type": "transport", "density": 0.45780942948703623 }, "geometry": { "type": "Point", "coordinates": [ 395.0, 305.0 ] } },
{ "type": "Feature", "properties": { "poi_type": "transport", "density": 0.56266149811226307 }, "geometry": { "type": "Point", "coordinates": [ 405.0, 305.0 ] } },
{ "type": "Feature", "properties": { "poi_type": "transport", "density": 0.45771591340192447 }, "geometry": { "type": "Point", "coordinates": [ 415.0, 305.0 ] } },
{ "type": "Feature", "properties": { "poi_type": "transport", "density": 0.39952848164193716 }, "geometry": { "type": "Point", "coordinates": [ 425.0, 305.0 ] } },
{ "type": "Feature", "properties": { "poi_type": "transport", "density": 0.57195361681418966 }, "geometry": { "type": "Point", "coordinates": [ 435.0, 305.0 ] } },
{ "type": "Feature", "properties": { "poi_type": "transport", "density": 0.59948044780584642 }, "geometry": { "type": "Point", "coordinates": [ 445.0, 305.0 ] } },
{ "type": "Feature", "properties": { "poi_type": "transport", "density": 0.39336026246680716 }, "geometry": { "type": "Point", "coordinates": [ 455.0, 305.0 ] } },
{ "type": "Feature", "properties": { "poi_type": "transport", "density": 0.54584592868493831 }, "geometry": { "type": "Point", "coordinates": [ 465.0, 305.0 ] } },
{ "type": "Feature", "properties": { "poi_type": "transport", "density": 0.3452746403642612 }, "geometry": { "type": "Point", "coordinates": [ 475.0, 305.0 ] } },
{ "type": "Feature", "properties": { "poi_type": "transport", "density": 0.66147140210808797 }, "geometry": { "type": "Point", "coordinates": [ 485.0, 305.0 ] } },
{ "type": "Feature", "properties": { "poi_type": "transport", "density": 0.39842978908859317 }, "geometry": { "type": "Point", "coordinates": [ 495.0, 305.0 ] } },
{ "type": "Feature", "properties": { "poi_type": "transport", "density": 0.45486318289894401 }, "geometry": { "type": "Point", "coordinates": [ 505.0, 305.0 ] } },
{ "type": "Feature", "properties": { "poi_type": "transport", "density": 0.67484422915589004 }, "geometry": { "type": "Point", "coordinates": [ 515.0, 305.0 ] } },
{ "type": "Feature", "properties": { "poi_type": "transport", "density": 0.46941760765330232 }, "geometry": { "type": "Point", "coordinates": [ 525.0, 305.0 ] } },
{ "type": "Feature", "properties": { "poi_type": "transport", "density": 0.50694666827434864 }, "geometry": { "type": "Point", "coordinates": [ 535.0, 305.0 ] } },
{ "type": "Feature", "properties": { "poi_type": "transport", "density": 0.41789065700062733 }, "geometry": { "type": "Point", "coordinates": [ 545.0, 305.0 ] } },
{ "type": "Feature", "properties": { "poi_type": "transport", "density": 0.30639778499289733 }, "geometry": { "type": "Point", "coordinates": [ 555.0, 305.0 ] } },
{ "type": "Feature", "properties": { "poi_type": "transport", "density": 0.68144467199584513 }, "geometry": { "type": "Point", "coordinates": [ 565.0, 305.0 ] } },
{ "type": "Feature", "properties": { "poi_type": "transport", "density": 0.55051680254106072 }, "geometry": { "type": "Point", "coordinates": [ 575.0, 305.0 ] } },
{ "type": "Feature", "properties": { "poi_type": "transport", "density": 0.30161366140335316 }, "geometry": { "type": "Point", "coordinates": [ 585.0, 305.0 ] } },
{ "type": "Feature", "properties": { "poi_type": "transport", "density": 0.48700873169610537 }, "geometry": { "type": "Point", "coordinates": [ 595.0, 305.0 ] } },
{ "type": "Feature", "properties": { "poi_type": "transport", "density": 0.47393983371956627 }, "geometry": { "type": "Point", "coordinates": [ 5.0, 315.0 ] } },
{ "type": "Feature", "properties": { "poi_type": "transport", "density": 0.39288523167078682 }, "geometry": { "type": "Point", "coordinates": [ 15.0, 315.0 ] } },
{ "type": "Feature", "properties": { "poi_type": "transport", "density": 0.60065314985050033 }, "geometry": { "type": "Point", "coordinates": [ 25.0, 315.0 ] } },
{ "type": "Feature", "properties": { "poi_type": "transport", "density": 0.57119352054893957 }, "geometry": { "type": "Point", "coordinates": [ 35.0, 315.0 ] } },
{ "type": "Feature", "properties": { "poi_type": "transport", "density": 0.66514860361462014 }, "geometry": { "type": "Point", "coordinates": [ 45.0, 315.0 ] } },
{ "type": "Feature", "properties": { "poi_type": "transport", "density": 0.6506256542467721 }, "geometry": { "type": "Point", "coordinates": [ 55.0, 315.0 ] } },
{ "type": "Feature", "properties": { "poi_type": "transport", "density": 0.34701435275664894 }, "geometry": { "type": "Point", "coordinates": [ 65.0, 315.0 ] } },
{ "type": "Feature", "properties": { "poi_type": "transport", "density": 0.66149121170112424 }, "geometry": { "type": "Point", "coordinates": [ 75.0, 315.0 ] } },
{ "type": "Feature", "properties": { "poi_type": "transport", "density": 0.41194799780718333 }, "geometry": { "type": "Point", "coordinates": [ 85.0, 315.0 ] } },
{ "type": "Feature", "properties": { "poi_type": "transport", "density": 0.46897165924954687 }, "geometry": { "type": "Point", "coordinates": [ 95.0, 315.0 ] } },
{ "type": "Feature", "properties": { "poi_type": "transport", "density": 0.40883085128509639 }, "geometry": { "type": "Point", "coordinates": [ 105.0, 315.0 ] } },
{ "type": "Feature", "properties": { "poi_type": "transport", "density": 0.4243483399803758 }, "geometry": { "type": "Point", "coordinates": [ 115.0, 315.0 ] } },
{ "type": "Feature", "properties": { "poi_type": "transport", "density": 0.55163375858618058 }, "geometry": { "type": "Point", "coordinates": [ 125.0, 315.0 ] } },
{ "type": "Feature", "properties": { "poi_type": "transport", "density": 0.60828681560113262 }, "geometry": { "type": "Point", "coordinates": [ 135.0, 315.0 ] } },
{ "type": "Feature", "properties": { "poi_type": "transport", "density": 0.56141610779753393 }, "geometry": { "type": "Point", "coordinates": [ 145.0, 315.0 ] } },
{ "type": "Feature", "properties": { "poi_type": "transport", "density": 0.30569055439195442 }, "geometry": { "type": "Point", "coordinates": [ 155.0, 315.0 ] } },
{ "type": "Feature", "properties": { "poi_type": "transport", "density": 0.67567066619882821 }, "geometry": { "type": "Point", "coordinates": [ 165.0, 315.0 ] } },
{ "type": "Feature", "properties": { "poi_type": "transport", "density": 0.46862814899171645 }, "geometry": { "type": "Point", "coordinates": [ 175.0, 315.0 ] } },
{ "type": "Feature", "properties": { "poi_type": "transport", "density": 0.53183107229363247 }, "geometry": { "type": "Point", "coordinates": [ 185.0, 315.0 ] } },
{ "type": "Feature", "properties": { "poi_type": "transport", "density": 0.689052611060474 }, "geometry": { "type": "Point", "coordinates": [ 195.0, 315.0 ] } },
{ "type": "Feature", "properties": { "poi_type": "transport", "density": 0.57445871876612797 }, "geometry": { "type": "Point", "coordinates": [ 205.0, 315.0 ] } },
{ "type": "Feature", "properties": { "poi_type": "transport", "density": 0.38751452226258531 }, "geometry": { "type": "Point", "coordinates": [ 215.0, 315.0 ] } },
{ "type": "Feature", "properties": { "poi_type": "transport", "density": 0.57980948310128655 }, "geometry": { "type": "Point", "coordinates": [ 225.0, 315.0 ] } },
{ "type": "Feature", "properties": { "poi_type": "transport", "density": 0.49698316954977784 }, "geometry": { "type": "Point", "coordinates": [ 235.0, 315.0 ] } },
{ "type": "Feature", "properties": { "poi_type": "transport", "density": 0.67718936716256328 }, "geometry": { "type": "Point", "coordinates": [ 245.0, 315.0 ] } },
{ "type": "Feature", "properties": { "poi_type": "transport", "density": 0.37646490894181028 }, "geometry": { "type": "Point", "coordinates": [ 255.0, 315.0 ] } },
{ "type": "Feature", "properties": { "poi_type": "transport", "density": 0.3491925092229925 }, "geometry": { "type": "Point", "coordinates": [ 265.0, 315.0 ] } },
{ "type": "Feature", "properties": { "poi_type": "transport", "density": 0.67492051163960942 }, "geometry": { "type": "Point", "coordinates": [ 275.0, 315.0 ] } },
{ "type": "Feature", "properties": { "poi_type": "transport", "density": 0.33975941540754218 }, "geometry": { "type": "Point", "coordinates": [ 285.0, 315.0 ] } },
{ "type": "Feature", "properties": { "poi_type": "transport", "density": 0.65632083384325901 }, "geometry": { "type": "Point", "coordinates": [ 295.0, 315.0 ] } },
{ "type": "Feature", "properties": { "poi_type": "transport", "density": 0.51965711140897608 }, "geometry": { "type": "Point", "coordinates": [ 305.0, 315.0 ] } },
{ "type": "Feature", "properties": { "poi_type": "transport", "density": 0.5739516461559957 }, "geometry": { "type": "Point", "coordinates": [ 315.0, 315.0 ] } },
{ "type": "Feature", "properties": { "poi_type": "transport", "density": 0.52683978370040652 }, "geometry": { "type": "Point", "coordinates": [ 325.0, 315.0 ] } },
{ "type": "Feature", "properties": { "poi_type": "transport", "density": 0.58584539133739022 }, "geometry": { "type": "Point", "coordinates": [ 335.0, 315.0 ] } },
{ "type": "Feature", "properties": { "poi_type": "transport", "density": 0.6482993662872405 }, "geometry": { "type": "Point", "coordinates": [ 345.0, 315.0 ] } },
{ "type": "Feature", "properties": { "poi_type": "transport", "density": 0.34642870130445425 }, "geometry": { "type": "Point", "coordinates": [ 355.0, 315.0 ] } },
{ "type": "Feature", "properties": { "poi_type": "transport", "density": 0.65529082827117568 }, "geometry": { "type": "Point", "coordinates": [ 365.0, 315.0 ] } },
{ "type": "Feature", "properties": { "poi_type": "transport", "density": 0.52094102535126541 }, "geometry": { "type": "Point", "coordinates": [ 375.0, 315.0 ] } },
{ "type": "Feature", "properties": { "poi_type": "transport", "density": 0.58451284562794936 }, "geometry": { "type": "Point", "coordinates": [ 385.0, 315.0 ] } },
{ "type": "Feature", "properties": { "poi_type": "transport", "density": 0.53569604132969717 }, "geometry": { "type": "Point", "coordinates": [ 395.0, 315.0 ] } },
{ "type": "Feature", "properties": { "poi_type": "transport", "density": 0.51603785285916071 }, "geometry": { "type": "Point", "coordinates": [ 405.0, 315.0 ] } },
{ "type": "Feature", "properties": { "poi_type": "transport", "density": 0.61717561142738109 }, "geometry": { "type": "Point", "coordinates": [ 415.0, 315.0 ] } },
{ "type": "Feature", "properties": { "poi_type": "transport", "density": 0.52638781210372765 }, "geometry": { "type": "Point", "coordinates": [ 425.0, 315.0 ] } },
{ "type": "Feature", "properties": { "poi_type": "transport", "density": 0.56236947105163271 }, "geometry": { "type": "Point", "coordinates": [ 435.0, 315.0 ] } },
{ "type": "Feature", "properties": { "poi_type": "transport", "density": 0.39237293613502 }, "geometry": { "type": "Point", "coordinates": [ 445.0, 315.0 ] } },
{ "type": "Feature", "properties": { "poi_type": "transport", "density": 0.58255759400978779 }, "geometry": { "type": "Point", "coordinates": [ 455.0, 315.0 ] } },
{ "type": "Feature", "properties": { "poi_type": "transport", "density": 0.57008424644013322 }, "geometry": { "type": "Point", "coordinates": [ 465.0, 315.0 ] } },
{ "type": "Feature", "properties": { "poi_type": "transport", "density": 0.69031328934299829 }, "geometry": { "type": "Point", "coordinates": [ 475.0, 315.0 ] } },
{ "type": "Feature", "properties": { "poi_type": "transport", "density": 0.41141395020673688 }, "geometry": { "type": "Point", "coordinates": [ 485.0, 315.0 ] } },
{ "type": "Feature", "properties": { "poi_type": "transport", "density": 0.57109825401526948 }, "geometry": { "type": "Point", "coordinates": [ 495.0, 315.0 ] } },
{ "type": "Feature", "properties": { "poi_type": "transport", "density": 0.60229131912030121 }, "geometry": { "type": "Point", "coordinates": [ 505.0, 315.0 ] } },
{ "type": "Feature", "properties": { "poi_type": "transport", "density": 0.54272881258479344 }, "geometry": { "type": "Point", "coordinates": [ 515.0, 315.0 ] } },
{ "type": "Feature", "properties": { "poi_type": "transport", "density": 0.57169358926238356 }, "geometry": { "type": "Point", "coordinates": [ 525.0, 315.0 ] } },
{ "type": "Feature", "properties": { "poi_type": "transport", "density": 0.47887619280439125 }, "geometry": { "type": "Point", "coordinates": [ 535.0, 315.0 ] } },
{ "type": "Feature", "properties": { "poi_type": "transport", "density": 0.56685831413140131 }, "geometry": { "type": "Point", "coordinates": [ 545.0, 315.0 ] } },
{ "type": "Feature", "properties": { "poi_type": "transport", "density": 0.6431976628189483 }, "geometry": { "type": "Point", "coordinates": [ 555.0, 315.0 ] } },
{ "type": "Feature", "properties": { "poi_type": "transport", "density": 0.50438388365741993 }, "geometry": { "type": "Point", "coordinates": [ 565.0, 315.0 ] } },
{ "type": "Feature", "properties": { "poi_type": "transport", "density": 0.48741624033805586 }, "geometry": { "type": "Point", "coordinates": [ 575.0, 315.0 ] } },
{ "type": "Feature", "properties": { "poi_type": "transport", "density": 0.30923395364182943 }, "geometry": { "type": "Point", "coordinates": [ 585.0, 315.0 ] } },
{ "type": "Feature", "properties": { "poi_type": "transport", "density": 0.61488207369805603 }, "geometry": { "type": "Point", "coordinates": [ 595.0, 315.0 ] } },
{ "type": "Feature", "properties": { "poi_type": "transport", "density": 0.39726041313674187 }, "geometry": { "type": "Point", "coordinates": [ 5.0, 325.0 ] } },
{ "type": "Feature", "properties": { "poi_type": "transport", "density": 0.33845144180927428 }, "geometry": { "type": "Point", "coordinates": [ 15.0, 325.0 ] } },
{ "type": "Feature", "properties": { "poi_type": "transport", "density": 0.60234641649306164 }, "geometry": { "type": "Point", "coordinates": [ 25.0, 325.0 ] } },
{ "type": "Feature", "properties": { "poi_type": "transport", "density": 0.44041211989436135 }, "geometry": { "type": "Point", "coordinates": [ 35.0, 325.0 ] } },
{ "type": "Feature", "properties": { "poi_type": "transport", "density": 0.40299233896182562 }, "geometry": { "type": "Point", "coordinates": [ 45.0, 325.0 ] } },
{ "type": "Feature", "properties": { "poi_type": "transport", "density": 0.48642687584490846 }, "geometry": { "type": "Point", "coordinates": [ 55.0, 325.0 ] } },
{ "type": "Feature", "properties": { "poi_type": "transport", "density": 0.69909785699272153 }, "geometry": { "type": "Point", "coordinates": [ 65.0, 325.0 ] } },
{ "type": "Feature", "properties": { "poi_type": "transport", "density": 0.53849404214680241 }, "geometry": { "type": "Point", "coordinates": [ 75.0, 325.0 ] } },
{ "type": "Feature", "properties": { "poi_type": "transport", "density": 0.38958142061870749 }, "geometry": { "type": "Point", "coordinates": [ 85.0, 325.0 ] } },
{ "type": "Feature", "properties": { "poi_type": "transport", "density": 0.67609673292664896 }, "geometry": { "type": "Point", "coordinates": [ 95.0, 325.0 ] } },
{ "type": "Feature", "properties": { "poi_type": "transport", "density": 0.36780936733949177 }, "geometry": { "type": "Point", "coordinates": [ 105.0, 325.0 ] } },
{ "type": "Feature", "properties": { "poi_type": "transport", "density": 0.34746112750012459 }, "geometry": { "type": "Point", "coordinates": [ 115.0, 325.0 ] } },
{ "type": "Feature", "properties": { "poi_type": "transport", "density": 0.45629898381770245 }, "geometry": { "type": "Point", "coordinates": [ 125.0, 325.0 ] } },
{ "type": "Feature", "properties": { "poi_type": "transport", "density": 0.61228386673011737 }, "geometry": { "type": "Point", "coordinates": [ 135.0, 325.0 ] } },
{ "type": "Feature", "properties": { "poi_type": "transport", "density": 0.51169827532158674 }, "geometry": { "type": "Point", "coordinates": [ 145.0, 325.0 ] } },
{ "type": "Feature", "properties": { "poi_type": "transport", "density": 0.50830616641187698 }, "geometry": { "type": "Point", "coordinates": [ 155.0, 325.0 ] } },
{ "type": "Feature", "properties": { "poi_type": "transport", "density": 0.58964858255314945 }, "geometry": { "type": "Point", "coordinates": [ 165.0, 325.0 ] } },
{ "type": "Feature", "properties": { "poi_type": "transport", "density": 0.60406252950522266 }, "geometry": { "type": "Point", "coordinates": [ 175.0, 325.0 ] } },
{ "type": "Feature", "properties": { "poi_type": "transport", "density": 0.63972233989201732 }, "geometry": { "type": "Point", "coordinates": [ 185.0, 325.0 ] } },
{ "type": "Feature", "properties": { "poi_type": "transport", "density": 0.34982692514565916 }, "geometry": { "type": "Point", "coordinates": [ 195.0, 325.0 ] } },
{ "type": "Feature", "properties": { "poi_type": "transport", "density": 0.59331498053726506 }, "geometry": { "type": "Point", "coordinates": [ 205.0, 325.0 ] } },
{ "type": "Feature", "properties": { "poi_type": "transport", "density": 0.50169326256589519 }, "geometry": { "type": "Point", "coordinates": [ 215.0, 325.0 ] } },
{ "type": "Feature", "properties": { "poi_type": "transport", "density": 0.53669231158186093 }, "geometry": { "type": "Point", "coordinates": [ 225.0, 325.0 ] } },
{ "type": "Feature", "properties": { "poi_type": "transport", "density": 0.64675504821641638 }, "geometry": { "type": "Point", "coordinates": [ 235.0, 325.0 ] } },
{ "type": "Feature", "properties": { "poi_type": "transport", "density": 0.5492406220335676 }, "geometry": { "type": "Point", "coordinates": [ 245.0, 325.0 ] } },
{ "type": "Feature", "properties": { "poi_type": "transport", "density": 0.41938414619442016 }, "geometry": { "type": "Point", "coordinates": [ 255.0, 325.0 ] } },
{ "type": "Feature", "properties": { "poi_type": "transport", "density": 0.51738106474267709 }, "geometry": { "type": "Point", "coordinates": [ 265.0, 325.0 ] } },
{ "type": "Feature", "properties": { "poi_type": "transport", "density": 0.39719378407938738 }, "geometry": { "type": "Point", "coordinates": [ 275.0, 325.0 ] } },
{ "type": "Feature", "properties": { "poi_type": "transport", "density": 0.32916858589853221 }, "geometry": { "type": "Point", "coordinates": [ 285.0, 325.0 ] } },
{ "type": "Feature", "properties": { "poi_type": "transport", "density": 0.50880004973500181 }, "geometry": { "type": "Point", "coordinates": [ 295.0, 325.0 ] } },
{ "type": "Feature", "properties": { "poi_type": "transport", "density": 0.45389470123847642 }, "geometry": { "type": "Point", "coordinates": [ 305.0, 325.0 ] } },
{ "type": "Feature", "properties": { "poi_type": "transport", "density": 0.59861523301928532 }, "geometry": { "type": "Point", "coordinates": [ 315.0, 325.0 ] } },
{ "type": "Feature", "properties": { "poi_type": "transport", "density": 0.52131760121592807 }, "geometry": { "type": "Point", "coordinates": [ 325.0, 325.0 ] } },
{ "type": "Feature", "properties": { "poi_type": "transport", "density": 0.54494280938204687 }, "geometry": { "type": "Point", "coordinates": [ 335.0, 325.0 ] } },
{ "type": "Feature", "properties": { "poi_type": "transport", "density": 0.56948403392056646 }, "geometry": { "type": "Point", "coordinates": [ 345.0, 325.0 ] } },
{ "type": "Feature", "properties": { "poi_type": "transport", "density": 0.40824359870233551 }, "geometry": { "type": "Point", "coordinates": [ 355.0, 325.0 ] } },
{ "type": "Feature", "properties": { "poi_type": "transport", "density": 0.59451926185786585 }, "geometry": { "type": "Point", "coordinates": [ 365.0, 325.0 ] } },
{ "type": "Feature", "properties": { "poi_type": "transport", "density": 0.41218706354306023 }, "geometry": { "type": "Point", "coordinates": [ 375.0, 325.0 ] } },
{ "type": "Feature", "properties": { "poi_type": "transport", "density": 0.66744815003091817 }, "geometry": { "type": "Point", "coordinates": [ 385.0, 325.0 ] } },
{ "type": "Feature", "properties": { "poi_type": "transport", "density": 0.57159810754411122 }, "geometry": { "type": "Point", "coordinates": [ 395.0, 325.0 ] } },
{ "type": "Feature", "properties": { "poi_type": "transport", "density": 0.30909258400991113 }, "geometry": { "type": "Point", "coordinates": [ 405.0, 325.0 ] } },
{ "type": "Feature", "properties": { "poi_type": "transport", "density": 0.48839348628611101 }, "geometry": { "type": "Point", "coordinates": [ 415.0, 325.0 ] } },
{ "type": "Feature", "properties": { "poi_type": "transport", "density": 0.55253835672931984 }, "geometry": { "type": "Point", "coordinates": [ 425.0, 325.0 ] } },
{ "type": "Feature", "properties": { "poi_type": "transport", "density": 0.4091634796350001 }, "geometry": { "type": "Point", "coordinates": [ 435.0, 325.0 ] } },
{ "type": "Feature", "properties": { "poi_type": "transport", "density": 0.44866102938149321 }, "geometry": { "type": "Point", "coordinates": [ 445.0, 325.0 ] } },
{ "type": "Feature", "properties": { "poi_type": "transport", "density": 0.55669006139596611 }, "geometry": { "type": "Point", "coordinates": [ 455.0, 325.0 ] } },
{ "type": "Feature", "properties": { "poi_type": "transport", "density": 0.43775644660683416 }, "geometry": { "type": "Point", "coordinates": [ 465.0, 325.0 ] } },
{ "type": "Feature", "properties": { "poi_type": "transport", "density": 0.48553266538834877 }, "geometry": { "type": "Point", "coordinates": [ 475.0, 325.0 ] } },
{ "type": "Feature", "properties": { "poi_type": "transport", "density": 0.67437721474622259 }, "geometry": { "type": "Point", "coordinates": [ 485.0, 325.0 ] } },
{ "type": "Feature", "properties": { "poi_type": "transport", "density": 0.57981748575595415 }, "geometry": { "type": "Point", "coordinates": [ 495.0, 325.0 ] } },
{ "type": "Feature", "properties": { "poi_type": "transport", "density": 0.66106528266068487 }, "geometry": { "type": "Point", "coordinates": [ 505.0, 325.0 ] } },
{ "type": "Feature", "properties": { "poi_type": "transport", "density": 0.53101120122556655 }, "geometry": { "type": "Point", "coordinates": [ 515.0, 325.0 ] } },
{ "type": "Feature", "properties": { "poi_type": "transport", "density": 0.39923839855168475 }, "geometry": { "type": "Point", "coordinates": [ 525.0, 325.0 ] } },
{ "type": "Feature", "properties": { "poi_type": "transport", "density": 0.67421979659070974 }, "geometry": { "type": "Point", "coordinates": [ 535.0, 325.0 ] } },
{ "type": "Feature", "properties": { "poi_type": "transport", "density": 0.45509623845341912 }, "geometry": { "type": "Point", "coordinates": [ 545.0, 325.0 ] } },
{ "type": "Feature", "properties": { "poi_type": "transport", "density": 0.40666606813845724 }, "geometry": { "type": "Point", "coordinates": [ 555.0, 325.0 ] } },
{ "type": "Feature", "properties": { "poi_type": "transport", "density": 0.59164697545987832 }, "geometry": { "type": "Point", "coordinates": [ 565.0, 325.0 ] } },
{ "type": "Feature", "properties": { "poi_type": "transport", "density": 0.64082716659111505 }, "geometry": { "type": "Point", "coordinates": [ 575.0, 325.0 ] } },
{ "type": "Feature", "properties": { "poi_type": "transport", "density": 0.54704239853083014 }, "geometry": { "type": "Point", "coordinates": [ 585.0, 325.0 ] } },
{ "type": "Feature", "properties": { "poi_type": "transport", "density": 0.37843427419987591 }, "geometry": { "type": "Point", "coordinates": [ 595.0, 325.0 ] } },
{ "type": "Feature", "properties": { "poi_type": "transport", "density": 0.42334388995520533 }, "geometry": { "type": "Point", "coordinates": [ 125.0, 335.0 ] } },
{ "type": "Feature", "properties": { "poi_type": "transport", "density": 0.6685692871975164 }, "geometry": { "type": "Point", "coordinates": [ 135.0, 335.0 ] } },
{ "type": "Feature", "properties": { "poi_type": "transport", "density": 0.50845106594979372 }, "geometry": { "type": "Point", "coordinates": [ 145.0, 335.0 ] } },
{ "type": "Feature", "properties": { "poi_type": "transport", "density": 0.6757504381832351 }, "geometry": { "type": "Point", "coordinates": [ 155.0, 335.0 ] } },
{ "type": "Feature", "properties": { "poi_type": "transport", "density": 0.34931077879535799 }, "geometry": { "type": "Point", "coordinates": [ 165.0, 335.0 ] } },
{ "type": "Feature", "properties": { "poi_type": "transport", "density": 0.43976172196962821 }, "geometry": { "type": "Point", "coordinates": [ 175.0, 335.0 ] } },
{ "type": "Feature", "properties": { "poi_type": "transport", "density": 0.67991821016776288 }, "geometry": { "type": "Point", "coordinates": [ 275.0, 335.0 ] } },
{ "type": "Feature", "properties": { "poi_type": "transport", "density": 0.52267507280854097 }, "geometry": { "type": "Point", "coordinates": [ 285.0, 335.0 ] } },
{ "type": "Feature", "properties": { "poi_type": "transport", "density": 0.48605010214668032 }, "geometry": { "type": "Point", "coordinates": [ 295.0, 335.0 ] } },
{ "type": "Feature", "properties": { "poi_type": "transport", "density": 0.47366927862651464 }, "geometry": { "type": "Point", "coordinates": [ 305.0, 335.0 ] } },
{ "type": "Feature", "properties": { "poi_type": "transport", "density": 0.42821271372558944 }, "geometry": { "type": "Point", "coordinates": [ 315.0, 335.0 ] } },
{ "type": "Feature", "properties": { "poi_type": "transport", "density": 0.56774781364856619 }, "geometry": { "type": "Point", "coordinates": [ 325.0, 335.0 ] } },
{ "type": "Feature", "properties": { "poi_type": "transport", "density": 0.34477244279125757 }, "geometry": { "type": "Point", "coordinates": [ 335.0, 335.0 ] } },
{ "type": "Feature", "properties": { "poi_type": "transport", "density": 0.55845061645127758 }, "geometry": { "type": "Point", "coordinates": [ 345.0, 335.0 ] } },
{ "type": "Feature", "properties": { "poi_type": "transport", "density": 0.68495977313506373 }, "geometry": { "type": "Point", "coordinates": [ 355.0, 335.0 ] } },
{ "type": "Feature", "properties": { "poi_type": "transport", "density": 0.48540545297337057 }, "geometry": { "type": "Point", "coordinates": [ 425.0, 335.0 ] } },
{ "type": "Feature", "properties": { "poi_type": "transport", "density": 0.31417711291035078 }, "geometry": { "type": "Point", "coordinates": [ 435.0, 335.0 ] } },
{ "type": "Feature", "properties": { "poi_type": "transport", "density": 0.55574957901390065 }, "geometry": { "type": "Point", "coordinates": [ 445.0, 335.0 ] } },
{ "type": "Feature", "properties": { "poi_type": "transport", "density": 0.36122584205312464 }, "geometry": { "type": "Point", "coordinates": [ 455.0, 335.0 ] } },
{ "type": "Feature", "properties": { "poi_type": "transport", "density": 0.36842218378162633 }, "geometry": { "type": "Point", "coordinates": [ 465.0, 335.0 ] } },
{ "type": "Feature", "properties": { "poi_type": "transport", "density": 0.34061292712362162 }, "geometry": { "type": "Point", "coordinates": [ 475.0, 335.0 ] } },
{ "type": "Feature", "properties": { "poi_type": "transport", "density": 0.42794849508242583 }, "geometry": { "type": "Point", "coordinates": [ 125.0, 345.0 ] } },
{ "type": "Feature", "properties": { "poi_type": "transport", "density": 0.5244709825260877 }, "geometry": { "type": "Point", "coordinates": [ 135.0, 345.0 ] } },
{ "type": "Feature", "properties": { "poi_type": "transport", "density": 0.5391776494660957 }, "geometry": { "type": "Point", "coordinates": [ 145.0, 345.0 ] } },
{ "type": "Feature", "properties": { "poi_type": "transport", "density": 0.61013500414104849 }, "geometry": { "type": "Point", "coordinates": [ 155.0, 345.0 ] } },
{ "type": "Feature", "properties": { "poi_type": "transport", "density": 0.5967418759984825 }, "geometry": { "type": "Point", "coordinates": [ 165.0, 345.0 ] } },
{ "type": "Feature", "properties": { "poi_type": "transport", "density": 0.43110181849088697 }, "geometry": { "type": "Point", "coordinates": [ 175.0, 345.0 ] } },
{ "type": "Feature", "properties": { "poi_type": "transport", "density": 0.68470359390522084 }, "geometry": { "type": "Point", "coordinates": [ 275.0, 345.0 ] } },
{ "type": "Feature", "properties": { "poi_type": "transport", "density": 0.56145058571544038 }, "geometry": { "type": "Point", "coordinates": [ 285.0, 345.0 ] } },
{ "type": "Feature", "properties": { "poi_type": "transport", "density": 0.69860429838122151 }, "geometry": { "type": "Point", "coordinates": [ 295.0, 345.0 ] } },
{ "type": "Feature", "properties": { "poi_type": "transport", "density": 0.43270029136630073 }, "geometry": { "type": "Point", "coordinates": [ 305.0, 345.0 ] } },
{ "type": "Feature", "properties": { "poi_type": "transport", "density": 0.55818697273094076 }, "geometry": { "type": "Point", "coordinates": [ 315.0, 345.0 ] } },
{ "type": "Feature", "properties": { "poi_type": "transport", "density": 0.47717398122594123 }, "geometry": { "type": "Point", "coordinates": [ 325.0, 345.0 ] } },
{ "type": "Feature", "properties": { "poi_type": "transport", "density": 0.66399187149460559 }, "geometry": { "type": "Point", "coordinates": [ 335.0, 345.0 ] } },
{ "type": "Feature", "properties": { "poi_type": "transport", "density": 0.69912224012430124 }, "geometry": { "type": "Point", "coordinates": [ 345.0, 345.0 ] } },
{ "type": "Feature", "properties": { "poi_type": "transport", "density": 0.57807860149958379 }, "geometry": { "type": "Point", "coordinates": [ 355.0, 345.0 ] } },
{ "type": "Feature", "properties": { "poi_type": "transport", "density": 0.45482037364446959 }, "geometry": { "type": "Point", "coordinates": [ 365.0, 345.0 ] } },
{ "type": "Feature", "properties": { "poi_type": "transport", "density": 0.60406315617570017 }, "geometry": { "type": "Point", "coordinates": [ 415.0, 345.0 ] } },
{ "type": "Feature", "properties": { "poi_type": "transport", "density": 0.48841898252588556 }, "geometry": { "type": "Point", "coordinates": [ 425.0, 345.0 ] } },
{ "type": "Feature", "properties": { "poi_type": "transport", "density": 0.49795831897976506 }, "geometry": { "type": "Point", "coordinates": [ 435.0, 345.0 ] } },
{ "type": "Feature", "properties": { "poi_type": "transport", "density": 0.66375302366662559 }, "geometry": { "type": "Point", "coordinates": [ 445.0, 345.0 ] } },
{ "type": "Feature", "properties": { "poi_type": "transport", "density": 0.58503137285229601 }, "geometry": { "type": "Point", "coordinates": [ 455.0, 345.0 ] } },
{ "type": "Feature", "properties": { "poi_type": "transport", "density": 0.37104889502856536 }, "geometry": { "type": "Point", "coordinates": [ 465.0, 345.0 ] } },
{ "type": "Feature", "properties": { "poi_type": "transport", "density": 0.37552752241392401 }, "geometry": { "type": "Point", "coordinates": [ 475.0, 345.0 ] } },
{ "type": "Feature", "properties": { "poi_type": "transport", "density": 0.30841163707370167 }, "geometry": { "type": "Point", "coordinates": [ 55.0, 355.0 ] } },
{ "type": "Feature", "properties": { "poi_type": "transport", "density": 0.34332812694913062 }, "geometry": { "type": "Point", "coordinates": [ 125.0, 355.0 ] } },
{ "type": "Feature", "properties": { "poi_type": "transport", "density": 0.32502557901175588 }, "geometry": { "type": "Point", "coordinates": [ 135.0, 355.0 ] } },
{ "type": "Feature", "properties": { "poi_type": "transport", "density": 0.48869203800907646 }, "geometry": { "type": "Point", "coordinates": [ 145.0, 355.0 ] } },
{ "type": "Feature", "properties": { "poi_type": "transport", "density": 0.50290134322124835 }, "geometry": { "type": "Point", "coordinates": [ 155.0, 355.0 ] } },
{ "type": "Feature", "properties": { "poi_type": "transport", "density": 0.43932238492261955 }, "geometry": { "type": "Point", "coordinates": [ 165.0, 355.0 ] } },
{ "type": "Feature", "properties": { "poi_type": "transport", "density": 0.4206934344875855 }, "geometry": { "type": "Point", "coordinates": [ 175.0, 355.0 ] } },
{ "type": "Feature", "properties": { "poi_type": "transport", "density": 0.59488083261515534 }, "geometry": { "type": "Point", "coordinates": [ 275.0, 355.0 ] } },
{ "type": "Feature", "properties": { "poi_type": "transport", "density": 0.60912745102642529 }, "geometry": { "type": "Point", "coordinates": [ 285.0, 355.0 ] } },
{ "type": "Feature", "properties": { "poi_type": "transport", "density": 0.42539997899102922 }, "geometry": { "type": "Point", "coordinates": [ 295.0, 355.0 ] } },
{ "type": "Feature", "properties": { "poi_type": "transport", "density": 0.3233302522596177 }, "geometry": { "type": "Point", "coordinates": [ 305.0, 355.0 ] } },
{ "type": "Feature", "properties": { "poi_type": "transport", "density": 0.32368837301676312 }, "geometry": { "type": "Point", "coordinates": [ 315.0, 355.0 ] } },
{ "type": "Feature", "properties": { "poi_type": "transport", "density": 0.3055656960012349 }, "geometry": { "type": "Point", "coordinates": [ 325.0, 355.0 ] } },
{ "type": "Feature", "properties": { "poi_type": "transport", "density": 0.45800600209525694 }, "geometry": { "type": "Point", "coordinates": [ 335.0, 355.0 ] } },
{ "type": "Feature", "properties": { "poi_type": "transport", "density": 0.41958003908164687 }, "geometry": { "type": "Point", "coordinates": [ 345.0, 355.0 ] } },
{ "type": "Feature", "properties": { "poi_type": "transport", "density": 0.38659736626305929 }, "geometry": { "type": "Point", "coordinates": [ 355.0, 355.0 ] } },
{ "type": "Feature", "properties": { "poi_type": "transport", "density": 0.40351244172089196 }, "geometry": { "type": "Point", "coordinates": [ 365.0, 355.0 ] } },
{ "type": "Feature", "properties": { "poi_type": "transport", "density": 0.59298080988638491 }, "geometry": { "type": "Point", "coordinates": [ 375.0, 355.0 ] } },
{ "type": "Feature", "properties": { "poi_type": "transport", "density": 0.54482483657694525 }, "geometry": { "type": "Point", "coordinates": [ 425.0, 355.0 ] } },
{ "type": "Feature", "properties": { "poi_type": "transport", "density": 0.68339388547065893 }, "geometry": { "type": "Point", "coordinates": [ 435.0, 355.0 ] } },
{ "type": "Feature", "properties": { "poi_type": "transport", "density": 0.59067976214362994 }, "geometry": { "type": "Point", "coordinates": [ 445.0, 355.0 ] } },
{ "type": "Feature", "properties": { "poi_type": "transport", "density": 0.5893348432854284 }, "geometry": { "type": "Point", "coordinates": [ 455.0, 355.0 ] } },
{ "type": "Feature", "properties": { "poi_type": "transport", "density": 0.44252262411917076 }, "geometry": { "type": "Point", "coordinates": [ 465.0, 355.0 ] } },
{ "type": "Feature", "properties": { "poi_type": "transport", "density": 0.34324614998947078 }, "geometry": { "type": "Point", "coordinates": [ 475.0, 355.0 ] } },
{ "type": "Feature", "properties": { "poi_type": "transport", "density": 0.68285564234469842 }, "geometry": { "type": "Point", "coordinates": [ 125.0, 365.0 ] } },
{ "type": "Feature", "properties": { "poi_type": "transport", "density": 0.68992220668576654 }, "geometry": { "type": "Point", "coordinates": [ 135.0, 365.0 ] } },
{ "type": "Feature", "properties": { "poi_type": "transport", "density": 0.68830343038929043 }, "geometry": { "type": "Point", "coordinates": [ 145.0, 365.0 ] } },
{ "type": "Feature", "properties": { "poi_type": "transport", "density": 0.54094494623533418 }, "geometry": { "type": "Point", "coordinates": [ 155.0, 365.0 ] } },
{ "type": "Feature", "properties": { "poi_type": "transport", "density": 0.4662805428990322 }, "geometry": { "type": "Point", "coordinates": [ 165.0, 365.0 ] } },
{ "type": "Feature", "properties": { "poi_type": "transport", "density": 0.31028152970885886 }, "geometry": { "type": "Point", "coordinates": [ 175.0, 365.0 ] } },
{ "type": "Feature", "properties": { "poi_type": "transport", "density": 0.39597519715055074 }, "geometry": { "type": "Point", "coordinates": [ 185.0, 365.0 ] } },
{ "type": "Feature", "properties": { "poi_type": "transport", "density": 0.3857334071611136 }, "geometry": { "type": "Point", "coordinates": [ 225.0, 365.0 ] } },
{ "type": "Feature", "properties": { "poi_type": "transport", "density": 0.6073646479375161 }, "geometry": { "type": "Point", "coordinates": [ 275.0, 365.0 ] } },
{ "type": "Feature", "properties": { "poi_type": "transport", "density": 0.31100126083297358 }, "geometry": { "type": "Point", "coordinates": [ 285.0, 365.0 ] } },
{ "type": "Feature", "properties": { "poi_type": "transport", "density": 0.59470639696041028 }, "geometry": { "type": "Point", "coordinates": [ 295.0, 365.0 ] } },
{ "type": "Feature", "properties": { "poi_type": "transport", "density": 0.4123256056558941 }, "geometry": { "type": "Point", "coordinates": [ 305.0, 365.0 ] } },
{ "type": "Feature", "properties": { "poi_type": "transport", "density": 0.44719420391507314 }, "geometry": { "type": "Point", "coordinates": [ 315.0, 365.0 ] } },
{ "type": "Feature", "properties": { "poi_type": "transport", "density": 0.57506403792825567 }, "geometry": { "type": "Point", "coordinates": [ 325.0, 365.0 ] } },
{ "type": "Feature", "properties": { "poi_type": "transport", "density": 0.51463816939388218 }, "geometry": { "type": "Point", "coordinates": [ 335.0, 365.0 ] } },
{ "type": "Feature", "properties": { "poi_type": "transport", "density": 0.33742072584511895 }, "geometry": { "type": "Point", "coordinates": [ 345.0, 365.0 ] } },
{ "type": "Feature", "properties": { "poi_type": "transport", "density": 0.57777607309986934 }, "geometry": { "type": "Point", "coordinates": [ 355.0, 365.0 ] } },
{ "type": "Feature", "properties": { "poi_type": "transport", "density": 0.37899799083627994 }, "geometry": { "type": "Point", "coordinates": [ 365.0, 365.0 ] } },
{ "type": "Feature", "properties": { "poi_type": "transport", "density": 0.33756468895462888 }, "geometry": { "type": "Point", "coordinates": [ 375.0, 365.0 ] } },
{ "type": "Feature", "properties": { "poi_type": "transport", "density": 0.38958323872664347 }, "geometry": { "type": "Point", "coordinates": [ 385.0, 365.0 ] } },
{ "type": "Feature", "properties": { "poi_type": "transport", "density": 0.64827833059949891 }, "geometry": { "type": "Point", "coordinates": [ 415.0, 365.0 ] } },
{ "type": "Feature", "properties": { "poi_type": "transport", "density": 0.40258005771102645 }, "geometry": { "type": "Point", "coordinates": [ 425.0, 365.0 ] } },
{ "type": "Feature", "properties": { "poi_type": "transport", "density": 0.31468777312984964 }, "geometry": { "type": "Point", "coordinates": [ 435.0, 365.0 ] } },
{ "type": "Feature", "properties": { "poi_type": "transport", "density": 0.36344830435741421 }, "geometry": { "type": "Point", "coordinates": [ 445.0, 365.0 ] } },
{ "type": "Feature", "properties": { "poi_type": "transport", "density": 0.36634210053570881 }, "geometry": { "type": "Point", "coordinates": [ 455.0, 365.0 ] } },
{ "type": "Feature", "properties": { "poi_type": "transport", "density": 0.41286301452764712 }, "geometry": { "type": "Point", "coordinates": [ 465.0, 365.0 ] } },
{ "type": "Feature", "properties": { "poi_type": "transport", "density": 0.68976113306086473 }, "geometry": { "type": "Point", "coordinates": [ 475.0, 365.0 ] } },
{ "type": "Feature", "properties": { "poi_type": "transport", "density": 0.58864049409874242 }, "geometry": { "type": "Point", "coordinates": [ 595.0, 365.0 ] } },
{ "type": "Feature", "properties": { "poi_type": "transport", "density": 0.48655368540342431 }, "geometry": { "type": "Point", "coordinates": [ 125.0, 375.0 ] } },
{ "type": "Feature", "properties": { "poi_type": "transport", "density": 0.47844191865574615 }, "geometry": { "type": "Point", "coordinates": [ 135.0, 375.0 ] } },
{ "type": "Feature", "properties": { "poi_type": "transport", "density": 0.46923272173729319 }, "geometry": { "type": "Point", "coordinates": [ 145.0, 375.0 ] } },
{ "type": "Feature", "properties": { "poi_type": "transport", "density": 0.33799767429066507 }, "geometry": { "type": "Point", "coordinates": [ 155.0, 375.0 ] } },
{ "type": "Feature", "properties": { "poi_type": "transport", "density": 0.37496951863618533 }, "geometry": { "type": "Point", "coordinates": [ 165.0, 375.0 ] } },
{ "type": "Feature", "properties": { "poi_type": "transport", "density": 0.48010755990527088 }, "geometry": { "type": "Point", "coordinates": [ 175.0, 375.0 ] } },
{ "type": "Feature", "properties": { "poi_type": "transport", "density": 0.3964583281447589 }, "geometry": { "type": "Point", "coordinates": [ 275.0, 375.0 ] } },
{ "type": "Feature", "properties": { "poi_type": "transport", "density": 0.34924467906865952 }, "geometry": { "type": "Point", "coordinates": [ 285.0, 375.0 ] } },
{ "type": "Feature", "properties": { "poi_type": "transport", "density": 0.4001581325695221 }, "geometry": { "type": "Point", "coordinates": [ 295.0, 375.0 ] } },
{ "type": "Feature", "properties": { "poi_type": "transport", "density": 0.62556582152928253 }, "geometry": { "type": "Point", "coordinates": [ 305.0, 375.0 ] } },
{ "type": "Feature", "properties": { "poi_type": "transport", "density": 0.48718598934437135 }, "geometry": { "type": "Point", "coordinates": [ 315.0, 375.0 ] } },
{ "type": "Feature", "properties": { "poi_type": "transport", "density": 0.30493969825939193 }, "geometry": { "type": "Point", "coordinates": [ 325.0, 375.0 ] } },
{ "type": "Feature", "properties": { "poi_type": "transport", "density": 0.4698826459123302 }, "geometry": { "type": "Point", "coordinates": [ 355.0, 375.0 ] } },
{ "type": "Feature", "properties": { "poi_type": "transport", "density": 0.44866337904768727 }, "geometry": { "type": "Point", "coordinates": [ 365.0, 375.0 ] } },
{ "type": "Feature", "properties": { "poi_type": "transport", "density": 0.49563249413248389 }, "geometry": { "type": "Point", "coordinates": [ 375.0, 375.0 ] } },
{ "type": "Feature", "properties": { "poi_type": "transport", "density": 0.67338097459659962 }, "geometry": { "type": "Point", "coordinates": [ 385.0, 375.0 ] } },
{ "type": "Feature", "properties": { "poi_type": "transport", "density": 0.42740112155928434 }, "geometry": { "type": "Point", "coordinates": [ 395.0, 375.0 ] } },
{ "type": "Feature", "properties": { "poi_type": "transport", "density": 0.60013704804000367 }, "geometry": { "type": "Point", "coordinates": [ 425.0, 375.0 ] } },
{ "type": "Feature", "properties": { "poi_type": "transport", "density": 0.65354696872211349 }, "geometry": { "type": "Point", "coordinates": [ 435.0, 375.0 ] } },
{ "type": "Feature", "properties": { "poi_type": "transport", "density": 0.50168374212613354 }, "geometry": { "type": "Point", "coordinates": [ 445.0, 375.0 ] } },
{ "type": "Feature", "properties": { "poi_type": "transport", "density": 0.45576078545413418 }, "geometry": { "type": "Point", "coordinates": [ 455.0, 375.0 ] } },
{ "type": "Feature", "properties": { "poi_type": "transport", "density": 0.69469642135644183 }, "geometry": { "type": "Point", "coordinates": [ 465.0, 375.0 ] } },
{ "type": "Feature", "properties": { "poi_type": "transport", "density": 0.65226343978907275 }, "geometry": { "type": "Point", "coordinates": [ 475.0, 375.0 ] } },
{ "type": "Feature", "properties": { "poi_type": "transport", "density": 0.31925505223205347 }, "geometry": { "type": "Point", "coordinates": [ 125.0, 385.0 ] } },
{ "type": "Feature", "properties": { "poi_type": "transport", "density": 0.53772942856286332 }, "geometry": { "type": "Point", "coordinates": [ 135.0, 385.0 ] } },
{ "type": "Feature", "properties": { "poi_type": "transport", "density": 0.60404628165587326 }, "geometry": { "type": "Point", "coordinates": [ 145.0, 385.0 ] } },
{ "type": "Feature", "properties": { "poi_type": "transport", "density": 0.43430712798319249 }, "geometry": { "type": "Point", "coordinates": [ 155.0, 385.0 ] } },
{ "type": "Feature", "properties": { "poi_type": "transport", "density": 0.35854570719128825 }, "geometry": { "type": "Point", "coordinates": [ 165.0, 385.0 ] } },
{ "type": "Feature", "properties": { "poi_type": "transport", "density": 0.55702143025564843 }, "geometry": { "type": "Point", "coordinates": [ 175.0, 385.0 ] } },
{ "type": "Feature", "properties": { "poi_type": "transport", "density": 0.42978130410151544 }, "geometry": { "type": "Point", "coordinates": [ 275.0, 385.0 ] } },
{ "type": "Feature", "properties": { "poi_type": "transport", "density": 0.6438255263624999 }, "geometry": { "type": "Point", "coordinates": [ 285.0, 385.0 ] } },
{ "type": "Feature", "properties": { "poi_type": "transport", "density": 0.54738690530513312 }, "geometry": { "type": "Point", "coordinates": [ 295.0, 385.0 ] } },
{ "type": "Feature", "properties": { "poi_type": "transport", "density": 0.40560396517109676 }, "geometry": { "type": "Point", "coordinates": [ 305.0, 385.0 ] } },
{ "type": "Feature", "properties": { "poi_type": "transport", "density": 0.47983043768866185 }, "geometry": { "type": "Point", "coordinates": [ 315.0, 385.0 ] } },
{ "type": "Feature", "properties": { "poi_type": "transport", "density": 0.50426243925718817 }, "geometry": { "type": "Point", "coordinates": [ 325.0, 385.0 ] } },
{ "type": "Feature", "properties": { "poi_type": "transport", "density": 0.6354028882524233 }, "geometry": { "type": "Point", "coordinates": [ 365.0, 385.0 ] } },
{ "type": "Feature", "properties": { "poi_type": "transport", "density": 0.66479425589231778 }, "geometry": { "type": "Point", "coordinates": [ 375.0, 385.0 ] } },
{ "type": "Feature", "properties": { "poi_type": "transport", "density": 0.58635274481314692 }, "geometry": { "type": "Point", "coordinates": [ 385.0, 385.0 ] } },
{ "type": "Feature", "properties": { "poi_type": "transport", "density": 0.53204225641192993 }, "geometry": { "type": "Point", "coordinates": [ 395.0, 385.0 ] } },
{ "type": "Feature", "properties": { "poi_type": "transport", "density": 0.56475021114211721 }, "geometry": { "type": "Point", "coordinates": [ 405.0, 385.0 ] } },
{ "type": "Feature", "properties": { "poi_type": "transport", "density": 0.39947091742362839 }, "geometry": { "type": "Point", "coordinates": [ 425.0, 385.0 ] } },
{ "type": "Feature", "properties": { "poi_type": "transport", "density": 0.67348330071876084 }, "geometry": { "type": "Point", "coordinates": [ 435.0, 385.0 ] } },
{ "type": "Feature", "properties": { "poi_type": "transport", "density": 0.50189449682694187 }, "geometry": { "type": "Point", "coordinates": [ 445.0, 385.0 ] } },
{ "type": "Feature", "properties": { "poi_type": "transport", "density": 0.49579525313882733 }, "geometry": { "type": "Point", "coordinates": [ 455.0, 385.0 ] } },
{ "type": "Feature", "properties": { "poi_type": "transport", "density": 0.33482913725536312 }, "geometry": { "type": "Point", "coordinates": [ 465.0, 385.0 ] } },
{ "type": "Feature", "properties": { "poi_type": "transport", "density": 0.68906618155347532 }, "geometry": { "type": "Point", "coordinates": [ 475.0, 385.0 ] } },
{ "type": "Feature", "properties": { "poi_type": "transport", "density": 0.64419046170944938 }, "geometry": { "type": "Point", "coordinates": [ 125.0, 395.0 ] } },
{ "type": "Feature", "properties": { "poi_type": "transport", "density": 0.44718697980280514 }, "geometry": { "type": "Point", "coordinates": [ 135.0, 395.0 ] } },
{ "type": "Feature", "properties": { "poi_type": "transport", "density": 0.34367625539627028 }, "geometry": { "type": "Point", "coordinates": [ 145.0, 395.0 ] } },
{ "type": "Feature", "properties": { "poi_type": "transport", "density": 0.30827606438125027 }, "geometry": { "type": "Point", "coordinates": [ 155.0, 395.0 ] } },
{ "type": "Feature", "properties": { "poi_type": "transport", "density": 0.5981421230128543 }, "geometry": { "type": "Point", "coordinates": [ 165.0, 395.0 ] } },
{ "type": "Feature", "properties": { "poi_type": "transport", "density": 0.64853174726999763 }, "geometry": { "type": "Point", "coordinates": [ 175.0, 395.0 ] } },
{ "type": "Feature", "properties": { "poi_type": "transport", "density": 0.64361151530467064 }, "geometry": { "type": "Point", "coordinates": [ 275.0, 395.0 ] } },
{ "type": "Feature", "properties": { "poi_type": "transport", "density": 0.4586028283422619 }, "geometry": { "type": "Point", "coordinates": [ 285.0, 395.0 ] } },
{ "type": "Feature", "properties": { "poi_type": "transport", "density": 0.4868088036302014 }, "geometry": { "type": "Point", "coordinates": [ 295.0, 395.0 ] } },
{ "type": "Feature", "properties": { "poi_type": "transport", "density": 0.42373499277904236 }, "geometry": { "type": "Point", "coordinates": [ 305.0, 395.0 ] } },
{ "type": "Feature", "properties": { "poi_type": "transport", "density": 0.69651846358380198 }, "geometry": { "type": "Point", "coordinates": [ 315.0, 395.0 ] } },
{ "type": "Feature", "properties": { "poi_type": "transport", "density": 0.44279946172196871 }, "geometry": { "type": "Point", "coordinates": [ 325.0, 395.0 ] } },
{ "type": "Feature", "properties": { "poi_type": "transport", "density": 0.52519017117044164 }, "geometry": { "type": "Point", "coordinates": [ 375.0, 395.0 ] } },
{ "type": "Feature", "properties": { "poi_type": "transport", "density": 0.47617833751125693 }, "geometry": { "type": "Point", "coordinates": [ 385.0, 395.0 ] } },
{ "type": "Feature", "properties": { "poi_type": "transport", "density": 0.66377702992734222 }, "geometry": { "type": "Point", "coordinates": [ 395.0, 395.0 ] } },
{ "type": "Feature", "properties": { "poi_type": "transport", "density": 0.56508633256898 }, "geometry": { "type": "Point", "coordinates": [ 405.0, 395.0 ] } },
{ "type": "Feature", "properties": { "poi_type": "transport", "density": 0.57646957009420541 }, "geometry": { "type": "Point", "coordinates": [ 415.0, 395.0 ] } },
{ "type": "Feature", "properties": { "poi_type": "transport", "density": 0.45294569914520855 }, "geometry": { "type": "Point", "coordinates": [ 425.0, 395.0 ] } },
{ "type": "Feature", "properties": { "poi_type": "transport", "density": 0.55565135050885361 }, "geometry": { "type": "Point", "coordinates": [ 435.0, 395.0 ] } },
{ "type": "Feature", "properties": { "poi_type": "transport", "density": 0.39232337236150117 }, "geometry": { "type": "Point", "coordinates": [ 445.0, 395.0 ] } },
{ "type": "Feature", "properties": { "poi_type": "transport", "density": 0.51291216050085142 }, "geometry": { "type": "Point", "coordinates": [ 455.0, 395.0 ] } },
{ "type": "Feature", "properties": { "poi_type": "transport", "density": 0.35450788939280786 }, "geometry": { "type": "Point", "coordinates": [ 465.0, 395.0 ] } },
{ "type": "Feature", "properties": { "poi_type": "transport", "density": 0.40958634842703123 }, "geometry": { "type": "Point", "coordinates": [ 475.0, 395.0 ] } },
{ "type": "Feature", "properties": { "poi_type": "transport", "density": 0.67907378094589543 }, "geometry": { "type": "Point", "coordinates": [ 125.0, 405.0 ] } },
{ "type": "Feature", "properties": { "poi_type": "transport", "density": 0.45573681969674934 }, "geometry": { "type": "Point", "coordinates": [ 135.0, 405.0 ] } },
{ "type": "Feature", "properties": { "poi_type": "transport", "density": 0.45423606693682994 }, "geometry": { "type": "Point", "coordinates": [ 145.0, 405.0 ] } },
{ "type": "Feature", "properties": { "poi_type": "transport", "density": 0.67111548209001792 }, "geometry": { "type": "Point", "coordinates": [ 155.0, 405.0 ] } },
{ "type": "Feature", "properties": { "poi_type": "transport", "density": 0.65610949480481084 }, "geometry": { "type": "Point", "coordinates": [ 165.0, 405.0 ] } },
{ "type": "Feature", "properties": { "poi_type": "transport", "density": 0.57911421102629812 }, "geometry": { "type": "Point", "coordinates": [ 175.0, 405.0 ] } },
{ "type": "Feature", "properties": { "poi_type": "transport", "density": 0.66776240465885972 }, "geometry": { "type": "Point", "coordinates": [ 275.0, 405.0 ] } },
{ "type": "Feature", "properties": { "poi_type": "transport", "density": 0.46069151493300065 }, "geometry": { "type": "Point", "coordinates": [ 285.0, 405.0 ] } },
{ "type": "Feature", "properties": { "poi_type": "transport", "density": 0.60576396272380806 }, "geometry": { "type": "Point", "coordinates": [ 295.0, 405.0 ] } },
{ "type": "Feature", "properties": { "poi_type": "transport", "density": 0.39252252317107705 }, "geometry": { "type": "Point", "coordinates": [ 305.0, 405.0 ] } },
{ "type": "Feature", "properties": { "poi_type": "transport", "density": 0.48363047498446565 }, "geometry": { "type": "Point", "coordinates": [ 315.0, 405.0 ] } },
{ "type": "Feature", "properties": { "poi_type": "transport", "density": 0.51499615772409557 }, "geometry": { "type": "Point", "coordinates": [ 325.0, 405.0 ] } },
{ "type": "Feature", "properties": { "poi_type": "transport", "density": 0.51827857250206222 }, "geometry": { "type": "Point", "coordinates": [ 385.0, 405.0 ] } },
{ "type": "Feature", "properties": { "poi_type": "transport", "density": 0.3618293231223062 }, "geometry": { "type": "Point", "coordinates": [ 395.0, 405.0 ] } },
{ "type": "Feature", "properties": { "poi_type": "transport", "density": 0.31488508740397497 }, "geometry": { "type": "Point", "coordinates": [ 405.0, 405.0 ] } },
{ "type": "Feature", "properties": { "poi_type": "transport", "density": 0.36918971759893887 }, "geometry": { "type": "Point", "coordinates": [ 415.0, 405.0 ] } },
{ "type": "Feature", "properties": { "poi_type": "transport", "density": 0.63903705290219004 }, "geometry": { "type": "Point", "coordinates": [ 425.0, 405.0 ] } },
{ "type": "Feature", "properties": { "poi_type": "transport", "density": 0.36367373917443979 }, "geometry": { "type": "Point", "coordinates": [ 435.0, 405.0 ] } },
{ "type": "Feature", "properties": { "poi_type": "transport", "density": 0.55865838665235146 }, "geometry": { "type": "Point", "coordinates": [ 445.0, 405.0 ] } },
{ "type": "Feature", "properties": { "poi_type": "transport", "density": 0.43041415704470193 }, "geometry": { "type": "Point", "coordinates": [ 455.0, 405.0 ] } },
{ "type": "Feature", "properties": { "poi_type": "transport", "density": 0.50327445679055005 }, "geometry": { "type": "Point", "coordinates": [ 465.0, 405.0 ] } },
{ "type": "Feature", "properties": { "poi_type": "transport", "density": 0.60023344759207076 }, "geometry": { "type": "Point", "coordinates": [ 475.0, 405.0 ] } },
{ "type": "Feature", "properties": { "poi_type": "transport", "density": 0.3670349610650509 }, "geometry": { "type": "Point", "coordinates": [ 125.0, 415.0 ] } },
{ "type": "Feature", "properties": { "poi_type": "transport", "density": 0.60135226329198654 }, "geometry": { "type": "Point", "coordinates": [ 135.0, 415.0 ] } },
{ "type": "Feature", "properties": { "poi_type": "transport", "density": 0.49439239229273801 }, "geometry": { "type": "Point", "coordinates": [ 145.0, 415.0 ] } },
{ "type": "Feature", "properties": { "poi_type": "transport", "density": 0.45003330536292874 }, "geometry": { "type": "Point", "coordinates": [ 155.0, 415.0 ] } },
{ "type": "Feature", "properties": { "poi_type": "transport", "density": 0.69611708708190512 }, "geometry": { "type": "Point", "coordinates": [ 165.0, 415.0 ] } },
{ "type": "Feature", "properties": { "poi_type": "transport", "density": 0.53844143108874165 }, "geometry": { "type": "Point", "coordinates": [ 175.0, 415.0 ] } },
{ "type": "Feature", "properties": { "poi_type": "transport", "density": 0.52731175044443657 }, "geometry": { "type": "Point", "coordinates": [ 275.0, 415.0 ] } },
{ "type": "Feature", "properties": { "poi_type": "transport", "density": 0.49887975447622673 }, "geometry": { "type": "Point", "coordinates": [ 285.0, 415.0 ] } },
{ "type": "Feature", "properties": { "poi_type": "transport", "density": 0.40210798433880512 }, "geometry": { "type": "Point", "coordinates": [ 295.0, 415.0 ] } },
{ "type": "Feature", "properties": { "poi_type": "transport", "density": 0.64987290204749315 }, "geometry": { "type": "Point", "coordinates": [ 305.0, 415.0 ] } },
{ "type": "Feature", "properties": { "poi_type": "transport", "density": 0.54517979476649592 }, "geometry": { "type": "Point", "coordinates": [ 315.0, 415.0 ] } },
{ "type": "Feature", "properties": { "poi_type": "transport", "density": 0.50335339575536131 }, "geometry": { "type": "Point", "coordinates": [ 325.0, 415.0 ] } },
{ "type": "Feature", "properties": { "poi_type": "transport", "density": 0.47862683590258037 }, "geometry": { "type": "Point", "coordinates": [ 395.0, 415.0 ] } },
{ "type": "Feature", "properties": { "poi_type": "transport", "density": 0.55796401615405999 }, "geometry": { "type": "Point", "coordinates": [ 405.0, 415.0 ] } },
{ "type": "Feature", "properties": { "poi_type": "transport", "density": 0.63391492242180547 }, "geometry": { "type": "Point", "coordinates": [ 415.0, 415.0 ] } },
{ "type": "Feature", "properties": { "poi_type": "transport", "density": 0.49932512716413663 }, "geometry": { "type": "Point", "coordinates": [ 425.0, 415.0 ] } },
{ "type": "Feature", "properties": { "poi_type": "transport", "density": 0.61829154403696562 }, "geometry": { "type": "Point", "coordinates": [ 435.0, 415.0 ] } },
{ "type": "Feature", "properties": { "poi_type": "transport", "density": 0.60578716682838785 }, "geometry": { "type": "Point", "coordinates": [ 445.0, 415.0 ] } },
{ "type": "Feature", "properties": { "poi_type": "transport", "density": 0.50179207190517727 }, "geometry": { "type": "Point", "coordinates": [ 455.0, 415.0 ] } },
{ "type": "Feature", "properties": { "poi_type": "transport", "density": 0.3967252437675195 }, "geometry": { "type": "Point", "coordinates": [ 465.0, 415.0 ] } },
{ "type": "Feature", "properties": { "poi_type": "transport", "density": 0.57476205006951608 }, "geometry": { "type": "Point", "coordinates": [ 475.0, 415.0 ] } },
{ "type": "Feature", "properties": { "poi_type": "transport", "density": 0.56640121385537467 }, "geometry": { "type": "Point", "coordinates": [ 5.0, 425.0 ] } },
{ "type": "Feature", "properties": { "poi_type": "transport", "density": 0.51157476766313892 }, "geometry": { "type": "Point", "coordinates": [ 15.0, 425.0 ] } },
{ "type": "Feature", "properties": { "poi_type": "transport", "density": 0.30888026378072109 }, "geometry": { "type": "Point", "coordinates": [ 25.0, 425.0 ] } },
{ "type": "Feature", "properties": { "poi_type": "transport", "density": 0.57307583397161987 }, "geometry": { "type": "Point", "coordinates": [ 35.0, 425.0 ] } },
{ "type": "Feature", "properties": { "poi_type": "transport", "density": 0.49908728001009417 }, "geometry": { "type": "Point", "coordinates": [ 45.0, 425.0 ] } },
{ "type": "Feature", "properties": { "poi_type": "transport", "density": 0.59292377072720215 }, "geometry": { "type": "Point", "coordinates": [ 55.0, 425.0 ] } },
{ "type": "Feature", "properties": { "poi_type": "transport", "density": 0.58629851316097725 }, "geometry": { "type": "Point", "coordinates": [ 65.0, 425.0 ] } },
{ "type": "Feature", "properties": { "poi_type": "transport", "density": 0.34095371081256959 }, "geometry": { "type": "Point", "coordinates": [ 75.0, 425.0 ] } },
{ "type": "Feature", "properties": { "poi_type": "transport", "density": 0.61242155883911076 }, "geometry": { "type": "Point", "coordinates": [ 85.0, 425.0 ] } },
{ "type": "Feature", "properties": { "poi_type": "transport", "density": 0.46432799553095577 }, "geometry": { "type": "Point", "coordinates": [ 95.0, 425.0 ] } },
{ "type": "Feature", "properties": { "poi_type": "transport", "density": 0.48104236167466274 }, "geometry": { "type": "Point", "coordinates": [ 105.0, 425.0 ] } },
{ "type": "Feature", "properties": { "poi_type": "transport", "density": 0.62354717093488077 }, "geometry": { "type": "Point", "coordinates": [ 115.0, 425.0 ] } },
{ "type": "Feature", "properties": { "poi_type": "transport", "density": 0.48429338997407984 }, "geometry": { "type": "Point", "coordinates": [ 125.0, 425.0 ] } },
{ "type": "Feature", "properties": { "poi_type": "transport", "density": 0.67896034751347767 }, "geometry": { "type": "Point", "coordinates": [ 135.0, 425.0 ] } },
{ "type": "Feature", "properties": { "poi_type": "transport", "density": 0.43779794197263655 }, "geometry": { "type": "Point", "coordinates": [ 145.0, 425.0 ] } },
{ "type": "Feature", "properties": { "poi_type": "transport", "density": 0.36950418704531818 }, "geometry": { "type": "Point", "coordinates": [ 155.0, 425.0 ] } },
{ "type": "Feature", "properties": { "poi_type": "transport", "density": 0.51964083037908126 }, "geometry": { "type": "Point", "coordinates": [ 165.0, 425.0 ] } },
{ "type": "Feature", "properties": { "poi_type": "transport", "density": 0.69380730150789471 }, "geometry": { "type": "Point", "coordinates": [ 175.0, 425.0 ] } },
{ "type": "Feature", "properties": { "poi_type": "transport", "density": 0.61381879555804342 }, "geometry": { "type": "Point", "coordinates": [ 185.0, 425.0 ] } },
{ "type": "Feature", "properties": { "poi_type": "transport", "density": 0.31864787985619164 }, "geometry": { "type": "Point", "coordinates": [ 195.0, 425.0 ] } },
{ "type": "Feature", "properties": { "poi_type": "transport", "density": 0.66060507635260646 }, "geometry": { "type": "Point", "coordinates": [ 205.0, 425.0 ] } },
{ "type": "Feature", "properties": { "poi_type": "transport", "density": 0.42940068226414657 }, "geometry": { "type": "Point", "coordinates": [ 215.0, 425.0 ] } },
{ "type": "Feature", "properties": { "poi_type": "transport", "density": 0.52949579861386586 }, "geometry": { "type": "Point", "coordinates": [ 225.0, 425.0 ] } },
{ "type": "Feature", "properties": { "poi_type": "transport", "density": 0.43352030093123095 }, "geometry": { "type": "Point", "coordinates": [ 235.0, 425.0 ] } },
{ "type": "Feature", "properties": { "poi_type": "transport", "density": 0.55554005962984987 }, "geometry": { "type": "Point", "coordinates": [ 245.0, 425.0 ] } },
{ "type": "Feature", "properties": { "poi_type": "transport", "density": 0.54772133613094476 }, "geometry": { "type": "Point", "coordinates": [ 255.0, 425.0 ] } },
{ "type": "Feature", "properties": { "poi_type": "transport", "density": 0.44429762462040079 }, "geometry": { "type": "Point", "coordinates": [ 265.0, 425.0 ] } },
{ "type": "Feature", "properties": { "poi_type": "transport", "density": 0.36568480637750067 }, "geometry": { "type": "Point", "coordinates": [ 275.0, 425.0 ] } },
{ "type": "Feature", "properties": { "poi_type": "transport", "density": 0.64762956581263342 }, "geometry": { "type": "Point", "coordinates": [ 285.0, 425.0 ] } },
{ "type": "Feature", "properties": { "poi_type": "transport", "density": 0.57901053359866472 }, "geometry": { "type": "Point", "coordinates": [ 295.0, 425.0 ] } },
{ "type": "Feature", "properties": { "poi_type": "transport", "density": 0.57652563647291588 }, "geometry": { "type": "Point", "coordinates": [ 305.0, 425.0 ] } },
{ "type": "Feature", "properties": { "poi_type": "transport", "density": 0.32399617783291462 }, "geometry": { "type": "Point", "coordinates": [ 315.0, 425.0 ] } },
{ "type": "Feature", "properties": { "poi_type": "transport", "density": 0.43304873182914833 }, "geometry": { "type": "Point", "coordinates": [ 325.0, 425.0 ] } },
{ "type": "Feature", "properties": { "poi_type": "transport", "density": 0.68401322049120006 }, "geometry": { "type": "Point", "coordinates": [ 335.0, 425.0 ] } },
{ "type": "Feature", "properties": { "poi_type": "transport", "density": 0.43309641039399066 }, "geometry": { "type": "Point", "coordinates": [ 345.0, 425.0 ] } },
{ "type": "Feature", "properties": { "poi_type": "transport", "density": 0.38095506231312681 }, "geometry": { "type": "Point", "coordinates": [ 355.0, 425.0 ] } },
{ "type": "Feature", "properties": { "poi_type": "transport", "density": 0.63306360758089486 }, "geometry": { "type": "Point", "coordinates": [ 365.0, 425.0 ] } },
{ "type": "Feature", "properties": { "poi_type": "transport", "density": 0.64690468287539837 }, "geometry": { "type": "Point", "coordinates": [ 375.0, 425.0 ] } },
{ "type": "Feature", "properties": { "poi_type": "transport", "density": 0.63819891853325894 }, "geometry": { "type": "Point", "coordinates": [ 385.0, 425.0 ] } },
{ "type": "Feature", "properties": { "poi_type": "transport", "density": 0.37439844192178917 }, "geometry": { "type": "Point", "coordinates": [ 395.0, 425.0 ] } },
{ "type": "Feature", "properties": { "poi_type": "transport", "density": 0.31914252053957526 }, "geometry": { "type": "Point", "coordinates": [ 405.0, 425.0 ] } },
{ "type": "Feature", "properties": { "poi_type": "transport", "density": 0.33777365045904856 }, "geometry": { "type": "Point", "coordinates": [ 415.0, 425.0 ] } },
{ "type": "Feature", "properties": { "poi_type": "transport", "density": 0.6527896815193347 }, "geometry": { "type": "Point", "coordinates": [ 425.0, 425.0 ] } },
{ "type": "Feature", "properties": { "poi_type": "transport", "density": 0.66298433158159253 }, "geometry": { "type": "Point", "coordinates": [ 435.0, 425.0 ] } },
{ "type": "Feature", "properties": { "poi_type": "transport", "density": 0.38716023158011698 }, "geometry": { "type": "Point", "coordinates": [ 445.0, 425.0 ] } },
{ "type": "Feature", "properties": { "poi_type": "transport", "density": 0.42190285976302555 }, "geometry": { "type": "Point", "coordinates": [ 455.0, 425.0 ] } },
{ "type": "Feature", "properties": { "poi_type": "transport", "density": 0.68259864424636774 }, "geometry": { "type": "Point", "coordinates": [ 465.0, 425.0 ] } },
{ "type": "Feature", "properties": { "poi_type": "transport", "density": 0.65713785576929595 }, "geometry": { "type": "Point", "coordinates": [ 475.0, 425.0 ] } },
{ "type": "Feature", "properties": { "poi_type": "transport", "density": 0.41696190014255036 }, "geometry": { "type": "Point", "coordinates": [ 485.0, 425.0 ] } },
{ "type": "Feature", "properties": { "poi_type": "transport", "density": 0.68225506813518555 }, "geometry": { "type": "Point", "coordinates": [ 495.0, 425.0 ] } },
{ "type": "Feature", "properties": { "poi_type": "transport", "density": 0.60317652879702555 }, "geometry": { "type": "Point", "coordinates": [ 505.0, 425.0 ] } },
{ "type": "Feature", "properties": { "poi_type": "transport", "density": 0.50702465806873009 }, "geometry": { "type": "Point", "coordinates": [ 515.0, 425.0 ] } },
{ "type": "Feature", "properties": { "poi_type": "transport", "density": 0.54713575591893981 }, "geometry": { "type": "Point", "coordinates": [ 525.0, 425.0 ] } },
{ "type": "Feature", "properties": { "poi_type": "transport", "density": 0.66378444811340254 }, "geometry": { "type": "Point", "coordinates": [ 535.0, 425.0 ] } },
{ "type": "Feature", "properties": { "poi_type": "transport", "density": 0.45964634326416864 }, "geometry": { "type": "Point", "coordinates": [ 545.0, 425.0 ] } },
{ "type": "Feature", "properties": { "poi_type": "transport", "density": 0.62918346661288904 }, "geometry": { "type": "Point", "coordinates": [ 555.0, 425.0 ] } },
{ "type": "Feature", "properties": { "poi_type": "transport", "density": 0.57057076060888234 }, "geometry": { "type": "Point", "coordinates": [ 565.0, 425.0 ] } },
{ "type": "Feature", "properties": { "poi_type": "transport", "density": 0.31729788242568546 }, "geometry": { "type": "Point", "coordinates": [ 575.0, 425.0 ] } },
{ "type": "Feature", "properties": { "poi_type": "transport", "density": 0.35237844940597413 }, "geometry": { "type": "Point", "coordinates": [ 585.0, 425.0 ] } },
{ "type": "Feature", "properties": { "poi_type": "transport", "density": 0.48802185538976045 }, "geometry": { "type": "Point", "coordinates": [ 595.0, 425.0 ] } },
{ "type": "Feature", "properties": { "poi_type": "transport", "density": 0.66185927592728799 }, "geometry": { "type": "Point", "coordinates": [ 5.0, 435.0 ] } },
{ "type": "Feature", "properties": { "poi_type": "transport", "density": 0.53662578495876623 }, "geometry": { "type": "Point", "coordinates": [ 15.0, 435.0 ] } },
{ "type": "Feature", "properties": { "poi_type": "transport", "density": 0.33424202299971167 }, "geometry": { "type": "Point", "coordinates": [ 25.0, 435.0 ] } },
{ "type": "Feature", "properties": { "poi_type": "transport", "density": 0.31908724096146945 }, "geometry": { "type": "Point", "coordinates": [ 35.0, 435.0 ] } },
{ "type": "Feature", "properties": { "poi_type": "transport", "density": 0.46079209576451191 }, "geometry": { "type": "Point", "coordinates": [ 45.0, 435.0 ] } },
{ "type": "Feature", "properties": { "poi_type": "transport", "density": 0.30981987310438958 }, "geometry": { "type": "Point", "coordinates": [ 55.0, 435.0 ] } },
{ "type": "Feature", "properties": { "poi_type": "transport", "density": 0.32143607710741218 }, "geometry": { "type": "Point", "coordinates": [ 65.0, 435.0 ] } },
{ "type": "Feature", "properties": { "poi_type": "transport", "density": 0.59269285610714317 }, "geometry": { "type": "Point", "coordinates": [ 75.0, 435.0 ] } },
{ "type": "Feature", "properties": { "poi_type": "transport", "density": 0.42362113025683162 }, "geometry": { "type": "Point", "coordinates": [ 85.0, 435.0 ] } },
{ "type": "Feature", "properties": { "poi_type": "transport", "density": 0.39216172861966997 }, "geometry": { "type": "Point", "coordinates": [ 95.0, 435.0 ] } },
{ "type": "Feature", "properties": { "poi_type": "transport", "density": 0.46011282714352386 }, "geometry": { "type": "Point", "coordinates": [ 105.0, 435.0 ] } },
{ "type": "Feature", "properties": { "poi_type": "transport", "density": 0.30082803214604675 }, "geometry": { "type": "Point", "coordinates": [ 115.0, 435.0 ] } },
{ "type": "Feature", "properties": { "poi_type": "transport", "density": 0.47578517584359403 }, "geometry": { "type": "Point", "coordinates": [ 125.0, 435.0 ] } },
{ "type": "Feature", "properties": { "poi_type": "transport", "density": 0.57068418087591399 }, "geometry": { "type": "Point", "coordinates": [ 135.0, 435.0 ] } },
{ "type": "Feature", "properties": { "poi_type": "transport", "density": 0.50707784932915168 }, "geometry": { "type": "Point", "coordinates": [ 145.0, 435.0 ] } },
{ "type": "Feature", "properties": { "poi_type": "transport", "density": 0.33081704676791152 }, "geometry": { "type": "Point", "coordinates": [ 155.0, 435.0 ] } },
{ "type": "Feature", "properties": { "poi_type": "transport", "density": 0.3904112822772321 }, "geometry": { "type": "Point", "coordinates": [ 165.0, 435.0 ] } },
{ "type": "Feature", "properties": { "poi_type": "transport", "density": 0.31690328148340163 }, "geometry": { "type": "Point", "coordinates": [ 175.0, 435.0 ] } },
{ "type": "Feature", "properties": { "poi_type": "transport", "density": 0.6622271719767896 }, "geometry": { "type": "Point", "coordinates": [ 185.0, 435.0 ] } },
{ "type": "Feature", "properties": { "poi_type": "transport", "density": 0.47448839176641167 }, "geometry": { "type": "Point", "coordinates": [ 195.0, 435.0 ] } },
{ "type": "Feature", "properties": { "poi_type": "transport", "density": 0.34759383878708477 }, "geometry": { "type": "Point", "coordinates": [ 205.0, 435.0 ] } },
{ "type": "Feature", "properties": { "poi_type": "transport", "density": 0.3862734751930646 }, "geometry": { "type": "Point", "coordinates": [ 215.0, 435.0 ] } },
{ "type": "Feature", "properties": { "poi_type": "transport", "density": 0.42322704216308521 }, "geometry": { "type": "Point", "coordinates": [ 225.0, 435.0 ] } },
{ "type": "Feature", "properties": { "poi_type": "transport", "density": 0.64352915070760519 }, "geometry": { "type": "Point", "coordinates": [ 235.0, 435.0 ] } },
{ "type": "Feature", "properties": { "poi_type": "transport", "density": 0.43805973635906009 }, "geometry": { "type": "Point", "coordinates": [ 245.0, 435.0 ] } },
{ "type": "Feature", "properties": { "poi_type": "transport", "density": 0.57434706437819782 }, "geometry": { "type": "Point", "coordinates": [ 255.0, 435.0 ] } },
{ "type": "Feature", "properties": { "poi_type": "transport", "density": 0.52968344889549379 }, "geometry": { "type": "Point", "coordinates": [ 265.0, 435.0 ] } },
{ "type": "Feature", "properties": { "poi_type": "transport", "density": 0.44117375553050936 }, "geometry": { "type": "Point", "coordinates": [ 275.0, 435.0 ] } },
{ "type": "Feature", "properties": { "poi_type": "transport", "density": 0.50107332611949462 }, "geometry": { "type": "Point", "coordinates": [ 285.0, 435.0 ] } },
{ "type": "Feature", "properties": { "poi_type": "transport", "density": 0.49247354347526162 }, "geometry": { "type": "Point", "coordinates": [ 295.0, 435.0 ] } },
{ "type": "Feature", "properties": { "poi_type": "transport", "density": 0.67258087403964961 }, "geometry": { "type": "Point", "coordinates": [ 305.0, 435.0 ] } },
{ "type": "Feature", "properties": { "poi_type": "transport", "density": 0.65724329324922393 }, "geometry": { "type": "Point", "coordinates": [ 315.0, 435.0 ] } },
{ "type": "Feature", "properties": { "poi_type": "transport", "density": 0.56060855921226671 }, "geometry": { "type": "Point", "coordinates": [ 325.0, 435.0 ] } },
{ "type": "Feature", "properties": { "poi_type": "transport", "density": 0.3063324967968642 }, "geometry": { "type": "Point", "coordinates": [ 335.0, 435.0 ] } },
{ "type": "Feature", "properties": { "poi_type": "transport", "density": 0.49585464052567851 }, "geometry": { "type": "Point", "coordinates": [ 345.0, 435.0 ] } },
{ "type": "Feature", "properties": { "poi_type": "transport", "density": 0.5222744883548176 }, "geometry": { "type": "Point", "coordinates": [ 355.0, 435.0 ] } },
{ "type": "Feature", "properties": { "poi_type": "transport", "density": 0.48835905333421803 }, "geometry": { "type": "Point", "coordinates": [ 365.0, 435.0 ] } },
{ "type": "Feature", "properties": { "poi_type": "transport", "density": 0.62689272151687858 }, "geometry": { "type": "Point", "coordinates": [ 375.0, 435.0 ] } },
{ "type": "Feature", "properties": { "poi_type": "transport", "density": 0.60658877738534112 }, "geometry": { "type": "Point", "coordinates": [ 385.0, 435.0 ] } },
{ "type": "Feature", "properties": { "poi_type": "transport", "density": 0.66331105461682549 }, "geometry": { "type": "Point", "coordinates": [ 395.0, 435.0 ] } },
{ "type": "Feature", "properties": { "poi_type": "transport", "density": 0.30123873457153827 }, "geometry": { "type": "Point", "coordinates": [ 405.0, 435.0 ] } },
{ "type": "Feature", "properties": { "poi_type": "transport", "density": 0.56294638114951812 }, "geometry": { "type": "Point", "coordinates": [ 415.0, 435.0 ] } },
{ "type": "Feature", "properties": { "poi_type": "transport", "density": 0.44631971835712891 }, "geometry": { "type": "Point", "coordinates": [ 425.0, 435.0 ] } },
{ "type": "Feature", "properties": { "poi_type": "transport", "density": 0.64480641107594394 }, "geometry": { "type": "Point", "coordinates": [ 435.0, 435.0 ] } },
{ "type": "Feature", "properties": { "poi_type": "transport", "density": 0.35411781052624886 }, "geometry": { "type": "Point", "coordinates": [ 445.0, 435.0 ] } },
{ "type": "Feature", "properties": { "poi_type": "transport", "density": 0.68270424223480908 }, "geometry": { "type": "Point", "coordinates": [ 455.0, 435.0 ] } },
{ "type": "Feature", "properties": { "poi_type": "transport", "density": 0.40618863660000437 }, "geometry": { "type": "Point", "coordinates": [ 465.0, 435.0 ] } },
{ "type": "Feature", "properties": { "poi_type": "transport", "density": 0.52152907532394088 }, "geometry": { "type": "Point", "coordinates": [ 475.0, 435.0 ] } },
{ "type": "Feature", "properties": { "poi_type": "transport", "density": 0.32701856519142142 }, "geometry": { "type": "Point", "coordinates": [ 485.0, 435.0 ] } },
{ "type": "Feature", "properties": { "poi_type": "transport", "density": 0.30347588683435067 }, "geometry": { "type": "Point", "coordinates": [ 495.0, 435.0 ] } },
{ "type": "Feature", "properties": { "poi_type": "transport", "density": 0.35503060916435669 }, "geometry": { "type": "Point", "coordinates": [ 505.0, 435.0 ] } },
{ "type": "Feature", "properties": { "poi_type": "transport", "density": 0.46266795245379483 }, "geometry": { "type": "Point", "coordinates": [ 515.0, 435.0 ] } },
{ "type": "Feature", "properties": { "poi_type": "transport", "density": 0.47360228689212214 }, "geometry": { "type": "Point", "coordinates": [ 525.0, 435.0 ] } },
{ "type": "Feature", "properties": { "poi_type": "transport", "density": 0.57095009652206663 }, "geometry": { "type": "Point", "coordinates": [ 535.0, 435.0 ] } },
{ "type": "Feature", "properties": { "poi_type": "transport", "density": 0.49615373040502087 }, "geometry": { "type": "Point", "coordinates": [ 545.0, 435.0 ] } },
{ "type": "Feature", "properties": { "poi_type": "transport", "density": 0.60833134913506548 }, "geometry": { "type": "Point", "coordinates": [ 555.0, 435.0 ] } },
{ "type": "Feature", "properties": { "poi_type": "transport", "density": 0.35930672023881483 }, "geometry": { "type": "Point", "coordinates": [ 565.0, 435.0 ] } },
{ "type": "Feature", "properties": { "poi_type": "transport", "density": 0.37122406770366334 }, "geometry": { "type": "Point", "coordinates": [ 575.0, 435.0 ] } },
{ "type": "Feature", "properties": { "poi_type": "transport", "density": 0.31399835294493356 }, "geometry": { "type": "Point", "coordinates": [ 585.0, 435.0 ] } },
{ "type": "Feature", "properties": { "poi_type": "transport", "density": 0.66764850978278401 }, "geometry": { "type": "Point", "coordinates": [ 595.0, 435.0 ] } },
{ "type": "Feature", "properties": { "poi_type": "transport", "density": 0.60186232771620984 }, "geometry": { "type": "Point", "coordinates": [ 5.0, 445.0 ] } },
{ "type": "Feature", "properties": { "poi_type": "transport", "density": 0.61954225039392008 }, "geometry": { "type": "Point", "coordinates": [ 15.0, 445.0 ] } },
{ "type": "Feature", "properties": { "poi_type": "transport", "density": 0.62082209934480637 }, "geometry": { "type": "Point", "coordinates": [ 25.0, 445.0 ] } },
{ "type": "Feature", "properties": { "poi_type": "transport", "density": 0.47318676730917908 }, "geometry": { "type": "Point", "coordinates": [ 35.0, 445.0 ] } },
{ "type": "Feature", "properties": { "poi_type": "transport", "density": 0.67642041329325941 }, "geometry": { "type": "Point", "coordinates": [ 45.0, 445.0 ] } },
{ "type": "Feature", "properties": { "poi_type": "transport", "density": 0.51753290150758535 }, "geometry": { "type": "Point", "coordinates": [ 55.0, 445.0 ] } },
{ "type": "Feature", "properties": { "poi_type": "transport", "density": 0.58309490489536731 }, "geometry": { "type": "Point", "coordinates": [ 65.0, 445.0 ] } },
{ "type": "Feature", "properties": { "poi_type": "transport", "density": 0.59905052542090342 }, "geometry": { "type": "Point", "coordinates": [ 75.0, 445.0 ] } },
{ "type": "Feature", "properties": { "poi_type": "transport", "density": 0.5623549684477529 }, "geometry": { "type": "Point", "coordinates": [ 85.0, 445.0 ] } },
{ "type": "Feature", "properties": { "poi_type": "transport", "density": 0.61622119990370594 }, "geometry": { "type": "Point", "coordinates": [ 95.0, 445.0 ] } },
{ "type": "Feature", "properties": { "poi_type": "transport", "density": 0.34220094805486367 }, "geometry": { "type": "Point", "coordinates": [ 105.0, 445.0 ] } },
{ "type": "Feature", "properties": { "poi_type": "transport", "density": 0.36413287907610636 }, "geometry": { "type": "Point", "coordinates": [ 115.0, 445.0 ] } },
{ "type": "Feature", "properties": { "poi_type": "transport", "density": 0.30316652262132948 }, "geometry": { "type": "Point", "coordinates": [ 125.0, 445.0 ] } },
{ "type": "Feature", "properties": { "poi_type": "transport", "density": 0.57813036385620209 }, "geometry": { "type": "Point", "coordinates": [ 135.0, 445.0 ] } },
{ "type": "Feature", "properties": { "poi_type": "transport", "density": 0.48505178648866726 }, "geometry": { "type": "Point", "coordinates": [ 145.0, 445.0 ] } },
{ "type": "Feature", "properties": { "poi_type": "transport", "density": 0.54488818698470076 }, "geometry": { "type": "Point", "coordinates": [ 155.0, 445.0 ] } },
{ "type": "Feature", "properties": { "poi_type": "transport", "density": 0.57352239689659879 }, "geometry": { "type": "Point", "coordinates": [ 165.0, 445.0 ] } },
{ "type": "Feature", "properties": { "poi_type": "transport", "density": 0.47512663890474444 }, "geometry": { "type": "Point", "coordinates": [ 175.0, 445.0 ] } },
{ "type": "Feature", "properties": { "poi_type": "transport", "density": 0.41937726080132781 }, "geometry": { "type": "Point", "coordinates": [ 185.0, 445.0 ] } },
{ "type": "Feature", "properties": { "poi_type": "transport", "density": 0.49512972157821938 }, "geometry": { "type": "Point", "coordinates": [ 195.0, 445.0 ] } },
{ "type": "Feature", "properties": { "poi_type": "transport", "density": 0.33911901047151938 }, "geometry": { "type": "Point", "coordinates": [ 205.0, 445.0 ] } },
{ "type": "Feature", "properties": { "poi_type": "transport", "density": 0.54204412623852527 }, "geometry": { "type": "Point", "coordinates": [ 215.0, 445.0 ] } },
{ "type": "Feature", "properties": { "poi_type": "transport", "density": 0.49150417622680187 }, "geometry": { "type": "Point", "coordinates": [ 225.0, 445.0 ] } },
{ "type": "Feature", "properties": { "poi_type": "transport", "density": 0.58489639536969307 }, "geometry": { "type": "Point", "coordinates": [ 235.0, 445.0 ] } },
{ "type": "Feature", "properties": { "poi_type": "transport", "density": 0.65391292704713089 }, "geometry": { "type": "Point", "coordinates": [ 245.0, 445.0 ] } },
{ "type": "Feature", "properties": { "poi_type": "transport", "density": 0.42792391061477653 }, "geometry": { "type": "Point", "coordinates": [ 255.0, 445.0 ] } },
{ "type": "Feature", "properties": { "poi_type": "transport", "density": 0.49535007586600194 }, "geometry": { "type": "Point", "coordinates": [ 265.0, 445.0 ] } },
{ "type": "Feature", "properties": { "poi_type": "transport", "density": 0.46915933018292189 }, "geometry": { "type": "Point", "coordinates": [ 275.0, 445.0 ] } },
{ "type": "Feature", "properties": { "poi_type": "transport", "density": 0.67760162033429572 }, "geometry": { "type": "Point", "coordinates": [ 285.0, 445.0 ] } },
{ "type": "Feature", "properties": { "poi_type": "transport", "density": 0.69701833337025043 }, "geometry": { "type": "Point", "coordinates": [ 295.0, 445.0 ] } },
{ "type": "Feature", "properties": { "poi_type": "transport", "density": 0.39561888824446617 }, "geometry": { "type": "Point", "coordinates": [ 305.0, 445.0 ] } },
{ "type": "Feature", "properties": { "poi_type": "transport", "density": 0.43842663325497383 }, "geometry": { "type": "Point", "coordinates": [ 315.0, 445.0 ] } },
{ "type": "Feature", "properties": { "poi_type": "transport", "density": 0.57622920191365168 }, "geometry": { "type": "Point", "coordinates": [ 325.0, 445.0 ] } },
{ "type": "Feature", "properties": { "poi_type": "transport", "density": 0.58304095694604063 }, "geometry": { "type": "Point", "coordinates": [ 335.0, 445.0 ] } },
{ "type": "Feature", "properties": { "poi_type": "transport", "density": 0.54488200270065956 }, "geometry": { "type": "Point", "coordinates": [ 345.0, 445.0 ] } },
{ "type": "Feature", "properties": { "poi_type": "transport", "density": 0.33892375368360594 }, "geometry": { "type": "Point", "coordinates": [ 355.0, 445.0 ] } },
{ "type": "Feature", "properties": { "poi_type": "transport", "density": 0.63922719093978864 }, "geometry": { "type": "Point", "coordinates": [ 365.0, 445.0 ] } },
{ "type": "Feature", "properties": { "poi_type": "transport", "density": 0.61446821831798104 }, "geometry": { "type": "Point", "coordinates": [ 375.0, 445.0 ] } },
{ "type": "Feature", "properties": { "poi_type": "transport", "density": 0.60333227436814463 }, "geometry": { "type": "Point", "coordinates": [ 385.0, 445.0 ] } },
{ "type": "Feature", "properties": { "poi_type": "transport", "density": 0.6698182159604551 }, "geometry": { "type": "Point", "coordinates": [ 395.0, 445.0 ] } },
{ "type": "Feature", "properties": { "poi_type": "transport", "density": 0.6460907696384689 }, "geometry": { "type": "Point", "coordinates": [ 405.0, 445.0 ] } },
{ "type": "Feature", "properties": { "poi_type": "transport", "density": 0.67093746182474612 }, "geometry": { "type": "Point", "coordinates": [ 415.0, 445.0 ] } },
{ "type": "Feature", "properties": { "poi_type": "transport", "density": 0.58440966566576136 }, "geometry": { "type": "Point", "coordinates": [ 425.0, 445.0 ] } },
{ "type": "Feature", "properties": { "poi_type": "transport", "density": 0.54471099645297527 }, "geometry": { "type": "Point", "coordinates": [ 435.0, 445.0 ] } },
{ "type": "Feature", "properties": { "poi_type": "transport", "density": 0.3019009907936499 }, "geometry": { "type": "Point", "coordinates": [ 445.0, 445.0 ] } },
{ "type": "Feature", "properties": { "poi_type": "transport", "density": 0.50767416726804604 }, "geometry": { "type": "Point", "coordinates": [ 455.0, 445.0 ] } },
{ "type": "Feature", "properties": { "poi_type": "transport", "density": 0.60843942488622338 }, "geometry": { "type": "Point", "coordinates": [ 465.0, 445.0 ] } },
{ "type": "Feature", "properties": { "poi_type": "transport", "density": 0.43728967052102552 }, "geometry": { "type": "Point", "coordinates": [ 475.0, 445.0 ] } },
{ "type": "Feature", "properties": { "poi_type": "transport", "density": 0.43745654280014351 }, "geometry": { "type": "Point", "coordinates": [ 485.0, 445.0 ] } },
{ "type": "Feature", "properties": { "poi_type": "transport", "density": 0.55083247202251839 }, "geometry": { "type": "Point", "coordinates": [ 495.0, 445.0 ] } },
{ "type": "Feature", "properties": { "poi_type": "transport", "density": 0.57385473142346455 }, "geometry": { "type": "Point", "coordinates": [ 505.0, 445.0 ] } },
{ "type": "Feature", "properties": { "poi_type": "transport", "density": 0.45312618823062839 }, "geometry": { "type": "Point", "coordinates": [ 515.0, 445.0 ] } },
{ "type": "Feature", "properties": { "poi_type": "transport", "density": 0.61118358067820799 }, "geometry": { "type": "Point", "coordinates": [ 525.0, 445.0 ] } },
{ "type": "Feature", "properties": { "poi_type": "transport", "density": 0.37995395191151848 }, "geometry": { "type": "Point", "coordinates": [ 535.0, 445.0 ] } },
{ "type": "Feature", "properties": { "poi_type": "transport", "density": 0.42155830238955849 }, "geometry": { "type": "Point", "coordinates": [ 545.0, 445.0 ] } },
{ "type": "Feature", "properties": { "poi_type": "transport", "density": 0.41089826846877409 }, "geometry": { "type": "Point", "coordinates": [ 555.0, 445.0 ] } },
{ "type": "Feature", "properties": { "poi_type": "transport", "density": 0.55445024915764118 }, "geometry": { "type": "Point", "coordinates": [ 565.0, 445.0 ] } },
{ "type": "Feature", "properties": { "poi_type": "transport", "density": 0.38906104800783725 }, "geometry": { "type": "Point", "coordinates": [ 575.0, 445.0 ] } },
{ "type": "Feature", "properties": { "poi_type": "transport", "density": 0.63956302194708625 }, "geometry": { "type": "Point", "coordinates": [ 585.0, 445.0 ] } },
{ "type": "Feature", "properties": { "poi_type": "transport", "density": 0.58975863594648659 }, "geometry": { "type": "Point", "coordinates": [ 595.0, 445.0 ] } },
{ "type": "Feature", "properties": { "poi_type": "transport", "density": 0.56174352521376902 }, "geometry": { "type": "Point", "coordinates": [ 5.0, 455.0 ] } },
{ "type": "Feature", "properties": { "poi_type": "transport", "density": 0.54756045652238117 }, "geometry": { "type": "Point", "coordinates": [ 15.0, 455.0 ] } },
{ "type": "Feature", "properties": { "poi_type": "transport", "density": 0.42805601955594702 }, "geometry": { "type": "Point", "coordinates": [ 25.0, 455.0 ] } },
{ "type": "Feature", "properties": { "poi_type": "transport", "density": 0.51335748316225749 }, "geometry": { "type": "Point", "coordinates": [ 35.0, 455.0 ] } },
{ "type": "Feature", "properties": { "poi_type": "transport", "density": 0.5094708426762633 }, "geometry": { "type": "Point", "coordinates": [ 45.0, 455.0 ] } },
{ "type": "Feature", "properties": { "poi_type": "transport", "density": 0.47958911692143846 }, "geometry": { "type": "Point", "coordinates": [ 55.0, 455.0 ] } },
{ "type": "Feature", "properties": { "poi_type": "transport", "density": 0.52309491755683823 }, "geometry": { "type": "Point", "coordinates": [ 65.0, 455.0 ] } },
{ "type": "Feature", "properties": { "poi_type": "transport", "density": 0.47832468377836412 }, "geometry": { "type": "Point", "coordinates": [ 75.0, 455.0 ] } },
{ "type": "Feature", "properties": { "poi_type": "transport", "density": 0.65539192225741594 }, "geometry": { "type": "Point", "coordinates": [ 85.0, 455.0 ] } },
{ "type": "Feature", "properties": { "poi_type": "transport", "density": 0.37868362844924053 }, "geometry": { "type": "Point", "coordinates": [ 95.0, 455.0 ] } },
{ "type": "Feature", "properties": { "poi_type": "transport", "density": 0.69558718069380709 }, "geometry": { "type": "Point", "coordinates": [ 105.0, 455.0 ] } },
{ "type": "Feature", "properties": { "poi_type": "transport", "density": 0.40109245853485015 }, "geometry": { "type": "Point", "coordinates": [ 115.0, 455.0 ] } },
{ "type": "Feature", "properties": { "poi_type": "transport", "density": 0.55249771590894126 }, "geometry": { "type": "Point", "coordinates": [ 125.0, 455.0 ] } },
{ "type": "Feature", "properties": { "poi_type": "transport", "density": 0.38528103708396449 }, "geometry": { "type": "Point", "coordinates": [ 135.0, 455.0 ] } },
{ "type": "Feature", "properties": { "poi_type": "transport", "density": 0.45153770470061572 }, "geometry": { "type": "Point", "coordinates": [ 145.0, 455.0 ] } },
{ "type": "Feature", "properties": { "poi_type": "transport", "density": 0.40050699061305606 }, "geometry": { "type": "Point", "coordinates": [ 155.0, 455.0 ] } },
{ "type": "Feature", "properties": { "poi_type": "transport", "density": 0.43358114917214596 }, "geometry": { "type": "Point", "coordinates": [ 165.0, 455.0 ] } },
{ "type": "Feature", "properties": { "poi_type": "transport", "density": 0.68439236637321033 }, "geometry": { "type": "Point", "coordinates": [ 175.0, 455.0 ] } },
{ "type": "Feature", "properties": { "poi_type": "transport", "density": 0.36678472811617879 }, "geometry": { "type": "Point", "coordinates": [ 185.0, 455.0 ] } },
{ "type": "Feature", "properties": { "poi_type": "transport", "density": 0.47082158041009092 }, "geometry": { "type": "Point", "coordinates": [ 195.0, 455.0 ] } },
{ "type": "Feature", "properties": { "poi_type": "transport", "density": 0.68528828030953104 }, "geometry": { "type": "Point", "coordinates": [ 205.0, 455.0 ] } },
{ "type": "Feature", "properties": { "poi_type": "transport", "density": 0.47774401643154452 }, "geometry": { "type": "Point", "coordinates": [ 215.0, 455.0 ] } },
{ "type": "Feature", "properties": { "poi_type": "transport", "density": 0.69475095452801239 }, "geometry": { "type": "Point", "coordinates": [ 225.0, 455.0 ] } },
{ "type": "Feature", "properties": { "poi_type": "transport", "density": 0.39339040699173078 }, "geometry": { "type": "Point", "coordinates": [ 235.0, 455.0 ] } },
{ "type": "Feature", "properties": { "poi_type": "transport", "density": 0.34274584325831819 }, "geometry": { "type": "Point", "coordinates": [ 245.0, 455.0 ] } },
{ "type": "Feature", "properties": { "poi_type": "transport", "density": 0.50122127508328918 }, "geometry": { "type": "Point", "coordinates": [ 255.0, 455.0 ] } },
{ "type": "Feature", "properties": { "poi_type": "transport", "density": 0.6311536750683211 }, "geometry": { "type": "Point", "coordinates": [ 265.0, 455.0 ] } },
{ "type": "Feature", "properties": { "poi_type": "transport", "density": 0.68492641546900002 }, "geometry": { "type": "Point", "coordinates": [ 275.0, 455.0 ] } },
{ "type": "Feature", "properties": { "poi_type": "transport", "density": 0.46107797329135947 }, "geometry": { "type": "Point", "coordinates": [ 285.0, 455.0 ] } },
{ "type": "Feature", "properties": { "poi_type": "transport", "density": 0.39526409583049188 }, "geometry": { "type": "Point", "coordinates": [ 295.0, 455.0 ] } },
{ "type": "Feature", "properties": { "poi_type": "transport", "density": 0.55462553843348195 }, "geometry": { "type": "Point", "coordinates": [ 305.0, 455.0 ] } },
{ "type": "Feature", "properties": { "poi_type": "transport", "density": 0.53218529232799994 }, "geometry": { "type": "Point", "coordinates": [ 315.0, 455.0 ] } },
{ "type": "Feature", "properties": { "poi_type": "transport", "density": 0.58111269924487885 }, "geometry": { "type": "Point", "coordinates": [ 325.0, 455.0 ] } },
{ "type": "Feature", "properties": { "poi_type": "transport", "density": 0.66684902609459529 }, "geometry": { "type": "Point", "coordinates": [ 335.0, 455.0 ] } },
{ "type": "Feature", "properties": { "poi_type": "transport", "density": 0.63343115037875131 }, "geometry": { "type": "Point", "coordinates": [ 345.0, 455.0 ] } },
{ "type": "Feature", "properties": { "poi_type": "transport", "density": 0.46821070214757732 }, "geometry": { "type": "Point", "coordinates": [ 355.0, 455.0 ] } },
{ "type": "Feature", "properties": { "poi_type": "transport", "density": 0.33994693729556325 }, "geometry": { "type": "Point", "coordinates": [ 365.0, 455.0 ] } },
{ "type": "Feature", "properties": { "poi_type": "transport", "density": 0.35734546624888913 }, "geometry": { "type": "Point", "coordinates": [ 375.0, 455.0 ] } },
{ "type": "Feature", "properties": { "poi_type": "transport", "density": 0.66162888616450954 }, "geometry": { "type": "Point", "coordinates": [ 385.0, 455.0 ] } },
{ "type": "Feature", "properties": { "poi_type": "transport", "density": 0.6874242779056301 }, "geometry": { "type": "Point", "coordinates": [ 395.0, 455.0 ] } },
{ "type": "Feature", "properties": { "poi_type": "transport", "density": 0.39761571035664861 }, "geometry": { "type": "Point", "coordinates": [ 405.0, 455.0 ] } },
{ "type": "Feature", "properties": { "poi_type": "transport", "density": 0.67266463140411159 }, "geometry": { "type": "Point", "coordinates": [ 415.0, 455.0 ] } },
{ "type": "Feature", "properties": { "poi_type": "transport", "density": 0.56861565539424319 }, "geometry": { "type": "Point", "coordinates": [ 425.0, 455.0 ] } },
{ "type": "Feature", "properties": { "poi_type": "transport", "density": 0.69896098967218534 }, "geometry": { "type": "Point", "coordinates": [ 435.0, 455.0 ] } },
{ "type": "Feature", "properties": { "poi_type": "transport", "density": 0.6213427815881315 }, "geometry": { "type": "Point", "coordinates": [ 445.0, 455.0 ] } },
{ "type": "Feature", "properties": { "poi_type": "transport", "density": 0.63729548151924942 }, "geometry": { "type": "Point", "coordinates": [ 455.0, 455.0 ] } },
{ "type": "Feature", "properties": { "poi_type": "transport", "density": 0.35000913687973517 }, "geometry": { "type": "Point", "coordinates": [ 465.0, 455.0 ] } },
{ "type": "Feature", "properties": { "poi_type": "transport", "density": 0.6186295284614195 }, "geometry": { "type": "Point", "coordinates": [ 475.0, 455.0 ] } },
{ "type": "Feature", "properties": { "poi_type": "transport", "density": 0.69533331041140978 }, "geometry": { "type": "Point", "coordinates": [ 485.0, 455.0 ] } },
{ "type": "Feature", "properties": { "poi_type": "transport", "density": 0.40784042122058589 }, "geometry": { "type": "Point", "coordinates": [ 495.0, 455.0 ] } },
{ "type": "Feature", "properties": { "poi_type": "transport", "density": 0.34510354255689291 }, "geometry": { "type": "Point", "coordinates": [ 505.0, 455.0 ] } },
{ "type": "Feature", "properties": { "poi_type": "transport", "density": 0.50754048727817302 }, "geometry": { "type": "Point", "coordinates": [ 515.0, 455.0 ] } },
{ "type": "Feature", "properties": { "poi_type": "transport", "density": 0.68649965883507069 }, "geometry": { "type": "Point", "coordinates": [ 525.0, 455.0 ] } },
{ "type": "Feature", "properties": { "poi_type": "transport", "density": 0.49402032934192119 }, "geometry": { "type": "Point", "coordinates": [ 535.0, 455.0 ] } },
{ "type": "Feature", "properties": { "poi_type": "transport", "density": 0.65240071676214972 }, "geometry": { "type": "Point", "coordinates": [ 545.0, 455.0 ] } },
{ "type": "Feature", "properties": { "poi_type": "transport", "density": 0.69036044688066833 }, "geometry": { "type": "Point", "coordinates": [ 555.0, 455.0 ] } },
{ "type": "Feature", "properties": { "poi_type": "transport", "density": 0.35967142729416351 }, "geometry": { "type": "Point", "coordinates": [ 565.0, 455.0 ] } },
{ "type": "Feature", "properties": { "poi_type": "transport", "density": 0.50879180442341998 }, "geometry": { "type": "Point", "coordinates": [ 575.0, 455.0 ] } },
{ "type": "Feature", "properties": { "poi_type": "transport", "density": 0.67362154221413451 }, "geometry": { "type": "Point", "coordinates": [ 585.0, 455.0 ] } },
{ "type": "Feature", "properties": { "poi_type": "transport", "density": 0.64796638164218479 }, "geometry": { "type": "Point", "coordinates": [ 595.0, 455.0 ] } },
{ "type": "Feature", "properties": { "poi_type": "transport", "density": 0.36128041703711933 }, "geometry": { "type": "Point", "coordinates": [ 5.0, 465.0 ] } },
{ "type": "Feature", "properties": { "poi_type": "transport", "density": 0.43915526970853735 }, "geometry": { "type": "Point", "coordinates": [ 15.0, 465.0 ] } },
{ "type": "Feature", "properties": { "poi_type": "transport", "density": 0.32309801262875532 }, "geometry": { "type": "Point", "coordinates": [ 25.0, 465.0 ] } },
{ "type": "Feature", "properties": { "poi_type": "transport", "density": 0.53324613178996949 }, "geometry": { "type": "Point", "coordinates": [ 35.0, 465.0 ] } },
{ "type": "Feature", "properties": { "poi_type": "transport", "density": 0.63017453890534769 }, "geometry": { "type": "Point", "coordinates": [ 45.0, 465.0 ] } },
{ "type": "Feature", "properties": { "poi_type": "transport", "density": 0.42591515685991443 }, "geometry": { "type": "Point", "coordinates": [ 55.0, 465.0 ] } },
{ "type": "Feature", "properties": { "poi_type": "transport", "density": 0.37612560469034984 }, "geometry": { "type": "Point", "coordinates": [ 65.0, 465.0 ] } },
{ "type": "Feature", "properties": { "poi_type": "transport", "density": 0.59934511346108854 }, "geometry": { "type": "Point", "coordinates": [ 75.0, 465.0 ] } },
{ "type": "Feature", "properties": { "poi_type": "transport", "density": 0.56039263850519561 }, "geometry": { "type": "Point", "coordinates": [ 85.0, 465.0 ] } },
{ "type": "Feature", "properties": { "poi_type": "transport", "density": 0.47505095756620375 }, "geometry": { "type": "Point", "coordinates": [ 95.0, 465.0 ] } },
{ "type": "Feature", "properties": { "poi_type": "transport", "density": 0.45589957632391842 }, "geometry": { "type": "Point", "coordinates": [ 105.0, 465.0 ] } },
{ "type": "Feature", "properties": { "poi_type": "transport", "density": 0.65994056088397546 }, "geometry": { "type": "Point", "coordinates": [ 115.0, 465.0 ] } },
{ "type": "Feature", "properties": { "poi_type": "transport", "density": 0.57301588016071792 }, "geometry": { "type": "Point", "coordinates": [ 125.0, 465.0 ] } },
{ "type": "Feature", "properties": { "poi_type": "transport", "density": 0.42188714395482929 }, "geometry": { "type": "Point", "coordinates": [ 135.0, 465.0 ] } },
{ "type": "Feature", "properties": { "poi_type": "transport", "density": 0.53069265501713492 }, "geometry": { "type": "Point", "coordinates": [ 145.0, 465.0 ] } },
{ "type": "Feature", "properties": { "poi_type": "transport", "density": 0.67521366487766521 }, "geometry": { "type": "Point", "coordinates": [ 155.0, 465.0 ] } },
{ "type": "Feature", "properties": { "poi_type": "transport", "density": 0.669374676935233 }, "geometry": { "type": "Point", "coordinates": [ 165.0, 465.0 ] } },
{ "type": "Feature", "properties": { "poi_type": "transport", "density": 0.60013766094159293 }, "geometry": { "type": "Point", "coordinates": [ 175.0, 465.0 ] } },
{ "type": "Feature", "properties": { "poi_type": "transport", "density": 0.56880729911086136 }, "geometry": { "type": "Point", "coordinates": [ 185.0, 465.0 ] } },
{ "type": "Feature", "properties": { "poi_type": "transport", "density": 0.34656678718571743 }, "geometry": { "type": "Point", "coordinates": [ 195.0, 465.0 ] } },
{ "type": "Feature", "properties": { "poi_type": "transport", "density": 0.46901827119681549 }, "geometry": { "type": "Point", "coordinates": [ 205.0, 465.0 ] } },
{ "type": "Feature", "properties": { "poi_type": "transport", "density": 0.33641000051478348 }, "geometry": { "type": "Point", "coordinates": [ 215.0, 465.0 ] } },
{ "type": "Feature", "properties": { "poi_type": "transport", "density": 0.69722736291230902 }, "geometry": { "type": "Point", "coordinates": [ 225.0, 465.0 ] } },
{ "type": "Feature", "properties": { "poi_type": "transport", "density": 0.62134996720751001 }, "geometry": { "type": "Point", "coordinates": [ 235.0, 465.0 ] } },
{ "type": "Feature", "properties": { "poi_type": "transport", "density": 0.49028825040235946 }, "geometry": { "type": "Point", "coordinates": [ 245.0, 465.0 ] } },
{ "type": "Feature", "properties": { "poi_type": "transport", "density": 0.69082918012095451 }, "geometry": { "type": "Point", "coordinates": [ 255.0, 465.0 ] } },
{ "type": "Feature", "properties": { "poi_type": "transport", "density": 0.50045323503105044 }, "geometry": { "type": "Point", "coordinates": [ 265.0, 465.0 ] } },
{ "type": "Feature", "properties": { "poi_type": "transport", "density": 0.50778925742512371 }, "geometry": { "type": "Point", "coordinates": [ 275.0, 465.0 ] } },
{ "type": "Feature", "properties": { "poi_type": "transport", "density": 0.67948025989608585 }, "geometry": { "type": "Point", "coordinates": [ 285.0, 465.0 ] } },
{ "type": "Feature", "properties": { "poi_type": "transport", "density": 0.69172257078706667 }, "geometry": { "type": "Point", "coordinates": [ 295.0, 465.0 ] } },
{ "type": "Feature", "properties": { "poi_type": "transport", "density": 0.38451164178095937 }, "geometry": { "type": "Point", "coordinates": [ 305.0, 465.0 ] } },
{ "type": "Feature", "properties": { "poi_type": "transport", "density": 0.51373287550740743 }, "geometry": { "type": "Point", "coordinates": [ 315.0, 465.0 ] } },
{ "type": "Feature", "properties": { "poi_type": "transport", "density": 0.54098583431608516 }, "geometry": { "type": "Point", "coordinates": [ 325.0, 465.0 ] } },
{ "type": "Feature", "properties": { "poi_type": "transport", "density": 0.31159606266534362 }, "geometry": { "type": "Point", "coordinates": [ 335.0, 465.0 ] } },
{ "type": "Feature", "properties": { "poi_type": "transport", "density": 0.44682801353534374 }, "geometry": { "type": "Point", "coordinates": [ 345.0, 465.0 ] } },
{ "type": "Feature", "properties": { "poi_type": "transport", "density": 0.55780605298660824 }, "geometry": { "type": "Point", "coordinates": [ 355.0, 465.0 ] } },
{ "type": "Feature", "properties": { "poi_type": "transport", "density": 0.37627469294745408 }, "geometry": { "type": "Point", "coordinates": [ 365.0, 465.0 ] } },
{ "type": "Feature", "properties": { "poi_type": "transport", "density": 0.65363348908732766 }, "geometry": { "type": "Point", "coordinates": [ 375.0, 465.0 ] } },
{ "type": "Feature", "properties": { "poi_type": "transport", "density": 0.31928228692818955 }, "geometry": { "type": "Point", "coordinates": [ 385.0, 465.0 ] } },
{ "type": "Feature", "properties": { "poi_type": "transport", "density": 0.36455683803405325 }, "geometry": { "type": "Point", "coordinates": [ 395.0, 465.0 ] } },
{ "type": "Feature", "properties": { "poi_type": "transport", "density": 0.49649680567658505 }, "geometry": { "type": "Point", "coordinates": [ 405.0, 465.0 ] } },
{ "type": "Feature", "properties": { "poi_type": "transport", "density": 0.49392825590847556 }, "geometry": { "type": "Point", "coordinates": [ 415.0, 465.0 ] } },
{ "type": "Feature", "properties": { "poi_type": "transport", "density": 0.52415671861189095 }, "geometry": { "type": "Point", "coordinates": [ 425.0, 465.0 ] } },
{ "type": "Feature", "properties": { "poi_type": "transport", "density": 0.32023863546189058 }, "geometry": { "type": "Point", "coordinates": [ 435.0, 465.0 ] } },
{ "type": "Feature", "properties": { "poi_type": "transport", "density": 0.55092638753089762 }, "geometry": { "type": "Point", "coordinates": [ 445.0, 465.0 ] } },
{ "type": "Feature", "properties": { "poi_type": "transport", "density": 0.32712562133977346 }, "geometry": { "type": "Point", "coordinates": [ 455.0, 465.0 ] } },
{ "type": "Feature", "properties": { "poi_type": "transport", "density": 0.49674445942305545 }, "geometry": { "type": "Point", "coordinates": [ 465.0, 465.0 ] } },
{ "type": "Feature", "properties": { "poi_type": "transport", "density": 0.4247649440701704 }, "geometry": { "type": "Point", "coordinates": [ 475.0, 465.0 ] } },
{ "type": "Feature", "properties": { "poi_type": "transport", "density": 0.38066243548780704 }, "geometry": { "type": "Point", "coordinates": [ 485.0, 465.0 ] } },
{ "type": "Feature", "properties": { "poi_type": "transport", "density": 0.31279381600850442 }, "geometry": { "type": "Point", "coordinates": [ 495.0, 465.0 ] } },
{ "type": "Feature", "properties": { "poi_type": "transport", "density": 0.53504448851893782 }, "geometry": { "type": "Point", "coordinates": [ 505.0, 465.0 ] } },
{ "type": "Feature", "properties": { "poi_type": "transport", "density": 0.53747965657802821 }, "geometry": { "type": "Point", "coordinates": [ 515.0, 465.0 ] } },
{ "type": "Feature", "properties": { "poi_type": "transport", "density": 0.47444206629000552 }, "geometry": { "type": "Point", "coordinates": [ 525.0, 465.0 ] } },
{ "type": "Feature", "properties": { "poi_type": "transport", "density": 0.37226124009336981 }, "geometry": { "type": "Point", "coordinates": [ 535.0, 465.0 ] } },
{ "type": "Feature", "properties": { "poi_type": "transport", "density": 0.33456936562683381 }, "geometry": { "type": "Point", "coordinates": [ 545.0, 465.0 ] } },
{ "type": "Feature", "properties": { "poi_type": "transport", "density": 0.4709199348831381 }, "geometry": { "type": "Point", "coordinates": [ 555.0, 465.0 ] } },
{ "type": "Feature", "properties": { "poi_type": "transport", "density": 0.64828587992748832 }, "geometry": { "type": "Point", "coordinates": [ 565.0, 465.0 ] } },
{ "type": "Feature", "properties": { "poi_type": "transport", "density": 0.5259513732841048 }, "geometry": { "type": "Point", "coordinates": [ 575.0, 465.0 ] } },
{ "type": "Feature", "properties": { "poi_type": "transport", "density": 0.49200076968814832 }, "geometry": { "type": "Point", "coordinates": [ 585.0, 465.0 ] } },
{ "type": "Feature", "properties": { "poi_type": "transport", "density": 0.5141245831801049 }, "geometry": { "type": "Point", "coordinates": [ 595.0, 465.0 ] } },
{ "type": "Feature", "properties": { "poi_type": "transport", "density": 0.36802672865677372 }, "geometry": { "type": "Point", "coordinates": [ 5.0, 475.0 ] } },
{ "type": "Feature", "properties": { "poi_type": "transport", "density": 0.65218694535340394 }, "geometry": { "type": "Point", "coordinates": [ 15.0, 475.0 ] } },
{ "type": "Feature", "properties": { "poi_type": "transport", "density": 0.42080930349923679 }, "geometry": { "type": "Point", "coordinates": [ 25.0, 475.0 ] } },
{ "type": "Feature", "properties": { "poi_type": "transport", "density": 0.59159656092285173 }, "geometry": { "type": "Point", "coordinates": [ 35.0, 475.0 ] } },
{ "type": "Feature", "properties": { "poi_type": "transport", "density": 0.43428620574104504 }, "geometry": { "type": "Point", "coordinates": [ 45.0, 475.0 ] } },
{ "type": "Feature", "properties": { "poi_type": "transport", "density": 0.43137681639075326 }, "geometry": { "type": "Point", "coordinates": [ 55.0, 475.0 ] } },
{ "type": "Feature", "properties": { "poi_type": "transport", "density": 0.50566269153427446 }, "geometry": { "type": "Point", "coordinates": [ 65.0, 475.0 ] } },
{ "type": "Feature", "properties": { "poi_type": "transport", "density": 0.57366678328633613 }, "geometry": { "type": "Point", "coordinates": [ 75.0, 475.0 ] } },
{ "type": "Feature", "properties": { "poi_type": "transport", "density": 0.5343739952642752 }, "geometry": { "type": "Point", "coordinates": [ 85.0, 475.0 ] } },
{ "type": "Feature", "properties": { "poi_type": "transport", "density": 0.46977109847315651 }, "geometry": { "type": "Point", "coordinates": [ 95.0, 475.0 ] } },
{ "type": "Feature", "properties": { "poi_type": "transport", "density": 0.33525212914270464 }, "geometry": { "type": "Point", "coordinates": [ 105.0, 475.0 ] } },
{ "type": "Feature", "properties": { "poi_type": "transport", "density": 0.50077928415113759 }, "geometry": { "type": "Point", "coordinates": [ 115.0, 475.0 ] } },
{ "type": "Feature", "properties": { "poi_type": "transport", "density": 0.57305655684884993 }, "geometry": { "type": "Point", "coordinates": [ 125.0, 475.0 ] } },
{ "type": "Feature", "properties": { "poi_type": "transport", "density": 0.52406979222087613 }, "geometry": { "type": "Point", "coordinates": [ 135.0, 475.0 ] } },
{ "type": "Feature", "properties": { "poi_type": "transport", "density": 0.32287870147118597 }, "geometry": { "type": "Point", "coordinates": [ 145.0, 475.0 ] } },
{ "type": "Feature", "properties": { "poi_type": "transport", "density": 0.52827824055012274 }, "geometry": { "type": "Point", "coordinates": [ 155.0, 475.0 ] } },
{ "type": "Feature", "properties": { "poi_type": "transport", "density": 0.5993904605388698 }, "geometry": { "type": "Point", "coordinates": [ 165.0, 475.0 ] } },
{ "type": "Feature", "properties": { "poi_type": "transport", "density": 0.354466006187105 }, "geometry": { "type": "Point", "coordinates": [ 175.0, 475.0 ] } },
{ "type": "Feature", "properties": { "poi_type": "transport", "density": 0.68972365909547673 }, "geometry": { "type": "Point", "coordinates": [ 185.0, 475.0 ] } },
{ "type": "Feature", "properties": { "poi_type": "transport", "density": 0.51643338622023693 }, "geometry": { "type": "Point", "coordinates": [ 195.0, 475.0 ] } },
{ "type": "Feature", "properties": { "poi_type": "transport", "density": 0.69793682208675856 }, "geometry": { "type": "Point", "coordinates": [ 205.0, 475.0 ] } },
{ "type": "Feature", "properties": { "poi_type": "transport", "density": 0.47952217037628797 }, "geometry": { "type": "Point", "coordinates": [ 215.0, 475.0 ] } },
{ "type": "Feature", "properties": { "poi_type": "transport", "density": 0.30964649829016505 }, "geometry": { "type": "Point", "coordinates": [ 225.0, 475.0 ] } },
{ "type": "Feature", "properties": { "poi_type": "transport", "density": 0.4560372798258176 }, "geometry": { "type": "Point", "coordinates": [ 235.0, 475.0 ] } },
{ "type": "Feature", "properties": { "poi_type": "transport", "density": 0.6978146992306844 }, "geometry": { "type": "Point", "coordinates": [ 245.0, 475.0 ] } },
{ "type": "Feature", "properties": { "poi_type": "transport", "density": 0.3920585464412335 }, "geometry": { "type": "Point", "coordinates": [ 255.0, 475.0 ] } },
{ "type": "Feature", "properties": { "poi_type": "transport", "density": 0.53860151565710068 }, "geometry": { "type": "Point", "coordinates": [ 265.0, 475.0 ] } },
{ "type": "Feature", "properties": { "poi_type": "transport", "density": 0.69251135104995454 }, "geometry": { "type": "Point", "coordinates": [ 275.0, 475.0 ] } },
{ "type": "Feature", "properties": { "poi_type": "transport", "density": 0.4071120886530431 }, "geometry": { "type": "Point", "coordinates": [ 285.0, 475.0 ] } },
{ "type": "Feature", "properties": { "poi_type": "transport", "density": 0.3827577901147754 }, "geometry": { "type": "Point", "coordinates": [ 295.0, 475.0 ] } },
{ "type": "Feature", "properties": { "poi_type": "transport", "density": 0.69967445180236421 }, "geometry": { "type": "Point", "coordinates": [ 305.0, 475.0 ] } },
{ "type": "Feature", "properties": { "poi_type": "transport", "density": 0.39970601395190697 }, "geometry": { "type": "Point", "coordinates": [ 315.0, 475.0 ] } },
{ "type": "Feature", "properties": { "poi_type": "transport", "density": 0.69118627789728304 }, "geometry": { "type": "Point", "coordinates": [ 325.0, 475.0 ] } },
{ "type": "Feature", "properties": { "poi_type": "transport", "density": 0.39451608483007411 }, "geometry": { "type": "Point", "coordinates": [ 335.0, 475.0 ] } },
{ "type": "Feature", "properties": { "poi_type": "transport", "density": 0.47407924549864666 }, "geometry": { "type": "Point", "coordinates": [ 345.0, 475.0 ] } },
{ "type": "Feature", "properties": { "poi_type": "transport", "density": 0.46214973994684067 }, "geometry": { "type": "Point", "coordinates": [ 355.0, 475.0 ] } },
{ "type": "Feature", "properties": { "poi_type": "transport", "density": 0.57887343316881812 }, "geometry": { "type": "Point", "coordinates": [ 365.0, 475.0 ] } },
{ "type": "Feature", "properties": { "poi_type": "transport", "density": 0.53160715468612363 }, "geometry": { "type": "Point", "coordinates": [ 375.0, 475.0 ] } },
{ "type": "Feature", "properties": { "poi_type": "transport", "density": 0.5494980068036831 }, "geometry": { "type": "Point", "coordinates": [ 385.0, 475.0 ] } },
{ "type": "Feature", "properties": { "poi_type": "transport", "density": 0.38551140261996952 }, "geometry": { "type": "Point", "coordinates": [ 395.0, 475.0 ] } },
{ "type": "Feature", "properties": { "poi_type": "transport", "density": 0.56717648819596578 }, "geometry": { "type": "Point", "coordinates": [ 405.0, 475.0 ] } },
{ "type": "Feature", "properties": { "poi_type": "transport", "density": 0.53442573742864752 }, "geometry": { "type": "Point", "coordinates": [ 415.0, 475.0 ] } },
{ "type": "Feature", "properties": { "poi_type": "transport", "density": 0.5280223689044854 }, "geometry": { "type": "Point", "coordinates": [ 425.0, 475.0 ] } },
{ "type": "Feature", "properties": { "poi_type": "transport", "density": 0.69672324030143951 }, "geometry": { "type": "Point", "coordinates": [ 435.0, 475.0 ] } },
{ "type": "Feature", "properties": { "poi_type": "transport", "density": 0.45130603833149779 }, "geometry": { "type": "Point", "coordinates": [ 445.0, 475.0 ] } },
{ "type": "Feature", "properties": { "poi_type": "transport", "density": 0.55906578286549236 }, "geometry": { "type": "Point", "coordinates": [ 455.0, 475.0 ] } },
{ "type": "Feature", "properties": { "poi_type": "transport", "density": 0.64200120503223024 }, "geometry": { "type": "Point", "coordinates": [ 465.0, 475.0 ] } },
{ "type": "Feature", "properties": { "poi_type": "transport", "density": 0.3654032189408819 }, "geometry": { "type": "Point", "coordinates": [ 475.0, 475.0 ] } },
{ "type": "Feature", "properties": { "poi_type": "transport", "density": 0.43779387657410812 }, "geometry": { "type": "Point", "coordinates": [ 485.0, 475.0 ] } },
{ "type": "Feature", "properties": { "poi_type": "transport", "density": 0.59160574283860945 }, "geometry": { "type": "Point", "coordinates": [ 495.0, 475.0 ] } },
{ "type": "Feature", "properties": { "poi_type": "transport", "density": 0.54914504234799366 }, "geometry": { "type": "Point", "coordinates": [ 505.0, 475.0 ] } },
{ "type": "Feature", "properties": { "poi_type": "transport", "density": 0.38211845838863479 }, "geometry": { "type": "Point", "coordinates": [ 515.0, 475.0 ] } },
{ "type": "Feature", "properties": { "poi_type": "transport", "density": 0.45598879471068215 }, "geometry": { "type": "Point", "coordinates": [ 525.0, 475.0 ] } },
{ "type": "Feature", "properties": { "poi_type": "transport", "density": 0.68732744291982351 }, "geometry": { "type": "Point", "coordinates": [ 535.0, 475.0 ] } },
{ "type": "Feature", "properties": { "poi_type": "transport", "density": 0.57079887888287706 }, "geometry": { "type": "Point", "coordinates": [ 545.0, 475.0 ] } },
{ "type": "Feature", "properties": { "poi_type": "transport", "density": 0.30428332699372412 }, "geometry": { "type": "Point", "coordinates": [ 555.0, 475.0 ] } },
{ "type": "Feature", "properties": { "poi_type": "transport", "density": 0.58352887427178057 }, "geometry": { "type": "Point", "coordinates": [ 565.0, 475.0 ] } },
{ "type": "Feature", "properties": { "poi_type": "transport", "density": 0.60580323027484484 }, "geometry": { "type": "Point", "coordinates": [ 575.0, 475.0 ] } },
{ "type": "Feature", "properties": { "poi_type": "transport", "density": 0.41786521591235826 }, "geometry": { "type": "Point", "coordinates": [ 585.0, 475.0 ] } },
{ "type": "Feature", "properties": { "poi_type": "transport", "density": 0.53033845313032146 }, "geometry": { "type": "Point", "coordinates": [ 595.0, 475.0 ] } },
{ "type": "Feature", "properties": { "poi_type": "transport", "density": 0.54691125174899113 }, "geometry": { "type": "Point", "coordinates": [ 125.0, 485.0 ] } },
{ "type": "Feature", "properties": { "poi_type": "transport", "density": 0.37965484907467401 }, "geometry": { "type": "Point", "coordinates": [ 135.0, 485.0 ] } },
{ "type": "Feature", "properties": { "poi_type": "transport", "density": 0.61756789729298245 }, "geometry": { "type": "Point", "coordinates": [ 145.0, 485.0 ] } },
{ "type": "Feature", "properties": { "poi_type": "transport", "density": 0.40001086064068014 }, "geometry": { "type": "Point", "coordinates": [ 155.0, 485.0 ] } },
{ "type": "Feature", "properties": { "poi_type": "transport", "density": 0.67361892196645501 }, "geometry": { "type": "Point", "coordinates": [ 165.0, 485.0 ] } },
{ "type": "Feature", "properties": { "poi_type": "transport", "density": 0.31097391823908277 }, "geometry": { "type": "Point", "coordinates": [ 175.0, 485.0 ] } },
{ "type": "Feature", "properties": { "poi_type": "transport", "density": 0.43042007473055416 }, "geometry": { "type": "Point", "coordinates": [ 275.0, 485.0 ] } },
{ "type": "Feature", "properties": { "poi_type": "transport", "density": 0.34522566039758318 }, "geometry": { "type": "Point", "coordinates": [ 285.0, 485.0 ] } },
{ "type": "Feature", "properties": { "poi_type": "transport", "density": 0.47231200066646345 }, "geometry": { "type": "Point", "coordinates": [ 295.0, 485.0 ] } },
{ "type": "Feature", "properties": { "poi_type": "transport", "density": 0.67119633533617284 }, "geometry": { "type": "Point", "coordinates": [ 305.0, 485.0 ] } },
{ "type": "Feature", "properties": { "poi_type": "transport", "density": 0.59948011015491254 }, "geometry": { "type": "Point", "coordinates": [ 315.0, 485.0 ] } },
{ "type": "Feature", "properties": { "poi_type": "transport", "density": 0.35676962638033372 }, "geometry": { "type": "Point", "coordinates": [ 325.0, 485.0 ] } },
{ "type": "Feature", "properties": { "poi_type": "transport", "density": 0.5904880889094084 }, "geometry": { "type": "Point", "coordinates": [ 425.0, 485.0 ] } },
{ "type": "Feature", "properties": { "poi_type": "transport", "density": 0.35136553637768198 }, "geometry": { "type": "Point", "coordinates": [ 435.0, 485.0 ] } },
{ "type": "Feature", "properties": { "poi_type": "transport", "density": 0.47053636236408797 }, "geometry": { "type": "Point", "coordinates": [ 445.0, 485.0 ] } },
{ "type": "Feature", "properties": { "poi_type": "transport", "density": 0.67845641683309754 }, "geometry": { "type": "Point", "coordinates": [ 455.0, 485.0 ] } },
{ "type": "Feature", "properties": { "poi_type": "transport", "density": 0.33304329394071308 }, "geometry": { "type": "Point", "coordinates": [ 465.0, 485.0 ] } },
{ "type": "Feature", "properties": { "poi_type": "transport", "density": 0.67394043975585693 }, "geometry": { "type": "Point", "coordinates": [ 475.0, 485.0 ] } },
{ "type": "Feature", "properties": { "poi_type": "transport", "density": 0.61619066435728698 }, "geometry": { "type": "Point", "coordinates": [ 485.0, 485.0 ] } },
{ "type": "Feature", "properties": { "poi_type": "transport", "density": 0.54080200896610819 }, "geometry": { "type": "Point", "coordinates": [ 495.0, 485.0 ] } },
{ "type": "Feature", "properties": { "poi_type": "transport", "density": 0.62617813669586675 }, "geometry": { "type": "Point", "coordinates": [ 505.0, 485.0 ] } },
{ "type": "Feature", "properties": { "poi_type": "transport", "density": 0.52977464371469152 }, "geometry": { "type": "Point", "coordinates": [ 585.0, 485.0 ] } },
{ "type": "Feature", "properties": { "poi_type": "transport", "density": 0.4483632752270294 }, "geometry": { "type": "Point", "coordinates": [ 125.0, 495.0 ] } },
{ "type": "Feature", "properties": { "poi_type": "transport", "density": 0.69334262584506479 }, "geometry": { "type": "Point", "coordinates": [ 135.0, 495.0 ] } },
{ "type": "Feature", "properties": { "poi_type": "transport", "density": 0.41705455345166631 }, "geometry": { "type": "Point", "coordinates": [ 145.0, 495.0 ] } },
{ "type": "Feature", "properties": { "poi_type": "transport", "density": 0.59930563994842856 }, "geometry": { "type": "Point", "coordinates": [ 155.0, 495.0 ] } },
{ "type": "Feature", "properties": { "poi_type": "transport", "density": 0.52776527186740207 }, "geometry": { "type": "Point", "coordinates": [ 165.0, 495.0 ] } },
{ "type": "Feature", "properties": { "poi_type": "transport", "density": 0.59335103548045254 }, "geometry": { "type": "Point", "coordinates": [ 175.0, 495.0 ] } },
{ "type": "Feature", "properties": { "poi_type": "transport", "density": 0.49473949484726254 }, "geometry": { "type": "Point", "coordinates": [ 275.0, 495.0 ] } },
{ "type": "Feature", "properties": { "poi_type": "transport", "density": 0.65815541129492161 }, "geometry": { "type": "Point", "coordinates": [ 285.0, 495.0 ] } },
{ "type": "Feature", "properties": { "poi_type": "transport", "density": 0.60489054420906507 }, "geometry": { "type": "Point", "coordinates": [ 295.0, 495.0 ] } },
{ "type": "Feature", "properties": { "poi_type": "transport", "density": 0.54308979140930125 }, "geometry": { "type": "Point", "coordinates": [ 305.0, 495.0 ] } },
{ "type": "Feature", "properties": { "poi_type": "transport", "density": 0.30822464366512664 }, "geometry": { "type": "Point", "coordinates": [ 315.0, 495.0 ] } },
{ "type": "Feature", "properties": { "poi_type": "transport", "density": 0.69610040755476787 }, "geometry": { "type": "Point", "coordinates": [ 325.0, 495.0 ] } },
{ "type": "Feature", "properties": { "poi_type": "transport", "density": 0.31235598737362497 }, "geometry": { "type": "Point", "coordinates": [ 425.0, 495.0 ] } },
{ "type": "Feature", "properties": { "poi_type": "transport", "density": 0.49221238903320863 }, "geometry": { "type": "Point", "coordinates": [ 435.0, 495.0 ] } },
{ "type": "Feature", "properties": { "poi_type": "transport", "density": 0.57466541776877333 }, "geometry": { "type": "Point", "coordinates": [ 445.0, 495.0 ] } },
{ "type": "Feature", "properties": { "poi_type": "transport", "density": 0.54703949299056776 }, "geometry": { "type": "Point", "coordinates": [ 455.0, 495.0 ] } },
{ "type": "Feature", "properties": { "poi_type": "transport", "density": 0.44037603560349198 }, "geometry": { "type": "Point", "coordinates": [ 465.0, 495.0 ] } },
{ "type": "Feature", "properties": { "poi_type": "transport", "density": 0.34915509652575155 }, "geometry": { "type": "Point", "coordinates": [ 475.0, 495.0 ] } },
{ "type": "Feature", "properties": { "poi_type": "transport", "density": 0.40774315064157463 }, "geometry": { "type": "Point", "coordinates": [ 485.0, 495.0 ] } },
{ "type": "Feature", "properties": { "poi_type": "transport", "density": 0.55773119764640477 }, "geometry": { "type": "Point", "coordinates": [ 495.0, 495.0 ] } },
{ "type": "Feature", "properties": { "poi_type": "transport", "density": 0.50204351414207371 }, "geometry": { "type": "Point", "coordinates": [ 505.0, 495.0 ] } },
{ "type": "Feature", "properties": { "poi_type": "transport", "density": 0.64546360831848493 }, "geometry": { "type": "Point", "coordinates": [ 515.0, 495.0 ] } },
{ "type": "Feature", "properties": { "poi_type": "transport", "density": 0.51087160763390949 }, "geometry": { "type": "Point", "coordinates": [ 125.0, 505.0 ] } },
{ "type": "Feature", "properties": { "poi_type": "transport", "density": 0.52883908571352889 }, "geometry": { "type": "Point", "coordinates": [ 135.0, 505.0 ] } },
{ "type": "Feature", "properties": { "poi_type": "transport", "density": 0.34857844518938846 }, "geometry": { "type": "Point", "coordinates": [ 145.0, 505.0 ] } },
{ "type": "Feature", "properties": { "poi_type": "transport", "density": 0.5092974060964891 }, "geometry": { "type": "Point", "coordinates": [ 155.0, 505.0 ] } },
{ "type": "Feature", "properties": { "poi_type": "transport", "density": 0.62612310108581126 }, "geometry": { "type": "Point", "coordinates": [ 165.0, 505.0 ] } },
{ "type": "Feature", "properties": { "poi_type": "transport", "density": 0.35103033857677474 }, "geometry": { "type": "Point", "coordinates": [ 175.0, 505.0 ] } },
{ "type": "Feature", "properties": { "poi_type": "transport", "density": 0.66822907243293161 }, "geometry": { "type": "Point", "coordinates": [ 195.0, 505.0 ] } },
{ "type": "Feature", "properties": { "poi_type": "transport", "density": 0.4904617428594521 }, "geometry": { "type": "Point", "coordinates": [ 275.0, 505.0 ] } },
{ "type": "Feature", "properties": { "poi_type": "transport", "density": 0.53939406905599574 }, "geometry": { "type": "Point", "coordinates": [ 285.0, 505.0 ] } },
{ "type": "Feature", "properties": { "poi_type": "transport", "density": 0.40482270962378464 }, "geometry": { "type": "Point", "coordinates": [ 295.0, 505.0 ] } },
{ "type": "Feature", "properties": { "poi_type": "transport", "density": 0.61072177659657778 }, "geometry": { "type": "Point", "coordinates": [ 305.0, 505.0 ] } },
{ "type": "Feature", "properties": { "poi_type": "transport", "density": 0.6929856111499868 }, "geometry": { "type": "Point", "coordinates": [ 315.0, 505.0 ] } },
{ "type": "Feature", "properties": { "poi_type": "transport", "density": 0.36055206364795317 }, "geometry": { "type": "Point", "coordinates": [ 325.0, 505.0 ] } },
{ "type": "Feature", "properties": { "poi_type": "transport", "density": 0.34165811211603803 }, "geometry": { "type": "Point", "coordinates": [ 425.0, 505.0 ] } },
{ "type": "Feature", "properties": { "poi_type": "transport", "density": 0.39823649775743331 }, "geometry": { "type": "Point", "coordinates": [ 435.0, 505.0 ] } },
{ "type": "Feature", "properties": { "poi_type": "transport", "density": 0.51258628360803615 }, "geometry": { "type": "Point", "coordinates": [ 445.0, 505.0 ] } },
{ "type": "Feature", "properties": { "poi_type": "transport", "density": 0.47766762242351068 }, "geometry": { "type": "Point", "coordinates": [ 455.0, 505.0 ] } },
{ "type": "Feature", "properties": { "poi_type": "transport", "density": 0.58614631806693573 }, "geometry": { "type": "Point", "coordinates": [ 465.0, 505.0 ] } },
{ "type": "Feature", "properties": { "poi_type": "transport", "density": 0.44305181150655648 }, "geometry": { "type": "Point", "coordinates": [ 475.0, 505.0 ] } },
{ "type": "Feature", "properties": { "poi_type": "transport", "density": 0.49784542238335006 }, "geometry": { "type": "Point", "coordinates": [ 485.0, 505.0 ] } },
{ "type": "Feature", "properties": { "poi_type": "transport", "density": 0.51093241072044771 }, "geometry": { "type": "Point", "coordinates": [ 495.0, 505.0 ] } },
{ "type": "Feature", "properties": { "poi_type": "transport", "density": 0.30280352553870443 }, "geometry": { "type": "Point", "coordinates": [ 505.0, 505.0 ] } },
{ "type": "Feature", "properties": { "poi_type": "transport", "density": 0.4990621935065187 }, "geometry": { "type": "Point", "coordinates": [ 515.0, 505.0 ] } },
{ "type": "Feature", "properties": { "poi_type": "transport", "density": 0.34356036347961072 }, "geometry": { "type": "Point", "coordinates": [ 525.0, 505.0 ] } },
{ "type": "Feature", "properties": { "poi_type": "transport", "density": 0.58928556741077842 }, "geometry": { "type": "Point", "coordinates": [ 125.0, 515.0 ] } },
{ "type": "Feature", "properties": { "poi_type": "transport", "density": 0.57010194998229591 }, "geometry": { "type": "Point", "coordinates": [ 135.0, 515.0 ] } },
{ "type": "Feature", "properties": { "poi_type": "transport", "density": 0.60648397383827091 }, "geometry": { "type": "Point", "coordinates": [ 145.0, 515.0 ] } },
{ "type": "Feature", "properties": { "poi_type": "transport", "density": 0.69701789300378192 }, "geometry": { "type": "Point", "coordinates": [ 155.0, 515.0 ] } },
{ "type": "Feature", "properties": { "poi_type": "transport", "density": 0.44574398922765646 }, "geometry": { "type": "Point", "coordinates": [ 165.0, 515.0 ] } },
{ "type": "Feature", "properties": { "poi_type": "transport", "density": 0.40044580459212753 }, "geometry": { "type": "Point", "coordinates": [ 175.0, 515.0 ] } },
{ "type": "Feature", "properties": { "poi_type": "transport", "density": 0.58497956824636677 }, "geometry": { "type": "Point", "coordinates": [ 275.0, 515.0 ] } },
{ "type": "Feature", "properties": { "poi_type": "transport", "density": 0.48947030931794855 }, "geometry": { "type": "Point", "coordinates": [ 285.0, 515.0 ] } },
{ "type": "Feature", "properties": { "poi_type": "transport", "density": 0.30318343090492678 }, "geometry": { "type": "Point", "coordinates": [ 295.0, 515.0 ] } },
{ "type": "Feature", "properties": { "poi_type": "transport", "density": 0.56182882694335112 }, "geometry": { "type": "Point", "coordinates": [ 305.0, 515.0 ] } },
{ "type": "Feature", "properties": { "poi_type": "transport", "density": 0.69480500117558575 }, "geometry": { "type": "Point", "coordinates": [ 315.0, 515.0 ] } },
{ "type": "Feature", "properties": { "poi_type": "transport", "density": 0.52181380020769841 }, "geometry": { "type": "Point", "coordinates": [ 325.0, 515.0 ] } },
{ "type": "Feature", "properties": { "poi_type": "transport", "density": 0.43030353317463105 }, "geometry": { "type": "Point", "coordinates": [ 375.0, 515.0 ] } },
{ "type": "Feature", "properties": { "poi_type": "transport", "density": 0.66397539111658843 }, "geometry": { "type": "Point", "coordinates": [ 395.0, 515.0 ] } },
{ "type": "Feature", "properties": { "poi_type": "transport", "density": 0.54562762847242807 }, "geometry": { "type": "Point", "coordinates": [ 425.0, 515.0 ] } },
{ "type": "Feature", "properties": { "poi_type": "transport", "density": 0.60367752555078513 }, "geometry": { "type": "Point", "coordinates": [ 435.0, 515.0 ] } },
{ "type": "Feature", "properties": { "poi_type": "transport", "density": 0.54977730594598051 }, "geometry": { "type": "Point", "coordinates": [ 445.0, 515.0 ] } },
{ "type": "Feature", "properties": { "poi_type": "transport", "density": 0.41312168257118731 }, "geometry": { "type": "Point", "coordinates": [ 455.0, 515.0 ] } },
{ "type": "Feature", "properties": { "poi_type": "transport", "density": 0.55123308115774172 }, "geometry": { "type": "Point", "coordinates": [ 465.0, 515.0 ] } },
{ "type": "Feature", "properties": { "poi_type": "transport", "density": 0.50224893180268504 }, "geometry": { "type": "Point", "coordinates": [ 475.0, 515.0 ] } },
{ "type": "Feature", "properties": { "poi_type": "transport", "density": 0.41907764266714986 }, "geometry": { "type": "Point", "coordinates": [ 495.0, 515.0 ] } },
{ "type": "Feature", "properties": { "poi_type": "transport", "density": 0.54624872707550676 }, "geometry": { "type": "Point", "coordinates": [ 505.0, 515.0 ] } },
{ "type": "Feature", "properties": { "poi_type": "transport", "density": 0.33314642059829147 }, "geometry": { "type": "Point", "coordinates": [ 515.0, 515.0 ] } },
{ "type": "Feature", "properties": { "poi_type": "transport", "density": 0.34780932201536913 }, "geometry": { "type": "Point", "coordinates": [ 525.0, 515.0 ] } },
{ "type": "Feature", "properties": { "poi_type": "transport", "density": 0.36029926015591301 }, "geometry": { "type": "Point", "coordinates": [ 535.0, 515.0 ] } },
{ "type": "Feature", "properties": { "poi_type": "transport", "density": 0.62255523975566684 }, "geometry": { "type": "Point", "coordinates": [ 125.0, 525.0 ] } },
{ "type": "Feature", "properties": { "poi_type": "transport", "density": 0.49560776837349751 }, "geometry": { "type": "Point", "coordinates": [ 135.0, 525.0 ] } },
{ "type": "Feature", "properties": { "poi_type": "transport", "density": 0.64424103205134986 }, "geometry": { "type": "Point", "coordinates": [ 145.0, 525.0 ] } },
{ "type": "Feature", "properties": { "poi_type": "transport", "density": 0.43682956844199239 }, "geometry": { "type": "Point", "coordinates": [ 155.0, 525.0 ] } },
{ "type": "Feature", "properties": { "poi_type": "transport", "density": 0.68219321228468666 }, "geometry": { "type": "Point", "coordinates": [ 165.0, 525.0 ] } },
{ "type": "Feature", "properties": { "poi_type": "transport", "density": 0.54175379514388089 }, "geometry": { "type": "Point", "coordinates": [ 175.0, 525.0 ] } },
{ "type": "Feature", "properties": { "poi_type": "transport", "density": 0.66435453240525033 }, "geometry": { "type": "Point", "coordinates": [ 275.0, 525.0 ] } },
{ "type": "Feature", "properties": { "poi_type": "transport", "density": 0.35870967199784265 }, "geometry": { "type": "Point", "coordinates": [ 285.0, 525.0 ] } },
{ "type": "Feature", "properties": { "poi_type": "transport", "density": 0.63735409387871778 }, "geometry": { "type": "Point", "coordinates": [ 295.0, 525.0 ] } },
{ "type": "Feature", "properties": { "poi_type": "transport", "density": 0.44675327244571278 }, "geometry": { "type": "Point", "coordinates": [ 305.0, 525.0 ] } },
{ "type": "Feature", "properties": { "poi_type": "transport", "density": 0.31467055814057748 }, "geometry": { "type": "Point", "coordinates": [ 315.0, 525.0 ] } },
{ "type": "Feature", "properties": { "poi_type": "transport", "density": 0.36176077972638965 }, "geometry": { "type": "Point", "coordinates": [ 325.0, 525.0 ] } },
{ "type": "Feature", "properties": { "poi_type": "transport", "density": 0.6285291356260867 }, "geometry": { "type": "Point", "coordinates": [ 425.0, 525.0 ] } },
{ "type": "Feature", "properties": { "poi_type": "transport", "density": 0.35271701609530887 }, "geometry": { "type": "Point", "coordinates": [ 435.0, 525.0 ] } },
{ "type": "Feature", "properties": { "poi_type": "transport", "density": 0.52985449534387019 }, "geometry": { "type": "Point", "coordinates": [ 445.0, 525.0 ] } },
{ "type": "Feature", "properties": { "poi_type": "transport", "density": 0.37609437466895951 }, "geometry": { "type": "Point", "coordinates": [ 455.0, 525.0 ] } },
{ "type": "Feature", "properties": { "poi_type": "transport", "density": 0.42481532726170235 }, "geometry": { "type": "Point", "coordinates": [ 465.0, 525.0 ] } },
{ "type": "Feature", "properties": { "poi_type": "transport", "density": 0.33284747347593074 }, "geometry": { "type": "Point", "coordinates": [ 475.0, 525.0 ] } },
{ "type": "Feature", "properties": { "poi_type": "transport", "density": 0.50762274431770227 }, "geometry": { "type": "Point", "coordinates": [ 505.0, 525.0 ] } },
{ "type": "Feature", "properties": { "poi_type": "transport", "density": 0.61815943176480181 }, "geometry": { "type": "Point", "coordinates": [ 515.0, 525.0 ] } },
{ "type": "Feature", "properties": { "poi_type": "transport", "density": 0.42090463060226502 }, "geometry": { "type": "Point", "coordinates": [ 525.0, 525.0 ] } },
{ "type": "Feature", "properties": { "poi_type": "transport", "density": 0.61590225865851811 }, "geometry": { "type": "Point", "coordinates": [ 535.0, 525.0 ] } },
{ "type": "Feature", "properties": { "poi_type": "transport", "density": 0.45354473729896705 }, "geometry": { "type": "Point", "coordinates": [ 545.0, 525.0 ] } },
{ "type": "Feature", "properties": { "poi_type": "transport", "density": 0.68197996149386719 }, "geometry": { "type": "Point", "coordinates": [ 125.0, 535.0 ] } },
{ "type": "Feature", "properties": { "poi_type": "transport", "density": 0.55825440043831853 }, "geometry": { "type": "Point", "coordinates": [ 135.0, 535.0 ] } },
{ "type": "Feature", "properties": { "poi_type": "transport", "density": 0.48229717978318037 }, "geometry": { "type": "Point", "coordinates": [ 145.0, 535.0 ] } },
{ "type": "Feature", "properties": { "poi_type": "transport", "density": 0.51819611672852117 }, "geometry": { "type": "Point", "coordinates": [ 155.0, 535.0 ] } },
{ "type": "Feature", "properties": { "poi_type": "transport", "density": 0.34565654567850007 }, "geometry": { "type": "Point", "coordinates": [ 165.0, 535.0 ] } },
{ "type": "Feature", "properties": { "poi_type": "transport", "density": 0.35884800540432871 }, "geometry": { "type": "Point", "coordinates": [ 175.0, 535.0 ] } },
{ "type": "Feature", "properties": { "poi_type": "transport", "density": 0.58760381488603064 }, "geometry": { "type": "Point", "coordinates": [ 275.0, 535.0 ] } },
{ "type": "Feature", "properties": { "poi_type": "transport", "density": 0.3541499796004608 }, "geometry": { "type": "Point", "coordinates": [ 285.0, 535.0 ] } },
{ "type": "Feature", "properties": { "poi_type": "transport", "density": 0.66463130060836584 }, "geometry": { "type": "Point", "coordinates": [ 295.0, 535.0 ] } },
{ "type": "Feature", "properties": { "poi_type": "transport", "density": 0.33073237670350658 }, "geometry": { "type": "Point", "coordinates": [ 305.0, 535.0 ] } },
{ "type": "Feature", "properties": { "poi_type": "transport", "density": 0.4374409721741267 }, "geometry": { "type": "Point", "coordinates": [ 315.0, 535.0 ] } },
{ "type": "Feature", "properties": { "poi_type": "transport", "density": 0.60568091166560678 }, "geometry": { "type": "Point", "coordinates": [ 325.0, 535.0 ] } },
{ "type": "Feature", "properties": { "poi_type": "transport", "density": 0.55254358366322975 }, "geometry": { "type": "Point", "coordinates": [ 425.0, 535.0 ] } },
{ "type": "Feature", "properties": { "poi_type": "transport", "density": 0.4513115241960941 }, "geometry": { "type": "Point", "coordinates": [ 435.0, 535.0 ] } },
{ "type": "Feature", "properties": { "poi_type": "transport", "density": 0.51696193181516037 }, "geometry": { "type": "Point", "coordinates": [ 445.0, 535.0 ] } },
{ "type": "Feature", "properties": { "poi_type": "transport", "density": 0.34481785434133783 }, "geometry": { "type": "Point", "coordinates": [ 455.0, 535.0 ] } },
{ "type": "Feature", "properties": { "poi_type": "transport", "density": 0.55389490029039923 }, "geometry": { "type": "Point", "coordinates": [ 465.0, 535.0 ] } },
{ "type": "Feature", "properties": { "poi_type": "transport", "density": 0.53770124259938445 }, "geometry": { "type": "Point", "coordinates": [ 475.0, 535.0 ] } },
{ "type": "Feature", "properties": { "poi_type": "transport", "density": 0.35186174564360961 }, "geometry": { "type": "Point", "coordinates": [ 515.0, 535.0 ] } },
{ "type": "Feature", "properties": { "poi_type": "transport", "density": 0.69729017442873453 }, "geometry": { "type": "Point", "coordinates": [ 525.0, 535.0 ] } },
{ "type": "Feature", "properties": { "poi_type": "transport", "density": 0.43219892781626895 }, "geometry": { "type": "Point", "coordinates": [ 535.0, 535.0 ] } },
{ "type": "Feature", "properties": { "poi_type": "transport", "density": 0.37651775457857606 }, "geometry": { "type": "Point", "coordinates": [ 545.0, 535.0 ] } },
{ "type": "Feature", "properties": { "poi_type": "transport", "density": 0.35285950092397023 }, "geometry": { "type": "Point", "coordinates": [ 555.0, 535.0 ] } },
{ "type": "Feature", "properties": { "poi_type": "transport", "density": 0.33101961674670038 }, "geometry": { "type": "Point", "coordinates": [ 125.0, 545.0 ] } },
{ "type": "Feature", "properties": { "poi_type": "transport", "density": 0.43260131608914576 }, "geometry": { "type": "Point", "coordinates": [ 135.0, 545.0 ] } },
{ "type": "Feature", "properties": { "poi_type": "transport", "density": 0.44198858968176025 }, "geometry": { "type": "Point", "coordinates": [ 145.0, 545.0 ] } },
{ "type": "Feature", "properties": { "poi_type": "transport", "density": 0.47361665226098204 }, "geometry": { "type": "Point", "coordinates": [ 155.0, 545.0 ] } },
{ "type": "Feature", "properties": { "poi_type": "transport", "density": 0.42271394685719599 }, "geometry": { "type": "Point", "coordinates": [ 165.0, 545.0 ] } },
{ "type": "Feature", "properties": { "poi_type": "transport", "density": 0.30992811417485999 }, "geometry": { "type": "Point", "coordinates": [ 175.0, 545.0 ] } },
{ "type": "Feature", "properties": { "poi_type": "transport", "density": 0.5074907280771922 }, "geometry": { "type": "Point", "coordinates": [ 275.0, 545.0 ] } },
{ "type": "Feature", "properties": { "poi_type": "transport", "density": 0.31202192716984528 }, "geometry": { "type": "Point", "coordinates": [ 285.0, 545.0 ] } },
{ "type": "Feature", "properties": { "poi_type": "transport", "density": 0.64878811204588049 }, "geometry": { "type": "Point", "coordinates": [ 295.0, 545.0 ] } },
{ "type": "Feature", "properties": { "poi_type": "transport", "density": 0.32353908971853712 }, "geometry": { "type": "Point", "coordinates": [ 305.0, 545.0 ] } },
{ "type": "Feature", "properties": { "poi_type": "transport", "density": 0.56427216389633816 }, "geometry": { "type": "Point", "coordinates": [ 315.0, 545.0 ] } },
{ "type": "Feature", "properties": { "poi_type": "transport", "density": 0.59655721560075081 }, "geometry": { "type": "Point", "coordinates": [ 325.0, 545.0 ] } },
{ "type": "Feature", "properties": { "poi_type": "transport", "density": 0.42421308511019806 }, "geometry": { "type": "Point", "coordinates": [ 425.0, 545.0 ] } },
{ "type": "Feature", "properties": { "poi_type": "transport", "density": 0.50859431537039534 }, "geometry": { "type": "Point", "coordinates": [ 435.0, 545.0 ] } },
{ "type": "Feature", "properties": { "poi_type": "transport", "density": 0.43482546262768262 }, "geometry": { "type": "Point", "coordinates": [ 445.0, 545.0 ] } },
{ "type": "Feature", "properties": { "poi_type": "transport", "density": 0.58251167016998218 }, "geometry": { "type": "Point", "coordinates": [ 455.0, 545.0 ] } },
{ "type": "Feature", "properties": { "poi_type": "transport", "density": 0.56120776251742688 }, "geometry": { "type": "Point", "coordinates": [ 465.0, 545.0 ] } },
{ "type": "Feature", "properties": { "poi_type": "transport", "density": 0.42866082256717059 }, "geometry": { "type": "Point", "coordinates": [ 475.0, 545.0 ] } },
{ "type": "Feature", "properties": { "poi_type": "transport", "density": 0.68666546835878051 }, "geometry": { "type": "Point", "coordinates": [ 525.0, 545.0 ] } },
{ "type": "Feature", "properties": { "poi_type": "transport", "density": 0.307384312385036 }, "geometry": { "type": "Point", "coordinates": [ 535.0, 545.0 ] } },
{ "type": "Feature", "properties": { "poi_type": "transport", "density": 0.35877671641684766 }, "geometry": { "type": "Point", "coordinates": [ 545.0, 545.0 ] } },
{ "type": "Feature", "properties": { "poi_type": "transport", "density": 0.3989998797644792 }, "geometry": { "type": "Point", "coordinates": [ 555.0, 545.0 ] } },
{ "type": "Feature", "properties": { "poi_type": "transport", "density": 0.66599732488418706 }, "geometry": { "type": "Point", "coordinates": [ 565.0, 545.0 ] } },
{ "type": "Feature", "properties": { "poi_type": "transport", "density": 0.44403607044607851 }, "geometry": { "type": "Point", "coordinates": [ 125.0, 555.0 ] } },
{ "type": "Feature", "properties": { "poi_type": "transport", "density": 0.44310711940439079 }, "geometry": { "type": "Point", "coordinates": [ 135.0, 555.0 ] } },
{ "type": "Feature", "properties": { "poi_type": "transport", "density": 0.59826534961563449 }, "geometry": { "type": "Point", "coordinates": [ 145.0, 555.0 ] } },
{ "type": "Feature", "properties": { "poi_type": "transport", "density": 0.52433090040128627 }, "geometry": { "type": "Point", "coordinates": [ 155.0, 555.0 ] } },
{ "type": "Feature", "properties": { "poi_type": "transport", "density": 0.52601957880360151 }, "geometry": { "type": "Point", "coordinates": [ 165.0, 555.0 ] } },
{ "type": "Feature", "properties": { "poi_type": "transport", "density": 0.61803959195433245 }, "geometry": { "type": "Point", "coordinates": [ 175.0, 555.0 ] } },
{ "type": "Feature", "properties": { "poi_type": "transport", "density": 0.31362426446869851 }, "geometry": { "type": "Point", "coordinates": [ 275.0, 555.0 ] } },
{ "type": "Feature", "properties": { "poi_type": "transport", "density": 0.59612899049402612 }, "geometry": { "type": "Point", "coordinates": [ 285.0, 555.0 ] } },
{ "type": "Feature", "properties": { "poi_type": "transport", "density": 0.46036633926216625 }, "geometry": { "type": "Point", "coordinates": [ 295.0, 555.0 ] } },
{ "type": "Feature", "properties": { "poi_type": "transport", "density": 0.56280820028770706 }, "geometry": { "type": "Point", "coordinates": [ 305.0, 555.0 ] } },
{ "type": "Feature", "properties": { "poi_type": "transport", "density": 0.57324149413749925 }, "geometry": { "type": "Point", "coordinates": [ 315.0, 555.0 ] } },
{ "type": "Feature", "properties": { "poi_type": "transport", "density": 0.44562404349627716 }, "geometry": { "type": "Point", "coordinates": [ 325.0, 555.0 ] } },
{ "type": "Feature", "properties": { "poi_type": "transport", "density": 0.66531755753906707 }, "geometry": { "type": "Point", "coordinates": [ 415.0, 555.0 ] } },
{ "type": "Feature", "properties": { "poi_type": "transport", "density": 0.57514438500734677 }, "geometry": { "type": "Point", "coordinates": [ 425.0, 555.0 ] } },
{ "type": "Feature", "properties": { "poi_type": "transport", "density": 0.4038631449095122 }, "geometry": { "type": "Point", "coordinates": [ 435.0, 555.0 ] } },
{ "type": "Feature", "properties": { "poi_type": "transport", "density": 0.58562125763450368 }, "geometry": { "type": "Point", "coordinates": [ 445.0, 555.0 ] } },
{ "type": "Feature", "properties": { "poi_type": "transport", "density": 0.69313793681593749 }, "geometry": { "type": "Point", "coordinates": [ 455.0, 555.0 ] } },
{ "type": "Feature", "properties": { "poi_type": "transport", "density": 0.5039886918776838 }, "geometry": { "type": "Point", "coordinates": [ 465.0, 555.0 ] } },
{ "type": "Feature", "properties": { "poi_type": "transport", "density": 0.32168979106075807 }, "geometry": { "type": "Point", "coordinates": [ 475.0, 555.0 ] } },
{ "type": "Feature", "properties": { "poi_type": "transport", "density": 0.67330489646734815 }, "geometry": { "type": "Point", "coordinates": [ 505.0, 555.0 ] } },
{ "type": "Feature", "properties": { "poi_type": "transport", "density": 0.50244726334982714 }, "geometry": { "type": "Point", "coordinates": [ 535.0, 555.0 ] } },
{ "type": "Feature", "properties": { "poi_type": "transport", "density": 0.6932766518447725 }, "geometry": { "type": "Point", "coordinates": [ 545.0, 555.0 ] } },
{ "type": "Feature", "properties": { "poi_type": "transport", "density": 0.35901591627995139 }, "geometry": { "type": "Point", "coordinates": [ 555.0, 555.0 ] } },
{ "type": "Feature", "properties": { "poi_type": "transport", "density": 0.59363625744014925 }, "geometry": { "type": "Point", "coordinates": [ 565.0, 555.0 ] } },
{ "type": "Feature", "properties": { "poi_type": "transport", "density": 0.55637037037669068 }, "geometry": { "type": "Point", "coordinates": [ 575.0, 555.0 ] } },
{ "type": "Feature", "properties": { "poi_type": "transport", "density": 0.49236102091583478 }, "geometry": { "type": "Point", "coordinates": [ 125.0, 565.0 ] } },
{ "type": "Feature", "properties": { "poi_type": "transport", "density": 0.45580283215131634 }, "geometry": { "type": "Point", "coordinates": [ 135.0, 565.0 ] } },
{ "type": "Feature", "properties": { "poi_type": "transport", "density": 0.68164945289252898 }, "geometry": { "type": "Point", "coordinates": [ 145.0, 565.0 ] } },
{ "type": "Feature", "properties": { "poi_type": "transport", "density": 0.69311147675537543 }, "geometry": { "type": "Point", "coordinates": [ 155.0, 565.0 ] } },
{ "type": "Feature", "properties": { "poi_type": "transport", "density": 0.32226757036098819 }, "geometry": { "type": "Point", "coordinates": [ 165.0, 565.0 ] } },
{ "type": "Feature", "properties": { "poi_type": "transport", "density": 0.38879057161051694 }, "geometry": { "type": "Point", "coordinates": [ 175.0, 565.0 ] } },
{ "type": "Feature", "properties": { "poi_type": "transport", "density": 0.52936674786368165 }, "geometry": { "type": "Point", "coordinates": [ 275.0, 565.0 ] } },
{ "type": "Feature", "properties": { "poi_type": "transport", "density": 0.454023082743096 }, "geometry": { "type": "Point", "coordinates": [ 285.0, 565.0 ] } },
{ "type": "Feature", "properties": { "poi_type": "transport", "density": 0.51281315935971217 }, "geometry": { "type": "Point", "coordinates": [ 295.0, 565.0 ] } },
{ "type": "Feature", "properties": { "poi_type": "transport", "density": 0.65751556894012098 }, "geometry": { "type": "Point", "coordinates": [ 305.0, 565.0 ] } },
{ "type": "Feature", "properties": { "poi_type": "transport", "density": 0.41837798045685154 }, "geometry": { "type": "Point", "coordinates": [ 315.0, 565.0 ] } },
{ "type": "Feature", "properties": { "poi_type": "transport", "density": 0.6951382277294107 }, "geometry": { "type": "Point", "coordinates": [ 325.0, 565.0 ] } },
{ "type": "Feature", "properties": { "poi_type": "transport", "density": 0.43505547973892289 }, "geometry": { "type": "Point", "coordinates": [ 425.0, 565.0 ] } },
{ "type": "Feature", "properties": { "poi_type": "transport", "density": 0.40707326973710189 }, "geometry": { "type": "Point", "coordinates": [ 435.0, 565.0 ] } },
{ "type": "Feature", "properties": { "poi_type": "transport", "density": 0.44506848666718563 }, "geometry": { "type": "Point", "coordinates": [ 445.0, 565.0 ] } },
{ "type": "Feature", "properties": { "poi_type": "transport", "density": 0.51116416198125081 }, "geometry": { "type": "Point", "coordinates": [ 455.0, 565.0 ] } },
{ "type": "Feature", "properties": { "poi_type": "transport", "density": 0.48547052030712168 }, "geometry": { "type": "Point", "coordinates": [ 465.0, 565.0 ] } },
{ "type": "Feature", "properties": { "poi_type": "transport", "density": 0.6068760551381216 }, "geometry": { "type": "Point", "coordinates": [ 475.0, 565.0 ] } },
{ "type": "Feature", "properties": { "poi_type": "transport", "density": 0.37221075026419848 }, "geometry": { "type": "Point", "coordinates": [ 545.0, 565.0 ] } },
{ "type": "Feature", "properties": { "poi_type": "transport", "density": 0.47903328546970747 }, "geometry": { "type": "Point", "coordinates": [ 555.0, 565.0 ] } },
{ "type": "Feature", "properties": { "poi_type": "transport", "density": 0.31660706916495951 }, "geometry": { "type": "Point", "coordinates": [ 565.0, 565.0 ] } },
{ "type": "Feature", "properties": { "poi_type": "transport", "density": 0.3880017807828946 }, "geometry": { "type": "Point", "coordinates": [ 575.0, 565.0 ] } },
{ "type": "Feature", "properties": { "poi_type": "transport", "density": 0.48029966622522713 }, "geometry": { "type": "Point", "coordinates": [ 585.0, 565.0 ] } },
{ "type": "Feature", "properties": { "poi_type": "transport", "density": 0.48032554215382772 }, "geometry": { "type": "Point", "coordinates": [ 125.0, 575.0 ] } },
{ "type": "Feature", "properties": { "poi_type": "transport", "density": 0.48615075293980398 }, "geometry": { "type": "Point", "coordinates": [ 135.0, 575.0 ] } },
{ "type": "Feature", "properties": { "poi_type": "transport", "density": 0.68829771225224212 }, "geometry": { "type": "Point", "coordinates": [ 145.0, 575.0 ] } },
{ "type": "Feature", "properties": { "poi_type": "transport", "density": 0.40375771611625916 }, "geometry": { "type": "Point", "coordinates": [ 155.0, 575.0 ] } },
{ "type": "Feature", "properties": { "poi_type": "transport", "density": 0.34086938538518013 }, "geometry": { "type": "Point", "coordinates": [ 165.0, 575.0 ] } },
{ "type": "Feature", "properties": { "poi_type": "transport", "density": 0.56511985538955067 }, "geometry": { "type": "Point", "coordinates": [ 175.0, 575.0 ] } },
{ "type": "Feature", "properties": { "poi_type": "transport", "density": 0.52995729606138375 }, "geometry": { "type": "Point", "coordinates": [ 275.0, 575.0 ] } },
{ "type": "Feature", "properties": { "poi_type": "transport", "density": 0.32620077606576026 }, "geometry": { "type": "Point", "coordinates": [ 285.0, 575.0 ] } },
{ "type": "Feature", "properties": { "poi_type": "transport", "density": 0.53233810214641164 }, "geometry": { "type": "Point", "coordinates": [ 295.0, 575.0 ] } },
{ "type": "Feature", "properties": { "poi_type": "transport", "density": 0.63745398713519941 }, "geometry": { "type": "Point", "coordinates": [ 305.0, 575.0 ] } },
{ "type": "Feature", "properties": { "poi_type": "transport", "density": 0.50331256967398141 }, "geometry": { "type": "Point", "coordinates": [ 315.0, 575.0 ] } },
{ "type": "Feature", "properties": { "poi_type": "transport", "density": 0.64354011608895534 }, "geometry": { "type": "Point", "coordinates": [ 325.0, 575.0 ] } },
{ "type": "Feature", "properties": { "poi_type": "transport", "density": 0.69569545800407684 }, "geometry": { "type": "Point", "coordinates": [ 425.0, 575.0 ] } },
{ "type": "Feature", "properties": { "poi_type": "transport", "density": 0.69619711180170996 }, "geometry": { "type": "Point", "coordinates": [ 435.0, 575.0 ] } },
{ "type": "Feature", "properties": { "poi_type": "transport", "density": 0.43535771724515498 }, "geometry": { "type": "Point", "coordinates": [ 445.0, 575.0 ] } },
{ "type": "Feature", "properties": { "poi_type": "transport", "density": 0.42951878034176671 }, "geometry": { "type": "Point", "coordinates": [ 455.0, 575.0 ] } },
{ "type": "Feature", "properties": { "poi_type": "transport", "density": 0.59884906321543308 }, "geometry": { "type": "Point", "coordinates": [ 465.0, 575.0 ] } },
{ "type": "Feature", "properties": { "poi_type": "transport", "density": 0.69055947402593976 }, "geometry": { "type": "Point", "coordinates": [ 475.0, 575.0 ] } },
{ "type": "Feature", "properties": { "poi_type": "transport", "density": 0.68758429430472912 }, "geometry": { "type": "Point", "coordinates": [ 555.0, 575.0 ] } },
{ "type": "Feature", "properties": { "poi_type": "transport", "density": 0.50402202686727582 }, "geometry": { "type": "Point", "coordinates": [ 565.0, 575.0 ] } },
{ "type": "Feature", "properties": { "poi_type": "transport", "density": 0.66227105494216443 }, "geometry": { "type": "Point", "coordinates": [ 575.0, 575.0 ] } },
{ "type": "Feature", "properties": { "poi_type": "transport", "density": 0.53304913230319884 }, "geometry": { "type": "Point", "coordinates": [ 585.0, 575.0 ] } },
{ "type": "Feature", "properties": { "poi_type": "transport", "density": 0.36194627969055171 }, "geometry": { "type": "Point", "coordinates": [ 595.0, 575.0 ] } },
{ "type": "Feature", "properties": { "poi_type": "transport", "density": 0.4192475711671626 }, "geometry": { "type": "Point", "coordinates": [ 125.0, 585.0 ] } },
{ "type": "Feature", "properties": { "poi_type": "transport", "density": 0.35591050227014859 }, "geometry": { "type": "Point", "coordinates": [ 135.0, 585.0 ] } },
{ "type": "Feature", "properties": { "poi_type": "transport", "density": 0.61344270043557603 }, "geometry": { "type": "Point", "coordinates": [ 145.0, 585.0 ] } },
{ "type": "Feature", "properties": { "poi_type": "transport", "density": 0.55319487302978687 }, "geometry": { "type": "Point", "coordinates": [ 155.0, 585.0 ] } },
{ "type": "Feature", "properties": { "poi_type": "transport", "density": 0.5214757523785496 }, "geometry": { "type": "Point", "coordinates": [ 165.0, 585.0 ] } },
{ "type": "Feature", "properties": { "poi_type": "transport", "density": 0.3126243066763677 }, "geometry": { "type": "Point", "coordinates": [ 175.0, 585.0 ] } },
{ "type": "Feature", "properties": { "poi_type": "transport", "density": 0.57804321235848899 }, "geometry": { "type": "Point", "coordinates": [ 275.0, 585.0 ] } },
{ "type": "Feature", "properties": { "poi_type": "transport", "density": 0.3886932096747181 }, "geometry": { "type": "Point", "coordinates": [ 285.0, 585.0 ] } },
{ "type": "Feature", "properties": { "poi_type": "transport", "density": 0.40894767040158186 }, "geometry": { "type": "Point", "coordinates": [ 295.0, 585.0 ] } },
{ "type": "Feature", "properties": { "poi_type": "transport", "density": 0.47084931486497594 }, "geometry": { "type": "Point", "coordinates": [ 305.0, 585.0 ] } },
{ "type": "Feature", "properties": { "poi_type": "transport", "density": 0.41634012405407467 }, "geometry": { "type": "Point", "coordinates": [ 315.0, 585.0 ] } },
{ "type": "Feature", "properties": { "poi_type": "transport", "density": 0.37569640253514869 }, "geometry": { "type": "Point", "coordinates": [ 325.0, 585.0 ] } },
{ "type": "Feature", "properties": { "poi_type": "transport", "density": 0.50795085063121603 }, "geometry": { "type": "Point", "coordinates": [ 425.0, 585.0 ] } },
{ "type": "Feature", "properties": { "poi_type": "transport", "density": 0.55385063770053755 }, "geometry": { "type": "Point", "coordinates": [ 435.0, 585.0 ] } },
{ "type": "Feature", "properties": { "poi_type": "transport", "density": 0.45841939442911839 }, "geometry": { "type": "Point", "coordinates": [ 445.0, 585.0 ] } },
{ "type": "Feature", "properties": { "poi_type": "transport", "density": 0.42676274486164911 }, "geometry": { "type": "Point", "coordinates": [ 455.0, 585.0 ] } },
{ "type": "Feature", "properties": { "poi_type": "transport", "density": 0.5569362872479231 }, "geometry": { "type": "Point", "coordinates": [ 465.0, 585.0 ] } },
{ "type": "Feature", "properties": { "poi_type": "transport", "density": 0.41865641852813762 }, "geometry": { "type": "Point", "coordinates": [ 475.0, 585.0 ] } },
{ "type": "Feature", "properties": { "poi_type": "transport", "density": 0.57092000604036564 }, "geometry": { "type": "Point", "coordinates": [ 565.0, 585.0 ] } },
{ "type": "Feature", "properties": { "poi_type": "transport", "density": 0.51552072176277886 }, "geometry": { "type": "Point", "coordinates": [ 575.0, 585.0 ] } },
{ "type": "Feature", "properties": { "poi_type": "transport", "density": 0.49902312527960535 }, "geometry": { "type": "Point", "coordinates": [ 585.0, 585.0 ] } },
{ "type": "Feature", "properties": { "poi_type": "transport", "density": 0.33748677391818011 }, "geometry": { "type": "Point", "coordinates": [ 595.0, 585.0 ] } },
{ "type": "Feature", "properties": { "poi_type": "transport", "density": 0.36158731331862515 }, "geometry": { "type": "Point", "coordinates": [ 125.0, 595.0 ] } },
{ "type": "Feature", "properties": { "poi_type": "transport", "density": 0.5816056327716459 }, "geometry": { "type": "Point", "coordinates": [ 135.0, 595.0 ] } },
{ "type": "Feature", "properties": { "poi_type": "transport", "density": 0.6236974901144352 }, "geometry": { "type": "Point", "coordinates": [ 145.0, 595.0 ] } },
{ "type": "Feature", "properties": { "poi_type": "transport", "density": 0.63171683987765259 }, "geometry": { "type": "Point", "coordinates": [ 155.0, 595.0 ] } },
{ "type": "Feature", "properties": { "poi_type": "transport", "density": 0.55862569862827183 }, "geometry": { "type": "Point", "coordinates": [ 165.0, 595.0 ] } },
{ "type": "Feature", "properties": { "poi_type": "transport", "density": 0.65229793011489556 }, "geometry": { "type": "Point", "coordinates": [ 175.0, 595.0 ] } },
{ "type": "Feature", "properties": { "poi_type": "transport", "density": 0.42012297931785358 }, "geometry": { "type": "Point", "coordinates": [ 275.0, 595.0 ] } },
{ "type": "Feature", "properties": { "poi_type": "transport", "density": 0.57201341824948548 }, "geometry": { "type": "Point", "coordinates": [ 285.0, 595.0 ] } },
{ "type": "Feature", "properties": { "poi_type": "transport", "density": 0.32315134252634092 }, "geometry": { "type": "Point", "coordinates": [ 295.0, 595.0 ] } },
{ "type": "Feature", "properties": { "poi_type": "transport", "density": 0.63802790686088795 }, "geometry": { "type": "Point", "coordinates": [ 305.0, 595.0 ] } },
{ "type": "Feature", "properties": { "poi_type": "transport", "density": 0.31135903782130753 }, "geometry": { "type": "Point", "coordinates": [ 315.0, 595.0 ] } },
{ "type": "Feature", "properties": { "poi_type": "transport", "density": 0.61548158992922697 }, "geometry": { "type": "Point", "coordinates": [ 325.0, 595.0 ] } },
{ "type": "Feature", "properties": { "poi_type": "transport", "density": 0.68008456128537687 }, "geometry": { "type": "Point", "coordinates": [ 425.0, 595.0 ] } },
{ "type": "Feature", "properties": { "poi_type": "transport", "density": 0.32912862671224158 }, "geometry": { "type": "Point", "coordinates": [ 435.0, 595.0 ] } },
{ "type": "Feature", "properties": { "poi_type": "transport", "density": 0.37807596760323259 }, "geometry": { "type": "Point", "coordinates": [ 445.0, 595.0 ] } },
{ "type": "Feature", "properties": { "poi_type": "transport", "density": 0.51774726647460212 }, "geometry": { "type": "Point", "coordinates": [ 455.0, 595.0 ] } },
{ "type": "Feature", "properties": { "poi_type": "transport", "density": 0.42176977955062955 }, "geometry": { "type": "Point", "coordinates": [ 465.0, 595.0 ] } },
{ "type": "Feature", "properties": { "poi_type": "transport", "density": 0.47579059163163923 }, "geometry": { "type": "Point", "coordinates": [ 475.0, 595.0 ] } },
{ "type": "Feature", "properties": { "poi_type": "transport", "density": 0.37515714833721858 }, "geometry": { "type": "Point", "coordinates": [ 575.0, 595.0 ] } },
{ "type": "Feature", "properties": { "poi_type": "transport", "density": 0.64753043844365354 }, "geometry": { "type": "Point", "coordinates": [ 585.0, 595.0 ] } },
{ "type": "Feature", "properties": { "poi_type": "transport", "density": 0.46197417519638567 }, "geometry": { "type": "Point", "coordinates": [ 595.0, 595.0 ] } },
{ "type": "Feature", "properties": { "poi_type": "industrial", "density": 0.60752730514121578 }, "geometry": { "type": "Point", "coordinates": [ 195.0, 5.0 ] } },
{ "type": "Feature", "properties": { "poi_type": "industrial", "density": 0.54401353819515941 }, "geometry": { "type": "Point", "coordinates": [ 215.0, 5.0 ] } },
{ "type": "Feature", "properties": { "poi_type": "industrial", "density": 0.46670013059517368 }, "geometry": { "type": "Point", "coordinates": [ 225.0, 5.0 ] } },
{ "type": "Feature", "properties": { "poi_type": "industrial", "density": 0.6626001982724169 }, "geometry": { "type": "Point", "coordinates": [ 245.0, 5.0 ] } },
{ "type": "Feature", "properties": { "poi_type": "industrial", "density": 0.43767850902981065 }, "geometry": { "type": "Point", "coordinates": [ 255.0, 5.0 ] } },
{ "type": "Feature", "properties": { "poi_type": "industrial", "density": 0.72650446992386775 }, "geometry": { "type": "Point", "coordinates": [ 265.0, 5.0 ] } },
{ "type": "Feature", "properties": { "poi_type": "industrial", "density": 0.45677279027294926 }, "geometry": { "type": "Point", "coordinates": [ 335.0, 5.0 ] } },
{ "type": "Feature", "properties": { "poi_type": "industrial", "density": 0.4979196853641874 }, "geometry": { "type": "Point", "coordinates": [ 355.0, 5.0 ] } },
{ "type": "Feature", "properties": { "poi_type": "industrial", "density": 0.64710488385801468 }, "geometry": { "type": "Point", "coordinates": [ 365.0, 5.0 ] } },
{ "type": "Feature", "properties": { "poi_type": "industrial", "density": 0.67523850469338798 }, "geometry": { "type": "Point", "coordinates": [ 375.0, 5.0 ] } },
{ "type": "Feature", "properties": { "poi_type": "industrial", "density": 0.50344645500069785 }, "geometry": { "type": "Point", "coordinates": [ 395.0, 5.0 ] } },
{ "type": "Feature", "properties": { "poi_type": "industrial", "density": 0.56036613345819908 }, "geometry": { "type": "Point", "coordinates": [ 185.0, 15.0 ] } },
{ "type": "Feature", "properties": { "poi_type": "industrial", "density": 0.56617564687223754 }, "geometry": { "type": "Point", "coordinates": [ 195.0, 15.0 ] } },
{ "type": "Feature", "properties": { "poi_type": "industrial", "density": 0.56347906202861364 }, "geometry": { "type": "Point", "coordinates": [ 205.0, 15.0 ] } },
{ "type": "Feature", "properties": { "poi_type": "industrial", "density": 0.68742625660262568 }, "geometry": { "type": "Point", "coordinates": [ 215.0, 15.0 ] } },
{ "type": "Feature", "properties": { "poi_type": "industrial", "density": 0.60152954213861076 }, "geometry": { "type": "Point", "coordinates": [ 235.0, 15.0 ] } },
{ "type": "Feature", "properties": { "poi_type": "industrial", "density": 0.46841603026542633 }, "geometry": { "type": "Point", "coordinates": [ 245.0, 15.0 ] } },
{ "type": "Feature", "properties": { "poi_type": "industrial", "density": 0.49996765616367139 }, "geometry": { "type": "Point", "coordinates": [ 255.0, 15.0 ] } },
{ "type": "Feature", "properties": { "poi_type": "industrial", "density": 0.48080152940195431 }, "geometry": { "type": "Point", "coordinates": [ 335.0, 15.0 ] } },
{ "type": "Feature", "properties": { "poi_type": "industrial", "density": 0.68628941742138294 }, "geometry": { "type": "Point", "coordinates": [ 345.0, 15.0 ] } },
{ "type": "Feature", "properties": { "poi_type": "industrial", "density": 0.56700759014668778 }, "geometry": { "type": "Point", "coordinates": [ 355.0, 15.0 ] } },
{ "type": "Feature", "properties": { "poi_type": "industrial", "density": 0.77544705463826025 }, "geometry": { "type": "Point", "coordinates": [ 365.0, 15.0 ] } },
{ "type": "Feature", "properties": { "poi_type": "industrial", "density": 0.48965853826215927 }, "geometry": { "type": "Point", "coordinates": [ 375.0, 15.0 ] } },
{ "type": "Feature", "properties": { "poi_type": "industrial", "density": 0.50323577370165318 }, "geometry": { "type": "Point", "coordinates": [ 385.0, 15.0 ] } },
{ "type": "Feature", "properties": { "poi_type": "industrial", "density": 0.414185673388764 }, "geometry": { "type": "Point", "coordinates": [ 395.0, 15.0 ] } },
{ "type": "Feature", "properties": { "poi_type": "industrial", "density": 0.56306062605102647 }, "geometry": { "type": "Point", "coordinates": [ 415.0, 15.0 ] } },
{ "type": "Feature", "properties": { "poi_type": "industrial", "density": 0.76691072772911706 }, "geometry": { "type": "Point", "coordinates": [ 505.0, 15.0 ] } },
{ "type": "Feature", "properties": { "poi_type": "industrial", "density": 0.49172977137040852 }, "geometry": { "type": "Point", "coordinates": [ 105.0, 25.0 ] } },
{ "type": "Feature", "properties": { "poi_type": "industrial", "density": 0.5802125336650058 }, "geometry": { "type": "Point", "coordinates": [ 195.0, 25.0 ] } },
{ "type": "Feature", "properties": { "poi_type": "industrial", "density": 0.60085475494966378 }, "geometry": { "type": "Point", "coordinates": [ 205.0, 25.0 ] } },
{ "type": "Feature", "properties": { "poi_type": "industrial", "density": 0.60869730588961923 }, "geometry": { "type": "Point", "coordinates": [ 225.0, 25.0 ] } },
{ "type": "Feature", "properties": { "poi_type": "industrial", "density": 0.43260493129531813 }, "geometry": { "type": "Point", "coordinates": [ 235.0, 25.0 ] } },
{ "type": "Feature", "properties": { "poi_type": "industrial", "density": 0.40745370377179069 }, "geometry": { "type": "Point", "coordinates": [ 255.0, 25.0 ] } },
{ "type": "Feature", "properties": { "poi_type": "industrial", "density": 0.59853327093731989 }, "geometry": { "type": "Point", "coordinates": [ 335.0, 25.0 ] } },
{ "type": "Feature", "properties": { "poi_type": "industrial", "density": 0.48717339060451437 }, "geometry": { "type": "Point", "coordinates": [ 345.0, 25.0 ] } },
{ "type": "Feature", "properties": { "poi_type": "industrial", "density": 0.70529066182033517 }, "geometry": { "type": "Point", "coordinates": [ 375.0, 25.0 ] } },
{ "type": "Feature", "properties": { "poi_type": "industrial", "density": 0.69034127320283933 }, "geometry": { "type": "Point", "coordinates": [ 385.0, 25.0 ] } },
{ "type": "Feature", "properties": { "poi_type": "industrial", "density": 0.66561942469740676 }, "geometry": { "type": "Point", "coordinates": [ 405.0, 25.0 ] } },
{ "type": "Feature", "properties": { "poi_type": "industrial", "density": 0.48042247339632271 }, "geometry": { "type": "Point", "coordinates": [ 415.0, 25.0 ] } },
{ "type": "Feature", "properties": { "poi_type": "industrial", "density": 0.67220411179769668 }, "geometry": { "type": "Point", "coordinates": [ 95.0, 35.0 ] } },
{ "type": "Feature", "properties": { "poi_type": "industrial", "density": 0.70780628691580261 }, "geometry": { "type": "Point", "coordinates": [ 185.0, 35.0 ] } },
{ "type": "Feature", "properties": { "poi_type": "industrial", "density": 0.40550835482893283 }, "geometry": { "type": "Point", "coordinates": [ 195.0, 35.0 ] } },
{ "type": "Feature", "properties": { "poi_type": "industrial", "density": 0.4394276647395125 }, "geometry": { "type": "Point", "coordinates": [ 205.0, 35.0 ] } },
{ "type": "Feature", "properties": { "poi_type": "industrial", "density": 0.4963910683597445 }, "geometry": { "type": "Point", "coordinates": [ 215.0, 35.0 ] } },
{ "type": "Feature", "properties": { "poi_type": "industrial", "density": 0.75057621628774496 }, "geometry": { "type": "Point", "coordinates": [ 225.0, 35.0 ] } },
{ "type": "Feature", "properties": { "poi_type": "industrial", "density": 0.45264144832981268 }, "geometry": { "type": "Point", "coordinates": [ 235.0, 35.0 ] } },
{ "type": "Feature", "properties": { "poi_type": "industrial", "density": 0.76204407871293567 }, "geometry": { "type": "Point", "coordinates": [ 255.0, 35.0 ] } },
{ "type": "Feature", "properties": { "poi_type": "industrial", "density": 0.59138624231373749 }, "geometry": { "type": "Point", "coordinates": [ 335.0, 35.0 ] } },
{ "type": "Feature", "properties": { "poi_type": "industrial", "density": 0.69923847493627167 }, "geometry": { "type": "Point", "coordinates": [ 355.0, 35.0 ] } },
{ "type": "Feature", "properties": { "poi_type": "industrial", "density": 0.79310599342556076 }, "geometry": { "type": "Point", "coordinates": [ 365.0, 35.0 ] } },
{ "type": "Feature", "properties": { "poi_type": "industrial", "density": 0.66706270835344639 }, "geometry": { "type": "Point", "coordinates": [ 375.0, 35.0 ] } },
{ "type": "Feature", "properties": { "poi_type": "industrial", "density": 0.56480794229476128 }, "geometry": { "type": "Point", "coordinates": [ 385.0, 35.0 ] } },
{ "type": "Feature", "properties": { "poi_type": "industrial", "density": 0.75958663373978141 }, "geometry": { "type": "Point", "coordinates": [ 395.0, 35.0 ] } },
{ "type": "Feature", "properties": { "poi_type": "industrial", "density": 0.60579173341543657 }, "geometry": { "type": "Point", "coordinates": [ 415.0, 35.0 ] } },
{ "type": "Feature", "properties": { "poi_type": "industrial", "density": 0.42521138627093197 }, "geometry": { "type": "Point", "coordinates": [ 485.0, 35.0 ] } },
{ "type": "Feature", "properties": { "poi_type": "industrial", "density": 0.58384171264114049 }, "geometry": { "type": "Point", "coordinates": [ 105.0, 45.0 ] } },
{ "type": "Feature", "properties": { "poi_type": "industrial", "density": 0.66836703574872214 }, "geometry": { "type": "Point", "coordinates": [ 185.0, 45.0 ] } },
{ "type": "Feature", "properties": { "poi_type": "industrial", "density": 0.57105726083728281 }, "geometry": { "type": "Point", "coordinates": [ 195.0, 45.0 ] } },
{ "type": "Feature", "properties": { "poi_type": "industrial", "density": 0.41315535771615652 }, "geometry": { "type": "Point", "coordinates": [ 205.0, 45.0 ] } },
{ "type": "Feature", "properties": { "poi_type": "industrial", "density": 0.75297119074475072 }, "geometry": { "type": "Point", "coordinates": [ 235.0, 45.0 ] } },
{ "type": "Feature", "properties": { "poi_type": "industrial", "density": 0.66947556239313377 }, "geometry": { "type": "Point", "coordinates": [ 245.0, 45.0 ] } },
{ "type": "Feature", "properties": { "poi_type": "industrial", "density": 0.72099719406313834 }, "geometry": { "type": "Point", "coordinates": [ 255.0, 45.0 ] } },
{ "type": "Feature", "properties": { "poi_type": "industrial", "density": 0.78617369883444388 }, "geometry": { "type": "Point", "coordinates": [ 335.0, 45.0 ] } },
{ "type": "Feature", "properties": { "poi_type": "industrial", "density": 0.57189909940161943 }, "geometry": { "type": "Point", "coordinates": [ 345.0, 45.0 ] } },
{ "type": "Feature", "properties": { "poi_type": "industrial", "density": 0.51902928519443636 }, "geometry": { "type": "Point", "coordinates": [ 355.0, 45.0 ] } },
{ "type": "Feature", "properties": { "poi_type": "industrial", "density": 0.61097694435922489 }, "geometry": { "type": "Point", "coordinates": [ 375.0, 45.0 ] } },
{ "type": "Feature", "properties": { "poi_type": "industrial", "density": 0.76387577483404867 }, "geometry": { "type": "Point", "coordinates": [ 385.0, 45.0 ] } },
{ "type": "Feature", "properties": { "poi_type": "industrial", "density": 0.63254802954798395 }, "geometry": { "type": "Point", "coordinates": [ 405.0, 45.0 ] } },
{ "type": "Feature", "properties": { "poi_type": "industrial", "density": 0.61660873490584045 }, "geometry": { "type": "Point", "coordinates": [ 415.0, 45.0 ] } },
{ "type": "Feature", "properties": { "poi_type": "industrial", "density": 0.78800251897270457 }, "geometry": { "type": "Point", "coordinates": [ 495.0, 45.0 ] } },
{ "type": "Feature", "properties": { "poi_type": "industrial", "density": 0.56918677438529852 }, "geometry": { "type": "Point", "coordinates": [ 105.0, 55.0 ] } },
{ "type": "Feature", "properties": { "poi_type": "industrial", "density": 0.60061540440594752 }, "geometry": { "type": "Point", "coordinates": [ 185.0, 55.0 ] } },
{ "type": "Feature", "properties": { "poi_type": "industrial", "density": 0.6620640830867206 }, "geometry": { "type": "Point", "coordinates": [ 195.0, 55.0 ] } },
{ "type": "Feature", "properties": { "poi_type": "industrial", "density": 0.5769988043012122 }, "geometry": { "type": "Point", "coordinates": [ 215.0, 55.0 ] } },
{ "type": "Feature", "properties": { "poi_type": "industrial", "density": 0.54622253900584439 }, "geometry": { "type": "Point", "coordinates": [ 225.0, 55.0 ] } },
{ "type": "Feature", "properties": { "poi_type": "industrial", "density": 0.64113476495345267 }, "geometry": { "type": "Point", "coordinates": [ 245.0, 55.0 ] } },
{ "type": "Feature", "properties": { "poi_type": "industrial", "density": 0.71974898631828199 }, "geometry": { "type": "Point", "coordinates": [ 255.0, 55.0 ] } },
{ "type": "Feature", "properties": { "poi_type": "industrial", "density": 0.51159337419810136 }, "geometry": { "type": "Point", "coordinates": [ 265.0, 55.0 ] } },
{ "type": "Feature", "properties": { "poi_type": "industrial", "density": 0.42135085269903694 }, "geometry": { "type": "Point", "coordinates": [ 335.0, 55.0 ] } },
{ "type": "Feature", "properties": { "poi_type": "industrial", "density": 0.54414249433757034 }, "geometry": { "type": "Point", "coordinates": [ 345.0, 55.0 ] } },
{ "type": "Feature", "properties": { "poi_type": "industrial", "density": 0.45915263379503607 }, "geometry": { "type": "Point", "coordinates": [ 355.0, 55.0 ] } },
{ "type": "Feature", "properties": { "poi_type": "industrial", "density": 0.42731522336541494 }, "geometry": { "type": "Point", "coordinates": [ 365.0, 55.0 ] } },
{ "type": "Feature", "properties": { "poi_type": "industrial", "density": 0.73745754194623458 }, "geometry": { "type": "Point", "coordinates": [ 375.0, 55.0 ] } },
{ "type": "Feature", "properties": { "poi_type": "industrial", "density": 0.52832727219405817 }, "geometry": { "type": "Point", "coordinates": [ 385.0, 55.0 ] } },
{ "type": "Feature", "properties": { "poi_type": "industrial", "density": 0.48378655705775081 }, "geometry": { "type": "Point", "coordinates": [ 395.0, 55.0 ] } },
{ "type": "Feature", "properties": { "poi_type": "industrial", "density": 0.5624610951055522 }, "geometry": { "type": "Point", "coordinates": [ 405.0, 55.0 ] } },
{ "type": "Feature", "properties": { "poi_type": "industrial", "density": 0.45223403683452862 }, "geometry": { "type": "Point", "coordinates": [ 415.0, 55.0 ] } },
{ "type": "Feature", "properties": { "poi_type": "industrial", "density": 0.79010726278319721 }, "geometry": { "type": "Point", "coordinates": [ 485.0, 55.0 ] } },
{ "type": "Feature", "properties": { "poi_type": "industrial", "density": 0.54233514885444323 }, "geometry": { "type": "Point", "coordinates": [ 95.0, 65.0 ] } },
{ "type": "Feature", "properties": { "poi_type": "industrial", "density": 0.52467873559173284 }, "geometry": { "type": "Point", "coordinates": [ 105.0, 65.0 ] } },
{ "type": "Feature", "properties": { "poi_type": "industrial", "density": 0.51825599925187515 }, "geometry": { "type": "Point", "coordinates": [ 115.0, 65.0 ] } },
{ "type": "Feature", "properties": { "poi_type": "industrial", "density": 0.49738619324286115 }, "geometry": { "type": "Point", "coordinates": [ 185.0, 65.0 ] } },
{ "type": "Feature", "properties": { "poi_type": "industrial", "density": 0.75152316819751075 }, "geometry": { "type": "Point", "coordinates": [ 195.0, 65.0 ] } },
{ "type": "Feature", "properties": { "poi_type": "industrial", "density": 0.55357490885349314 }, "geometry": { "type": "Point", "coordinates": [ 205.0, 65.0 ] } },
{ "type": "Feature", "properties": { "poi_type": "industrial", "density": 0.78610261626038325 }, "geometry": { "type": "Point", "coordinates": [ 215.0, 65.0 ] } },
{ "type": "Feature", "properties": { "poi_type": "industrial", "density": 0.72171965196354082 }, "geometry": { "type": "Point", "coordinates": [ 235.0, 65.0 ] } },
{ "type": "Feature", "properties": { "poi_type": "industrial", "density": 0.55903300330304495 }, "geometry": { "type": "Point", "coordinates": [ 245.0, 65.0 ] } },
{ "type": "Feature", "properties": { "poi_type": "industrial", "density": 0.58165886755459273 }, "geometry": { "type": "Point", "coordinates": [ 255.0, 65.0 ] } },
{ "type": "Feature", "properties": { "poi_type": "industrial", "density": 0.5345471943169714 }, "geometry": { "type": "Point", "coordinates": [ 265.0, 65.0 ] } },
{ "type": "Feature", "properties": { "poi_type": "industrial", "density": 0.61190332884892307 }, "geometry": { "type": "Point", "coordinates": [ 335.0, 65.0 ] } },
{ "type": "Feature", "properties": { "poi_type": "industrial", "density": 0.4655571005013962 }, "geometry": { "type": "Point", "coordinates": [ 345.0, 65.0 ] } },
{ "type": "Feature", "properties": { "poi_type": "industrial", "density": 0.6673437746345221 }, "geometry": { "type": "Point", "coordinates": [ 355.0, 65.0 ] } },
{ "type": "Feature", "properties": { "poi_type": "industrial", "density": 0.74764515201570714 }, "geometry": { "type": "Point", "coordinates": [ 365.0, 65.0 ] } },
{ "type": "Feature", "properties": { "poi_type": "industrial", "density": 0.78476347497575594 }, "geometry": { "type": "Point", "coordinates": [ 375.0, 65.0 ] } },
{ "type": "Feature", "properties": { "poi_type": "industrial", "density": 0.78798152439001212 }, "geometry": { "type": "Point", "coordinates": [ 385.0, 65.0 ] } },
{ "type": "Feature", "properties": { "poi_type": "industrial", "density": 0.76213499969232279 }, "geometry": { "type": "Point", "coordinates": [ 395.0, 65.0 ] } },
{ "type": "Feature", "properties": { "poi_type": "industrial", "density": 0.73496017745412967 }, "geometry": { "type": "Point", "coordinates": [ 405.0, 65.0 ] } },
{ "type": "Feature", "properties": { "poi_type": "industrial", "density": 0.75370468447100314 }, "geometry": { "type": "Point", "coordinates": [ 415.0, 65.0 ] } },
{ "type": "Feature", "properties": { "poi_type": "industrial", "density": 0.59769946278882002 }, "geometry": { "type": "Point", "coordinates": [ 495.0, 65.0 ] } },
{ "type": "Feature", "properties": { "poi_type": "industrial", "density": 0.48740280441197154 }, "geometry": { "type": "Point", "coordinates": [ 515.0, 65.0 ] } },
{ "type": "Feature", "properties": { "poi_type": "industrial", "density": 0.42242892726645453 }, "geometry": { "type": "Point", "coordinates": [ 525.0, 65.0 ] } },
{ "type": "Feature", "properties": { "poi_type": "industrial", "density": 0.48369934356631339 }, "geometry": { "type": "Point", "coordinates": [ 105.0, 75.0 ] } },
{ "type": "Feature", "properties": { "poi_type": "industrial", "density": 0.4889744785082879 }, "geometry": { "type": "Point", "coordinates": [ 185.0, 75.0 ] } },
{ "type": "Feature", "properties": { "poi_type": "industrial", "density": 0.52101348051046181 }, "geometry": { "type": "Point", "coordinates": [ 195.0, 75.0 ] } },
{ "type": "Feature", "properties": { "poi_type": "industrial", "density": 0.50166246916523094 }, "geometry": { "type": "Point", "coordinates": [ 205.0, 75.0 ] } },
{ "type": "Feature", "properties": { "poi_type": "industrial", "density": 0.64783088683451406 }, "geometry": { "type": "Point", "coordinates": [ 215.0, 75.0 ] } },
{ "type": "Feature", "properties": { "poi_type": "industrial", "density": 0.66459752398466865 }, "geometry": { "type": "Point", "coordinates": [ 235.0, 75.0 ] } },
{ "type": "Feature", "properties": { "poi_type": "industrial", "density": 0.54092984443003744 }, "geometry": { "type": "Point", "coordinates": [ 255.0, 75.0 ] } },
{ "type": "Feature", "properties": { "poi_type": "industrial", "density": 0.53011043868219121 }, "geometry": { "type": "Point", "coordinates": [ 265.0, 75.0 ] } },
{ "type": "Feature", "properties": { "poi_type": "industrial", "density": 0.73446434738033051 }, "geometry": { "type": "Point", "coordinates": [ 335.0, 75.0 ] } },
{ "type": "Feature", "properties": { "poi_type": "industrial", "density": 0.50649758661627209 }, "geometry": { "type": "Point", "coordinates": [ 345.0, 75.0 ] } },
{ "type": "Feature", "properties": { "poi_type": "industrial", "density": 0.5030948953382921 }, "geometry": { "type": "Point", "coordinates": [ 365.0, 75.0 ] } },
{ "type": "Feature", "properties": { "poi_type": "industrial", "density": 0.44036113280828154 }, "geometry": { "type": "Point", "coordinates": [ 375.0, 75.0 ] } },
{ "type": "Feature", "properties": { "poi_type": "industrial", "density": 0.44264476527533275 }, "geometry": { "type": "Point", "coordinates": [ 385.0, 75.0 ] } },
{ "type": "Feature", "properties": { "poi_type": "industrial", "density": 0.43413936441337364 }, "geometry": { "type": "Point", "coordinates": [ 395.0, 75.0 ] } },
{ "type": "Feature", "properties": { "poi_type": "industrial", "density": 0.68856689021965012 }, "geometry": { "type": "Point", "coordinates": [ 405.0, 75.0 ] } },
{ "type": "Feature", "properties": { "poi_type": "industrial", "density": 0.74920331279296848 }, "geometry": { "type": "Point", "coordinates": [ 415.0, 75.0 ] } },
{ "type": "Feature", "properties": { "poi_type": "industrial", "density": 0.44243299591185475 }, "geometry": { "type": "Point", "coordinates": [ 485.0, 75.0 ] } },
{ "type": "Feature", "properties": { "poi_type": "industrial", "density": 0.42418820412058156 }, "geometry": { "type": "Point", "coordinates": [ 515.0, 75.0 ] } },
{ "type": "Feature", "properties": { "poi_type": "industrial", "density": 0.53391176360142922 }, "geometry": { "type": "Point", "coordinates": [ 55.0, 85.0 ] } },
{ "type": "Feature", "properties": { "poi_type": "industrial", "density": 0.58181262055101612 }, "geometry": { "type": "Point", "coordinates": [ 185.0, 85.0 ] } },
{ "type": "Feature", "properties": { "poi_type": "industrial", "density": 0.78478619288075357 }, "geometry": { "type": "Point", "coordinates": [ 195.0, 85.0 ] } },
{ "type": "Feature", "properties": { "poi_type": "industrial", "density": 0.60519591047282795 }, "geometry": { "type": "Point", "coordinates": [ 205.0, 85.0 ] } },
{ "type": "Feature", "properties": { "poi_type": "industrial", "density": 0.62704131236130523 }, "geometry": { "type": "Point", "coordinates": [ 235.0, 85.0 ] } },
{ "type": "Feature", "properties": { "poi_type": "industrial", "density": 0.47426476553405261 }, "geometry": { "type": "Point", "coordinates": [ 245.0, 85.0 ] } },
{ "type": "Feature", "properties": { "poi_type": "industrial", "density": 0.61563011520294819 }, "geometry": { "type": "Point", "coordinates": [ 255.0, 85.0 ] } },
{ "type": "Feature", "properties": { "poi_type": "industrial", "density": 0.68785403214053642 }, "geometry": { "type": "Point", "coordinates": [ 355.0, 85.0 ] } },
{ "type": "Feature", "properties": { "poi_type": "industrial", "density": 0.77197672776158566 }, "geometry": { "type": "Point", "coordinates": [ 365.0, 85.0 ] } },
{ "type": "Feature", "properties": { "poi_type": "industrial", "density": 0.6134685127635533 }, "geometry": { "type": "Point", "coordinates": [ 385.0, 85.0 ] } },
{ "type": "Feature", "properties": { "poi_type": "industrial", "density": 0.58012968518566455 }, "geometry": { "type": "Point", "coordinates": [ 395.0, 85.0 ] } },
{ "type": "Feature", "properties": { "poi_type": "industrial", "density": 0.71993216797769 }, "geometry": { "type": "Point", "coordinates": [ 415.0, 85.0 ] } },
{ "type": "Feature", "properties": { "poi_type": "industrial", "density": 0.74385325495071752 }, "geometry": { "type": "Point", "coordinates": [ 485.0, 85.0 ] } },
{ "type": "Feature", "properties": { "poi_type": "industrial", "density": 0.74013628960432076 }, "geometry": { "type": "Point", "coordinates": [ 495.0, 85.0 ] } },
{ "type": "Feature", "properties": { "poi_type": "industrial", "density": 0.44938066779700164 }, "geometry": { "type": "Point", "coordinates": [ 505.0, 85.0 ] } },
{ "type": "Feature", "properties": { "poi_type": "industrial", "density": 0.56100968374441074 }, "geometry": { "type": "Point", "coordinates": [ 525.0, 85.0 ] } },
{ "type": "Feature", "properties": { "poi_type": "industrial", "density": 0.53744360218490639 }, "geometry": { "type": "Point", "coordinates": [ 535.0, 85.0 ] } },
{ "type": "Feature", "properties": { "poi_type": "industrial", "density": 0.41976734547960692 }, "geometry": { "type": "Point", "coordinates": [ 545.0, 85.0 ] } },
{ "type": "Feature", "properties": { "poi_type": "industrial", "density": 0.78284573044004313 }, "geometry": { "type": "Point", "coordinates": [ 55.0, 95.0 ] } },
{ "type": "Feature", "properties": { "poi_type": "industrial", "density": 0.4970369917182017 }, "geometry": { "type": "Point", "coordinates": [ 185.0, 95.0 ] } },
{ "type": "Feature", "properties": { "poi_type": "industrial", "density": 0.65903942957695627 }, "geometry": { "type": "Point", "coordinates": [ 205.0, 95.0 ] } },
{ "type": "Feature", "properties": { "poi_type": "industrial", "density": 0.69431527679326055 }, "geometry": { "type": "Point", "coordinates": [ 225.0, 95.0 ] } },
{ "type": "Feature", "properties": { "poi_type": "industrial", "density": 0.51536355590064797 }, "geometry": { "type": "Point", "coordinates": [ 235.0, 95.0 ] } },
{ "type": "Feature", "properties": { "poi_type": "industrial", "density": 0.63072600893113118 }, "geometry": { "type": "Point", "coordinates": [ 245.0, 95.0 ] } },
{ "type": "Feature", "properties": { "poi_type": "industrial", "density": 0.6732136237636912 }, "geometry": { "type": "Point", "coordinates": [ 345.0, 95.0 ] } },
{ "type": "Feature", "properties": { "poi_type": "industrial", "density": 0.63278944432281536 }, "geometry": { "type": "Point", "coordinates": [ 365.0, 95.0 ] } },
{ "type": "Feature", "properties": { "poi_type": "industrial", "density": 0.46944491899555085 }, "geometry": { "type": "Point", "coordinates": [ 375.0, 95.0 ] } },
{ "type": "Feature", "properties": { "poi_type": "industrial", "density": 0.71254264248486077 }, "geometry": { "type": "Point", "coordinates": [ 395.0, 95.0 ] } },
{ "type": "Feature", "properties": { "poi_type": "industrial", "density": 0.47703772999820393 }, "geometry": { "type": "Point", "coordinates": [ 405.0, 95.0 ] } },
{ "type": "Feature", "properties": { "poi_type": "industrial", "density": 0.7055594887447062 }, "geometry": { "type": "Point", "coordinates": [ 415.0, 95.0 ] } },
{ "type": "Feature", "properties": { "poi_type": "industrial", "density": 0.5415580937856378 }, "geometry": { "type": "Point", "coordinates": [ 485.0, 95.0 ] } },
{ "type": "Feature", "properties": { "poi_type": "industrial", "density": 0.64788283322485218 }, "geometry": { "type": "Point", "coordinates": [ 495.0, 95.0 ] } },
{ "type": "Feature", "properties": { "poi_type": "industrial", "density": 0.44800425817471906 }, "geometry": { "type": "Point", "coordinates": [ 505.0, 95.0 ] } },
{ "type": "Feature", "properties": { "poi_type": "industrial", "density": 0.45495173941590833 }, "geometry": { "type": "Point", "coordinates": [ 515.0, 95.0 ] } },
{ "type": "Feature", "properties": { "poi_type": "industrial", "density": 0.576617534522057 }, "geometry": { "type": "Point", "coordinates": [ 525.0, 95.0 ] } },
{ "type": "Feature", "properties": { "poi_type": "industrial", "density": 0.46532184925936282 }, "geometry": { "type": "Point", "coordinates": [ 535.0, 95.0 ] } },
{ "type": "Feature", "properties": { "poi_type": "industrial", "density": 0.53004489257031717 }, "geometry": { "type": "Point", "coordinates": [ 555.0, 95.0 ] } },
{ "type": "Feature", "properties": { "poi_type": "industrial", "density": 0.41322250167539393 }, "geometry": { "type": "Point", "coordinates": [ 75.0, 105.0 ] } },
{ "type": "Feature", "properties": { "poi_type": "industrial", "density": 0.59398219219093484 }, "geometry": { "type": "Point", "coordinates": [ 185.0, 105.0 ] } },
{ "type": "Feature", "properties": { "poi_type": "industrial", "density": 0.44881405530007995 }, "geometry": { "type": "Point", "coordinates": [ 195.0, 105.0 ] } },
{ "type": "Feature", "properties": { "poi_type": "industrial", "density": 0.68857062787626733 }, "geometry": { "type": "Point", "coordinates": [ 215.0, 105.0 ] } },
{ "type": "Feature", "properties": { "poi_type": "industrial", "density": 0.47647767380508654 }, "geometry": { "type": "Point", "coordinates": [ 225.0, 105.0 ] } },
{ "type": "Feature", "properties": { "poi_type": "industrial", "density": 0.71446843068475907 }, "geometry": { "type": "Point", "coordinates": [ 235.0, 105.0 ] } },
{ "type": "Feature", "properties": { "poi_type": "industrial", "density": 0.44140646751498269 }, "geometry": { "type": "Point", "coordinates": [ 245.0, 105.0 ] } },
{ "type": "Feature", "properties": { "poi_type": "industrial", "density": 0.49120579767284078 }, "geometry": { "type": "Point", "coordinates": [ 365.0, 105.0 ] } },
{ "type": "Feature", "properties": { "poi_type": "industrial", "density": 0.46487370574001785 }, "geometry": { "type": "Point", "coordinates": [ 375.0, 105.0 ] } },
{ "type": "Feature", "properties": { "poi_type": "industrial", "density": 0.78338254549028641 }, "geometry": { "type": "Point", "coordinates": [ 405.0, 105.0 ] } },
{ "type": "Feature", "properties": { "poi_type": "industrial", "density": 0.45133143519182384 }, "geometry": { "type": "Point", "coordinates": [ 415.0, 105.0 ] } },
{ "type": "Feature", "properties": { "poi_type": "industrial", "density": 0.66036937657430705 }, "geometry": { "type": "Point", "coordinates": [ 485.0, 105.0 ] } },
{ "type": "Feature", "properties": { "poi_type": "industrial", "density": 0.55241897862675293 }, "geometry": { "type": "Point", "coordinates": [ 495.0, 105.0 ] } },
{ "type": "Feature", "properties": { "poi_type": "industrial", "density": 0.60904603491140463 }, "geometry": { "type": "Point", "coordinates": [ 515.0, 105.0 ] } },
{ "type": "Feature", "properties": { "poi_type": "industrial", "density": 0.73898436277626867 }, "geometry": { "type": "Point", "coordinates": [ 45.0, 115.0 ] } },
{ "type": "Feature", "properties": { "poi_type": "industrial", "density": 0.57558728379879154 }, "geometry": { "type": "Point", "coordinates": [ 55.0, 115.0 ] } },
{ "type": "Feature", "properties": { "poi_type": "industrial", "density": 0.40377490954821144 }, "geometry": { "type": "Point", "coordinates": [ 85.0, 115.0 ] } },
{ "type": "Feature", "properties": { "poi_type": "industrial", "density": 0.61495094978761711 }, "geometry": { "type": "Point", "coordinates": [ 185.0, 115.0 ] } },
{ "type": "Feature", "properties": { "poi_type": "industrial", "density": 0.64532662483135594 }, "geometry": { "type": "Point", "coordinates": [ 195.0, 115.0 ] } },
{ "type": "Feature", "properties": { "poi_type": "industrial", "density": 0.50251136513541295 }, "geometry": { "type": "Point", "coordinates": [ 235.0, 115.0 ] } },
{ "type": "Feature", "properties": { "poi_type": "industrial", "density": 0.72851198850563825 }, "geometry": { "type": "Point", "coordinates": [ 385.0, 115.0 ] } },
{ "type": "Feature", "properties": { "poi_type": "industrial", "density": 0.6603012776811279 }, "geometry": { "type": "Point", "coordinates": [ 415.0, 115.0 ] } },
{ "type": "Feature", "properties": { "poi_type": "industrial", "density": 0.69475846510669914 }, "geometry": { "type": "Point", "coordinates": [ 495.0, 115.0 ] } },
{ "type": "Feature", "properties": { "poi_type": "industrial", "density": 0.63688533875864295 }, "geometry": { "type": "Point", "coordinates": [ 505.0, 115.0 ] } },
{ "type": "Feature", "properties": { "poi_type": "industrial", "density": 0.51263712641323966 }, "geometry": { "type": "Point", "coordinates": [ 515.0, 115.0 ] } },
{ "type": "Feature", "properties": { "poi_type": "industrial", "density": 0.62327482910294996 }, "geometry": { "type": "Point", "coordinates": [ 525.0, 115.0 ] } },
{ "type": "Feature", "properties": { "poi_type": "industrial", "density": 0.70190777164265306 }, "geometry": { "type": "Point", "coordinates": [ 535.0, 115.0 ] } },
{ "type": "Feature", "properties": { "poi_type": "industrial", "density": 0.72184960769683026 }, "geometry": { "type": "Point", "coordinates": [ 5.0, 185.0 ] } },
{ "type": "Feature", "properties": { "poi_type": "industrial", "density": 0.79843929055269813 }, "geometry": { "type": "Point", "coordinates": [ 45.0, 185.0 ] } },
{ "type": "Feature", "properties": { "poi_type": "industrial", "density": 0.72567846948645731 }, "geometry": { "type": "Point", "coordinates": [ 55.0, 185.0 ] } },
{ "type": "Feature", "properties": { "poi_type": "industrial", "density": 0.43865230398379906 }, "geometry": { "type": "Point", "coordinates": [ 65.0, 185.0 ] } },
{ "type": "Feature", "properties": { "poi_type": "industrial", "density": 0.60574858184039271 }, "geometry": { "type": "Point", "coordinates": [ 75.0, 185.0 ] } },
{ "type": "Feature", "properties": { "poi_type": "industrial", "density": 0.76386430763817492 }, "geometry": { "type": "Point", "coordinates": [ 85.0, 185.0 ] } },
{ "type": "Feature", "properties": { "poi_type": "industrial", "density": 0.72113806057726659 }, "geometry": { "type": "Point", "coordinates": [ 105.0, 185.0 ] } },
{ "type": "Feature", "properties": { "poi_type": "industrial", "density": 0.53343333048869779 }, "geometry": { "type": "Point", "coordinates": [ 115.0, 185.0 ] } },
{ "type": "Feature", "properties": { "poi_type": "industrial", "density": 0.40437305302842041 }, "geometry": { "type": "Point", "coordinates": [ 485.0, 185.0 ] } },
{ "type": "Feature", "properties": { "poi_type": "industrial", "density": 0.74370867481456238 }, "geometry": { "type": "Point", "coordinates": [ 495.0, 185.0 ] } },
{ "type": "Feature", "properties": { "poi_type": "industrial", "density": 0.52194474903746679 }, "geometry": { "type": "Point", "coordinates": [ 505.0, 185.0 ] } },
{ "type": "Feature", "properties": { "poi_type": "industrial", "density": 0.50072003474880988 }, "geometry": { "type": "Point", "coordinates": [ 515.0, 185.0 ] } },
{ "type": "Feature", "properties": { "poi_type": "industrial", "density": 0.72641130234985618 }, "geometry": { "type": "Point", "coordinates": [ 525.0, 185.0 ] } },
{ "type": "Feature", "properties": { "poi_type": "industrial", "density": 0.72467899400682834 }, "geometry": { "type": "Point", "coordinates": [ 545.0, 185.0 ] } },
{ "type": "Feature", "properties": { "poi_type": "industrial", "density": 0.57715894970531678 }, "geometry": { "type": "Point", "coordinates": [ 555.0, 185.0 ] } },
{ "type": "Feature", "properties": { "poi_type": "industrial", "density": 0.601246927147571 }, "geometry": { "type": "Point", "coordinates": [ 565.0, 185.0 ] } },
{ "type": "Feature", "properties": { "poi_type": "industrial", "density": 0.6341558153059883 }, "geometry": { "type": "Point", "coordinates": [ 575.0, 185.0 ] } },
{ "type": "Feature", "properties": { "poi_type": "industrial", "density": 0.62236243389040791 }, "geometry": { "type": "Point", "coordinates": [ 585.0, 185.0 ] } },
{ "type": "Feature", "properties": { "poi_type": "industrial", "density": 0.47849990152387861 }, "geometry": { "type": "Point", "coordinates": [ 5.0, 195.0 ] } },
{ "type": "Feature", "properties": { "poi_type": "industrial", "density": 0.60598950980274535 }, "geometry": { "type": "Point", "coordinates": [ 25.0, 195.0 ] } },
{ "type": "Feature", "properties": { "poi_type": "industrial", "density": 0.48573816480887927 }, "geometry": { "type": "Point", "coordinates": [ 35.0, 195.0 ] } },
{ "type": "Feature", "properties": { "poi_type": "industrial", "density": 0.54560735163386398 }, "geometry": { "type": "Point", "coordinates": [ 55.0, 195.0 ] } },
{ "type": "Feature", "properties": { "poi_type": "industrial", "density": 0.64223773749914359 }, "geometry": { "type": "Point", "coordinates": [ 65.0, 195.0 ] } },
{ "type": "Feature", "properties": { "poi_type": "industrial", "density": 0.75398732208950658 }, "geometry": { "type": "Point", "coordinates": [ 75.0, 195.0 ] } },
{ "type": "Feature", "properties": { "poi_type": "industrial", "density": 0.53085787321446698 }, "geometry": { "type": "Point", "coordinates": [ 95.0, 195.0 ] } },
{ "type": "Feature", "properties": { "poi_type": "industrial", "density": 0.43346189677767633 }, "geometry": { "type": "Point", "coordinates": [ 505.0, 195.0 ] } },
{ "type": "Feature", "properties": { "poi_type": "industrial", "density": 0.77484486125189667 }, "geometry": { "type": "Point", "coordinates": [ 525.0, 195.0 ] } },
{ "type": "Feature", "properties": { "poi_type": "industrial", "density": 0.69819798255102894 }, "geometry": { "type": "Point", "coordinates": [ 535.0, 195.0 ] } },
{ "type": "Feature", "properties": { "poi_type": "industrial", "density": 0.41548978956162835 }, "geometry": { "type": "Point", "coordinates": [ 545.0, 195.0 ] } },
{ "type": "Feature", "properties": { "poi_type": "industrial", "density": 0.60301570654170988 }, "geometry": { "type": "Point", "coordinates": [ 555.0, 195.0 ] } },
{ "type": "Feature", "properties": { "poi_type": "industrial", "density": 0.65447593892757405 }, "geometry": { "type": "Point", "coordinates": [ 565.0, 195.0 ] } },
{ "type": "Feature", "properties": { "poi_type": "industrial", "density": 0.49344724817366714 }, "geometry": { "type": "Point", "coordinates": [ 575.0, 195.0 ] } },
{ "type": "Feature", "properties": { "poi_type": "industrial", "density": 0.62604908576304896 }, "geometry": { "type": "Point", "coordinates": [ 15.0, 205.0 ] } },
{ "type": "Feature", "properties": { "poi_type": "industrial", "density": 0.62994846343476363 }, "geometry": { "type": "Point", "coordinates": [ 35.0, 205.0 ] } },
{ "type": "Feature", "properties": { "poi_type": "industrial", "density": 0.49101034361987911 }, "geometry": { "type": "Point", "coordinates": [ 45.0, 205.0 ] } },
{ "type": "Feature", "properties": { "poi_type": "industrial", "density": 0.60872412150182997 }, "geometry": { "type": "Point", "coordinates": [ 55.0, 205.0 ] } },
{ "type": "Feature", "properties": { "poi_type": "industrial", "density": 0.45298912616709458 }, "geometry": { "type": "Point", "coordinates": [ 75.0, 205.0 ] } },
{ "type": "Feature", "properties": { "poi_type": "industrial", "density": 0.5634005527945446 }, "geometry": { "type": "Point", "coordinates": [ 85.0, 205.0 ] } },
{ "type": "Feature", "properties": { "poi_type": "industrial", "density": 0.74899078544749809 }, "geometry": { "type": "Point", "coordinates": [ 505.0, 205.0 ] } },
{ "type": "Feature", "properties": { "poi_type": "industrial", "density": 0.59050281139534255 }, "geometry": { "type": "Point", "coordinates": [ 515.0, 205.0 ] } },
{ "type": "Feature", "properties": { "poi_type": "industrial", "density": 0.58282462681852221 }, "geometry": { "type": "Point", "coordinates": [ 545.0, 205.0 ] } },
{ "type": "Feature", "properties": { "poi_type": "industrial", "density": 0.78268228542522833 }, "geometry": { "type": "Point", "coordinates": [ 555.0, 205.0 ] } },
{ "type": "Feature", "properties": { "poi_type": "industrial", "density": 0.4940761806371905 }, "geometry": { "type": "Point", "coordinates": [ 565.0, 205.0 ] } },
{ "type": "Feature", "properties": { "poi_type": "industrial", "density": 0.64472849788666098 }, "geometry": { "type": "Point", "coordinates": [ 585.0, 205.0 ] } },
{ "type": "Feature", "properties": { "poi_type": "industrial", "density": 0.75859811218704287 }, "geometry": { "type": "Point", "coordinates": [ 595.0, 205.0 ] } },
{ "type": "Feature", "properties": { "poi_type": "industrial", "density": 0.46432697617877583 }, "geometry": { "type": "Point", "coordinates": [ 15.0, 215.0 ] } },
{ "type": "Feature", "properties": { "poi_type": "industrial", "density": 0.4967195133399584 }, "geometry": { "type": "Point", "coordinates": [ 25.0, 215.0 ] } },
{ "type": "Feature", "properties": { "poi_type": "industrial", "density": 0.48830910038719544 }, "geometry": { "type": "Point", "coordinates": [ 35.0, 215.0 ] } },
{ "type": "Feature", "properties": { "poi_type": "industrial", "density": 0.47483174868933298 }, "geometry": { "type": "Point", "coordinates": [ 45.0, 215.0 ] } },
{ "type": "Feature", "properties": { "poi_type": "industrial", "density": 0.40297671635164417 }, "geometry": { "type": "Point", "coordinates": [ 55.0, 215.0 ] } },
{ "type": "Feature", "properties": { "poi_type": "industrial", "density": 0.55725410893159433 }, "geometry": { "type": "Point", "coordinates": [ 65.0, 215.0 ] } },
{ "type": "Feature", "properties": { "poi_type": "industrial", "density": 0.49881326508276724 }, "geometry": { "type": "Point", "coordinates": [ 85.0, 215.0 ] } },
{ "type": "Feature", "properties": { "poi_type": "industrial", "density": 0.64450924061773207 }, "geometry": { "type": "Point", "coordinates": [ 95.0, 215.0 ] } },
{ "type": "Feature", "properties": { "poi_type": "industrial", "density": 0.6912233195921812 }, "geometry": { "type": "Point", "coordinates": [ 105.0, 215.0 ] } },
{ "type": "Feature", "properties": { "poi_type": "industrial", "density": 0.51678399191833058 }, "geometry": { "type": "Point", "coordinates": [ 115.0, 215.0 ] } },
{ "type": "Feature", "properties": { "poi_type": "industrial", "density": 0.69858940947428039 }, "geometry": { "type": "Point", "coordinates": [ 485.0, 215.0 ] } },
{ "type": "Feature", "properties": { "poi_type": "industrial", "density": 0.4613530750103948 }, "geometry": { "type": "Point", "coordinates": [ 495.0, 215.0 ] } },
{ "type": "Feature", "properties": { "poi_type": "industrial", "density": 0.41493450300400281 }, "geometry": { "type": "Point", "coordinates": [ 505.0, 215.0 ] } },
{ "type": "Feature", "properties": { "poi_type": "industrial", "density": 0.5386893790318249 }, "geometry": { "type": "Point", "coordinates": [ 515.0, 215.0 ] } },
{ "type": "Feature", "properties": { "poi_type": "industrial", "density": 0.4953707505134437 }, "geometry": { "type": "Point", "coordinates": [ 525.0, 215.0 ] } },
{ "type": "Feature", "properties": { "poi_type": "industrial", "density": 0.69569026287649527 }, "geometry": { "type": "Point", "coordinates": [ 535.0, 215.0 ] } },
{ "type": "Feature", "properties": { "poi_type": "industrial", "density": 0.69764048920195065 }, "geometry": { "type": "Point", "coordinates": [ 555.0, 215.0 ] } },
{ "type": "Feature", "properties": { "poi_type": "industrial", "density": 0.60236789786098699 }, "geometry": { "type": "Point", "coordinates": [ 565.0, 215.0 ] } },
{ "type": "Feature", "properties": { "poi_type": "industrial", "density": 0.59922182879661978 }, "geometry": { "type": "Point", "coordinates": [ 585.0, 215.0 ] } },
{ "type": "Feature", "properties": { "poi_type": "industrial", "density": 0.55980272882411419 }, "geometry": { "type": "Point", "coordinates": [ 595.0, 215.0 ] } },
{ "type": "Feature", "properties": { "poi_type": "industrial", "density": 0.47998718769292292 }, "geometry": { "type": "Point", "coordinates": [ 5.0, 225.0 ] } },
{ "type": "Feature", "properties": { "poi_type": "industrial", "density": 0.62817575877558407 }, "geometry": { "type": "Point", "coordinates": [ 15.0, 225.0 ] } },
{ "type": "Feature", "properties": { "poi_type": "industrial", "density": 0.74694901301996142 }, "geometry": { "type": "Point", "coordinates": [ 25.0, 225.0 ] } },
{ "type": "Feature", "properties": { "poi_type": "industrial", "density": 0.74349087069970299 }, "geometry": { "type": "Point", "coordinates": [ 35.0, 225.0 ] } },
{ "type": "Feature", "properties": { "poi_type": "industrial", "density": 0.77133305241032202 }, "geometry": { "type": "Point", "coordinates": [ 45.0, 225.0 ] } },
{ "type": "Feature", "properties": { "poi_type": "industrial", "density": 0.44963242439289286 }, "geometry": { "type": "Point", "coordinates": [ 55.0, 225.0 ] } },
{ "type": "Feature", "properties": { "poi_type": "industrial", "density": 0.63429301987737263 }, "geometry": { "type": "Point", "coordinates": [ 65.0, 225.0 ] } },
{ "type": "Feature", "properties": { "poi_type": "industrial", "density": 0.68746560354061637 }, "geometry": { "type": "Point", "coordinates": [ 75.0, 225.0 ] } },
{ "type": "Feature", "properties": { "poi_type": "industrial", "density": 0.79297088225957912 }, "geometry": { "type": "Point", "coordinates": [ 95.0, 225.0 ] } },
{ "type": "Feature", "properties": { "poi_type": "industrial", "density": 0.55494117508075813 }, "geometry": { "type": "Point", "coordinates": [ 105.0, 225.0 ] } },
{ "type": "Feature", "properties": { "poi_type": "industrial", "density": 0.5379849547060539 }, "geometry": { "type": "Point", "coordinates": [ 115.0, 225.0 ] } },
{ "type": "Feature", "properties": { "poi_type": "industrial", "density": 0.54060505115853275 }, "geometry": { "type": "Point", "coordinates": [ 515.0, 225.0 ] } },
{ "type": "Feature", "properties": { "poi_type": "industrial", "density": 0.78903957621074716 }, "geometry": { "type": "Point", "coordinates": [ 545.0, 225.0 ] } },
{ "type": "Feature", "properties": { "poi_type": "industrial", "density": 0.51366684064566237 }, "geometry": { "type": "Point", "coordinates": [ 565.0, 225.0 ] } },
{ "type": "Feature", "properties": { "poi_type": "industrial", "density": 0.64089440317924529 }, "geometry": { "type": "Point", "coordinates": [ 585.0, 225.0 ] } },
{ "type": "Feature", "properties": { "poi_type": "industrial", "density": 0.68740043404420326 }, "geometry": { "type": "Point", "coordinates": [ 15.0, 235.0 ] } },
{ "type": "Feature", "properties": { "poi_type": "industrial", "density": 0.60103329972279884 }, "geometry": { "type": "Point", "coordinates": [ 35.0, 235.0 ] } },
{ "type": "Feature", "properties": { "poi_type": "industrial", "density": 0.74702151842283748 }, "geometry": { "type": "Point", "coordinates": [ 45.0, 235.0 ] } },
{ "type": "Feature", "properties": { "poi_type": "industrial", "density": 0.6902141781664104 }, "geometry": { "type": "Point", "coordinates": [ 55.0, 235.0 ] } },
{ "type": "Feature", "properties": { "poi_type": "industrial", "density": 0.62309406908741205 }, "geometry": { "type": "Point", "coordinates": [ 65.0, 235.0 ] } },
{ "type": "Feature", "properties": { "poi_type": "industrial", "density": 0.5844062521021901 }, "geometry": { "type": "Point", "coordinates": [ 75.0, 235.0 ] } },
{ "type": "Feature", "properties": { "poi_type": "industrial", "density": 0.613132272976187 }, "geometry": { "type": "Point", "coordinates": [ 85.0, 235.0 ] } },
{ "type": "Feature", "properties": { "poi_type": "industrial", "density": 0.47994127332625808 }, "geometry": { "type": "Point", "coordinates": [ 105.0, 235.0 ] } },
{ "type": "Feature", "properties": { "poi_type": "industrial", "density": 0.55256570442976904 }, "geometry": { "type": "Point", "coordinates": [ 505.0, 235.0 ] } },
{ "type": "Feature", "properties": { "poi_type": "industrial", "density": 0.54087116509005906 }, "geometry": { "type": "Point", "coordinates": [ 515.0, 235.0 ] } },
{ "type": "Feature", "properties": { "poi_type": "industrial", "density": 0.52286478541088321 }, "geometry": { "type": "Point", "coordinates": [ 525.0, 235.0 ] } },
{ "type": "Feature", "properties": { "poi_type": "industrial", "density": 0.50164423392612334 }, "geometry": { "type": "Point", "coordinates": [ 545.0, 235.0 ] } },
{ "type": "Feature", "properties": { "poi_type": "industrial", "density": 0.54901788642881433 }, "geometry": { "type": "Point", "coordinates": [ 555.0, 235.0 ] } },
{ "type": "Feature", "properties": { "poi_type": "industrial", "density": 0.59232580801132773 }, "geometry": { "type": "Point", "coordinates": [ 565.0, 235.0 ] } },
{ "type": "Feature", "properties": { "poi_type": "industrial", "density": 0.63778830860148528 }, "geometry": { "type": "Point", "coordinates": [ 575.0, 235.0 ] } },
{ "type": "Feature", "properties": { "poi_type": "industrial", "density": 0.77149035671340782 }, "geometry": { "type": "Point", "coordinates": [ 25.0, 245.0 ] } },
{ "type": "Feature", "properties": { "poi_type": "industrial", "density": 0.41728711942454422 }, "geometry": { "type": "Point", "coordinates": [ 35.0, 245.0 ] } },
{ "type": "Feature", "properties": { "poi_type": "industrial", "density": 0.65048723473601755 }, "geometry": { "type": "Point", "coordinates": [ 45.0, 245.0 ] } },
{ "type": "Feature", "properties": { "poi_type": "industrial", "density": 0.63140645459738609 }, "geometry": { "type": "Point", "coordinates": [ 55.0, 245.0 ] } },
{ "type": "Feature", "properties": { "poi_type": "industrial", "density": 0.64835376875884709 }, "geometry": { "type": "Point", "coordinates": [ 75.0, 245.0 ] } },
{ "type": "Feature", "properties": { "poi_type": "industrial", "density": 0.74380228599632048 }, "geometry": { "type": "Point", "coordinates": [ 85.0, 245.0 ] } },
{ "type": "Feature", "properties": { "poi_type": "industrial", "density": 0.4515898839766494 }, "geometry": { "type": "Point", "coordinates": [ 95.0, 245.0 ] } },
{ "type": "Feature", "properties": { "poi_type": "industrial", "density": 0.6645462244466378 }, "geometry": { "type": "Point", "coordinates": [ 105.0, 245.0 ] } },
{ "type": "Feature", "properties": { "poi_type": "industrial", "density": 0.79769600815969088 }, "geometry": { "type": "Point", "coordinates": [ 115.0, 245.0 ] } },
{ "type": "Feature", "properties": { "poi_type": "industrial", "density": 0.59319409791095368 }, "geometry": { "type": "Point", "coordinates": [ 515.0, 245.0 ] } },
{ "type": "Feature", "properties": { "poi_type": "industrial", "density": 0.51211918688777469 }, "geometry": { "type": "Point", "coordinates": [ 525.0, 245.0 ] } },
{ "type": "Feature", "properties": { "poi_type": "industrial", "density": 0.70605880172232149 }, "geometry": { "type": "Point", "coordinates": [ 535.0, 245.0 ] } },
{ "type": "Feature", "properties": { "poi_type": "industrial", "density": 0.51304965430917948 }, "geometry": { "type": "Point", "coordinates": [ 545.0, 245.0 ] } },
{ "type": "Feature", "properties": { "poi_type": "industrial", "density": 0.78575266771955687 }, "geometry": { "type": "Point", "coordinates": [ 555.0, 245.0 ] } },
{ "type": "Feature", "properties": { "poi_type": "industrial", "density": 0.551765034821321 }, "geometry": { "type": "Point", "coordinates": [ 565.0, 245.0 ] } },
{ "type": "Feature", "properties": { "poi_type": "industrial", "density": 0.71300022654937634 }, "geometry": { "type": "Point", "coordinates": [ 575.0, 245.0 ] } },
{ "type": "Feature", "properties": { "poi_type": "industrial", "density": 0.667390002335154 }, "geometry": { "type": "Point", "coordinates": [ 585.0, 245.0 ] } },
{ "type": "Feature", "properties": { "poi_type": "industrial", "density": 0.7331023753388447 }, "geometry": { "type": "Point", "coordinates": [ 595.0, 245.0 ] } },
{ "type": "Feature", "properties": { "poi_type": "industrial", "density": 0.60544697473588205 }, "geometry": { "type": "Point", "coordinates": [ 15.0, 255.0 ] } },
{ "type": "Feature", "properties": { "poi_type": "industrial", "density": 0.58922710859132488 }, "geometry": { "type": "Point", "coordinates": [ 25.0, 255.0 ] } },
{ "type": "Feature", "properties": { "poi_type": "industrial", "density": 0.77738530735407219 }, "geometry": { "type": "Point", "coordinates": [ 35.0, 255.0 ] } },
{ "type": "Feature", "properties": { "poi_type": "industrial", "density": 0.74791619222525274 }, "geometry": { "type": "Point", "coordinates": [ 45.0, 255.0 ] } },
{ "type": "Feature", "properties": { "poi_type": "industrial", "density": 0.74731814621650727 }, "geometry": { "type": "Point", "coordinates": [ 65.0, 255.0 ] } },
{ "type": "Feature", "properties": { "poi_type": "industrial", "density": 0.47159045562977298 }, "geometry": { "type": "Point", "coordinates": [ 85.0, 255.0 ] } },
{ "type": "Feature", "properties": { "poi_type": "industrial", "density": 0.40574245668748987 }, "geometry": { "type": "Point", "coordinates": [ 95.0, 255.0 ] } },
{ "type": "Feature", "properties": { "poi_type": "industrial", "density": 0.48768667473360894 }, "geometry": { "type": "Point", "coordinates": [ 495.0, 255.0 ] } },
{ "type": "Feature", "properties": { "poi_type": "industrial", "density": 0.79391466359664131 }, "geometry": { "type": "Point", "coordinates": [ 535.0, 255.0 ] } },
{ "type": "Feature", "properties": { "poi_type": "industrial", "density": 0.44425295446286206 }, "geometry": { "type": "Point", "coordinates": [ 545.0, 255.0 ] } },
{ "type": "Feature", "properties": { "poi_type": "industrial", "density": 0.7119396585549348 }, "geometry": { "type": "Point", "coordinates": [ 555.0, 255.0 ] } },
{ "type": "Feature", "properties": { "poi_type": "industrial", "density": 0.59606561218629517 }, "geometry": { "type": "Point", "coordinates": [ 565.0, 255.0 ] } },
{ "type": "Feature", "properties": { "poi_type": "industrial", "density": 0.53160987389989489 }, "geometry": { "type": "Point", "coordinates": [ 575.0, 255.0 ] } },
{ "type": "Feature", "properties": { "poi_type": "industrial", "density": 0.71755905684573151 }, "geometry": { "type": "Point", "coordinates": [ 585.0, 255.0 ] } },
{ "type": "Feature", "properties": { "poi_type": "industrial", "density": 0.40071476154328789 }, "geometry": { "type": "Point", "coordinates": [ 5.0, 265.0 ] } },
{ "type": "Feature", "properties": { "poi_type": "industrial", "density": 0.42317448900594457 }, "geometry": { "type": "Point", "coordinates": [ 15.0, 265.0 ] } },
{ "type": "Feature", "properties": { "poi_type": "industrial", "density": 0.67743494680498673 }, "geometry": { "type": "Point", "coordinates": [ 25.0, 265.0 ] } },
{ "type": "Feature", "properties": { "poi_type": "industrial", "density": 0.68875967722458897 }, "geometry": { "type": "Point", "coordinates": [ 35.0, 265.0 ] } },
{ "type": "Feature", "properties": { "poi_type": "industrial", "density": 0.67044026104957455 }, "geometry": { "type": "Point", "coordinates": [ 45.0, 265.0 ] } },
{ "type": "Feature", "properties": { "poi_type": "industrial", "density": 0.74317151752206567 }, "geometry": { "type": "Point", "coordinates": [ 55.0, 265.0 ] } },
{ "type": "Feature", "properties": { "poi_type": "industrial", "density": 0.50161898165412233 }, "geometry": { "type": "Point", "coordinates": [ 65.0, 265.0 ] } },
{ "type": "Feature", "properties": { "poi_type": "industrial", "density": 0.58254209199472651 }, "geometry": { "type": "Point", "coordinates": [ 75.0, 265.0 ] } },
{ "type": "Feature", "properties": { "poi_type": "industrial", "density": 0.71458020049275006 }, "geometry": { "type": "Point", "coordinates": [ 105.0, 265.0 ] } },
{ "type": "Feature", "properties": { "poi_type": "industrial", "density": 0.76343814539619925 }, "geometry": { "type": "Point", "coordinates": [ 525.0, 265.0 ] } },
{ "type": "Feature", "properties": { "poi_type": "industrial", "density": 0.5630098105370811 }, "geometry": { "type": "Point", "coordinates": [ 535.0, 265.0 ] } },
{ "type": "Feature", "properties": { "poi_type": "industrial", "density": 0.50664975457840444 }, "geometry": { "type": "Point", "coordinates": [ 545.0, 265.0 ] } },
{ "type": "Feature", "properties": { "poi_type": "industrial", "density": 0.58776778316492329 }, "geometry": { "type": "Point", "coordinates": [ 555.0, 265.0 ] } },
{ "type": "Feature", "properties": { "poi_type": "industrial", "density": 0.58163459964132991 }, "geometry": { "type": "Point", "coordinates": [ 585.0, 265.0 ] } },
{ "type": "Feature", "properties": { "poi_type": "industrial", "density": 0.5936612182821609 }, "geometry": { "type": "Point", "coordinates": [ 595.0, 265.0 ] } },
{ "type": "Feature", "properties": { "poi_type": "industrial", "density": 0.56781329721824692 }, "geometry": { "type": "Point", "coordinates": [ 5.0, 335.0 ] } },
{ "type": "Feature", "properties": { "poi_type": "industrial", "density": 0.54309932180710652 }, "geometry": { "type": "Point", "coordinates": [ 15.0, 335.0 ] } },
{ "type": "Feature", "properties": { "poi_type": "industrial", "density": 0.47760738843791728 }, "geometry": { "type": "Point", "coordinates": [ 25.0, 335.0 ] } },
{ "type": "Feature", "properties": { "poi_type": "industrial", "density": 0.49835232260530782 }, "geometry": { "type": "Point", "coordinates": [ 35.0, 335.0 ] } },
{ "type": "Feature", "properties": { "poi_type": "industrial", "density": 0.62137539555858956 }, "geometry": { "type": "Point", "coordinates": [ 45.0, 335.0 ] } },
{ "type": "Feature", "properties": { "poi_type": "industrial", "density": 0.69770698794338304 }, "geometry": { "type": "Point", "coordinates": [ 55.0, 335.0 ] } },
{ "type": "Feature", "properties": { "poi_type": "industrial", "density": 0.49682365636848974 }, "geometry": { "type": "Point", "coordinates": [ 65.0, 335.0 ] } },
{ "type": "Feature", "properties": { "poi_type": "industrial", "density": 0.46885892005023139 }, "geometry": { "type": "Point", "coordinates": [ 75.0, 335.0 ] } },
{ "type": "Feature", "properties": { "poi_type": "industrial", "density": 0.7628948317235591 }, "geometry": { "type": "Point", "coordinates": [ 95.0, 335.0 ] } },
{ "type": "Feature", "properties": { "poi_type": "industrial", "density": 0.73405736173950742 }, "geometry": { "type": "Point", "coordinates": [ 105.0, 335.0 ] } },
{ "type": "Feature", "properties": { "poi_type": "industrial", "density": 0.47285014972930461 }, "geometry": { "type": "Point", "coordinates": [ 505.0, 335.0 ] } },
{ "type": "Feature", "properties": { "poi_type": "industrial", "density": 0.72284100335925561 }, "geometry": { "type": "Point", "coordinates": [ 525.0, 335.0 ] } },
{ "type": "Feature", "properties": { "poi_type": "industrial", "density": 0.50497220992115854 }, "geometry": { "type": "Point", "coordinates": [ 545.0, 335.0 ] } },
{ "type": "Feature", "properties": { "poi_type": "industrial", "density": 0.60391712345331783 }, "geometry": { "type": "Point", "coordinates": [ 555.0, 335.0 ] } },
{ "type": "Feature", "properties": { "poi_type": "industrial", "density": 0.58172064932805867 }, "geometry": { "type": "Point", "coordinates": [ 565.0, 335.0 ] } },
{ "type": "Feature", "properties": { "poi_type": "industrial", "density": 0.46204398076682018 }, "geometry": { "type": "Point", "coordinates": [ 575.0, 335.0 ] } },
{ "type": "Feature", "properties": { "poi_type": "industrial", "density": 0.53169435332992343 }, "geometry": { "type": "Point", "coordinates": [ 585.0, 335.0 ] } },
{ "type": "Feature", "properties": { "poi_type": "industrial", "density": 0.65837379425660258 }, "geometry": { "type": "Point", "coordinates": [ 595.0, 335.0 ] } },
{ "type": "Feature", "properties": { "poi_type": "industrial", "density": 0.61909284537158049 }, "geometry": { "type": "Point", "coordinates": [ 5.0, 345.0 ] } },
{ "type": "Feature", "properties": { "poi_type": "industrial", "density": 0.50780665534891423 }, "geometry": { "type": "Point", "coordinates": [ 15.0, 345.0 ] } },
{ "type": "Feature", "properties": { "poi_type": "industrial", "density": 0.55819163776225156 }, "geometry": { "type": "Point", "coordinates": [ 25.0, 345.0 ] } },
{ "type": "Feature", "properties": { "poi_type": "industrial", "density": 0.58229330744793195 }, "geometry": { "type": "Point", "coordinates": [ 35.0, 345.0 ] } },
{ "type": "Feature", "properties": { "poi_type": "industrial", "density": 0.58978344573815045 }, "geometry": { "type": "Point", "coordinates": [ 45.0, 345.0 ] } },
{ "type": "Feature", "properties": { "poi_type": "industrial", "density": 0.76545437137778949 }, "geometry": { "type": "Point", "coordinates": [ 55.0, 345.0 ] } },
{ "type": "Feature", "properties": { "poi_type": "industrial", "density": 0.76200980973970744 }, "geometry": { "type": "Point", "coordinates": [ 65.0, 345.0 ] } },
{ "type": "Feature", "properties": { "poi_type": "industrial", "density": 0.4424050607953266 }, "geometry": { "type": "Point", "coordinates": [ 75.0, 345.0 ] } },
{ "type": "Feature", "properties": { "poi_type": "industrial", "density": 0.59976896912988586 }, "geometry": { "type": "Point", "coordinates": [ 85.0, 345.0 ] } },
{ "type": "Feature", "properties": { "poi_type": "industrial", "density": 0.58223831505125501 }, "geometry": { "type": "Point", "coordinates": [ 105.0, 345.0 ] } },
{ "type": "Feature", "properties": { "poi_type": "industrial", "density": 0.55605830745448859 }, "geometry": { "type": "Point", "coordinates": [ 495.0, 345.0 ] } },
{ "type": "Feature", "properties": { "poi_type": "industrial", "density": 0.48160925644594405 }, "geometry": { "type": "Point", "coordinates": [ 515.0, 345.0 ] } },
{ "type": "Feature", "properties": { "poi_type": "industrial", "density": 0.51711378702248934 }, "geometry": { "type": "Point", "coordinates": [ 525.0, 345.0 ] } },
{ "type": "Feature", "properties": { "poi_type": "industrial", "density": 0.40904491297969625 }, "geometry": { "type": "Point", "coordinates": [ 545.0, 345.0 ] } },
{ "type": "Feature", "properties": { "poi_type": "industrial", "density": 0.72980164607214359 }, "geometry": { "type": "Point", "coordinates": [ 555.0, 345.0 ] } },
{ "type": "Feature", "properties": { "poi_type": "industrial", "density": 0.50006289029942441 }, "geometry": { "type": "Point", "coordinates": [ 565.0, 345.0 ] } },
{ "type": "Feature", "properties": { "poi_type": "industrial", "density": 0.77351697896995697 }, "geometry": { "type": "Point", "coordinates": [ 575.0, 345.0 ] } },
{ "type": "Feature", "properties": { "poi_type": "industrial", "density": 0.77727335159432354 }, "geometry": { "type": "Point", "coordinates": [ 585.0, 345.0 ] } },
{ "type": "Feature", "properties": { "poi_type": "industrial", "density": 0.63956538354354853 }, "geometry": { "type": "Point", "coordinates": [ 595.0, 345.0 ] } },
{ "type": "Feature", "properties": { "poi_type": "industrial", "density": 0.47219878270392623 }, "geometry": { "type": "Point", "coordinates": [ 5.0, 355.0 ] } },
{ "type": "Feature", "properties": { "poi_type": "industrial", "density": 0.48652033655306887 }, "geometry": { "type": "Point", "coordinates": [ 15.0, 355.0 ] } },
{ "type": "Feature", "properties": { "poi_type": "industrial", "density": 0.62466740279873822 }, "geometry": { "type": "Point", "coordinates": [ 35.0, 355.0 ] } },
{ "type": "Feature", "properties": { "poi_type": "industrial", "density": 0.79110673590082747 }, "geometry": { "type": "Point", "coordinates": [ 45.0, 355.0 ] } },
{ "type": "Feature", "properties": { "poi_type": "industrial", "density": 0.79655211946461624 }, "geometry": { "type": "Point", "coordinates": [ 65.0, 355.0 ] } },
{ "type": "Feature", "properties": { "poi_type": "industrial", "density": 0.49992043406281433 }, "geometry": { "type": "Point", "coordinates": [ 75.0, 355.0 ] } },
{ "type": "Feature", "properties": { "poi_type": "industrial", "density": 0.56436174690597851 }, "geometry": { "type": "Point", "coordinates": [ 85.0, 355.0 ] } },
{ "type": "Feature", "properties": { "poi_type": "industrial", "density": 0.46379939558701716 }, "geometry": { "type": "Point", "coordinates": [ 95.0, 355.0 ] } },
{ "type": "Feature", "properties": { "poi_type": "industrial", "density": 0.64689790515234458 }, "geometry": { "type": "Point", "coordinates": [ 515.0, 355.0 ] } },
{ "type": "Feature", "properties": { "poi_type": "industrial", "density": 0.52118735585798948 }, "geometry": { "type": "Point", "coordinates": [ 535.0, 355.0 ] } },
{ "type": "Feature", "properties": { "poi_type": "industrial", "density": 0.51054446748215165 }, "geometry": { "type": "Point", "coordinates": [ 545.0, 355.0 ] } },
{ "type": "Feature", "properties": { "poi_type": "industrial", "density": 0.6316598032831191 }, "geometry": { "type": "Point", "coordinates": [ 555.0, 355.0 ] } },
{ "type": "Feature", "properties": { "poi_type": "industrial", "density": 0.56299282923504901 }, "geometry": { "type": "Point", "coordinates": [ 565.0, 355.0 ] } },
{ "type": "Feature", "properties": { "poi_type": "industrial", "density": 0.46514730276379401 }, "geometry": { "type": "Point", "coordinates": [ 575.0, 355.0 ] } },
{ "type": "Feature", "properties": { "poi_type": "industrial", "density": 0.4485676963908613 }, "geometry": { "type": "Point", "coordinates": [ 585.0, 355.0 ] } },
{ "type": "Feature", "properties": { "poi_type": "industrial", "density": 0.40676018123782132 }, "geometry": { "type": "Point", "coordinates": [ 595.0, 355.0 ] } },
{ "type": "Feature", "properties": { "poi_type": "industrial", "density": 0.68369940401491713 }, "geometry": { "type": "Point", "coordinates": [ 5.0, 365.0 ] } },
{ "type": "Feature", "properties": { "poi_type": "industrial", "density": 0.48401260708143684 }, "geometry": { "type": "Point", "coordinates": [ 35.0, 365.0 ] } },
{ "type": "Feature", "properties": { "poi_type": "industrial", "density": 0.40332738368539162 }, "geometry": { "type": "Point", "coordinates": [ 45.0, 365.0 ] } },
{ "type": "Feature", "properties": { "poi_type": "industrial", "density": 0.52235912520281358 }, "geometry": { "type": "Point", "coordinates": [ 55.0, 365.0 ] } },
{ "type": "Feature", "properties": { "poi_type": "industrial", "density": 0.51316674940145801 }, "geometry": { "type": "Point", "coordinates": [ 65.0, 365.0 ] } },
{ "type": "Feature", "properties": { "poi_type": "industrial", "density": 0.61326220527374953 }, "geometry": { "type": "Point", "coordinates": [ 105.0, 365.0 ] } },
{ "type": "Feature", "properties": { "poi_type": "industrial", "density": 0.40408071752405417 }, "geometry": { "type": "Point", "coordinates": [ 515.0, 365.0 ] } },
{ "type": "Feature", "properties": { "poi_type": "industrial", "density": 0.66099257601258388 }, "geometry": { "type": "Point", "coordinates": [ 525.0, 365.0 ] } },
{ "type": "Feature", "properties": { "poi_type": "industrial", "density": 0.63577288357621398 }, "geometry": { "type": "Point", "coordinates": [ 535.0, 365.0 ] } },
{ "type": "Feature", "properties": { "poi_type": "industrial", "density": 0.68407161237248437 }, "geometry": { "type": "Point", "coordinates": [ 545.0, 365.0 ] } },
{ "type": "Feature", "properties": { "poi_type": "industrial", "density": 0.47741387048610107 }, "geometry": { "type": "Point", "coordinates": [ 555.0, 365.0 ] } },
{ "type": "Feature", "properties": { "poi_type": "industrial", "density": 0.43397984023996661 }, "geometry": { "type": "Point", "coordinates": [ 565.0, 365.0 ] } },
{ "type": "Feature", "properties": { "poi_type": "industrial", "density": 0.51831625804744808 }, "geometry": { "type": "Point", "coordinates": [ 575.0, 365.0 ] } },
{ "type": "Feature", "properties": { "poi_type": "industrial", "density": 0.73688298487078785 }, "geometry": { "type": "Point", "coordinates": [ 5.0, 375.0 ] } },
{ "type": "Feature", "properties": { "poi_type": "industrial", "density": 0.61945368790524924 }, "geometry": { "type": "Point", "coordinates": [ 15.0, 375.0 ] } },
{ "type": "Feature", "properties": { "poi_type": "industrial", "density": 0.6919050305330906 }, "geometry": { "type": "Point", "coordinates": [ 25.0, 375.0 ] } },
{ "type": "Feature", "properties": { "poi_type": "industrial", "density": 0.49173016407137332 }, "geometry": { "type": "Point", "coordinates": [ 35.0, 375.0 ] } },
{ "type": "Feature", "properties": { "poi_type": "industrial", "density": 0.50467111094184547 }, "geometry": { "type": "Point", "coordinates": [ 45.0, 375.0 ] } },
{ "type": "Feature", "properties": { "poi_type": "industrial", "density": 0.47477685576115247 }, "geometry": { "type": "Point", "coordinates": [ 55.0, 375.0 ] } },
{ "type": "Feature", "properties": { "poi_type": "industrial", "density": 0.71294081651137553 }, "geometry": { "type": "Point", "coordinates": [ 65.0, 375.0 ] } },
{ "type": "Feature", "properties": { "poi_type": "industrial", "density": 0.64984915073732141 }, "geometry": { "type": "Point", "coordinates": [ 75.0, 375.0 ] } },
{ "type": "Feature", "properties": { "poi_type": "industrial", "density": 0.79974483064625501 }, "geometry": { "type": "Point", "coordinates": [ 95.0, 375.0 ] } },
{ "type": "Feature", "properties": { "poi_type": "industrial", "density": 0.6648552671219945 }, "geometry": { "type": "Point", "coordinates": [ 115.0, 375.0 ] } },
{ "type": "Feature", "properties": { "poi_type": "industrial", "density": 0.78059279495213407 }, "geometry": { "type": "Point", "coordinates": [ 505.0, 375.0 ] } },
{ "type": "Feature", "properties": { "poi_type": "industrial", "density": 0.588947842479697 }, "geometry": { "type": "Point", "coordinates": [ 525.0, 375.0 ] } },
{ "type": "Feature", "properties": { "poi_type": "industrial", "density": 0.69781576372227483 }, "geometry": { "type": "Point", "coordinates": [ 535.0, 375.0 ] } },
{ "type": "Feature", "properties": { "poi_type": "industrial", "density": 0.4016985609752553 }, "geometry": { "type": "Point", "coordinates": [ 545.0, 375.0 ] } },
{ "type": "Feature", "properties": { "poi_type": "industrial", "density": 0.44444389179205684 }, "geometry": { "type": "Point", "coordinates": [ 555.0, 375.0 ] } },
{ "type": "Feature", "properties": { "poi_type": "industrial", "density": 0.66596945612389447 }, "geometry": { "type": "Point", "coordinates": [ 565.0, 375.0 ] } },
{ "type": "Feature", "properties": { "poi_type": "industrial", "density": 0.56775634271105846 }, "geometry": { "type": "Point", "coordinates": [ 575.0, 375.0 ] } },
{ "type": "Feature", "properties": { "poi_type": "industrial", "density": 0.65882136381298484 }, "geometry": { "type": "Point", "coordinates": [ 5.0, 385.0 ] } },
{ "type": "Feature", "properties": { "poi_type": "industrial", "density": 0.6056164354175384 }, "geometry": { "type": "Point", "coordinates": [ 15.0, 385.0 ] } },
{ "type": "Feature", "properties": { "poi_type": "industrial", "density": 0.47452786898111704 }, "geometry": { "type": "Point", "coordinates": [ 25.0, 385.0 ] } },
{ "type": "Feature", "properties": { "poi_type": "industrial", "density": 0.78676821617302128 }, "geometry": { "type": "Point", "coordinates": [ 45.0, 385.0 ] } },
{ "type": "Feature", "properties": { "poi_type": "industrial", "density": 0.49811844791249721 }, "geometry": { "type": "Point", "coordinates": [ 55.0, 385.0 ] } },
{ "type": "Feature", "properties": { "poi_type": "industrial", "density": 0.42816298728073504 }, "geometry": { "type": "Point", "coordinates": [ 65.0, 385.0 ] } },
{ "type": "Feature", "properties": { "poi_type": "industrial", "density": 0.63720768029589747 }, "geometry": { "type": "Point", "coordinates": [ 75.0, 385.0 ] } },
{ "type": "Feature", "properties": { "poi_type": "industrial", "density": 0.4575455223409467 }, "geometry": { "type": "Point", "coordinates": [ 85.0, 385.0 ] } },
{ "type": "Feature", "properties": { "poi_type": "industrial", "density": 0.69343108705282341 }, "geometry": { "type": "Point", "coordinates": [ 95.0, 385.0 ] } },
{ "type": "Feature", "properties": { "poi_type": "industrial", "density": 0.51853950505478164 }, "geometry": { "type": "Point", "coordinates": [ 105.0, 385.0 ] } },
{ "type": "Feature", "properties": { "poi_type": "industrial", "density": 0.76411873621835746 }, "geometry": { "type": "Point", "coordinates": [ 495.0, 385.0 ] } },
{ "type": "Feature", "properties": { "poi_type": "industrial", "density": 0.73211395108038035 }, "geometry": { "type": "Point", "coordinates": [ 515.0, 385.0 ] } },
{ "type": "Feature", "properties": { "poi_type": "industrial", "density": 0.75018563968902252 }, "geometry": { "type": "Point", "coordinates": [ 545.0, 385.0 ] } },
{ "type": "Feature", "properties": { "poi_type": "industrial", "density": 0.63528698681189599 }, "geometry": { "type": "Point", "coordinates": [ 555.0, 385.0 ] } },
{ "type": "Feature", "properties": { "poi_type": "industrial", "density": 0.52778262524067132 }, "geometry": { "type": "Point", "coordinates": [ 565.0, 385.0 ] } },
{ "type": "Feature", "properties": { "poi_type": "industrial", "density": 0.42757629928630203 }, "geometry": { "type": "Point", "coordinates": [ 575.0, 385.0 ] } },
{ "type": "Feature", "properties": { "poi_type": "industrial", "density": 0.58251331316337662 }, "geometry": { "type": "Point", "coordinates": [ 585.0, 385.0 ] } },
{ "type": "Feature", "properties": { "poi_type": "industrial", "density": 0.52624555989469834 }, "geometry": { "type": "Point", "coordinates": [ 15.0, 395.0 ] } },
{ "type": "Feature", "properties": { "poi_type": "industrial", "density": 0.76859168389401222 }, "geometry": { "type": "Point", "coordinates": [ 35.0, 395.0 ] } },
{ "type": "Feature", "properties": { "poi_type": "industrial", "density": 0.66760667434677479 }, "geometry": { "type": "Point", "coordinates": [ 45.0, 395.0 ] } },
{ "type": "Feature", "properties": { "poi_type": "industrial", "density": 0.44200424287892931 }, "geometry": { "type": "Point", "coordinates": [ 55.0, 395.0 ] } },
{ "type": "Feature", "properties": { "poi_type": "industrial", "density": 0.75143476077122029 }, "geometry": { "type": "Point", "coordinates": [ 75.0, 395.0 ] } },
{ "type": "Feature", "properties": { "poi_type": "industrial", "density": 0.74849969152820561 }, "geometry": { "type": "Point", "coordinates": [ 85.0, 395.0 ] } },
{ "type": "Feature", "properties": { "poi_type": "industrial", "density": 0.52306367615705018 }, "geometry": { "type": "Point", "coordinates": [ 95.0, 395.0 ] } },
{ "type": "Feature", "properties": { "poi_type": "industrial", "density": 0.45616223282965374 }, "geometry": { "type": "Point", "coordinates": [ 105.0, 395.0 ] } },
{ "type": "Feature", "properties": { "poi_type": "industrial", "density": 0.70433255124717442 }, "geometry": { "type": "Point", "coordinates": [ 115.0, 395.0 ] } },
{ "type": "Feature", "properties": { "poi_type": "industrial", "density": 0.47061103467164045 }, "geometry": { "type": "Point", "coordinates": [ 485.0, 395.0 ] } },
{ "type": "Feature", "properties": { "poi_type": "industrial", "density": 0.51439071868842745 }, "geometry": { "type": "Point", "coordinates": [ 495.0, 395.0 ] } },
{ "type": "Feature", "properties": { "poi_type": "industrial", "density": 0.48087040807011283 }, "geometry": { "type": "Point", "coordinates": [ 535.0, 395.0 ] } },
{ "type": "Feature", "properties": { "poi_type": "industrial", "density": 0.64752031849574754 }, "geometry": { "type": "Point", "coordinates": [ 545.0, 395.0 ] } },
{ "type": "Feature", "properties": { "poi_type": "industrial", "density": 0.74380338771764976 }, "geometry": { "type": "Point", "coordinates": [ 555.0, 395.0 ] } },
{ "type": "Feature", "properties": { "poi_type": "industrial", "density": 0.55160920716771655 }, "geometry": { "type": "Point", "coordinates": [ 565.0, 395.0 ] } },
{ "type": "Feature", "properties": { "poi_type": "industrial", "density": 0.79868108839576879 }, "geometry": { "type": "Point", "coordinates": [ 575.0, 395.0 ] } },
{ "type": "Feature", "properties": { "poi_type": "industrial", "density": 0.65374071489032182 }, "geometry": { "type": "Point", "coordinates": [ 585.0, 395.0 ] } },
{ "type": "Feature", "properties": { "poi_type": "industrial", "density": 0.52841199846478804 }, "geometry": { "type": "Point", "coordinates": [ 595.0, 395.0 ] } },
{ "type": "Feature", "properties": { "poi_type": "industrial", "density": 0.5279173814919248 }, "geometry": { "type": "Point", "coordinates": [ 5.0, 405.0 ] } },
{ "type": "Feature", "properties": { "poi_type": "industrial", "density": 0.77242345924836575 }, "geometry": { "type": "Point", "coordinates": [ 15.0, 405.0 ] } },
{ "type": "Feature", "properties": { "poi_type": "industrial", "density": 0.53290378530755744 }, "geometry": { "type": "Point", "coordinates": [ 25.0, 405.0 ] } },
{ "type": "Feature", "properties": { "poi_type": "industrial", "density": 0.5598024288957042 }, "geometry": { "type": "Point", "coordinates": [ 35.0, 405.0 ] } },
{ "type": "Feature", "properties": { "poi_type": "industrial", "density": 0.54797301494121864 }, "geometry": { "type": "Point", "coordinates": [ 45.0, 405.0 ] } },
{ "type": "Feature", "properties": { "poi_type": "industrial", "density": 0.53574655155527429 }, "geometry": { "type": "Point", "coordinates": [ 55.0, 405.0 ] } },
{ "type": "Feature", "properties": { "poi_type": "industrial", "density": 0.71275518814028693 }, "geometry": { "type": "Point", "coordinates": [ 65.0, 405.0 ] } },
{ "type": "Feature", "properties": { "poi_type": "industrial", "density": 0.70411578276580578 }, "geometry": { "type": "Point", "coordinates": [ 75.0, 405.0 ] } },
{ "type": "Feature", "properties": { "poi_type": "industrial", "density": 0.64777373756308498 }, "geometry": { "type": "Point", "coordinates": [ 105.0, 405.0 ] } },
{ "type": "Feature", "properties": { "poi_type": "industrial", "density": 0.45136416853245176 }, "geometry": { "type": "Point", "coordinates": [ 115.0, 405.0 ] } },
{ "type": "Feature", "properties": { "poi_type": "industrial", "density": 0.58786979254835336 }, "geometry": { "type": "Point", "coordinates": [ 515.0, 405.0 ] } },
{ "type": "Feature", "properties": { "poi_type": "industrial", "density": 0.75346034846676857 }, "geometry": { "type": "Point", "coordinates": [ 525.0, 405.0 ] } },
{ "type": "Feature", "properties": { "poi_type": "industrial", "density": 0.63882912255388102 }, "geometry": { "type": "Point", "coordinates": [ 535.0, 405.0 ] } },
{ "type": "Feature", "properties": { "poi_type": "industrial", "density": 0.74403955376682274 }, "geometry": { "type": "Point", "coordinates": [ 545.0, 405.0 ] } },
{ "type": "Feature", "properties": { "poi_type": "industrial", "density": 0.43643801772556778 }, "geometry": { "type": "Point", "coordinates": [ 555.0, 405.0 ] } },
{ "type": "Feature", "properties": { "poi_type": "industrial", "density": 0.73459095773090499 }, "geometry": { "type": "Point", "coordinates": [ 565.0, 405.0 ] } },
{ "type": "Feature", "properties": { "poi_type": "industrial", "density": 0.57909520215221955 }, "geometry": { "type": "Point", "coordinates": [ 575.0, 405.0 ] } },
{ "type": "Feature", "properties": { "poi_type": "industrial", "density": 0.73572146748553124 }, "geometry": { "type": "Point", "coordinates": [ 585.0, 405.0 ] } },
{ "type": "Feature", "properties": { "poi_type": "industrial", "density": 0.59774229056932215 }, "geometry": { "type": "Point", "coordinates": [ 595.0, 405.0 ] } },
{ "type": "Feature", "properties": { "poi_type": "industrial", "density": 0.47798369468593727 }, "geometry": { "type": "Point", "coordinates": [ 25.0, 415.0 ] } },
{ "type": "Feature", "properties": { "poi_type": "industrial", "density": 0.68549505143944012 }, "geometry": { "type": "Point", "coordinates": [ 35.0, 415.0 ] } },
{ "type": "Feature", "properties": { "poi_type": "industrial", "density": 0.7973873622979466 }, "geometry": { "type": "Point", "coordinates": [ 45.0, 415.0 ] } },
{ "type": "Feature", "properties": { "poi_type": "industrial", "density": 0.61806056216838334 }, "geometry": { "type": "Point", "coordinates": [ 55.0, 415.0 ] } },
{ "type": "Feature", "properties": { "poi_type": "industrial", "density": 0.60205234682252617 }, "geometry": { "type": "Point", "coordinates": [ 65.0, 415.0 ] } },
{ "type": "Feature", "properties": { "poi_type": "industrial", "density": 0.76745227263565641 }, "geometry": { "type": "Point", "coordinates": [ 75.0, 415.0 ] } },
{ "type": "Feature", "properties": { "poi_type": "industrial", "density": 0.75738439422900827 }, "geometry": { "type": "Point", "coordinates": [ 85.0, 415.0 ] } },
{ "type": "Feature", "properties": { "poi_type": "industrial", "density": 0.51736327935059312 }, "geometry": { "type": "Point", "coordinates": [ 95.0, 415.0 ] } },
{ "type": "Feature", "properties": { "poi_type": "industrial", "density": 0.79564417319318226 }, "geometry": { "type": "Point", "coordinates": [ 105.0, 415.0 ] } },
{ "type": "Feature", "properties": { "poi_type": "industrial", "density": 0.49794684560496 }, "geometry": { "type": "Point", "coordinates": [ 115.0, 415.0 ] } },
{ "type": "Feature", "properties": { "poi_type": "industrial", "density": 0.48725788116226276 }, "geometry": { "type": "Point", "coordinates": [ 505.0, 415.0 ] } },
{ "type": "Feature", "properties": { "poi_type": "industrial", "density": 0.40095129623419479 }, "geometry": { "type": "Point", "coordinates": [ 515.0, 415.0 ] } },
{ "type": "Feature", "properties": { "poi_type": "industrial", "density": 0.6831959455771609 }, "geometry": { "type": "Point", "coordinates": [ 525.0, 415.0 ] } },
{ "type": "Feature", "properties": { "poi_type": "industrial", "density": 0.5775433462873224 }, "geometry": { "type": "Point", "coordinates": [ 535.0, 415.0 ] } },
{ "type": "Feature", "properties": { "poi_type": "industrial", "density": 0.73365980376693629 }, "geometry": { "type": "Point", "coordinates": [ 545.0, 415.0 ] } },
{ "type": "Feature", "properties": { "poi_type": "industrial", "density": 0.49227009874459826 }, "geometry": { "type": "Point", "coordinates": [ 555.0, 415.0 ] } },
{ "type": "Feature", "properties": { "poi_type": "industrial", "density": 0.72362843731841875 }, "geometry": { "type": "Point", "coordinates": [ 565.0, 415.0 ] } },
{ "type": "Feature", "properties": { "poi_type": "industrial", "density": 0.71423930235362709 }, "geometry": { "type": "Point", "coordinates": [ 575.0, 415.0 ] } },
{ "type": "Feature", "properties": { "poi_type": "industrial", "density": 0.58927680641484814 }, "geometry": { "type": "Point", "coordinates": [ 585.0, 415.0 ] } },
{ "type": "Feature", "properties": { "poi_type": "industrial", "density": 0.55390348207666884 }, "geometry": { "type": "Point", "coordinates": [ 595.0, 415.0 ] } },
{ "type": "Feature", "properties": { "poi_type": "industrial", "density": 0.71222084084575288 }, "geometry": { "type": "Point", "coordinates": [ 5.0, 485.0 ] } },
{ "type": "Feature", "properties": { "poi_type": "industrial", "density": 0.74981032059884545 }, "geometry": { "type": "Point", "coordinates": [ 15.0, 485.0 ] } },
{ "type": "Feature", "properties": { "poi_type": "industrial", "density": 0.71517322808971173 }, "geometry": { "type": "Point", "coordinates": [ 45.0, 485.0 ] } },
{ "type": "Feature", "properties": { "poi_type": "industrial", "density": 0.60349723044097336 }, "geometry": { "type": "Point", "coordinates": [ 55.0, 485.0 ] } },
{ "type": "Feature", "properties": { "poi_type": "industrial", "density": 0.41821848847436549 }, "geometry": { "type": "Point", "coordinates": [ 65.0, 485.0 ] } },
{ "type": "Feature", "properties": { "poi_type": "industrial", "density": 0.64969822485553075 }, "geometry": { "type": "Point", "coordinates": [ 85.0, 485.0 ] } },
{ "type": "Feature", "properties": { "poi_type": "industrial", "density": 0.67165101012009698 }, "geometry": { "type": "Point", "coordinates": [ 95.0, 485.0 ] } },
{ "type": "Feature", "properties": { "poi_type": "industrial", "density": 0.54474528163866132 }, "geometry": { "type": "Point", "coordinates": [ 105.0, 485.0 ] } },
{ "type": "Feature", "properties": { "poi_type": "industrial", "density": 0.74157113268683938 }, "geometry": { "type": "Point", "coordinates": [ 115.0, 485.0 ] } },
{ "type": "Feature", "properties": { "poi_type": "industrial", "density": 0.63319342180925575 }, "geometry": { "type": "Point", "coordinates": [ 195.0, 485.0 ] } },
{ "type": "Feature", "properties": { "poi_type": "industrial", "density": 0.4643504036450854 }, "geometry": { "type": "Point", "coordinates": [ 355.0, 485.0 ] } },
{ "type": "Feature", "properties": { "poi_type": "industrial", "density": 0.6411136058298752 }, "geometry": { "type": "Point", "coordinates": [ 395.0, 485.0 ] } },
{ "type": "Feature", "properties": { "poi_type": "industrial", "density": 0.57598023171268198 }, "geometry": { "type": "Point", "coordinates": [ 525.0, 485.0 ] } },
{ "type": "Feature", "properties": { "poi_type": "industrial", "density": 0.53032507020234099 }, "geometry": { "type": "Point", "coordinates": [ 535.0, 485.0 ] } },
{ "type": "Feature", "properties": { "poi_type": "industrial", "density": 0.52183738376188737 }, "geometry": { "type": "Point", "coordinates": [ 545.0, 485.0 ] } },
{ "type": "Feature", "properties": { "poi_type": "industrial", "density": 0.62888618332366308 }, "geometry": { "type": "Point", "coordinates": [ 565.0, 485.0 ] } },
{ "type": "Feature", "properties": { "poi_type": "industrial", "density": 0.673286022917857 }, "geometry": { "type": "Point", "coordinates": [ 65.0, 495.0 ] } },
{ "type": "Feature", "properties": { "poi_type": "industrial", "density": 0.75136592803643532 }, "geometry": { "type": "Point", "coordinates": [ 75.0, 495.0 ] } },
{ "type": "Feature", "properties": { "poi_type": "industrial", "density": 0.76668505583314372 }, "geometry": { "type": "Point", "coordinates": [ 95.0, 495.0 ] } },
{ "type": "Feature", "properties": { "poi_type": "industrial", "density": 0.63370204979653344 }, "geometry": { "type": "Point", "coordinates": [ 105.0, 495.0 ] } },
{ "type": "Feature", "properties": { "poi_type": "industrial", "density": 0.77259305318507776 }, "geometry": { "type": "Point", "coordinates": [ 185.0, 495.0 ] } },
{ "type": "Feature", "properties": { "poi_type": "industrial", "density": 0.63288757654962613 }, "geometry": { "type": "Point", "coordinates": [ 245.0, 495.0 ] } },
{ "type": "Feature", "properties": { "poi_type": "industrial", "density": 0.56455073077230111 }, "geometry": { "type": "Point", "coordinates": [ 335.0, 495.0 ] } },
{ "type": "Feature", "properties": { "poi_type": "industrial", "density": 0.5868943323522976 }, "geometry": { "type": "Point", "coordinates": [ 345.0, 495.0 ] } },
{ "type": "Feature", "properties": { "poi_type": "industrial", "density": 0.48397151289554841 }, "geometry": { "type": "Point", "coordinates": [ 365.0, 495.0 ] } },
{ "type": "Feature", "properties": { "poi_type": "industrial", "density": 0.56373065445096027 }, "geometry": { "type": "Point", "coordinates": [ 385.0, 495.0 ] } },
{ "type": "Feature", "properties": { "poi_type": "industrial", "density": 0.66866889805922214 }, "geometry": { "type": "Point", "coordinates": [ 405.0, 495.0 ] } },
{ "type": "Feature", "properties": { "poi_type": "industrial", "density": 0.43338959179840653 }, "geometry": { "type": "Point", "coordinates": [ 415.0, 495.0 ] } },
{ "type": "Feature", "properties": { "poi_type": "industrial", "density": 0.56367725919254963 }, "geometry": { "type": "Point", "coordinates": [ 525.0, 495.0 ] } },
{ "type": "Feature", "properties": { "poi_type": "industrial", "density": 0.59145240534647936 }, "geometry": { "type": "Point", "coordinates": [ 535.0, 495.0 ] } },
{ "type": "Feature", "properties": { "poi_type": "industrial", "density": 0.62525262679922122 }, "geometry": { "type": "Point", "coordinates": [ 545.0, 495.0 ] } },
{ "type": "Feature", "properties": { "poi_type": "industrial", "density": 0.51167512608277821 }, "geometry": { "type": "Point", "coordinates": [ 555.0, 495.0 ] } },
{ "type": "Feature", "properties": { "poi_type": "industrial", "density": 0.77795885666887665 }, "geometry": { "type": "Point", "coordinates": [ 575.0, 495.0 ] } },
{ "type": "Feature", "properties": { "poi_type": "industrial", "density": 0.56356504575604083 }, "geometry": { "type": "Point", "coordinates": [ 55.0, 505.0 ] } },
{ "type": "Feature", "properties": { "poi_type": "industrial", "density": 0.47048290315016189 }, "geometry": { "type": "Point", "coordinates": [ 105.0, 505.0 ] } },
{ "type": "Feature", "properties": { "poi_type": "industrial", "density": 0.7671620720609158 }, "geometry": { "type": "Point", "coordinates": [ 115.0, 505.0 ] } },
{ "type": "Feature", "properties": { "poi_type": "industrial", "density": 0.56878866448208909 }, "geometry": { "type": "Point", "coordinates": [ 185.0, 505.0 ] } },
{ "type": "Feature", "properties": { "poi_type": "industrial", "density": 0.75068315729361634 }, "geometry": { "type": "Point", "coordinates": [ 205.0, 505.0 ] } },
{ "type": "Feature", "properties": { "poi_type": "industrial", "density": 0.42155791710750901 }, "geometry": { "type": "Point", "coordinates": [ 235.0, 505.0 ] } },
{ "type": "Feature", "properties": { "poi_type": "industrial", "density": 0.79565733373715197 }, "geometry": { "type": "Point", "coordinates": [ 355.0, 505.0 ] } },
{ "type": "Feature", "properties": { "poi_type": "industrial", "density": 0.70759698200222598 }, "geometry": { "type": "Point", "coordinates": [ 375.0, 505.0 ] } },
{ "type": "Feature", "properties": { "poi_type": "industrial", "density": 0.69937160840458457 }, "geometry": { "type": "Point", "coordinates": [ 395.0, 505.0 ] } },
{ "type": "Feature", "properties": { "poi_type": "industrial", "density": 0.615848147759821 }, "geometry": { "type": "Point", "coordinates": [ 415.0, 505.0 ] } },
{ "type": "Feature", "properties": { "poi_type": "industrial", "density": 0.50500056140850103 }, "geometry": { "type": "Point", "coordinates": [ 555.0, 505.0 ] } },
{ "type": "Feature", "properties": { "poi_type": "industrial", "density": 0.69116227562791455 }, "geometry": { "type": "Point", "coordinates": [ 565.0, 505.0 ] } },
{ "type": "Feature", "properties": { "poi_type": "industrial", "density": 0.6027499298039396 }, "geometry": { "type": "Point", "coordinates": [ 75.0, 515.0 ] } },
{ "type": "Feature", "properties": { "poi_type": "industrial", "density": 0.69507305425349952 }, "geometry": { "type": "Point", "coordinates": [ 85.0, 515.0 ] } },
{ "type": "Feature", "properties": { "poi_type": "industrial", "density": 0.78548565713592899 }, "geometry": { "type": "Point", "coordinates": [ 95.0, 515.0 ] } },
{ "type": "Feature", "properties": { "poi_type": "industrial", "density": 0.45140609469812087 }, "geometry": { "type": "Point", "coordinates": [ 105.0, 515.0 ] } },
{ "type": "Feature", "properties": { "poi_type": "industrial", "density": 0.65285617081124925 }, "geometry": { "type": "Point", "coordinates": [ 115.0, 515.0 ] } },
{ "type": "Feature", "properties": { "poi_type": "industrial", "density": 0.67440257554047744 }, "geometry": { "type": "Point", "coordinates": [ 185.0, 515.0 ] } },
{ "type": "Feature", "properties": { "poi_type": "industrial", "density": 0.67788991042781044 }, "geometry": { "type": "Point", "coordinates": [ 195.0, 515.0 ] } },
{ "type": "Feature", "properties": { "poi_type": "industrial", "density": 0.74269764710403119 }, "geometry": { "type": "Point", "coordinates": [ 205.0, 515.0 ] } },
{ "type": "Feature", "properties": { "poi_type": "industrial", "density": 0.65354678574985758 }, "geometry": { "type": "Point", "coordinates": [ 215.0, 515.0 ] } },
{ "type": "Feature", "properties": { "poi_type": "industrial", "density": 0.49271862977159958 }, "geometry": { "type": "Point", "coordinates": [ 245.0, 515.0 ] } },
{ "type": "Feature", "properties": { "poi_type": "industrial", "density": 0.40774625878274551 }, "geometry": { "type": "Point", "coordinates": [ 255.0, 515.0 ] } },
{ "type": "Feature", "properties": { "poi_type": "industrial", "density": 0.60374479317193308 }, "geometry": { "type": "Point", "coordinates": [ 265.0, 515.0 ] } },
{ "type": "Feature", "properties": { "poi_type": "industrial", "density": 0.69195648061720294 }, "geometry": { "type": "Point", "coordinates": [ 335.0, 515.0 ] } },
{ "type": "Feature", "properties": { "poi_type": "industrial", "density": 0.49288338654517783 }, "geometry": { "type": "Point", "coordinates": [ 355.0, 515.0 ] } },
{ "type": "Feature", "properties": { "poi_type": "industrial", "density": 0.55532158843496437 }, "geometry": { "type": "Point", "coordinates": [ 365.0, 515.0 ] } },
{ "type": "Feature", "properties": { "poi_type": "industrial", "density": 0.58169776765249037 }, "geometry": { "type": "Point", "coordinates": [ 385.0, 515.0 ] } },
{ "type": "Feature", "properties": { "poi_type": "industrial", "density": 0.66278455809669268 }, "geometry": { "type": "Point", "coordinates": [ 405.0, 515.0 ] } },
{ "type": "Feature", "properties": { "poi_type": "industrial", "density": 0.68743115798473342 }, "geometry": { "type": "Point", "coordinates": [ 415.0, 515.0 ] } },
{ "type": "Feature", "properties": { "poi_type": "industrial", "density": 0.48741561822661744 }, "geometry": { "type": "Point", "coordinates": [ 65.0, 525.0 ] } },
{ "type": "Feature", "properties": { "poi_type": "industrial", "density": 0.56801507707411925 }, "geometry": { "type": "Point", "coordinates": [ 85.0, 525.0 ] } },
{ "type": "Feature", "properties": { "poi_type": "industrial", "density": 0.53142675510795767 }, "geometry": { "type": "Point", "coordinates": [ 115.0, 525.0 ] } },
{ "type": "Feature", "properties": { "poi_type": "industrial", "density": 0.78300440480649214 }, "geometry": { "type": "Point", "coordinates": [ 185.0, 525.0 ] } },
{ "type": "Feature", "properties": { "poi_type": "industrial", "density": 0.64525015860739243 }, "geometry": { "type": "Point", "coordinates": [ 195.0, 525.0 ] } },
{ "type": "Feature", "properties": { "poi_type": "industrial", "density": 0.76591050154151041 }, "geometry": { "type": "Point", "coordinates": [ 205.0, 525.0 ] } },
{ "type": "Feature", "properties": { "poi_type": "industrial", "density": 0.46696734041484511 }, "geometry": { "type": "Point", "coordinates": [ 225.0, 525.0 ] } },
{ "type": "Feature", "properties": { "poi_type": "industrial", "density": 0.45608227836337795 }, "geometry": { "type": "Point", "coordinates": [ 235.0, 525.0 ] } },
{ "type": "Feature", "properties": { "poi_type": "industrial", "density": 0.61483673431804242 }, "geometry": { "type": "Point", "coordinates": [ 245.0, 525.0 ] } },
{ "type": "Feature", "properties": { "poi_type": "industrial", "density": 0.59041628292159887 }, "geometry": { "type": "Point", "coordinates": [ 255.0, 525.0 ] } },
{ "type": "Feature", "properties": { "poi_type": "industrial", "density": 0.60495094178594733 }, "geometry": { "type": "Point", "coordinates": [ 335.0, 525.0 ] } },
{ "type": "Feature", "properties": { "poi_type": "industrial", "density": 0.70273098254419109 }, "geometry": { "type": "Point", "coordinates": [ 385.0, 525.0 ] } },
{ "type": "Feature", "properties": { "poi_type": "industrial", "density": 0.58433549869240464 }, "geometry": { "type": "Point", "coordinates": [ 405.0, 525.0 ] } },
{ "type": "Feature", "properties": { "poi_type": "industrial", "density": 0.45279624911270555 }, "geometry": { "type": "Point", "coordinates": [ 415.0, 525.0 ] } },
{ "type": "Feature", "properties": { "poi_type": "industrial", "density": 0.48158255099369635 }, "geometry": { "type": "Point", "coordinates": [ 485.0, 525.0 ] } },
{ "type": "Feature", "properties": { "poi_type": "industrial", "density": 0.71850433350408949 }, "geometry": { "type": "Point", "coordinates": [ 495.0, 525.0 ] } },
{ "type": "Feature", "properties": { "poi_type": "industrial", "density": 0.66282462784779406 }, "geometry": { "type": "Point", "coordinates": [ 565.0, 525.0 ] } },
{ "type": "Feature", "properties": { "poi_type": "industrial", "density": 0.50860812499042862 }, "geometry": { "type": "Point", "coordinates": [ 65.0, 535.0 ] } },
{ "type": "Feature", "properties": { "poi_type": "industrial", "density": 0.51860334129801511 }, "geometry": { "type": "Point", "coordinates": [ 105.0, 535.0 ] } },
{ "type": "Feature", "properties": { "poi_type": "industrial", "density": 0.49083555501493992 }, "geometry": { "type": "Point", "coordinates": [ 115.0, 535.0 ] } },
{ "type": "Feature", "properties": { "poi_type": "industrial", "density": 0.51860832224416176 }, "geometry": { "type": "Point", "coordinates": [ 185.0, 535.0 ] } },
{ "type": "Feature", "properties": { "poi_type": "industrial", "density": 0.65648982820769719 }, "geometry": { "type": "Point", "coordinates": [ 205.0, 535.0 ] } },
{ "type": "Feature", "properties": { "poi_type": "industrial", "density": 0.48046899718185659 }, "geometry": { "type": "Point", "coordinates": [ 215.0, 535.0 ] } },
{ "type": "Feature", "properties": { "poi_type": "industrial", "density": 0.74189761642949648 }, "geometry": { "type": "Point", "coordinates": [ 225.0, 535.0 ] } },
{ "type": "Feature", "properties": { "poi_type": "industrial", "density": 0.52498514369409544 }, "geometry": { "type": "Point", "coordinates": [ 235.0, 535.0 ] } },
{ "type": "Feature", "properties": { "poi_type": "industrial", "density": 0.68519190993438039 }, "geometry": { "type": "Point", "coordinates": [ 245.0, 535.0 ] } },
{ "type": "Feature", "properties": { "poi_type": "industrial", "density": 0.44465961029835288 }, "geometry": { "type": "Point", "coordinates": [ 255.0, 535.0 ] } },
{ "type": "Feature", "properties": { "poi_type": "industrial", "density": 0.43832425542576359 }, "geometry": { "type": "Point", "coordinates": [ 265.0, 535.0 ] } },
{ "type": "Feature", "properties": { "poi_type": "industrial", "density": 0.65990965818383474 }, "geometry": { "type": "Point", "coordinates": [ 335.0, 535.0 ] } },
{ "type": "Feature", "properties": { "poi_type": "industrial", "density": 0.46517574432082903 }, "geometry": { "type": "Point", "coordinates": [ 345.0, 535.0 ] } },
{ "type": "Feature", "properties": { "poi_type": "industrial", "density": 0.52709626148415967 }, "geometry": { "type": "Point", "coordinates": [ 355.0, 535.0 ] } },
{ "type": "Feature", "properties": { "poi_type": "industrial", "density": 0.60596518530340682 }, "geometry": { "type": "Point", "coordinates": [ 375.0, 535.0 ] } },
{ "type": "Feature", "properties": { "poi_type": "industrial", "density": 0.70730318812517234 }, "geometry": { "type": "Point", "coordinates": [ 385.0, 535.0 ] } },
{ "type": "Feature", "properties": { "poi_type": "industrial", "density": 0.59510363641202091 }, "geometry": { "type": "Point", "coordinates": [ 395.0, 535.0 ] } },
{ "type": "Feature", "properties": { "poi_type": "industrial", "density": 0.71202220294933327 }, "geometry": { "type": "Point", "coordinates": [ 405.0, 535.0 ] } },
{ "type": "Feature", "properties": { "poi_type": "industrial", "density": 0.43677382125628339 }, "geometry": { "type": "Point", "coordinates": [ 415.0, 535.0 ] } },
{ "type": "Feature", "properties": { "poi_type": "industrial", "density": 0.69022953022167599 }, "geometry": { "type": "Point", "coordinates": [ 485.0, 535.0 ] } },
{ "type": "Feature", "properties": { "poi_type": "industrial", "density": 0.75179893059323399 }, "geometry": { "type": "Point", "coordinates": [ 505.0, 535.0 ] } },
{ "type": "Feature", "properties": { "poi_type": "industrial", "density": 0.62462548333234458 }, "geometry": { "type": "Point", "coordinates": [ 75.0, 545.0 ] } },
{ "type": "Feature", "properties": { "poi_type": "industrial", "density": 0.79998625976309945 }, "geometry": { "type": "Point", "coordinates": [ 95.0, 545.0 ] } },
{ "type": "Feature", "properties": { "poi_type": "industrial", "density": 0.56424529932027934 }, "geometry": { "type": "Point", "coordinates": [ 195.0, 545.0 ] } },
{ "type": "Feature", "properties": { "poi_type": "industrial", "density": 0.72625439062000097 }, "geometry": { "type": "Point", "coordinates": [ 205.0, 545.0 ] } },
{ "type": "Feature", "properties": { "poi_type": "industrial", "density": 0.76309065227064909 }, "geometry": { "type": "Point", "coordinates": [ 215.0, 545.0 ] } },
{ "type": "Feature", "properties": { "poi_type": "industrial", "density": 0.77841986668698904 }, "geometry": { "type": "Point", "coordinates": [ 235.0, 545.0 ] } },
{ "type": "Feature", "properties": { "poi_type": "industrial", "density": 0.54215659778456815 }, "geometry": { "type": "Point", "coordinates": [ 255.0, 545.0 ] } },
{ "type": "Feature", "properties": { "poi_type": "industrial", "density": 0.71140579579739927 }, "geometry": { "type": "Point", "coordinates": [ 265.0, 545.0 ] } },
{ "type": "Feature", "properties": { "poi_type": "industrial", "density": 0.72117859029714815 }, "geometry": { "type": "Point", "coordinates": [ 335.0, 545.0 ] } },
{ "type": "Feature", "properties": { "poi_type": "industrial", "density": 0.46281912134666792 }, "geometry": { "type": "Point", "coordinates": [ 355.0, 545.0 ] } },
{ "type": "Feature", "properties": { "poi_type": "industrial", "density": 0.71214652819200452 }, "geometry": { "type": "Point", "coordinates": [ 365.0, 545.0 ] } },
{ "type": "Feature", "properties": { "poi_type": "industrial", "density": 0.58463906714242742 }, "geometry": { "type": "Point", "coordinates": [ 375.0, 545.0 ] } },
{ "type": "Feature", "properties": { "poi_type": "industrial", "density": 0.51464765276648561 }, "geometry": { "type": "Point", "coordinates": [ 385.0, 545.0 ] } },
{ "type": "Feature", "properties": { "poi_type": "industrial", "density": 0.40112099100604448 }, "geometry": { "type": "Point", "coordinates": [ 395.0, 545.0 ] } },
{ "type": "Feature", "properties": { "poi_type": "industrial", "density": 0.42163522028778821 }, "geometry": { "type": "Point", "coordinates": [ 405.0, 545.0 ] } },
{ "type": "Feature", "properties": { "poi_type": "industrial", "density": 0.62272564554441467 }, "geometry": { "type": "Point", "coordinates": [ 415.0, 545.0 ] } },
{ "type": "Feature", "properties": { "poi_type": "industrial", "density": 0.79112583157144556 }, "geometry": { "type": "Point", "coordinates": [ 485.0, 545.0 ] } },
{ "type": "Feature", "properties": { "poi_type": "industrial", "density": 0.63562595886259943 }, "geometry": { "type": "Point", "coordinates": [ 495.0, 545.0 ] } },
{ "type": "Feature", "properties": { "poi_type": "industrial", "density": 0.41866137206959742 }, "geometry": { "type": "Point", "coordinates": [ 515.0, 545.0 ] } },
{ "type": "Feature", "properties": { "poi_type": "industrial", "density": 0.57475205872896762 }, "geometry": { "type": "Point", "coordinates": [ 185.0, 555.0 ] } },
{ "type": "Feature", "properties": { "poi_type": "industrial", "density": 0.63107180651494132 }, "geometry": { "type": "Point", "coordinates": [ 205.0, 555.0 ] } },
{ "type": "Feature", "properties": { "poi_type": "industrial", "density": 0.65803624149048978 }, "geometry": { "type": "Point", "coordinates": [ 215.0, 555.0 ] } },
{ "type": "Feature", "properties": { "poi_type": "industrial", "density": 0.54576377172744195 }, "geometry": { "type": "Point", "coordinates": [ 225.0, 555.0 ] } },
{ "type": "Feature", "properties": { "poi_type": "industrial", "density": 0.65955583749483271 }, "geometry": { "type": "Point", "coordinates": [ 235.0, 555.0 ] } },
{ "type": "Feature", "properties": { "poi_type": "industrial", "density": 0.71420994259549075 }, "geometry": { "type": "Point", "coordinates": [ 245.0, 555.0 ] } },
{ "type": "Feature", "properties": { "poi_type": "industrial", "density": 0.42093917877440945 }, "geometry": { "type": "Point", "coordinates": [ 255.0, 555.0 ] } },
{ "type": "Feature", "properties": { "poi_type": "industrial", "density": 0.51260289108371448 }, "geometry": { "type": "Point", "coordinates": [ 265.0, 555.0 ] } },
{ "type": "Feature", "properties": { "poi_type": "industrial", "density": 0.60949915984285274 }, "geometry": { "type": "Point", "coordinates": [ 335.0, 555.0 ] } },
{ "type": "Feature", "properties": { "poi_type": "industrial", "density": 0.51820849386136414 }, "geometry": { "type": "Point", "coordinates": [ 345.0, 555.0 ] } },
{ "type": "Feature", "properties": { "poi_type": "industrial", "density": 0.71448199229665477 }, "geometry": { "type": "Point", "coordinates": [ 355.0, 555.0 ] } },
{ "type": "Feature", "properties": { "poi_type": "industrial", "density": 0.46093844585080335 }, "geometry": { "type": "Point", "coordinates": [ 365.0, 555.0 ] } },
{ "type": "Feature", "properties": { "poi_type": "industrial", "density": 0.71792051793937806 }, "geometry": { "type": "Point", "coordinates": [ 375.0, 555.0 ] } },
{ "type": "Feature", "properties": { "poi_type": "industrial", "density": 0.75910558598991684 }, "geometry": { "type": "Point", "coordinates": [ 385.0, 555.0 ] } },
{ "type": "Feature", "properties": { "poi_type": "industrial", "density": 0.53408107871853427 }, "geometry": { "type": "Point", "coordinates": [ 395.0, 555.0 ] } },
{ "type": "Feature", "properties": { "poi_type": "industrial", "density": 0.6969834887028723 }, "geometry": { "type": "Point", "coordinates": [ 405.0, 555.0 ] } },
{ "type": "Feature", "properties": { "poi_type": "industrial", "density": 0.65604654645555693 }, "geometry": { "type": "Point", "coordinates": [ 495.0, 555.0 ] } },
{ "type": "Feature", "properties": { "poi_type": "industrial", "density": 0.44261027843826517 }, "geometry": { "type": "Point", "coordinates": [ 115.0, 565.0 ] } },
{ "type": "Feature", "properties": { "poi_type": "industrial", "density": 0.78591566690078207 }, "geometry": { "type": "Point", "coordinates": [ 185.0, 565.0 ] } },
{ "type": "Feature", "properties": { "poi_type": "industrial", "density": 0.51580737109481523 }, "geometry": { "type": "Point", "coordinates": [ 215.0, 565.0 ] } },
{ "type": "Feature", "properties": { "poi_type": "industrial", "density": 0.62969174082457102 }, "geometry": { "type": "Point", "coordinates": [ 225.0, 565.0 ] } },
{ "type": "Feature", "properties": { "poi_type": "industrial", "density": 0.52088028549219723 }, "geometry": { "type": "Point", "coordinates": [ 235.0, 565.0 ] } },
{ "type": "Feature", "properties": { "poi_type": "industrial", "density": 0.56424920697566816 }, "geometry": { "type": "Point", "coordinates": [ 245.0, 565.0 ] } },
{ "type": "Feature", "properties": { "poi_type": "industrial", "density": 0.79978701271455133 }, "geometry": { "type": "Point", "coordinates": [ 255.0, 565.0 ] } },
{ "type": "Feature", "properties": { "poi_type": "industrial", "density": 0.61226192520919553 }, "geometry": { "type": "Point", "coordinates": [ 265.0, 565.0 ] } },
{ "type": "Feature", "properties": { "poi_type": "industrial", "density": 0.79799971979482009 }, "geometry": { "type": "Point", "coordinates": [ 335.0, 565.0 ] } },
{ "type": "Feature", "properties": { "poi_type": "industrial", "density": 0.59690419992994781 }, "geometry": { "type": "Point", "coordinates": [ 345.0, 565.0 ] } },
{ "type": "Feature", "properties": { "poi_type": "industrial", "density": 0.50977592783979353 }, "geometry": { "type": "Point", "coordinates": [ 355.0, 565.0 ] } },
{ "type": "Feature", "properties": { "poi_type": "industrial", "density": 0.63065717129660781 }, "geometry": { "type": "Point", "coordinates": [ 365.0, 565.0 ] } },
{ "type": "Feature", "properties": { "poi_type": "industrial", "density": 0.70047492110221321 }, "geometry": { "type": "Point", "coordinates": [ 375.0, 565.0 ] } },
{ "type": "Feature", "properties": { "poi_type": "industrial", "density": 0.40009935366665217 }, "geometry": { "type": "Point", "coordinates": [ 395.0, 565.0 ] } },
{ "type": "Feature", "properties": { "poi_type": "industrial", "density": 0.58139796506500674 }, "geometry": { "type": "Point", "coordinates": [ 405.0, 565.0 ] } },
{ "type": "Feature", "properties": { "poi_type": "industrial", "density": 0.76276256652177621 }, "geometry": { "type": "Point", "coordinates": [ 415.0, 565.0 ] } },
{ "type": "Feature", "properties": { "poi_type": "industrial", "density": 0.61723451592657141 }, "geometry": { "type": "Point", "coordinates": [ 485.0, 565.0 ] } },
{ "type": "Feature", "properties": { "poi_type": "industrial", "density": 0.54673806793035251 }, "geometry": { "type": "Point", "coordinates": [ 505.0, 565.0 ] } },
{ "type": "Feature", "properties": { "poi_type": "industrial", "density": 0.42202903941729258 }, "geometry": { "type": "Point", "coordinates": [ 185.0, 575.0 ] } },
{ "type": "Feature", "properties": { "poi_type": "industrial", "density": 0.5710968468695059 }, "geometry": { "type": "Point", "coordinates": [ 195.0, 575.0 ] } },
{ "type": "Feature", "properties": { "poi_type": "industrial", "density": 0.62162564226678152 }, "geometry": { "type": "Point", "coordinates": [ 215.0, 575.0 ] } },
{ "type": "Feature", "properties": { "poi_type": "industrial", "density": 0.46316607978154145 }, "geometry": { "type": "Point", "coordinates": [ 225.0, 575.0 ] } },
{ "type": "Feature", "properties": { "poi_type": "industrial", "density": 0.76792197394764161 }, "geometry": { "type": "Point", "coordinates": [ 235.0, 575.0 ] } },
{ "type": "Feature", "properties": { "poi_type": "industrial", "density": 0.60878225600628444 }, "geometry": { "type": "Point", "coordinates": [ 245.0, 575.0 ] } },
{ "type": "Feature", "properties": { "poi_type": "industrial", "density": 0.44571822074499118 }, "geometry": { "type": "Point", "coordinates": [ 265.0, 575.0 ] } },
{ "type": "Feature", "properties": { "poi_type": "industrial", "density": 0.43069850563017492 }, "geometry": { "type": "Point", "coordinates": [ 335.0, 575.0 ] } },
{ "type": "Feature", "properties": { "poi_type": "industrial", "density": 0.5362473130875508 }, "geometry": { "type": "Point", "coordinates": [ 355.0, 575.0 ] } },
{ "type": "Feature", "properties": { "poi_type": "industrial", "density": 0.63295830461389002 }, "geometry": { "type": "Point", "coordinates": [ 365.0, 575.0 ] } },
{ "type": "Feature", "properties": { "poi_type": "industrial", "density": 0.53825138593285671 }, "geometry": { "type": "Point", "coordinates": [ 385.0, 575.0 ] } },
{ "type": "Feature", "properties": { "poi_type": "industrial", "density": 0.73740294615537061 }, "geometry": { "type": "Point", "coordinates": [ 395.0, 575.0 ] } },
{ "type": "Feature", "properties": { "poi_type": "industrial", "density": 0.66466950641001943 }, "geometry": { "type": "Point", "coordinates": [ 485.0, 575.0 ] } },
{ "type": "Feature", "properties": { "poi_type": "industrial", "density": 0.45681918563240498 }, "geometry": { "type": "Point", "coordinates": [ 95.0, 585.0 ] } },
{ "type": "Feature", "properties": { "poi_type": "industrial", "density": 0.72367282330569394 }, "geometry": { "type": "Point", "coordinates": [ 185.0, 585.0 ] } },
{ "type": "Feature", "properties": { "poi_type": "industrial", "density": 0.71289747724238728 }, "geometry": { "type": "Point", "coordinates": [ 195.0, 585.0 ] } },
{ "type": "Feature", "properties": { "poi_type": "industrial", "density": 0.57651524901081475 }, "geometry": { "type": "Point", "coordinates": [ 215.0, 585.0 ] } },
{ "type": "Feature", "properties": { "poi_type": "industrial", "density": 0.69459308916184515 }, "geometry": { "type": "Point", "coordinates": [ 225.0, 585.0 ] } },
{ "type": "Feature", "properties": { "poi_type": "industrial", "density": 0.52332157860008122 }, "geometry": { "type": "Point", "coordinates": [ 235.0, 585.0 ] } },
{ "type": "Feature", "properties": { "poi_type": "industrial", "density": 0.68890934871114218 }, "geometry": { "type": "Point", "coordinates": [ 245.0, 585.0 ] } },
{ "type": "Feature", "properties": { "poi_type": "industrial", "density": 0.42109246219762075 }, "geometry": { "type": "Point", "coordinates": [ 255.0, 585.0 ] } },
{ "type": "Feature", "properties": { "poi_type": "industrial", "density": 0.75728515460172674 }, "geometry": { "type": "Point", "coordinates": [ 265.0, 585.0 ] } },
{ "type": "Feature", "properties": { "poi_type": "industrial", "density": 0.65868970264760351 }, "geometry": { "type": "Point", "coordinates": [ 335.0, 585.0 ] } },
{ "type": "Feature", "properties": { "poi_type": "industrial", "density": 0.64598487804628402 }, "geometry": { "type": "Point", "coordinates": [ 345.0, 585.0 ] } },
{ "type": "Feature", "properties": { "poi_type": "industrial", "density": 0.74162639470340952 }, "geometry": { "type": "Point", "coordinates": [ 355.0, 585.0 ] } },
{ "type": "Feature", "properties": { "poi_type": "industrial", "density": 0.63710128890908202 }, "geometry": { "type": "Point", "coordinates": [ 365.0, 585.0 ] } },
{ "type": "Feature", "properties": { "poi_type": "industrial", "density": 0.4083859270805692 }, "geometry": { "type": "Point", "coordinates": [ 375.0, 585.0 ] } },
{ "type": "Feature", "properties": { "poi_type": "industrial", "density": 0.57801418775644542 }, "geometry": { "type": "Point", "coordinates": [ 385.0, 585.0 ] } },
{ "type": "Feature", "properties": { "poi_type": "industrial", "density": 0.59116052387469131 }, "geometry": { "type": "Point", "coordinates": [ 395.0, 585.0 ] } },
{ "type": "Feature", "properties": { "poi_type": "industrial", "density": 0.56095154054769736 }, "geometry": { "type": "Point", "coordinates": [ 405.0, 585.0 ] } },
{ "type": "Feature", "properties": { "poi_type": "industrial", "density": 0.57712210048689272 }, "geometry": { "type": "Point", "coordinates": [ 415.0, 585.0 ] } },
{ "type": "Feature", "properties": { "poi_type": "industrial", "density": 0.7736563862100454 }, "geometry": { "type": "Point", "coordinates": [ 485.0, 585.0 ] } },
{ "type": "Feature", "properties": { "poi_type": "industrial", "density": 0.6886727803888868 }, "geometry": { "type": "Point", "coordinates": [ 495.0, 585.0 ] } },
{ "type": "Feature", "properties": { "poi_type": "industrial", "density": 0.63516907097224229 }, "geometry": { "type": "Point", "coordinates": [ 115.0, 595.0 ] } },
{ "type": "Feature", "properties": { "poi_type": "industrial", "density": 0.48979886314056392 }, "geometry": { "type": "Point", "coordinates": [ 185.0, 595.0 ] } },
{ "type": "Feature", "properties": { "poi_type": "industrial", "density": 0.53682112318180442 }, "geometry": { "type": "Point", "coordinates": [ 195.0, 595.0 ] } },
{ "type": "Feature", "properties": { "poi_type": "industrial", "density": 0.58756402686885556 }, "geometry": { "type": "Point", "coordinates": [ 205.0, 595.0 ] } },
{ "type": "Feature", "properties": { "poi_type": "industrial", "density": 0.41325365152822746 }, "geometry": { "type": "Point", "coordinates": [ 215.0, 595.0 ] } },
{ "type": "Feature", "properties": { "poi_type": "industrial", "density": 0.4280382554525034 }, "geometry": { "type": "Point", "coordinates": [ 225.0, 595.0 ] } },
{ "type": "Feature", "properties": { "poi_type": "industrial", "density": 0.73008678347436717 }, "geometry": { "type": "Point", "coordinates": [ 245.0, 595.0 ] } },
{ "type": "Feature", "properties": { "poi_type": "industrial", "density": 0.42378402013686989 }, "geometry": { "type": "Point", "coordinates": [ 265.0, 595.0 ] } },
{ "type": "Feature", "properties": { "poi_type": "industrial", "density": 0.73955513165711562 }, "geometry": { "type": "Point", "coordinates": [ 335.0, 595.0 ] } },
{ "type": "Feature", "properties": { "poi_type": "industrial", "density": 0.44408470260015614 }, "geometry": { "type": "Point", "coordinates": [ 345.0, 595.0 ] } },
{ "type": "Feature", "properties": { "poi_type": "industrial", "density": 0.48580009633097981 }, "geometry": { "type": "Point", "coordinates": [ 355.0, 595.0 ] } },
{ "type": "Feature", "properties": { "poi_type": "industrial", "density": 0.63292668258836438 }, "geometry": { "type": "Point", "coordinates": [ 365.0, 595.0 ] } },
{ "type": "Feature", "properties": { "poi_type": "industrial", "density": 0.64398864560500946 }, "geometry": { "type": "Point", "coordinates": [ 385.0, 595.0 ] } }
]
}
