{
"type": "FeatureCollection",
"name": "roads",
"crs": { "type": "name", "properties": { "name": "urn:ogc:def:crs:OGC:1.3:CRS84" } },
"features": [
{ "type": "Feature", "properties": { "type": "road_segment", "direction": "horizontal" }, "geometry": { "type": "LineString", "coordinates": [ [ 0.0, 0.0 ], [ 10.0, 0.0 ] ] } },
{ "type": "Feature", "properties": { "type": "road_segment", "direction": "horizontal" }, "geometry": { "type": "LineString", "coordinates": [ [ 210.0, 0.0 ], [ 220.0, 0.0 ] ] } },
{ "type": "Feature", "properties": { "type": "road_segment", "direction": "horizontal" }, "geometry": { "type": "LineString", "coordinates": [ [ 220.0, 0.0 ], [ 230.0, 0.0 ] ] } },
{ "type": "Feature", "properties": { "type": "road_segment", "direction": "horizontal" }, "geometry": { "type": "LineString", "coordinates": [ [ 230.0, 0.0 ], [ 240.0, 0.0 ] ] } },
{ "type": "Feature", "properties": { "type": "road_segment", "direction": "horizontal" }, "geometry": { "type": "LineString", "coordinates": [ [ 290.0, 0.0 ], [ 300.0, 0.0 ] ] } },
{ "type": "Feature", "properties": { "type": "road_segment", "direction": "horizontal" }, "geometry": { "type": "LineString", "coordinates": [ [ 300.0, 0.0 ], [ 310.0, 0.0 ] ] } },
{ "type": "Feature", "properties": { "type": "road_segment", "direction": "horizontal" }, "geometry": { "type": "LineString", "coordinates": [ [ 350.0, 0.0 ], [ 360.0, 0.0 ] ] } },
{ "type": "Feature", "properties": { "type": "road_segment", "direction": "horizontal" }, "geometry": { "type": "LineString", "coordinates": [ [ 460.0, 0.0 ], [ 470.0, 0.0 ] ] } },
{ "type": "Feature", "properties": { "type": "road_segment", "direction": "horizontal" }, "geometry": { "type": "LineString", "coordinates": [ [ 0.0, 10.0 ], [ 10.0, 10.0 ] ] } },
{ "type": "Feature", "properties": { "type": "road_segment", "direction": "horizontal" }, "geometry": { "type": "LineString", "coordinates": [ [ 190.0, 10.0 ], [ 200.0, 10.0 ] ] } },
{ "type": "Feature", "properties": { "type": "road_segment", "direction": "horizontal" }, "geometry": { "type": "LineString", "coordinates": [ [ 200.0, 10.0 ], [ 210.0, 10.0 ] ] } },
{ "type": "Feature", "properties": { "type": "road_segment", "direction": "horizontal" }, "geometry": { "type": "LineString", "coordinates": [ [ 230.0, 10.0 ], [ 240.0, 10.0 ] ] } },
{ "type": "Feature", "properties": { "type": "road_segment", "direction": "horizontal" }, "geometry": { "type": "LineString", "coordinates": [ [ 290.0, 10.0 ], [ 300.0, 10.0 ] ] } },
{ "type": "Feature", "properties": { "type": "road_segment", "direction": "horizontal" }, "geometry": { "type": "LineString", "coordinates": [ [ 300.0, 10.0 ], [ 310.0, 10.0 ] ] } },
{ "type": "Feature", "properties": { "type": "road_segment", "direction": "horizontal" }, "geometry": { "type": "LineString", "coordinates": [ [ 340.0, 10.0 ], [ 350.0, 10.0 ] ] } },
{ "type": "Feature", "properties": { "type": "road_segment", "direction": "horizontal" }, "geometry": { "type": "LineString", "coordinates": [ [ 350.0, 10.0 ], [ 360.0, 10.0 ] ] } },
{ "type": "Feature", "properties": { "type": "road_segment", "direction": "horizontal" }, "geometry": { "type": "LineString", "coordinates": [ [ 390.0, 10.0 ], [ 400.0, 10.0 ] ] } },
{ "type": "Feature", "properties": { "type": "road_segment", "direction": "horizontal" }, "geometry": { "type": "LineString", "coordinates": [ [ 400.0, 10.0 ], [ 410.0, 10.0 ] ] } },
{ "type": "Feature", "properties": { "type": "road_segment", "direction": "horizontal" }, "geometry": { "type": "LineString", "coordinates": [ [ 460.0, 10.0 ], [ 470.0, 10.0 ] ] } },
{ "type": "Feature", "properties": { "type": "road_segment", "direction": "horizontal" }, "geometry": { "type": "LineString", "coordinates": [ [ 190.0, 20.0 ], [ 200.0, 20.0 ] ] } },
{ "type": "Feature", "properties": { "type": "road_segment", "direction": "horizontal" }, "geometry": { "type": "LineString", "coordinates": [ [ 290.0, 20.0 ], [ 300.0, 20.0 ] ] } },
{ "type": "Feature", "properties": { "type": "road_segment", "direction": "horizontal" }, "geometry": { "type": "LineString", "coordinates": [ [ 300.0, 20.0 ], [ 310.0, 20.0 ] ] } },
{ "type": "Feature", "properties": { "type": "road_segment", "direction": "horizontal" }, "geometry": { "type": "LineString", "coordinates": [ [ 390.0, 20.0 ], [ 400.0, 20.0 ] ] } },
{ "type": "Feature", "properties": { "type": "road_segment", "direction": "horizontal" }, "geometry": { "type": "LineString", "coordinates": [ [ 400.0, 20.0 ], [ 410.0, 20.0 ] ] } },
{ "type": "Feature", "properties": { "type": "road_segment", "direction": "horizontal" }, "geometry": { "type": "LineString", "coordinates": [ [ 190.0, 30.0 ], [ 200.0, 30.0 ] ] } },
{ "type": "Feature", "properties": { "type": "road_segment", "direction": "horizontal" }, "geometry": { "type": "LineString", "coordinates": [ [ 200.0, 30.0 ], [ 210.0, 30.0 ] ] } },
{ "type": "Feature", "properties": { "type": "road_segment", "direction": "horizontal" }, "geometry": { "type": "LineString", "coordinates": [ [ 290.0, 30.0 ], [ 300.0, 30.0 ] ] } },
{ "type": "Feature", "properties": { "type": "road_segment", "direction": "horizontal" }, "geometry": { "type": "LineString", "coordinates": [ [ 300.0, 30.0 ], [ 310.0, 30.0 ] ] } },
{ "type": "Feature", "properties": { "type": "road_segment", "direction": "horizontal" }, "geometry": { "type": "LineString", "coordinates": [ [ 190.0, 40.0 ], [ 200.0, 40.0 ] ] } },
{ "type": "Feature", "properties": { "type": "road_segment", "direction": "horizontal" }, "geometry": { "type": "LineString", "coordinates": [ [ 200.0, 40.0 ], [ 210.0, 40.0 ] ] } },
{ "type": "Feature", "properties": { "type": "road_segment", "direction": "horizontal" }, "geometry": { "type": "LineString", "coordinates": [ [ 290.0, 40.0 ], [ 300.0, 40.0 ] ] } },
{ "type": "Feature", "properties": { "type": "road_segment", "direction": "horizontal" }, "geometry": { "type": "LineString", "coordinates": [ [ 300.0, 40.0 ], [ 310.0, 40.0 ] ] } },
{ "type": "Feature", "properties": { "type": "road_segment", "direction": "horizontal" }, "geometry": { "type": "LineString", "coordinates": [ [ 390.0, 40.0 ], [ 400.0, 40.0 ] ] } },
{ "type": "Feature", "properties": { "type": "road_segment", "direction": "horizontal" }, "geometry": { "type": "LineString", "coordinates": [ [ 400.0, 40.0 ], [ 410.0, 40.0 ] ] } },
{ "type": "Feature", "properties": { "type": "road_segment", "direction": "horizontal" }, "geometry": { "type": "LineString", "coordinates": [ [ 190.0, 50.0 ], [ 200.0, 50.0 ] ] } },
{ "type": "Feature", "properties": { "type": "road_segment", "direction": "horizontal" }, "geometry": { "type": "LineString", "coordinates": [ [ 200.0, 50.0 ], [ 210.0, 50.0 ] ] } },
{ "type": "Feature", "properties": { "type": "road_segment", "direction": "horizontal" }, "geometry": { "type": "LineString", "coordinates": [ [ 290.0, 50.0 ], [ 300.0, 50.0 ] ] } },
{ "type": "Feature", "properties": { "type": "road_segment", "direction": "horizontal" }, "geometry": { "type": "LineString", "coordinates": [ [ 300.0, 50.0 ], [ 310.0, 50.0 ] ] } },
{ "type": "Feature", "properties": { "type": "road_segment", "direction": "horizontal" }, "geometry": { "type": "LineString", "coordinates": [ [ 390.0, 50.0 ], [ 400.0, 50.0 ] ] } },
{ "type": "Feature", "properties": { "type": "road_segment", "direction": "horizontal" }, "geometry": { "type": "LineString", "coordinates": [ [ 400.0, 50.0 ], [ 410.0, 50.0 ] ] } },
{ "type": "Feature", "properties": { "type": "road_segment", "direction": "horizontal" }, "geometry": { "type": "LineString", "coordinates": [ [ 190.0, 60.0 ], [ 200.0, 60.0 ] ] } },
{ "type": "Feature", "properties": { "type": "road_segment", "direction": "horizontal" }, "geometry": { "type": "LineString", "coordinates": [ [ 200.0, 60.0 ], [ 210.0, 60.0 ] ] } },
{ "type": "Feature", "properties": { "type": "road_segment", "direction": "horizontal" }, "geometry": { "type": "LineString", "coordinates": [ [ 290.0, 60.0 ], [ 300.0, 60.0 ] ] } },
{ "type": "Feature", "properties": { "type": "road_segment", "direction": "horizontal" }, "geometry": { "type": "LineString", "coordinates": [ [ 300.0, 60.0 ], [ 310.0, 60.0 ] ] } },
{ "type": "Feature", "properties": { "type": "road_segment", "direction": "horizontal" }, "geometry": { "type": "LineString", "coordinates": [ [ 390.0, 60.0 ], [ 400.0, 60.0 ] ] } },
{ "type": "Feature", "properties": { "type": "road_segment", "direction": "horizontal" }, "geometry": { "type": "LineString", "coordinates": [ [ 400.0, 60.0 ], [ 410.0, 60.0 ] ] } },
{ "type": "Feature", "properties": { "type": "road_segment", "direction": "horizontal" }, "geometry": { "type": "LineString", "coordinates": [ [ 190.0, 70.0 ], [ 200.0, 70.0 ] ] } },
{ "type": "Feature", "properties": { "type": "road_segment", "direction": "horizontal" }, "geometry": { "type": "LineString", "coordinates": [ [ 200.0, 70.0 ], [ 210.0, 70.0 ] ] } },
{ "type": "Feature", "properties": { "type": "road_segment", "direction": "horizontal" }, "geometry": { "type": "LineString", "coordinates": [ [ 290.0, 70.0 ], [ 300.0, 70.0 ] ] } },
{ "type": "Feature", "properties": { "type": "road_segment", "direction": "horizontal" }, "geometry": { "type": "LineString", "coordinates": [ [ 300.0, 70.0 ], [ 310.0, 70.0 ] ] } },
{ "type": "Feature", "properties": { "type": "road_segment", "direction": "horizontal" }, "geometry": { "type": "LineString", "coordinates": [ [ 390.0, 70.0 ], [ 400.0, 70.0 ] ] } },
{ "type": "Feature", "properties": { "type": "road_segment", "direction": "horizontal" }, "geometry": { "type": "LineString", "coordinates": [ [ 400.0, 70.0 ], [ 410.0, 70.0 ] ] } },
{ "type": "Feature", "properties": { "type": "road_segment", "direction": "horizontal" }, "geometry": { "type": "LineString", "coordinates": [ [ 190.0, 80.0 ], [ 200.0, 80.0 ] ] } },
{ "type": "Feature", "properties": { "type": "road_segment", "direction": "horizontal" }, "geometry": { "type": "LineString", "coordinates": [ [ 200.0, 80.0 ], [ 210.0, 80.0 ] ] } },
{ "type": "Feature", "properties": { "type": "road_segment", "direction": "horizontal" }, "geometry": { "type": "LineString", "coordinates": [ [ 290.0, 80.0 ], [ 300.0, 80.0 ] ] } },
{ "type": "Feature", "properties": { "type": "road_segment", "direction": "horizontal" }, "geometry": { "type": "LineString", "coordinates": [ [ 300.0, 80.0 ], [ 310.0, 80.0 ] ] } },
{ "type": "Feature", "properties": { "type": "road_segment", "direction": "horizontal" }, "geometry": { "type": "LineString", "coordinates": [ [ 390.0, 80.0 ], [ 400.0, 80.0 ] ] } },
{ "type": "Feature", "properties": { "type": "road_segment", "direction": "horizontal" }, "geometry": { "type": "LineString", "coordinates": [ [ 400.0, 80.0 ], [ 410.0, 80.0 ] ] } },
{ "type": "Feature", "properties": { "type": "road_segment", "direction": "horizontal" }, "geometry": { "type": "LineString", "coordinates": [ [ 190.0, 90.0 ], [ 200.0, 90.0 ] ] } },
{ "type": "Feature", "properties": { "type": "road_segment", "direction": "horizontal" }, "geometry": { "type": "LineString", "coordinates": [ [ 200.0, 90.0 ], [ 210.0, 90.0 ] ] } },
{ "type": "Feature", "properties": { "type": "road_segment", "direction": "horizontal" }, "geometry": { "type": "LineString", "coordinates": [ [ 290.0, 90.0 ], [ 300.0, 90.0 ] ] } },
{ "type": "Feature", "properties": { "type": "road_segment", "direction": "horizontal" }, "geometry": { "type": "LineString", "coordinates": [ [ 300.0, 90.0 ], [ 310.0, 90.0 ] ] } },
{ "type": "Feature", "properties": { "type": "road_segment", "direction": "horizontal" }, "geometry": { "type": "LineString", "coordinates": [ [ 390.0, 90.0 ], [ 400.0, 90.0 ] ] } },
{ "type": "Feature", "properties": { "type": "road_segment", "direction": "horizontal" }, "geometry": { "type": "LineString", "coordinates": [ [ 400.0, 90.0 ], [ 410.0, 90.0 ] ] } },
{ "type": "Feature", "properties": { "type": "road_segment", "direction": "horizontal" }, "geometry": { "type": "LineString", "coordinates": [ [ 100.0, 100.0 ], [ 110.0, 100.0 ] ] } },
{ "type": "Feature", "properties": { "type": "road_segment", "direction": "horizontal" }, "geometry": { "type": "LineString", "coordinates": [ [ 110.0, 100.0 ], [ 120.0, 100.0 ] ] } },
{ "type": "Feature", "properties": { "type": "road_segment", "direction": "horizontal" }, "geometry": { "type": "LineString", "coordinates": [ [ 190.0, 100.0 ], [ 200.0, 100.0 ] ] } },
{ "type": "Feature", "properties": { "type": "road_segment", "direction": "horizontal" }, "geometry": { "type": "LineString", "coordinates": [ [ 200.0, 100.0 ], [ 210.0, 100.0 ] ] } },
{ "type": "Feature", "properties": { "type": "road_segment", "direction": "horizontal" }, "geometry": { "type": "LineString", "coordinates": [ [ 210.0, 100.0 ], [ 220.0, 100.0 ] ] } },
{ "type": "Feature", "properties": { "type": "road_segment", "direction": "horizontal" }, "geometry": { "type": "LineString", "coordinates": [ [ 220.0, 100.0 ], [ 230.0, 100.0 ] ] } },
{ "type": "Feature", "properties": { "type": "road_segment", "direction": "horizontal" }, "geometry": { "type": "LineString", "coordinates": [ [ 230.0, 100.0 ], [ 240.0, 100.0 ] ] } },
{ "type": "Feature", "properties": { "type": "road_segment", "direction": "horizontal" }, "geometry": { "type": "LineString", "coordinates": [ [ 290.0, 100.0 ], [ 300.0, 100.0 ] ] } },
{ "type": "Feature", "properties": { "type": "road_segment", "direction": "horizontal" }, "geometry": { "type": "LineString", "coordinates": [ [ 300.0, 100.0 ], [ 310.0, 100.0 ] ] } },
{ "type": "Feature", "properties": { "type": "road_segment", "direction": "horizontal" }, "geometry": { "type": "LineString", "coordinates": [ [ 340.0, 100.0 ], [ 350.0, 100.0 ] ] } },
{ "type": "Feature", "properties": { "type": "road_segment", "direction": "horizontal" }, "geometry": { "type": "LineString", "coordinates": [ [ 350.0, 100.0 ], [ 360.0, 100.0 ] ] } },
{ "type": "Feature", "properties": { "type": "road_segment", "direction": "horizontal" }, "geometry": { "type": "LineString", "coordinates": [ [ 390.0, 100.0 ], [ 400.0, 100.0 ] ] } },
{ "type": "Feature", "properties": { "type": "road_segment", "direction": "horizontal" }, "geometry": { "type": "LineString", "coordinates": [ [ 400.0, 100.0 ], [ 410.0, 100.0 ] ] } },
{ "type": "Feature", "properties": { "type": "road_segment", "direction": "horizontal" }, "geometry": { "type": "LineString", "coordinates": [ [ 460.0, 100.0 ], [ 470.0, 100.0 ] ] } },
{ "type": "Feature", "properties": { "type": "road_segment", "direction": "horizontal" }, "geometry": { "type": "LineString", "coordinates": [ [ 470.0, 100.0 ], [ 480.0, 100.0 ] ] } },
{ "type": "Feature", "properties": { "type": "road_segment", "direction": "horizontal" }, "geometry": { "type": "LineString", "coordinates": [ [ 100.0, 110.0 ], [ 110.0, 110.0 ] ] } },
{ "type": "Feature", "properties": { "type": "road_segment", "direction": "horizontal" }, "geometry": { "type": "LineString", "coordinates": [ [ 110.0, 110.0 ], [ 120.0, 110.0 ] ] } },
{ "type": "Feature", "properties": { "type": "road_segment", "direction": "horizontal" }, "geometry": { "type": "LineString", "coordinates": [ [ 190.0, 110.0 ], [ 200.0, 110.0 ] ] } },
{ "type": "Feature", "properties": { "type": "road_segment", "direction": "horizontal" }, "geometry": { "type": "LineString", "coordinates": [ [ 200.0, 110.0 ], [ 210.0, 110.0 ] ] } },
{ "type": "Feature", "properties": { "type": "road_segment", "direction": "horizontal" }, "geometry": { "type": "LineString", "coordinates": [ [ 210.0, 110.0 ], [ 220.0, 110.0 ] ] } },
{ "type": "Feature", "properties": { "type": "road_segment", "direction": "horizontal" }, "geometry": { "type": "LineString", "coordinates": [ [ 220.0, 110.0 ], [ 230.0, 110.0 ] ] } },
{ "type": "Feature", "properties": { "type": "road_segment", "direction": "horizontal" }, "geometry": { "type": "LineString", "coordinates": [ [ 230.0, 110.0 ], [ 240.0, 110.0 ] ] } },
{ "type": "Feature", "properties": { "type": "road_segment", "direction": "horizontal" }, "geometry": { "type": "LineString", "coordinates": [ [ 290.0, 110.0 ], [ 300.0, 110.0 ] ] } },
{ "type": "Feature", "properties": { "type": "road_segment", "direction": "horizontal" }, "geometry": { "type": "LineString", "coordinates": [ [ 300.0, 110.0 ], [ 310.0, 110.0 ] ] } },
{ "type": "Feature", "properties": { "type": "road_segment", "direction": "horizontal" }, "geometry": { "type": "LineString", "coordinates": [ [ 340.0, 110.0 ], [ 350.0, 110.0 ] ] } },
{ "type": "Feature", "properties": { "type": "road_segment", "direction": "horizontal" }, "geometry": { "type": "LineString", "coordinates": [ [ 350.0, 110.0 ], [ 360.0, 110.0 ] ] } },
{ "type": "Feature", "properties": { "type": "road_segment", "direction": "horizontal" }, "geometry": { "type": "LineString", "coordinates": [ [ 390.0, 110.0 ], [ 400.0, 110.0 ] ] } },
{ "type": "Feature", "properties": { "type": "road_segment", "direction": "horizontal" }, "geometry": { "type": "LineString", "coordinates": [ [ 400.0, 110.0 ], [ 410.0, 110.0 ] ] } },
{ "type": "Feature", "properties": { "type": "road_segment", "direction": "horizontal" }, "geometry": { "type": "LineString", "coordinates": [ [ 460.0, 110.0 ], [ 470.0, 110.0 ] ] } },
{ "type": "Feature", "properties": { "type": "road_segment", "direction": "horizontal" }, "geometry": { "type": "LineString", "coordinates": [ [ 470.0, 110.0 ], [ 480.0, 110.0 ] ] } },
{ "type": "Feature", "properties": { "type": "road_segment", "direction": "horizontal" }, "geometry": { "type": "LineString", "coordinates": [ [ 100.0, 120.0 ], [ 110.0, 120.0 ] ] } },
{ "type": "Feature", "properties": { "type": "road_segment", "direction": "horizontal" }, "geometry": { "type": "LineString", "coordinates": [ [ 110.0, 120.0 ], [ 120.0, 120.0 ] ] } },
{ "type": "Feature", "properties": { "type": "road_segment", "direction": "horizontal" }, "geometry": { "type": "LineString", "coordinates": [ [ 190.0, 120.0 ], [ 200.0, 120.0 ] ] } },
{ "type": "Feature", "properties": { "type": "road_segment", "direction": "horizontal" }, "geometry": { "type": "LineString", "coordinates": [ [ 200.0, 120.0 ], [ 210.0, 120.0 ] ] } },
{ "type": "Feature", "properties": { "type": "road_segment", "direction": "horizontal" }, "geometry": { "type": "LineString", "coordinates": [ [ 210.0, 120.0 ], [ 220.0, 120.0 ] ] } },
{ "type": "Feature", "properties": { "type": "road_segment", "direction": "horizontal" }, "geometry": { "type": "LineString", "coordinates": [ [ 220.0, 120.0 ], [ 230.0, 120.0 ] ] } },
{ "type": "Feature", "properties": { "type": "road_segment", "direction": "horizontal" }, "geometry": { "type": "LineString", "coordinates": [ [ 230.0, 120.0 ], [ 240.0, 120.0 ] ] } },
{ "type": "Feature", "properties": { "type": "road_segment", "direction": "horizontal" }, "geometry": { "type": "LineString", "coordinates": [ [ 290.0, 120.0 ], [ 300.0, 120.0 ] ] } },
{ "type": "Feature", "properties": { "type": "road_segment", "direction": "horizontal" }, "geometry": { "type": "LineString", "coordinates": [ [ 300.0, 120.0 ], [ 310.0, 120.0 ] ] } },
{ "type": "Feature", "properties": { "type": "road_segment", "direction": "horizontal" }, "geometry": { "type": "LineString", "coordinates": [ [ 340.0, 120.0 ], [ 350.0, 120.0 ] ] } },
{ "type": "Feature", "properties": { "type": "road_segment", "direction": "horizontal" }, "geometry": { "type": "LineString", "coordinates": [ [ 350.0, 120.0 ], [ 360.0, 120.0 ] ] } },
{ "type": "Feature", "properties": { "type": "road_segment", "direction": "horizontal" }, "geometry": { "type": "LineString", "coordinates": [ [ 390.0, 120.0 ], [ 400.0, 120.0 ] ] } },
{ "type": "Feature", "properties": { "type": "road_segment", "direction": "horizontal" }, "geometry": { "type": "LineString", "coordinates": [ [ 400.0, 120.0 ], [ 410.0, 120.0 ] ] } },
{ "type": "Feature", "properties": { "type": "road_segment", "direction": "horizontal" }, "geometry": { "type": "LineString", "coordinates": [ [ 460.0, 120.0 ], [ 470.0, 120.0 ] ] } },
{ "type": "Feature", "properties": { "type": "road_segment", "direction": "horizontal" }, "geometry": { "type": "LineString", "coordinates": [ [ 470.0, 120.0 ], [ 480.0, 120.0 ] ] } },
{ "type": "Feature", "properties": { "type": "road_segment", "direction": "horizontal" }, "geometry": { "type": "LineString", "coordinates": [ [ 190.0, 130.0 ], [ 200.0, 130.0 ] ] } },
{ "type": "Feature", "properties": { "type": "road_segment", "direction": "horizontal" }, "geometry": { "type": "LineString", "coordinates": [ [ 200.0, 130.0 ], [ 210.0, 130.0 ] ] } },
{ "type": "Feature", "properties": { "type": "road_segment", "direction": "horizontal" }, "geometry": { "type": "LineString", "coordinates": [ [ 290.0, 130.0 ], [ 300.0, 130.0 ] ] } },
{ "type": "Feature", "properties": { "type": "road_segment", "direction": "horizontal" }, "geometry": { "type": "LineString", "coordinates": [ [ 300.0, 130.0 ], [ 310.0, 130.0 ] ] } },
{ "type": "Feature", "properties": { "type": "road_segment", "direction": "horizontal" }, "geometry": { "type": "LineString", "coordinates": [ [ 390.0, 130.0 ], [ 400.0, 130.0 ] ] } },
{ "type": "Feature", "properties": { "type": "road_segment", "direction": "horizontal" }, "geometry": { "type": "LineString", "coordinates": [ [ 400.0, 130.0 ], [ 410.0, 130.0 ] ] } },
{ "type": "Feature", "properties": { "type": "road_segment", "direction": "horizontal" }, "geometry": { "type": "LineString", "coordinates": [ [ 190.0, 140.0 ], [ 200.0, 140.0 ] ] } },
{ "type": "Feature", "properties": { "type": "road_segment", "direction": "horizontal" }, "geometry": { "type": "LineString", "coordinates": [ [ 200.0, 140.0 ], [ 210.0, 140.0 ] ] } },
{ "type": "Feature", "properties": { "type": "road_segment", "direction": "horizontal" }, "geometry": { "type": "LineString", "coordinates": [ [ 290.0, 140.0 ], [ 300.0, 140.0 ] ] } },
{ "type": "Feature", "properties": { "type": "road_segment", "direction": "horizontal" }, "geometry": { "type": "LineString", "coordinates": [ [ 300.0, 140.0 ], [ 310.0, 140.0 ] ] } },
{ "type": "Feature", "properties": { "type": "road_segment", "direction": "horizontal" }, "geometry": { "type": "LineString", "coordinates": [ [ 390.0, 140.0 ], [ 400.0, 140.0 ] ] } },
{ "type": "Feature", "properties": { "type": "road_segment", "direction": "horizontal" }, "geometry": { "type": "LineString", "coordinates": [ [ 400.0, 140.0 ], [ 410.0, 140.0 ] ] } },
{ "type": "Feature", "properties": { "type": "road_segment", "direction": "horizontal" }, "geometry": { "type": "LineString", "coordinates": [ [ 190.0, 150.0 ], [ 200.0, 150.0 ] ] } },
{ "type": "Feature", "properties": { "type": "road_segment", "direction": "horizontal" }, "geometry": { "type": "LineString", "coordinates": [ [ 200.0, 150.0 ], [ 210.0, 150.0 ] ] } },
{ "type": "Feature", "properties": { "type": "road_segment", "direction": "horizontal" }, "geometry": { "type": "LineString", "coordinates": [ [ 290.0, 150.0 ], [ 300.0, 150.0 ] ] } },
{ "type": "Feature", "properties": { "type": "road_segment", "direction": "horizontal" }, "geometry": { "type": "LineString", "coordinates": [ [ 300.0, 150.0 ], [ 310.0, 150.0 ] ] } },
{ "type": "Feature", "properties": { "type": "road_segment", "direction": "horizontal" }, "geometry": { "type": "LineString", "coordinates": [ [ 390.0, 150.0 ], [ 400.0, 150.0 ] ] } },
{ "type": "Feature", "properties": { "type": "road_segment", "direction": "horizontal" }, "geometry": { "type": "LineString", "coordinates": [ [ 400.0, 150.0 ], [ 410.0, 150.0 ] ] } },
{ "type": "Feature", "properties": { "type": "road_segment", "direction": "horizontal" }, "geometry": { "type": "LineString", "coordinates": [ [ 190.0, 160.0 ], [ 200.0, 160.0 ] ] } },
{ "type": "Feature", "properties": { "type": "road_segment", "direction": "horizontal" }, "geometry": { "type": "LineString", "coordinates": [ [ 200.0, 160.0 ], [ 210.0, 160.0 ] ] } },
{ "type": "Feature", "properties": { "type": "road_segment", "direction": "horizontal" }, "geometry": { "type": "LineString", "coordinates": [ [ 290.0, 160.0 ], [ 300.0, 160.0 ] ] } },
{ "type": "Feature", "properties": { "type": "road_segment", "direction": "horizontal" }, "geometry": { "type": "LineString", "coordinates": [ [ 300.0, 160.0 ], [ 310.0, 160.0 ] ] } },
{ "type": "Feature", "properties": { "type": "road_segment", "direction": "horizontal" }, "geometry": { "type": "LineString", "coordinates": [ [ 390.0, 160.0 ], [ 400.0, 160.0 ] ] } },
{ "type": "Feature", "properties": { "type": "road_segment", "direction": "horizontal" }, "geometry": { "type": "LineString", "coordinates": [ [ 400.0, 160.0 ], [ 410.0, 160.0 ] ] } },
{ "type": "Feature", "properties": { "type": "road_segment", "direction": "horizontal" }, "geometry": { "type": "LineString", "coordinates": [ [ 190.0, 170.0 ], [ 200.0, 170.0 ] ] } },
{ "type": "Feature", "properties": { "type": "road_segment", "direction": "horizontal" }, "geometry": { "type": "LineString", "coordinates": [ [ 200.0, 170.0 ], [ 210.0, 170.0 ] ] } },
{ "type": "Feature", "properties": { "type": "road_segment", "direction": "horizontal" }, "geometry": { "type": "LineString", "coordinates": [ [ 290.0, 170.0 ], [ 300.0, 170.0 ] ] } },
{ "type": "Feature", "properties": { "type": "road_segment", "direction": "horizontal" }, "geometry": { "type": "LineString", "coordinates": [ [ 300.0, 170.0 ], [ 310.0, 170.0 ] ] } },
{ "type": "Feature", "properties": { "type": "road_segment", "direction": "horizontal" }, "geometry": { "type": "LineString", "coordinates": [ [ 390.0, 170.0 ], [ 400.0, 170.0 ] ] } },
{ "type": "Feature", "properties": { "type": "road_segment", "direction": "horizontal" }, "geometry": { "type": "LineString", "coordinates": [ [ 400.0, 170.0 ], [ 410.0, 170.0 ] ] } },
{ "type": "Feature", "properties": { "type": "road_segment", "direction": "horizontal" }, "geometry": { "type": "LineString", "coordinates": [ [ 190.0, 180.0 ], [ 200.0, 180.0 ] ] } },
{ "type": "Feature", "properties": { "type": "road_segment", "direction": "horizontal" }, "geometry": { "type": "LineString", "coordinates": [ [ 200.0, 180.0 ], [ 210.0, 180.0 ] ] } },
{ "type": "Feature", "properties": { "type": "road_segment", "direction": "horizontal" }, "geometry": { "type": "LineString", "coordinates": [ [ 290.0, 180.0 ], [ 300.0, 180.0 ] ] } },
{ "type": "Feature", "properties": { "type": "road_segment", "direction": "horizontal" }, "geometry": { "type": "LineString", "coordinates": [ [ 300.0, 180.0 ], [ 310.0, 180.0 ] ] } },
{ "type": "Feature", "properties": { "type": "road_segment", "direction": "horizontal" }, "geometry": { "type": "LineString", "coordinates": [ [ 390.0, 180.0 ], [ 400.0, 180.0 ] ] } },
{ "type": "Feature", "properties": { "type": "road_segment", "direction": "horizontal" }, "geometry": { "type": "LineString", "coordinates": [ [ 400.0, 180.0 ], [ 410.0, 180.0 ] ] } },
{ "type": "Feature", "properties": { "type": "road_segment", "direction": "horizontal" }, "geometry": { "type": "LineString", "coordinates": [ [ 20.0, 190.0 ], [ 30.0, 190.0 ] ] } },
{ "type": "Feature", "properties": { "type": "road_segment", "direction": "horizontal" }, "geometry": { "type": "LineString", "coordinates": [ [ 30.0, 190.0 ], [ 40.0, 190.0 ] ] } },
{ "type": "Feature", "properties": { "type": "road_segment", "direction": "horizontal" }, "geometry": { "type": "LineString", "coordinates": [ [ 40.0, 190.0 ], [ 50.0, 190.0 ] ] } },
{ "type": "Feature", "properties": { "type": "road_segment", "direction": "horizontal" }, "geometry": { "type": "LineString", "coordinates": [ [ 50.0, 190.0 ], [ 60.0, 190.0 ] ] } },
{ "type": "Feature", "properties": { "type": "road_segment", "direction": "horizontal" }, "geometry": { "type": "LineString", "coordinates": [ [ 60.0, 190.0 ], [ 70.0, 190.0 ] ] } },
{ "type": "Feature", "properties": { "type": "road_segment", "direction": "horizontal" }, "geometry": { "type": "LineString", "coordinates": [ [ 70.0, 190.0 ], [ 80.0, 190.0 ] ] } },
{ "type": "Feature", "properties": { "type": "road_segment", "direction": "horizontal" }, "geometry": { "type": "LineString", "coordinates": [ [ 80.0, 190.0 ], [ 90.0, 190.0 ] ] } },
{ "type": "Feature", "properties": { "type": "road_segment", "direction": "horizontal" }, "geometry": { "type": "LineString", "coordinates": [ [ 90.0, 190.0 ], [ 100.0, 190.0 ] ] } },
{ "type": "Feature", "properties": { "type": "road_segment", "direction": "horizontal" }, "geometry": { "type": "LineString", "coordinates": [ [ 100.0, 190.0 ], [ 110.0, 190.0 ] ] } },
{ "type": "Feature", "properties": { "type": "road_segment", "direction": "horizontal" }, "geometry": { "type": "LineString", "coordinates": [ [ 110.0, 190.0 ], [ 120.0, 190.0 ] ] } },
{ "type": "Feature", "properties": { "type": "road_segment", "direction": "horizontal" }, "geometry": { "type": "LineString", "coordinates": [ [ 120.0, 190.0 ], [ 130.0, 190.0 ] ] } },
{ "type": "Feature", "properties": { "type": "road_segment", "direction": "horizontal" }, "geometry": { "type": "LineString", "coordinates": [ [ 130.0, 190.0 ], [ 140.0, 190.0 ] ] } },
{ "type": "Feature", "properties": { "type": "road_segment", "direction": "horizontal" }, "geometry": { "type": "LineString", "coordinates": [ [ 140.0, 190.0 ], [ 150.0, 190.0 ] ] } },
{ "type": "Feature", "properties": { "type": "road_segment", "direction": "horizontal" }, "geometry": { "type": "LineString", "coordinates": [ [ 150.0, 190.0 ], [ 160.0, 190.0 ] ] } },
{ "type": "Feature", "properties": { "type": "road_segment", "direction": "horizontal" }, "geometry": { "type": "LineString", "coordinates": [ [ 160.0, 190.0 ], [ 170.0, 190.0 ] ] } },
{ "type": "Feature", "properties": { "type": "road_segment", "direction": "horizontal" }, "geometry": { "type": "LineString", "coordinates": [ [ 170.0, 190.0 ], [ 180.0, 190.0 ] ] } },
{ "type": "Feature", "properties": { "type": "road_segment", "direction": "horizontal" }, "geometry": { "type": "LineString", "coordinates": [ [ 180.0, 190.0 ], [ 190.0, 190.0 ] ] } },
{ "type": "Feature", "properties": { "type": "road_segment", "direction": "horizontal" }, "geometry": { "type": "LineString", "coordinates": [ [ 190.0, 190.0 ], [ 200.0, 190.0 ] ] } },
{ "type": "Feature", "properties": { "type": "road_segment", "direction": "horizontal" }, "geometry": { "type": "LineString", "coordinates": [ [ 200.0, 190.0 ], [ 210.0, 190.0 ] ] } },
{ "type": "Feature", "properties": { "type": "road_segment", "direction": "horizontal" }, "geometry": { "type": "LineString", "coordinates": [ [ 210.0, 190.0 ], [ 220.0, 190.0 ] ] } },
{ "type": "Feature", "properties": { "type": "road_segment", "direction": "horizontal" }, "geometry": { "type": "LineString", "coordinates": [ [ 220.0, 190.0 ], [ 230.0, 190.0 ] ] } },
{ "type": "Feature", "properties": { "type": "road_segment", "direction": "horizontal" }, "geometry": { "type": "LineString", "coordinates": [ [ 230.0, 190.0 ], [ 240.0, 190.0 ] ] } },
{ "type": "Feature", "properties": { "type": "road_segment", "direction": "horizontal" }, "geometry": { "type": "LineString", "coordinates": [ [ 240.0, 190.0 ], [ 250.0, 190.0 ] ] } },
{ "type": "Feature", "properties": { "type": "road_segment", "direction": "horizontal" }, "geometry": { "type": "LineString", "coordinates": [ [ 250.0, 190.0 ], [ 260.0, 190.0 ] ] } },
{ "type": "Feature", "properties": { "type": "road_segment", "direction": "horizontal" }, "geometry": { "type": "LineString", "coordinates": [ [ 260.0, 190.0 ], [ 270.0, 190.0 ] ] } },
{ "type": "Feature", "properties": { "type": "road_segment", "direction": "horizontal" }, "geometry": { "type": "LineString", "coordinates": [ [ 270.0, 190.0 ], [ 280.0, 190.0 ] ] } },
{ "type": "Feature", "properties": { "type": "road_segment", "direction": "horizontal" }, "geometry": { "type": "LineString", "coordinates": [ [ 280.0, 190.0 ], [ 290.0, 190.0 ] ] } },
{ "type": "Feature", "properties": { "type": "road_segment", "direction": "horizontal" }, "geometry": { "type": "LineString", "coordinates": [ [ 290.0, 190.0 ], [ 300.0, 190.0 ] ] } },
{ "type": "Feature", "properties": { "type": "road_segment", "direction": "horizontal" }, "geometry": { "type": "LineString", "coordinates": [ [ 300.0, 190.0 ], [ 310.0, 190.0 ] ] } },
{ "type": "Feature", "properties": { "type": "road_segment", "direction": "horizontal" }, "geometry": { "type": "LineString", "coordinates": [ [ 310.0, 190.0 ], [ 320.0, 190.0 ] ] } },
{ "type": "Feature", "properties": { "type": "road_segment", "direction": "horizontal" }, "geometry": { "type": "LineString", "coordinates": [ [ 320.0, 190.0 ], [ 330.0, 190.0 ] ] } },
{ "type": "Feature", "properties": { "type": "road_segment", "direction": "horizontal" }, "geometry": { "type": "LineString", "coordinates": [ [ 330.0, 190.0 ], [ 340.0, 190.0 ] ] } },
{ "type": "Feature", "properties": { "type": "road_segment", "direction": "horizontal" }, "geometry": { "type": "LineString", "coordinates": [ [ 340.0, 190.0 ], [ 350.0, 190.0 ] ] } },
{ "type": "Feature", "properties": { "type": "road_segment", "direction": "horizontal" }, "geometry": { "type": "LineString", "coordinates": [ [ 350.0, 190.0 ], [ 360.0, 190.0 ] ] } },
{ "type": "Feature", "properties": { "type": "road_segment", "direction": "horizontal" }, "geometry": { "type": "LineString", "coordinates": [ [ 360.0, 190.0 ], [ 370.0, 190.0 ] ] } },
{ "type": "Feature", "properties": { "type": "road_segment", "direction": "horizontal" }, "geometry": { "type": "LineString", "coordinates": [ [ 370.0, 190.0 ], [ 380.0, 190.0 ] ] } },
{ "type": "Feature", "properties": { "type": "road_segment", "direction": "horizontal" }, "geometry": { "type": "LineString", "coordinates": [ [ 380.0, 190.0 ], [ 390.0, 190.0 ] ] } },
{ "type": "Feature", "properties": { "type": "road_segment", "direction": "horizontal" }, "geometry": { "type": "LineString", "coordinates": [ [ 390.0, 190.0 ], [ 400.0, 190.0 ] ] } },
{ "type": "Feature", "properties": { "type": "road_segment", "direction": "horizontal" }, "geometry": { "type": "LineString", "coordinates": [ [ 400.0, 190.0 ], [ 410.0, 190.0 ] ] } },
{ "type": "Feature", "properties": { "type": "road_segment", "direction": "horizontal" }, "geometry": { "type": "LineString", "coordinates": [ [ 410.0, 190.0 ], [ 420.0, 190.0 ] ] } },
{ "type": "Feature", "properties": { "type": "road_segment", "direction": "horizontal" }, "geometry": { "type": "LineString", "coordinates": [ [ 420.0, 190.0 ], [ 430.0, 190.0 ] ] } },
{ "type": "Feature", "properties": { "type": "road_segment", "direction": "horizontal" }, "geometry": { "type": "LineString", "coordinates": [ [ 430.0, 190.0 ], [ 440.0, 190.0 ] ] } },
{ "type": "Feature", "properties": { "type": "road_segment", "direction": "horizontal" }, "geometry": { "type": "LineString", "coordinates": [ [ 440.0, 190.0 ], [ 450.0, 190.0 ] ] } },
{ "type": "Feature", "properties": { "type": "road_segment", "direction": "horizontal" }, "geometry": { "type": "LineString", "coordinates": [ [ 450.0, 190.0 ], [ 460.0, 190.0 ] ] } },
{ "type": "Feature", "properties": { "type": "road_segment", "direction": "horizontal" }, "geometry": { "type": "LineString", "coordinates": [ [ 460.0, 190.0 ], [ 470.0, 190.0 ] ] } },
{ "type": "Feature", "properties": { "type": "road_segment", "direction": "horizontal" }, "geometry": { "type": "LineString", "coordinates": [ [ 470.0, 190.0 ], [ 480.0, 190.0 ] ] } },
{ "type": "Feature", "properties": { "type": "road_segment", "direction": "horizontal" }, "geometry": { "type": "LineString", "coordinates": [ [ 480.0, 190.0 ], [ 490.0, 190.0 ] ] } },
{ "type": "Feature", "properties": { "type": "road_segment", "direction": "horizontal" }, "geometry": { "type": "LineString", "coordinates": [ [ 490.0, 190.0 ], [ 500.0, 190.0 ] ] } },
{ "type": "Feature", "properties": { "type": "road_segment", "direction": "horizontal" }, "geometry": { "type": "LineString", "coordinates": [ [ 500.0, 190.0 ], [ 510.0, 190.0 ] ] } },
{ "type": "Feature", "properties": { "type": "road_segment", "direction": "horizontal" }, "geometry": { "type": "LineString", "coordinates": [ [ 510.0, 190.0 ], [ 520.0, 190.0 ] ] } },
{ "type": "Feature", "properties": { "type": "road_segment", "direction": "horizontal" }, "geometry": { "type": "LineString", "coordinates": [ [ 520.0, 190.0 ], [ 530.0, 190.0 ] ] } },
{ "type": "Feature", "properties": { "type": "road_segment", "direction": "horizontal" }, "geometry": { "type": "LineString", "coordinates": [ [ 530.0, 190.0 ], [ 540.0, 190.0 ] ] } },
{ "type": "Feature", "properties": { "type": "road_segment", "direction": "horizontal" }, "geometry": { "type": "LineString", "coordinates": [ [ 540.0, 190.0 ], [ 550.0, 190.0 ] ] } },
{ "type": "Feature", "properties": { "type": "road_segment", "direction": "horizontal" }, "geometry": { "type": "LineString", "coordinates": [ [ 550.0, 190.0 ], [ 560.0, 190.0 ] ] } },
{ "type": "Feature", "properties": { "type": "road_segment", "direction": "horizontal" }, "geometry": { "type": "LineString", "coordinates": [ [ 560.0, 190.0 ], [ 570.0, 190.0 ] ] } },
{ "type": "Feature", "properties": { "type": "road_segment", "direction": "horizontal" }, "geometry": { "type": "LineString", "coordinates": [ [ 570.0, 190.0 ], [ 580.0, 190.0 ] ] } },
{ "type": "Feature", "properties": { "type": "road_segment", "direction": "horizontal" }, "geometry": { "type": "LineString", "coordinates": [ [ 10.0, 200.0 ], [ 20.0, 200.0 ] ] } },
{ "type": "Feature", "properties": { "type": "road_segment", "direction": "horizontal" }, "geometry": { "type": "LineString", "coordinates": [ [ 20.0, 200.0 ], [ 30.0, 200.0 ] ] } },
{ "type": "Feature", "properties": { "type": "road_segment", "direction": "horizontal" }, "geometry": { "type": "LineString", "coordinates": [ [ 30.0, 200.0 ], [ 40.0, 200.0 ] ] } },
{ "type": "Feature", "properties": { "type": "road_segment", "direction": "horizontal" }, "geometry": { "type": "LineString", "coordinates": [ [ 40.0, 200.0 ], [ 50.0, 200.0 ] ] } },
{ "type": "Feature", "properties": { "type": "road_segment", "direction": "horizontal" }, "geometry": { "type": "LineString", "coordinates": [ [ 50.0, 200.0 ], [ 60.0, 200.0 ] ] } },
{ "type": "Feature", "properties": { "type": "road_segment", "direction": "horizontal" }, "geometry": { "type": "LineString", "coordinates": [ [ 60.0, 200.0 ], [ 70.0, 200.0 ] ] } },
{ "type": "Feature", "properties": { "type": "road_segment", "direction": "horizontal" }, "geometry": { "type": "LineString", "coordinates": [ [ 70.0, 200.0 ], [ 80.0, 200.0 ] ] } },
{ "type": "Feature", "properties": { "type": "road_segment", "direction": "horizontal" }, "geometry": { "type": "LineString", "coordinates": [ [ 80.0, 200.0 ], [ 90.0, 200.0 ] ] } },
{ "type": "Feature", "properties": { "type": "road_segment", "direction": "horizontal" }, "geometry": { "type": "LineString", "coordinates": [ [ 90.0, 200.0 ], [ 100.0, 200.0 ] ] } },
{ "type": "Feature", "properties": { "type": "road_segment", "direction": "horizontal" }, "geometry": { "type": "LineString", "coordinates": [ [ 100.0, 200.0 ], [ 110.0, 200.0 ] ] } },
{ "type": "Feature", "properties": { "type": "road_segment", "direction": "horizontal" }, "geometry": { "type": "LineString", "coordinates": [ [ 110.0, 200.0 ], [ 120.0, 200.0 ] ] } },
{ "type": "Feature", "properties": { "type": "road_segment", "direction": "horizontal" }, "geometry": { "type": "LineString", "coordinates": [ [ 120.0, 200.0 ], [ 130.0, 200.0 ] ] } },
{ "type": "Feature", "properties": { "type": "road_segment", "direction": "horizontal" }, "geometry": { "type": "LineString", "coordinates": [ [ 130.0, 200.0 ], [ 140.0, 200.0 ] ] } },
{ "type": "Feature", "properties": { "type": "road_segment", "direction": "horizontal" }, "geometry": { "type": "LineString", "coordinates": [ [ 140.0, 200.0 ], [ 150.0, 200.0 ] ] } },
{ "type": "Feature", "properties": { "type": "road_segment", "direction": "horizontal" }, "geometry": { "type": "LineString", "coordinates": [ [ 150.0, 200.0 ], [ 160.0, 200.0 ] ] } },
{ "type": "Feature", "properties": { "type": "road_segment", "direction": "horizontal" }, "geometry": { "type": "LineString", "coordinates": [ [ 160.0, 200.0 ], [ 170.0, 200.0 ] ] } },
{ "type": "Feature", "properties": { "type": "road_segment", "direction": "horizontal" }, "geometry": { "type": "LineString", "coordinates": [ [ 170.0, 200.0 ], [ 180.0, 200.0 ] ] } },
{ "type": "Feature", "properties": { "type": "road_segment", "direction": "horizontal" }, "geometry": { "type": "LineString", "coordinates": [ [ 180.0, 200.0 ], [ 190.0, 200.0 ] ] } },
{ "type": "Feature", "properties": { "type": "road_segment", "direction": "horizontal" }, "geometry": { "type": "LineString", "coordinates": [ [ 190.0, 200.0 ], [ 200.0, 200.0 ] ] } },
{ "type": "Feature", "properties": { "type": "road_segment", "direction": "horizontal" }, "geometry": { "type": "LineString", "coordinates": [ [ 200.0, 200.0 ], [ 210.0, 200.0 ] ] } },
{ "type": "Feature", "properties": { "type": "road_segment", "direction": "horizontal" }, "geometry": { "type": "LineString", "coordinates": [ [ 210.0, 200.0 ], [ 220.0, 200.0 ] ] } },
{ "type": "Feature", "properties": { "type": "road_segment", "direction": "horizontal" }, "geometry": { "type": "LineString", "coordinates": [ [ 220.0, 200.0 ], [ 230.0, 200.0 ] ] } },
{ "type": "Feature", "properties": { "type": "road_segment", "direction": "horizontal" }, "geometry": { "type": "LineString", "coordinates": [ [ 230.0, 200.0 ], [ 240.0, 200.0 ] ] } },
{ "type": "Feature", "properties": { "type": "road_segment", "direction": "horizontal" }, "geometry": { "type": "LineString", "coordinates": [ [ 240.0, 200.0 ], [ 250.0, 200.0 ] ] } },
{ "type": "Feature", "properties": { "type": "road_segment", "direction": "horizontal" }, "geometry": { "type": "LineString", "coordinates": [ [ 250.0, 200.0 ], [ 260.0, 200.0 ] ] } },
{ "type": "Feature", "properties": { "type": "road_segment", "direction": "horizontal" }, "geometry": { "type": "LineString", "coordinates": [ [ 260.0, 200.0 ], [ 270.0, 200.0 ] ] } },
{ "type": "Feature", "properties": { "type": "road_segment", "direction": "horizontal" }, "geometry": { "type": "LineString", "coordinates": [ [ 270.0, 200.0 ], [ 280.0, 200.0 ] ] } },
{ "type": "Feature", "properties": { "type": "road_segment", "direction": "horizontal" }, "geometry": { "type": "LineString", "coordinates": [ [ 280.0, 200.0 ], [ 290.0, 200.0 ] ] } },
{ "type": "Feature", "properties": { "type": "road_segment", "direction": "horizontal" }, "geometry": { "type": "LineString", "coordinates": [ [ 290.0, 200.0 ], [ 300.0, 200.0 ] ] } },
{ "type": "Feature", "properties": { "type": "road_segment", "direction": "horizontal" }, "geometry": { "type": "LineString", "coordinates": [ [ 300.0, 200.0 ], [ 310.0, 200.0 ] ] } },
{ "type": "Feature", "properties": { "type": "road_segment", "direction": "horizontal" }, "geometry": { "type": "LineString", "coordinates": [ [ 310.0, 200.0 ], [ 320.0, 200.0 ] ] } },
{ "type": "Feature", "properties": { "type": "road_segment", "direction": "horizontal" }, "geometry": { "type": "LineString", "coordinates": [ [ 320.0, 200.0 ], [ 330.0, 200.0 ] ] } },
{ "type": "Feature", "properties": { "type": "road_segment", "direction": "horizontal" }, "geometry": { "type": "LineString", "coordinates": [ [ 330.0, 200.0 ], [ 340.0, 200.0 ] ] } },
{ "type": "Feature", "properties": { "type": "road_segment", "direction": "horizontal" }, "geometry": { "type": "LineString", "coordinates": [ [ 340.0, 200.0 ], [ 350.0, 200.0 ] ] } },
{ "type": "Feature", "properties": { "type": "road_segment", "direction": "horizontal" }, "geometry": { "type": "LineString", "coordinates": [ [ 350.0, 200.0 ], [ 360.0, 200.0 ] ] } },
{ "type": "Feature", "properties": { "type": "road_segment", "direction": "horizontal" }, "geometry": { "type": "LineString", "coordinates": [ [ 360.0, 200.0 ], [ 370.0, 200.0 ] ] } },
{ "type": "Feature", "properties": { "type": "road_segment", "direction": "horizontal" }, "geometry": { "type": "LineString", "coordinates": [ [ 370.0, 200.0 ], [ 380.0, 200.0 ] ] } },
{ "type": "Feature", "properties": { "type": "road_segment", "direction": "horizontal" }, "geometry": { "type": "LineString", "coordinates": [ [ 380.0, 200.0 ], [ 390.0, 200.0 ] ] } },
{ "type": "Feature", "properties": { "type": "road_segment", "direction": "horizontal" }, "geometry": { "type": "LineString", "coordinates": [ [ 390.0, 200.0 ], [ 400.0, 200.0 ] ] } },
{ "type": "Feature", "properties": { "type": "road_segment", "direction": "horizontal" }, "geometry": { "type": "LineString", "coordinates": [ [ 400.0, 200.0 ], [ 410.0, 200.0 ] ] } },
{ "type": "Feature", "properties": { "type": "road_segment", "direction": "horizontal" }, "geometry": { "type": "LineString", "coordinates": [ [ 410.0, 200.0 ], [ 420.0, 200.0 ] ] } },
{ "type": "Feature", "properties": { "type": "road_segment", "direction": "horizontal" }, "geometry": { "type": "LineString", "coordinates": [ [ 420.0, 200.0 ], [ 430.0, 200.0 ] ] } },
{ "type": "Feature", "properties": { "type": "road_segment", "direction": "horizontal" }, "geometry": { "type": "LineString", "coordinates": [ [ 430.0, 200.0 ], [ 440.0, 200.0 ] ] } },
{ "type": "Feature", "properties": { "type": "road_segment", "direction": "horizontal" }, "geometry": { "type": "LineString", "coordinates": [ [ 440.0, 200.0 ], [ 450.0, 200.0 ] ] } },
{ "type": "Feature", "properties": { "type": "road_segment", "direction": "horizontal" }, "geometry": { "type": "LineString", "coordinates": [ [ 450.0, 200.0 ], [ 460.0, 200.0 ] ] } },
{ "type": "Feature", "properties": { "type": "road_segment", "direction": "horizontal" }, "geometry": { "type": "LineString", "coordinates": [ [ 460.0, 200.0 ], [ 470.0, 200.0 ] ] } },
{ "type": "Feature", "properties": { "type": "road_segment", "direction": "horizontal" }, "geometry": { "type": "LineString", "coordinates": [ [ 470.0, 200.0 ], [ 480.0, 200.0 ] ] } },
{ "type": "Feature", "properties": { "type": "road_segment", "direction": "horizontal" }, "geometry": { "type": "LineString", "coordinates": [ [ 480.0, 200.0 ], [ 490.0, 200.0 ] ] } },
{ "type": "Feature", "properties": { "type": "road_segment", "direction": "horizontal" }, "geometry": { "type": "LineString", "coordinates": [ [ 490.0, 200.0 ], [ 500.0, 200.0 ] ] } },
{ "type": "Feature", "properties": { "type": "road_segment", "direction": "horizontal" }, "geometry": { "type": "LineString", "coordinates": [ [ 500.0, 200.0 ], [ 510.0, 200.0 ] ] } },
{ "type": "Feature", "properties": { "type": "road_segment", "direction": "horizontal" }, "geometry": { "type": "LineString", "coordinates": [ [ 510.0, 200.0 ], [ 520.0, 200.0 ] ] } },
{ "type": "Feature", "properties": { "type": "road_segment", "direction": "horizontal" }, "geometry": { "type": "LineString", "coordinates": [ [ 520.0, 200.0 ], [ 530.0, 200.0 ] ] } },
{ "type": "Feature", "properties": { "type": "road_segment", "direction": "horizontal" }, "geometry": { "type": "LineString", "coordinates": [ [ 530.0, 200.0 ], [ 540.0, 200.0 ] ] } },
{ "type": "Feature", "properties": { "type": "road_segment", "direction": "horizontal" }, "geometry": { "type": "LineString", "coordinates": [ [ 540.0, 200.0 ], [ 550.0, 200.0 ] ] } },
{ "type": "Feature", "properties": { "type": "road_segment", "direction": "horizontal" }, "geometry": { "type": "LineString", "coordinates": [ [ 550.0, 200.0 ], [ 560.0, 200.0 ] ] } },
{ "type": "Feature", "properties": { "type": "road_segment", "direction": "horizontal" }, "geometry": { "type": "LineString", "coordinates": [ [ 560.0, 200.0 ], [ 570.0, 200.0 ] ] } },
{ "type": "Feature", "properties": { "type": "road_segment", "direction": "horizontal" }, "geometry": { "type": "LineString", "coordinates": [ [ 570.0, 200.0 ], [ 580.0, 200.0 ] ] } },
{ "type": "Feature", "properties": { "type": "road_segment", "direction": "horizontal" }, "geometry": { "type": "LineString", "coordinates": [ [ 580.0, 200.0 ], [ 590.0, 200.0 ] ] } },
{ "type": "Feature", "properties": { "type": "road_segment", "direction": "horizontal" }, "geometry": { "type": "LineString", "coordinates": [ [ 10.0, 210.0 ], [ 20.0, 210.0 ] ] } },
{ "type": "Feature", "properties": { "type": "road_segment", "direction": "horizontal" }, "geometry": { "type": "LineString", "coordinates": [ [ 20.0, 210.0 ], [ 30.0, 210.0 ] ] } },
{ "type": "Feature", "properties": { "type": "road_segment", "direction": "horizontal" }, "geometry": { "type": "LineString", "coordinates": [ [ 30.0, 210.0 ], [ 40.0, 210.0 ] ] } },
{ "type": "Feature", "properties": { "type": "road_segment", "direction": "horizontal" }, "geometry": { "type": "LineString", "coordinates": [ [ 40.0, 210.0 ], [ 50.0, 210.0 ] ] } },
{ "type": "Feature", "properties": { "type": "road_segment", "direction": "horizontal" }, "geometry": { "type": "LineString", "coordinates": [ [ 50.0, 210.0 ], [ 60.0, 210.0 ] ] } },
{ "type": "Feature", "properties": { "type": "road_segment", "direction": "horizontal" }, "geometry": { "type": "LineString", "coordinates": [ [ 60.0, 210.0 ], [ 70.0, 210.0 ] ] } },
{ "type": "Feature", "properties": { "type": "road_segment", "direction": "horizontal" }, "geometry": { "type": "LineString", "coordinates": [ [ 70.0, 210.0 ], [ 80.0, 210.0 ] ] } },
{ "type": "Feature", "properties": { "type": "road_segment", "direction": "horizontal" }, "geometry": { "type": "LineString", "coordinates": [ [ 80.0, 210.0 ], [ 90.0, 210.0 ] ] } },
{ "type": "Feature", "properties": { "type": "road_segment", "direction": "horizontal" }, "geometry": { "type": "LineString", "coordinates": [ [ 90.0, 210.0 ], [ 100.0, 210.0 ] ] } },
{ "type": "Feature", "properties": { "type": "road_segment", "direction": "horizontal" }, "geometry": { "type": "LineString", "coordinates": [ [ 100.0, 210.0 ], [ 110.0, 210.0 ] ] } },
{ "type": "Feature", "properties": { "type": "road_segment", "direction": "horizontal" }, "geometry": { "type": "LineString", "coordinates": [ [ 110.0, 210.0 ], [ 120.0, 210.0 ] ] } },
{ "type": "Feature", "properties": { "type": "road_segment", "direction": "horizontal" }, "geometry": { "type": "LineString", "coordinates": [ [ 120.0, 210.0 ], [ 130.0, 210.0 ] ] } },
{ "type": "Feature", "properties": { "type": "road_segment", "direction": "horizontal" }, "geometry": { "type": "LineString", "coordinates": [ [ 130.0, 210.0 ], [ 140.0, 210.0 ] ] } },
{ "type": "Feature", "properties": { "type": "road_segment", "direction": "horizontal" }, "geometry": { "type": "LineString", "coordinates": [ [ 140.0, 210.0 ], [ 150.0, 210.0 ] ] } },
{ "type": "Feature", "properties": { "type": "road_segment", "direction": "horizontal" }, "geometry": { "type": "LineString", "coordinates": [ [ 150.0, 210.0 ], [ 160.0, 210.0 ] ] } },
{ "type": "Feature", "properties": { "type": "road_segment", "direction": "horizontal" }, "geometry": { "type": "LineString", "coordinates": [ [ 160.0, 210.0 ], [ 170.0, 210.0 ] ] } },
{ "type": "Feature", "properties": { "type": "road_segment", "direction": "horizontal" }, "geometry": { "type": "LineString", "coordinates": [ [ 170.0, 210.0 ], [ 180.0, 210.0 ] ] } },
{ "type": "Feature", "properties": { "type": "road_segment", "direction": "horizontal" }, "geometry": { "type": "LineString", "coordinates": [ [ 180.0, 210.0 ], [ 190.0, 210.0 ] ] } },
{ "type": "Feature", "properties": { "type": "road_segment", "direction": "horizontal" }, "geometry": { "type": "LineString", "coordinates": [ [ 190.0, 210.0 ], [ 200.0, 210.0 ] ] } },
{ "type": "Feature", "properties": { "type": "road_segment", "direction": "horizontal" }, "geometry": { "type": "LineString", "coordinates": [ [ 200.0, 210.0 ], [ 210.0, 210.0 ] ] } },
{ "type": "Feature", "properties": { "type": "road_segment", "direction": "horizontal" }, "geometry": { "type": "LineString", "coordinates": [ [ 210.0, 210.0 ], [ 220.0, 210.0 ] ] } },
{ "type": "Feature", "properties": { "type": "road_segment", "direction": "horizontal" }, "geometry": { "type": "LineString", "coordinates": [ [ 220.0, 210.0 ], [ 230.0, 210.0 ] ] } },
{ "type": "Feature", "properties": { "type": "road_segment", "direction": "horizontal" }, "geometry": { "type": "LineString", "coordinates": [ [ 230.0, 210.0 ], [ 240.0, 210.0 ] ] } },
{ "type": "Feature", "properties": { "type": "road_segment", "direction": "horizontal" }, "geometry": { "type": "LineString", "coordinates": [ [ 240.0, 210.0 ], [ 250.0, 210.0 ] ] } },
{ "type": "Feature", "properties": { "type": "road_segment", "direction": "horizontal" }, "geometry": { "type": "LineString", "coordinates": [ [ 250.0, 210.0 ], [ 260.0, 210.0 ] ] } },
{ "type": "Feature", "properties": { "type": "road_segment", "direction": "horizontal" }, "geometry": { "type": "LineString", "coordinates": [ [ 260.0, 210.0 ], [ 270.0, 210.0 ] ] } },
{ "type": "Feature", "properties": { "type": "road_segment", "direction": "horizontal" }, "geometry": { "type": "LineString", "coordinates": [ [ 270.0, 210.0 ], [ 280.0, 210.0 ] ] } },
{ "type": "Feature", "properties": { "type": "road_segment", "direction": "horizontal" }, "geometry": { "type": "LineString", "coordinates": [ [ 280.0, 210.0 ], [ 290.0, 210.0 ] ] } },
{ "type": "Feature", "properties": { "type": "road_segment", "direction": "horizontal" }, "geometry": { "type": "LineString", "coordinates": [ [ 290.0, 210.0 ], [ 300.0, 210.0 ] ] } },
{ "type": "Feature", "properties": { "type": "road_segment", "direction": "horizontal" }, "geometry": { "type": "LineString", "coordinates": [ [ 300.0, 210.0 ], [ 310.0, 210.0 ] ] } },
{ "type": "Feature", "properties": { "type": "road_segment", "direction": "horizontal" }, "geometry": { "type": "LineString", "coordinates": [ [ 310.0, 210.0 ], [ 320.0, 210.0 ] ] } },
{ "type": "Feature", "properties": { "type": "road_segment", "direction": "horizontal" }, "geometry": { "type": "LineString", "coordinates": [ [ 320.0, 210.0 ], [ 330.0, 210.0 ] ] } },
{ "type": "Feature", "properties": { "type": "road_segment", "direction": "horizontal" }, "geometry": { "type": "LineString", "coordinates": [ [ 330.0, 210.0 ], [ 340.0, 210.0 ] ] } },
{ "type": "Feature", "properties": { "type": "road_segment", "direction": "horizontal" }, "geometry": { "type": "LineString", "coordinates": [ [ 340.0, 210.0 ], [ 350.0, 210.0 ] ] } },
{ "type": "Feature", "properties": { "type": "road_segment", "direction": "horizontal" }, "geometry": { "type": "LineString", "coordinates": [ [ 350.0, 210.0 ], [ 360.0, 210.0 ] ] } },
{ "type": "Feature", "properties": { "type": "road_segment", "direction": "horizontal" }, "geometry": { "type": "LineString", "coordinates": [ [ 360.0, 210.0 ], [ 370.0, 210.0 ] ] } },
{ "type": "Feature", "properties": { "type": "road_segment", "direction": "horizontal" }, "geometry": { "type": "LineString", "coordinates": [ [ 370.0, 210.0 ], [ 380.0, 210.0 ] ] } },
{ "type": "Feature", "properties": { "type": "road_segment", "direction": "horizontal" }, "geometry": { "type": "LineString", "coordinates": [ [ 380.0, 210.0 ], [ 390.0, 210.0 ] ] } },
{ "type": "Feature", "properties": { "type": "road_segment", "direction": "horizontal" }, "geometry": { "type": "LineString", "coordinates": [ [ 390.0, 210.0 ], [ 400.0, 210.0 ] ] } },
{ "type": "Feature", "properties": { "type": "road_segment", "direction": "horizontal" }, "geometry": { "type": "LineString", "coordinates": [ [ 400.0, 210.0 ], [ 410.0, 210.0 ] ] } },
{ "type": "Feature", "properties": { "type": "road_segment", "direction": "horizontal" }, "geometry": { "type": "LineString", "coordinates": [ [ 410.0, 210.0 ], [ 420.0, 210.0 ] ] } },
{ "type": "Feature", "properties": { "type": "road_segment", "direction": "horizontal" }, "geometry": { "type": "LineString", "coordinates": [ [ 420.0, 210.0 ], [ 430.0, 210.0 ] ] } },
{ "type": "Feature", "properties": { "type": "road_segment", "direction": "horizontal" }, "geometry": { "type": "LineString", "coordinates": [ [ 430.0, 210.0 ], [ 440.0, 210.0 ] ] } },
{ "type": "Feature", "properties": { "type": "road_segment", "direction": "horizontal" }, "geometry": { "type": "LineString", "coordinates": [ [ 440.0, 210.0 ], [ 450.0, 210.0 ] ] } },
{ "type": "Feature", "properties": { "type": "road_segment", "direction": "horizontal" }, "geometry": { "type": "LineString", "coordinates": [ [ 450.0, 210.0 ], [ 460.0, 210.0 ] ] } },
{ "type": "Feature", "properties": { "type": "road_segment", "direction": "horizontal" }, "geometry": { "type": "LineString", "coordinates": [ [ 460.0, 210.0 ], [ 470.0, 210.0 ] ] } },
{ "type": "Feature", "properties": { "type": "road_segment", "direction": "horizontal" }, "geometry": { "type": "LineString", "coordinates": [ [ 470.0, 210.0 ], [ 480.0, 210.0 ] ] } },
{ "type": "Feature", "properties": { "type": "road_segment", "direction": "horizontal" }, "geometry": { "type": "LineString", "coordinates": [ [ 480.0, 210.0 ], [ 490.0, 210.0 ] ] } },
{ "type": "Feature", "properties": { "type": "road_segment", "direction": "horizontal" }, "geometry": { "type": "LineString", "coordinates": [ [ 490.0, 210.0 ], [ 500.0, 210.0 ] ] } },
{ "type": "Feature", "properties": { "type": "road_segment", "direction": "horizontal" }, "geometry": { "type": "LineString", "coordinates": [ [ 500.0, 210.0 ], [ 510.0, 210.0 ] ] } },
{ "type": "Feature", "properties": { "type": "road_segment", "direction": "horizontal" }, "geometry": { "type": "LineString", "coordinates": [ [ 510.0, 210.0 ], [ 520.0, 210.0 ] ] } },
{ "type": "Feature", "properties": { "type": "road_segment", "direction": "horizontal" }, "geometry": { "type": "LineString", "coordinates": [ [ 520.0, 210.0 ], [ 530.0, 210.0 ] ] } },
{ "type": "Feature", "properties": { "type": "road_segment", "direction": "horizontal" }, "geometry": { "type": "LineString", "coordinates": [ [ 530.0, 210.0 ], [ 540.0, 210.0 ] ] } },
{ "type": "Feature", "properties": { "type": "road_segment", "direction": "horizontal" }, "geometry": { "type": "LineString", "coordinates": [ [ 540.0, 210.0 ], [ 550.0, 210.0 ] ] } },
{ "type": "Feature", "properties": { "type": "road_segment", "direction": "horizontal" }, "geometry": { "type": "LineString", "coordinates": [ [ 550.0, 210.0 ], [ 560.0, 210.0 ] ] } },
{ "type": "Feature", "properties": { "type": "road_segment", "direction": "horizontal" }, "geometry": { "type": "LineString", "coordinates": [ [ 560.0, 210.0 ], [ 570.0, 210.0 ] ] } },
{ "type": "Feature", "properties": { "type": "road_segment", "direction": "horizontal" }, "geometry": { "type": "LineString", "coordinates": [ [ 570.0, 210.0 ], [ 580.0, 210.0 ] ] } },
{ "type": "Feature", "properties": { "type": "road_segment", "direction": "horizontal" }, "geometry": { "type": "LineString", "coordinates": [ [ 580.0, 210.0 ], [ 590.0, 210.0 ] ] } },
{ "type": "Feature", "properties": { "type": "road_segment", "direction": "horizontal" }, "geometry": { "type": "LineString", "coordinates": [ [ 100.0, 220.0 ], [ 110.0, 220.0 ] ] } },
{ "type": "Feature", "properties": { "type": "road_segment", "direction": "horizontal" }, "geometry": { "type": "LineString", "coordinates": [ [ 110.0, 220.0 ], [ 120.0, 220.0 ] ] } },
{ "type": "Feature", "properties": { "type": "road_segment", "direction": "horizontal" }, "geometry": { "type": "LineString", "coordinates": [ [ 190.0, 220.0 ], [ 200.0, 220.0 ] ] } },
{ "type": "Feature", "properties": { "type": "road_segment", "direction": "horizontal" }, "geometry": { "type": "LineString", "coordinates": [ [ 200.0, 220.0 ], [ 210.0, 220.0 ] ] } },
{ "type": "Feature", "properties": { "type": "road_segment", "direction": "horizontal" }, "geometry": { "type": "LineString", "coordinates": [ [ 210.0, 220.0 ], [ 220.0, 220.0 ] ] } },
{ "type": "Feature", "properties": { "type": "road_segment", "direction": "horizontal" }, "geometry": { "type": "LineString", "coordinates": [ [ 220.0, 220.0 ], [ 230.0, 220.0 ] ] } },
{ "type": "Feature", "properties": { "type": "road_segment", "direction": "horizontal" }, "geometry": { "type": "LineString", "coordinates": [ [ 230.0, 220.0 ], [ 240.0, 220.0 ] ] } },
{ "type": "Feature", "properties": { "type": "road_segment", "direction": "horizontal" }, "geometry": { "type": "LineString", "coordinates": [ [ 290.0, 220.0 ], [ 300.0, 220.0 ] ] } },
{ "type": "Feature", "properties": { "type": "road_segment", "direction": "horizontal" }, "geometry": { "type": "LineString", "coordinates": [ [ 300.0, 220.0 ], [ 310.0, 220.0 ] ] } },
{ "type": "Feature", "properties": { "type": "road_segment", "direction": "horizontal" }, "geometry": { "type": "LineString", "coordinates": [ [ 340.0, 220.0 ], [ 350.0, 220.0 ] ] } },
{ "type": "Feature", "properties": { "type": "road_segment", "direction": "horizontal" }, "geometry": { "type": "LineString", "coordinates": [ [ 350.0, 220.0 ], [ 360.0, 220.0 ] ] } },
{ "type": "Feature", "properties": { "type": "road_segment", "direction": "horizontal" }, "geometry": { "type": "LineString", "coordinates": [ [ 390.0, 220.0 ], [ 400.0, 220.0 ] ] } },
{ "type": "Feature", "properties": { "type": "road_segment", "direction": "horizontal" }, "geometry": { "type": "LineString", "coordinates": [ [ 400.0, 220.0 ], [ 410.0, 220.0 ] ] } },
{ "type": "Feature", "properties": { "type": "road_segment", "direction": "horizontal" }, "geometry": { "type": "LineString", "coordinates": [ [ 460.0, 220.0 ], [ 470.0, 220.0 ] ] } },
{ "type": "Feature", "properties": { "type": "road_segment", "direction": "horizontal" }, "geometry": { "type": "LineString", "coordinates": [ [ 470.0, 220.0 ], [ 480.0, 220.0 ] ] } },
{ "type": "Feature", "properties": { "type": "road_segment", "direction": "horizontal" }, "geometry": { "type": "LineString", "coordinates": [ [ 100.0, 230.0 ], [ 110.0, 230.0 ] ] } },
{ "type": "Feature", "properties": { "type": "road_segment", "direction": "horizontal" }, "geometry": { "type": "LineString", "coordinates": [ [ 110.0, 230.0 ], [ 120.0, 230.0 ] ] } },
{ "type": "Feature", "properties": { "type": "road_segment", "direction": "horizontal" }, "geometry": { "type": "LineString", "coordinates": [ [ 190.0, 230.0 ], [ 200.0, 230.0 ] ] } },
{ "type": "Feature", "properties": { "type": "road_segment", "direction": "horizontal" }, "geometry": { "type": "LineString", "coordinates": [ [ 200.0, 230.0 ], [ 210.0, 230.0 ] ] } },
{ "type": "Feature", "properties": { "type": "road_segment", "direction": "horizontal" }, "geometry": { "type": "LineString", "coordinates": [ [ 210.0, 230.0 ], [ 220.0, 230.0 ] ] } },
{ "type": "Feature", "properties": { "type": "road_segment", "direction": "horizontal" }, "geometry": { "type": "LineString", "coordinates": [ [ 220.0, 230.0 ], [ 230.0, 230.0 ] ] } },
{ "type": "Feature", "properties": { "type": "road_segment", "direction": "horizontal" }, "geometry": { "type": "LineString", "coordinates": [ [ 230.0, 230.0 ], [ 240.0, 230.0 ] ] } },
{ "type": "Feature", "properties": { "type": "road_segment", "direction": "horizontal" }, "geometry": { "type": "LineString", "coordinates": [ [ 290.0, 230.0 ], [ 300.0, 230.0 ] ] } },
{ "type": "Feature", "properties": { "type": "road_segment", "direction": "horizontal" }, "geometry": { "type": "LineString", "coordinates": [ [ 300.0, 230.0 ], [ 310.0, 230.0 ] ] } },
{ "type": "Feature", "properties": { "type": "road_segment", "direction": "horizontal" }, "geometry": { "type": "LineString", "coordinates": [ [ 340.0, 230.0 ], [ 350.0, 230.0 ] ] } },
{ "type": "Feature", "properties": { "type": "road_segment", "direction": "horizontal" }, "geometry": { "type": "LineString", "coordinates": [ [ 350.0, 230.0 ], [ 360.0, 230.0 ] ] } },
{ "type": "Feature", "properties": { "type": "road_segment", "direction": "horizontal" }, "geometry": { "type": "LineString", "coordinates": [ [ 390.0, 230.0 ], [ 400.0, 230.0 ] ] } },
{ "type": "Feature", "properties": { "type": "road_segment", "direction": "horizontal" }, "geometry": { "type": "LineString", "coordinates": [ [ 400.0, 230.0 ], [ 410.0, 230.0 ] ] } },
{ "type": "Feature", "properties": { "type": "road_segment", "direction": "horizontal" }, "geometry": { "type": "LineString", "coordinates": [ [ 460.0, 230.0 ], [ 470.0, 230.0 ] ] } },
{ "type": "Feature", "properties": { "type": "road_segment", "direction": "horizontal" }, "geometry": { "type": "LineString", "coordinates": [ [ 470.0, 230.0 ], [ 480.0, 230.0 ] ] } },
{ "type": "Feature", "properties": { "type": "road_segment", "direction": "horizontal" }, "geometry": { "type": "LineString", "coordinates": [ [ 580.0, 230.0 ], [ 590.0, 230.0 ] ] } },
{ "type": "Feature", "properties": { "type": "road_segment", "direction": "horizontal" }, "geometry": { "type": "LineString", "coordinates": [ [ 100.0, 240.0 ], [ 110.0, 240.0 ] ] } },
{ "type": "Feature", "properties": { "type": "road_segment", "direction": "horizontal" }, "geometry": { "type": "LineString", "coordinates": [ [ 110.0, 240.0 ], [ 120.0, 240.0 ] ] } },
{ "type": "Feature", "properties": { "type": "road_segment", "direction": "horizontal" }, "geometry": { "type": "LineString", "coordinates": [ [ 190.0, 240.0 ], [ 200.0, 240.0 ] ] } },
{ "type": "Feature", "properties": { "type": "road_segment", "direction": "horizontal" }, "geometry": { "type": "LineString", "coordinates": [ [ 200.0, 240.0 ], [ 210.0, 240.0 ] ] } },
{ "type": "Feature", "properties": { "type": "road_segment", "direction": "horizontal" }, "geometry": { "type": "LineString", "coordinates": [ [ 210.0, 240.0 ], [ 220.0, 240.0 ] ] } },
{ "type": "Feature", "properties": { "type": "road_segment", "direction": "horizontal" }, "geometry": { "type": "LineString", "coordinates": [ [ 220.0, 240.0 ], [ 230.0, 240.0 ] ] } },
{ "type": "Feature", "properties": { "type": "road_segment", "direction": "horizontal" }, "geometry": { "type": "LineString", "coordinates": [ [ 230.0, 240.0 ], [ 240.0, 240.0 ] ] } },
{ "type": "Feature", "properties": { "type": "road_segment", "direction": "horizontal" }, "geometry": { "type": "LineString", "coordinates": [ [ 290.0, 240.0 ], [ 300.0, 240.0 ] ] } },
{ "type": "Feature", "properties": { "type": "road_segment", "direction": "horizontal" }, "geometry": { "type": "LineString", "coordinates": [ [ 300.0, 240.0 ], [ 310.0, 240.0 ] ] } },
{ "type": "Feature", "properties": { "type": "road_segment", "direction": "horizontal" }, "geometry": { "type": "LineString", "coordinates": [ [ 340.0, 240.0 ], [ 350.0, 240.0 ] ] } },
{ "type": "Feature", "properties": { "type": "road_segment", "direction": "horizontal" }, "geometry": { "type": "LineString", "coordinates": [ [ 350.0, 240.0 ], [ 360.0, 240.0 ] ] } },
{ "type": "Feature", "properties": { "type": "road_segment", "direction": "horizontal" }, "geometry": { "type": "LineString", "coordinates": [ [ 390.0, 240.0 ], [ 400.0, 240.0 ] ] } },
{ "type": "Feature", "properties": { "type": "road_segment", "direction": "horizontal" }, "geometry": { "type": "LineString", "coordinates": [ [ 400.0, 240.0 ], [ 410.0, 240.0 ] ] } },
{ "type": "Feature", "properties": { "type": "road_segment", "direction": "horizontal" }, "geometry": { "type": "LineString", "coordinates": [ [ 460.0, 240.0 ], [ 470.0, 240.0 ] ] } },
{ "type": "Feature", "properties": { "type": "road_segment", "direction": "horizontal" }, "geometry": { "type": "LineString", "coordinates": [ [ 470.0, 240.0 ], [ 480.0, 240.0 ] ] } },
{ "type": "Feature", "properties": { "type": "road_segment", "direction": "horizontal" }, "geometry": { "type": "LineString", "coordinates": [ [ 580.0, 240.0 ], [ 590.0, 240.0 ] ] } },
{ "type": "Feature", "properties": { "type": "road_segment", "direction": "horizontal" }, "geometry": { "type": "LineString", "coordinates": [ [ 190.0, 250.0 ], [ 200.0, 250.0 ] ] } },
{ "type": "Feature", "properties": { "type": "road_segment", "direction": "horizontal" }, "geometry": { "type": "LineString", "coordinates": [ [ 200.0, 250.0 ], [ 210.0, 250.0 ] ] } },
{ "type": "Feature", "properties": { "type": "road_segment", "direction": "horizontal" }, "geometry": { "type": "LineString", "coordinates": [ [ 290.0, 250.0 ], [ 300.0, 250.0 ] ] } },
{ "type": "Feature", "properties": { "type": "road_segment", "direction": "horizontal" }, "geometry": { "type": "LineString", "coordinates": [ [ 300.0, 250.0 ], [ 310.0, 250.0 ] ] } },
{ "type": "Feature", "properties": { "type": "road_segment", "direction": "horizontal" }, "geometry": { "type": "LineString", "coordinates": [ [ 390.0, 250.0 ], [ 400.0, 250.0 ] ] } },
{ "type": "Feature", "properties": { "type": "road_segment", "direction": "horizontal" }, "geometry": { "type": "LineString", "coordinates": [ [ 400.0, 250.0 ], [ 410.0, 250.0 ] ] } },
{ "type": "Feature", "properties": { "type": "road_segment", "direction": "horizontal" }, "geometry": { "type": "LineString", "coordinates": [ [ 190.0, 260.0 ], [ 200.0, 260.0 ] ] } },
{ "type": "Feature", "properties": { "type": "road_segment", "direction": "horizontal" }, "geometry": { "type": "LineString", "coordinates": [ [ 200.0, 260.0 ], [ 210.0, 260.0 ] ] } },
{ "type": "Feature", "properties": { "type": "road_segment", "direction": "horizontal" }, "geometry": { "type": "LineString", "coordinates": [ [ 290.0, 260.0 ], [ 300.0, 260.0 ] ] } },
{ "type": "Feature", "properties": { "type": "road_segment", "direction": "horizontal" }, "geometry": { "type": "LineString", "coordinates": [ [ 300.0, 260.0 ], [ 310.0, 260.0 ] ] } },
{ "type": "Feature", "properties": { "type": "road_segment", "direction": "horizontal" }, "geometry": { "type": "LineString", "coordinates": [ [ 390.0, 260.0 ], [ 400.0, 260.0 ] ] } },
{ "type": "Feature", "properties": { "type": "road_segment", "direction": "horizontal" }, "geometry": { "type": "LineString", "coordinates": [ [ 400.0, 260.0 ], [ 410.0, 260.0 ] ] } },
{ "type": "Feature", "properties": { "type": "road_segment", "direction": "horizontal" }, "geometry": { "type": "LineString", "coordinates": [ [ 190.0, 270.0 ], [ 200.0, 270.0 ] ] } },
{ "type": "Feature", "properties": { "type": "road_segment", "direction": "horizontal" }, "geometry": { "type": "LineString", "coordinates": [ [ 200.0, 270.0 ], [ 210.0, 270.0 ] ] } },
{ "type": "Feature", "properties": { "type": "road_segment", "direction": "horizontal" }, "geometry": { "type": "LineString", "coordinates": [ [ 290.0, 270.0 ], [ 300.0, 270.0 ] ] } },
{ "type": "Feature", "properties": { "type": "road_segment", "direction": "horizontal" }, "geometry": { "type": "LineString", "coordinates": [ [ 300.0, 270.0 ], [ 310.0, 270.0 ] ] } },
{ "type": "Feature", "properties": { "type": "road_segment", "direction": "horizontal" }, "geometry": { "type": "LineString", "coordinates": [ [ 390.0, 270.0 ], [ 400.0, 270.0 ] ] } },
{ "type": "Feature", "properties": { "type": "road_segment", "direction": "horizontal" }, "geometry": { "type": "LineString", "coordinates": [ [ 400.0, 270.0 ], [ 410.0, 270.0 ] ] } },
{ "type": "Feature", "properties": { "type": "road_segment", "direction": "horizontal" }, "geometry": { "type": "LineString", "coordinates": [ [ 190.0, 280.0 ], [ 200.0, 280.0 ] ] } },
{ "type": "Feature", "properties": { "type": "road_segment", "direction": "horizontal" }, "geometry": { "type": "LineString", "coordinates": [ [ 200.0, 280.0 ], [ 210.0, 280.0 ] ] } },
{ "type": "Feature", "properties": { "type": "road_segment", "direction": "horizontal" }, "geometry": { "type": "LineString", "coordinates": [ [ 290.0, 280.0 ], [ 300.0, 280.0 ] ] } },
{ "type": "Feature", "properties": { "type": "road_segment", "direction": "horizontal" }, "geometry": { "type": "LineString", "coordinates": [ [ 300.0, 280.0 ], [ 310.0, 280.0 ] ] } },
{ "type": "Feature", "properties": { "type": "road_segment", "direction": "horizontal" }, "geometry": { "type": "LineString", "coordinates": [ [ 390.0, 280.0 ], [ 400.0, 280.0 ] ] } },
{ "type": "Feature", "properties": { "type": "road_segment", "direction": "horizontal" }, "geometry": { "type": "LineString", "coordinates": [ [ 400.0, 280.0 ], [ 410.0, 280.0 ] ] } },
{ "type": "Feature", "properties": { "type": "road_segment", "direction": "horizontal" }, "geometry": { "type": "LineString", "coordinates": [ [ 0.0, 290.0 ], [ 10.0, 290.0 ] ] } },
{ "type": "Feature", "properties": { "type": "road_segment", "direction": "horizontal" }, "geometry": { "type": "LineString", "coordinates": [ [ 10.0, 290.0 ], [ 20.0, 290.0 ] ] } },
{ "type": "Feature", "properties": { "type": "road_segment", "direction": "horizontal" }, "geometry": { "type": "LineString", "coordinates": [ [ 20.0, 290.0 ], [ 30.0, 290.0 ] ] } },
{ "type": "Feature", "properties": { "type": "road_segment", "direction": "horizontal" }, "geometry": { "type": "LineString", "coordinates": [ [ 30.0, 290.0 ], [ 40.0, 290.0 ] ] } },
{ "type": "Feature", "properties": { "type": "road_segment", "direction": "horizontal" }, "geometry": { "type": "LineString", "coordinates": [ [ 40.0, 290.0 ], [ 50.0, 290.0 ] ] } },
{ "type": "Feature", "properties": { "type": "road_segment", "direction": "horizontal" }, "geometry": { "type": "LineString", "coordinates": [ [ 50.0, 290.0 ], [ 60.0, 290.0 ] ] } },
{ "type": "Feature", "properties": { "type": "road_segment", "direction": "horizontal" }, "geometry": { "type": "LineString", "coordinates": [ [ 60.0, 290.0 ], [ 70.0, 290.0 ] ] } },
{ "type": "Feature", "properties": { "type": "road_segment", "direction": "horizontal" }, "geometry": { "type": "LineString", "coordinates": [ [ 70.0, 290.0 ], [ 80.0, 290.0 ] ] } },
{ "type": "Feature", "properties": { "type": "road_segment", "direction": "horizontal" }, "geometry": { "type": "LineString", "coordinates": [ [ 80.0, 290.0 ], [ 90.0, 290.0 ] ] } },
{ "type": "Feature", "properties": { "type": "road_segment", "direction": "horizontal" }, "geometry": { "type": "LineString", "coordinates": [ [ 90.0, 290.0 ], [ 100.0, 290.0 ] ] } },
{ "type": "Feature", "properties": { "type": "road_segment", "direction": "horizontal" }, "geometry": { "type": "LineString", "coordinates": [ [ 100.0, 290.0 ], [ 110.0, 290.0 ] ] } },
{ "type": "Feature", "properties": { "type": "road_segment", "direction": "horizontal" }, "geometry": { "type": "LineString", "coordinates": [ [ 110.0, 290.0 ], [ 120.0, 290.0 ] ] } },
{ "type": "Feature", "properties": { "type": "road_segment", "direction": "horizontal" }, "geometry": { "type": "LineString", "coordinates": [ [ 120.0, 290.0 ], [ 130.0, 290.0 ] ] } },
{ "type": "Feature", "properties": { "type": "road_segment", "direction": "horizontal" }, "geometry": { "type": "LineString", "coordinates": [ [ 130.0, 290.0 ], [ 140.0, 290.0 ] ] } },
{ "type": "Feature", "properties": { "type": "road_segment", "direction": "horizontal" }, "geometry": { "type": "LineString", "coordinates": [ [ 140.0, 290.0 ], [ 150.0, 290.0 ] ] } },
{ "type": "Feature", "properties": { "type": "road_segment", "direction": "horizontal" }, "geometry": { "type": "LineString", "coordinates": [ [ 150.0, 290.0 ], [ 160.0, 290.0 ] ] } },
{ "type": "Feature", "properties": { "type": "road_segment", "direction": "horizontal" }, "geometry": { "type": "LineString", "coordinates": [ [ 160.0, 290.0 ], [ 170.0, 290.0 ] ] } },
{ "type": "Feature", "properties": { "type": "road_segment", "direction": "horizontal" }, "geometry": { "type": "LineString", "coordinates": [ [ 170.0, 290.0 ], [ 180.0, 290.0 ] ] } },
{ "type": "Feature", "properties": { "type": "road_segment", "direction": "horizontal" }, "geometry": { "type": "LineString", "coordinates": [ [ 180.0, 290.0 ], [ 190.0, 290.0 ] ] } },
{ "type": "Feature", "properties": { "type": "road_segment", "direction": "horizontal" }, "geometry": { "type": "LineString", "coordinates": [ [ 190.0, 290.0 ], [ 200.0, 290.0 ] ] } },
{ "type": "Feature", "properties": { "type": "road_segment", "direction": "horizontal" }, "geometry": { "type": "LineString", "coordinates": [ [ 200.0, 290.0 ], [ 210.0, 290.0 ] ] } },
{ "type": "Feature", "properties": { "type": "road_segment", "direction": "horizontal" }, "geometry": { "type": "LineString", "coordinates": [ [ 210.0, 290.0 ], [ 220.0, 290.0 ] ] } },
{ "type": "Feature", "properties": { "type": "road_segment", "direction": "horizontal" }, "geometry": { "type": "LineString", "coordinates": [ [ 220.0, 290.0 ], [ 230.0, 290.0 ] ] } },
{ "type": "Feature", "properties": { "type": "road_segment", "direction": "horizontal" }, "geometry": { "type": "LineString", "coordinates": [ [ 230.0, 290.0 ], [ 240.0, 290.0 ] ] } },
{ "type": "Feature", "properties": { "type": "road_segment", "direction": "horizontal" }, "geometry": { "type": "LineString", "coordinates": [ [ 240.0, 290.0 ], [ 250.0, 290.0 ] ] } },
{ "type": "Feature", "properties": { "type": "road_segment", "direction": "horizontal" }, "geometry": { "type": "LineString", "coordinates": [ [ 250.0, 290.0 ], [ 260.0, 290.0 ] ] } },
{ "type": "Feature", "properties": { "type": "road_segment", "direction": "horizontal" }, "geometry": { "type": "LineString", "coordinates": [ [ 260.0, 290.0 ], [ 270.0, 290.0 ] ] } },
{ "type": "Feature", "properties": { "type": "road_segment", "direction": "horizontal" }, "geometry": { "type": "LineString", "coordinates": [ [ 270.0, 290.0 ], [ 280.0, 290.0 ] ] } },
{ "type": "Feature", "properties": { "type": "road_segment", "direction": "horizontal" }, "geometry": { "type": "LineString", "coordinates": [ [ 280.0, 290.0 ], [ 290.0, 290.0 ] ] } },
{ "type": "Feature", "properties": { "type": "road_segment", "direction": "horizontal" }, "geometry": { "type": "LineString", "coordinates": [ [ 290.0, 290.0 ], [ 300.0, 290.0 ] ] } },
{ "type": "Feature", "properties": { "type": "road_segment", "direction": "horizontal" }, "geometry": { "type": "LineString", "coordinates": [ [ 300.0, 290.0 ], [ 310.0, 290.0 ] ] } },
{ "type": "Feature", "properties": { "type": "road_segment", "direction": "horizontal" }, "geometry": { "type": "LineString", "coordinates": [ [ 310.0, 290.0 ], [ 320.0, 290.0 ] ] } },
{ "type": "Feature", "properties": { "type": "road_segment", "direction": "horizontal" }, "geometry": { "type": "LineString", "coordinates": [ [ 320.0, 290.0 ], [ 330.0, 290.0 ] ] } },
{ "type": "Feature", "properties": { "type": "road_segment", "direction": "horizontal" }, "geometry": { "type": "LineString", "coordinates": [ [ 330.0, 290.0 ], [ 340.0, 290.0 ] ] } },
{ "type": "Feature", "properties": { "type": "road_segment", "direction": "horizontal" }, "geometry": { "type": "LineString", "coordinates": [ [ 340.0, 290.0 ], [ 350.0, 290.0 ] ] } },
{ "type": "Feature", "properties": { "type": "road_segment", "direction": "horizontal" }, "geometry": { "type": "LineString", "coordinates": [ [ 350.0, 290.0 ], [ 360.0, 290.0 ] ] } },
{ "type": "Feature", "properties": { "type": "road_segment", "direction": "horizontal" }, "geometry": { "type": "LineString", "coordinates": [ [ 360.0, 290.0 ], [ 370.0, 290.0 ] ] } },
{ "type": "Feature", "properties": { "type": "road_segment", "direction": "horizontal" }, "geometry": { "type": "LineString", "coordinates": [ [ 370.0, 290.0 ], [ 380.0, 290.0 ] ] } },
{ "type": "Feature", "properties": { "type": "road_segment", "direction": "horizontal" }, "geometry": { "type": "LineString", "coordinates": [ [ 380.0, 290.0 ], [ 390.0, 290.0 ] ] } },
{ "type": "Feature", "properties": { "type": "road_segment", "direction": "horizontal" }, "geometry": { "type": "LineString", "coordinates": [ [ 390.0, 290.0 ], [ 400.0, 290.0 ] ] } },
{ "type": "Feature", "properties": { "type": "road_segment", "direction": "horizontal" }, "geometry": { "type": "LineString", "coordinates": [ [ 400.0, 290.0 ], [ 410.0, 290.0 ] ] } },
{ "type": "Feature", "properties": { "type": "road_segment", "direction": "horizontal" }, "geometry": { "type": "LineString", "coordinates": [ [ 410.0, 290.0 ], [ 420.0, 290.0 ] ] } },
{ "type": "Feature", "properties": { "type": "road_segment", "direction": "horizontal" }, "geometry": { "type": "LineString", "coordinates": [ [ 420.0, 290.0 ], [ 430.0, 290.0 ] ] } },
{ "type": "Feature", "properties": { "type": "road_segment", "direction": "horizontal" }, "geometry": { "type": "LineString", "coordinates": [ [ 430.0, 290.0 ], [ 440.0, 290.0 ] ] } },
{ "type": "Feature", "properties": { "type": "road_segment", "direction": "horizontal" }, "geometry": { "type": "LineString", "coordinates": [ [ 440.0, 290.0 ], [ 450.0, 290.0 ] ] } },
{ "type": "Feature", "properties": { "type": "road_segment", "direction": "horizontal" }, "geometry": { "type": "LineString", "coordinates": [ [ 450.0, 290.0 ], [ 460.0, 290.0 ] ] } },
{ "type": "Feature", "properties": { "type": "road_segment", "direction": "horizontal" }, "geometry": { "type": "LineString", "coordinates": [ [ 460.0, 290.0 ], [ 470.0, 290.0 ] ] } },
{ "type": "Feature", "properties": { "type": "road_segment", "direction": "horizontal" }, "geometry": { "type": "LineString", "coordinates": [ [ 470.0, 290.0 ], [ 480.0, 290.0 ] ] } },
{ "type": "Feature", "properties": { "type": "road_segment", "direction": "horizontal" }, "geometry": { "type": "LineString", "coordinates": [ [ 480.0, 290.0 ], [ 490.0, 290.0 ] ] } },
{ "type": "Feature", "properties": { "type": "road_segment", "direction": "horizontal" }, "geometry": { "type": "LineString", "coordinates": [ [ 490.0, 290.0 ], [ 500.0, 290.0 ] ] } },
{ "type": "Feature", "properties": { "type": "road_segment", "direction": "horizontal" }, "geometry": { "type": "LineString", "coordinates": [ [ 500.0, 290.0 ], [ 510.0, 290.0 ] ] } },
{ "type": "Feature", "properties": { "type": "road_segment", "direction": "horizontal" }, "geometry": { "type": "LineString", "coordinates": [ [ 510.0, 290.0 ], [ 520.0, 290.0 ] ] } },
{ "type": "Feature", "properties": { "type": "road_segment", "direction": "horizontal" }, "geometry": { "type": "LineString", "coordinates": [ [ 520.0, 290.0 ], [ 530.0, 290.0 ] ] } },
{ "type": "Feature", "properties": { "type": "road_segment", "direction": "horizontal" }, "geometry": { "type": "LineString", "coordinates": [ [ 530.0, 290.0 ], [ 540.0, 290.0 ] ] } },
{ "type": "Feature", "properties": { "type": "road_segment", "direction": "horizontal" }, "geometry": { "type": "LineString", "coordinates": [ [ 540.0, 290.0 ], [ 550.0, 290.0 ] ] } },
{ "type": "Feature", "properties": { "type": "road_segment", "direction": "horizontal" }, "geometry": { "type": "LineString", "coordinates": [ [ 550.0, 290.0 ], [ 560.0, 290.0 ] ] } },
{ "type": "Feature", "properties": { "type": "road_segment", "direction": "horizontal" }, "geometry": { "type": "LineString", "coordinates": [ [ 560.0, 290.0 ], [ 570.0, 290.0 ] ] } },
{ "type": "Feature", "properties": { "type": "road_segment", "direction": "horizontal" }, "geometry": { "type": "LineString", "coordinates": [ [ 570.0, 290.0 ], [ 580.0, 290.0 ] ] } },
{ "type": "Feature", "properties": { "type": "road_segment", "direction": "horizontal" }, "geometry": { "type": "LineString", "coordinates": [ [ 580.0, 290.0 ], [ 590.0, 290.0 ] ] } },
{ "type": "Feature", "properties": { "type": "road_segment", "direction": "horizontal" }, "geometry": { "type": "LineString", "coordinates": [ [ 0.0, 300.0 ], [ 10.0, 300.0 ] ] } },
{ "type": "Feature", "properties": { "type": "road_segment", "direction": "horizontal" }, "geometry": { "type": "LineString", "coordinates": [ [ 10.0, 300.0 ], [ 20.0, 300.0 ] ] } },
{ "type": "Feature", "properties": { "type": "road_segment", "direction": "horizontal" }, "geometry": { "type": "LineString", "coordinates": [ [ 20.0, 300.0 ], [ 30.0, 300.0 ] ] } },
{ "type": "Feature", "properties": { "type": "road_segment", "direction": "horizontal" }, "geometry": { "type": "LineString", "coordinates": [ [ 30.0, 300.0 ], [ 40.0, 300.0 ] ] } },
{ "type": "Feature", "properties": { "type": "road_segment", "direction": "horizontal" }, "geometry": { "type": "LineString", "coordinates": [ [ 40.0, 300.0 ], [ 50.0, 300.0 ] ] } },
{ "type": "Feature", "properties": { "type": "road_segment", "direction": "horizontal" }, "geometry": { "type": "LineString", "coordinates": [ [ 50.0, 300.0 ], [ 60.0, 300.0 ] ] } },
{ "type": "Feature", "properties": { "type": "road_segment", "direction": "horizontal" }, "geometry": { "type": "LineString", "coordinates": [ [ 60.0, 300.0 ], [ 70.0, 300.0 ] ] } },
{ "type": "Feature", "properties": { "type": "road_segment", "direction": "horizontal" }, "geometry": { "type": "LineString", "coordinates": [ [ 70.0, 300.0 ], [ 80.0, 300.0 ] ] } },
{ "type": "Feature", "properties": { "type": "road_segment", "direction": "horizontal" }, "geometry": { "type": "LineString", "coordinates": [ [ 80.0, 300.0 ], [ 90.0, 300.0 ] ] } },
{ "type": "Feature", "properties": { "type": "road_segment", "direction": "horizontal" }, "geometry": { "type": "LineString", "coordinates": [ [ 90.0, 300.0 ], [ 100.0, 300.0 ] ] } },
{ "type": "Feature", "properties": { "type": "road_segment", "direction": "horizontal" }, "geometry": { "type": "LineString", "coordinates": [ [ 100.0, 300.0 ], [ 110.0, 300.0 ] ] } },
{ "type": "Feature", "properties": { "type": "road_segment", "direction": "horizontal" }, "geometry": { "type": "LineString", "coordinates": [ [ 110.0, 300.0 ], [ 120.0, 300.0 ] ] } },
{ "type": "Feature", "properties": { "type": "road_segment", "direction": "horizontal" }, "geometry": { "type": "LineString", "coordinates": [ [ 120.0, 300.0 ], [ 130.0, 300.0 ] ] } },
{ "type": "Feature", "properties": { "type": "road_segment", "direction": "horizontal" }, "geometry": { "type": "LineString", "coordinates": [ [ 130.0, 300.0 ], [ 140.0, 300.0 ] ] } },
{ "type": "Feature", "properties": { "type": "road_segment", "direction": "horizontal" }, "geometry": { "type": "LineString", "coordinates": [ [ 140.0, 300.0 ], [ 150.0, 300.0 ] ] } },
{ "type": "Feature", "properties": { "type": "road_segment", "direction": "horizontal" }, "geometry": { "type": "LineString", "coordinates": [ [ 150.0, 300.0 ], [ 160.0, 300.0 ] ] } },
{ "type": "Feature", "properties": { "type": "road_segment", "direction": "horizontal" }, "geometry": { "type": "LineString", "coordinates": [ [ 160.0, 300.0 ], [ 170.0, 300.0 ] ] } },
{ "type": "Feature", "properties": { "type": "road_segment", "direction": "horizontal" }, "geometry": { "type": "LineString", "coordinates": [ [ 170.0, 300.0 ], [ 180.0, 300.0 ] ] } },
{ "type": "Feature", "properties": { "type": "road_segment", "direction": "horizontal" }, "geometry": { "type": "LineString", "coordinates": [ [ 180.0, 300.0 ], [ 190.0, 300.0 ] ] } },
{ "type": "Feature", "properties": { "type": "road_segment", "direction": "horizontal" }, "geometry": { "type": "LineString", "coordinates": [ [ 190.0, 300.0 ], [ 200.0, 300.0 ] ] } },
{ "type": "Feature", "properties": { "type": "road_segment", "direction": "horizontal" }, "geometry": { "type": "LineString", "coordinates": [ [ 200.0, 300.0 ], [ 210.0, 300.0 ] ] } },
{ "type": "Feature", "properties": { "type": "road_segment", "direction": "horizontal" }, "geometry": { "type": "LineString", "coordinates": [ [ 210.0, 300.0 ], [ 220.0, 300.0 ] ] } },
{ "type": "Feature", "properties": { "type": "road_segment", "direction": "horizontal" }, "geometry": { "type": "LineString", "coordinates": [ [ 220.0, 300.0 ], [ 230.0, 300.0 ] ] } },
{ "type": "Feature", "properties": { "type": "road_segment", "direction": "horizontal" }, "geometry": { "type": "LineString", "coordinates": [ [ 230.0, 300.0 ], [ 240.0, 300.0 ] ] } },
{ "type": "Feature", "properties": { "type": "road_segment", "direction": "horizontal" }, "geometry": { "type": "LineString", "coordinates": [ [ 240.0, 300.0 ], [ 250.0, 300.0 ] ] } },
{ "type": "Feature", "properties": { "type": "road_segment", "direction": "horizontal" }, "geometry": { "type": "LineString", "coordinates": [ [ 250.0, 300.0 ], [ 260.0, 300.0 ] ] } },
{ "type": "Feature", "properties": { "type": "road_segment", "direction": "horizontal" }, "geometry": { "type": "LineString", "coordinates": [ [ 260.0, 300.0 ], [ 270.0, 300.0 ] ] } },
{ "type": "Feature", "properties": { "type": "road_segment", "direction": "horizontal" }, "geometry": { "type": "LineString", "coordinates": [ [ 270.0, 300.0 ], [ 280.0, 300.0 ] ] } },
{ "type": "Feature", "properties": { "type": "road_segment", "direction": "horizontal" }, "geometry": { "type": "LineString", "coordinates": [ [ 280.0, 300.0 ], [ 290.0, 300.0 ] ] } },
{ "type": "Feature", "properties": { "type": "road_segment", "direction": "horizontal" }, "geometry": { "type": "LineString", "coordinates": [ [ 290.0, 300.0 ], [ 300.0, 300.0 ] ] } },
{ "type": "Feature", "properties": { "type": "road_segment", "direction": "horizontal" }, "geometry": { "type": "LineString", "coordinates": [ [ 300.0, 300.0 ], [ 310.0, 300.0 ] ] } },
{ "type": "Feature", "properties": { "type": "road_segment", "direction": "horizontal" }, "geometry": { "type": "LineString", "coordinates": [ [ 310.0, 300.0 ], [ 320.0, 300.0 ] ] } },
{ "type": "Feature", "properties": { "type": "road_segment", "direction": "horizontal" }, "geometry": { "type": "LineString", "coordinates": [ [ 320.0, 300.0 ], [ 330.0, 300.0 ] ] } },
{ "type": "Feature", "properties": { "type": "road_segment", "direction": "horizontal" }, "geometry": { "type": "LineString", "coordinates": [ [ 330.0, 300.0 ], [ 340.0, 300.0 ] ] } },
{ "type": "Feature", "properties": { "type": "road_segment", "direction": "horizontal" }, "geometry": { "type": "LineString", "coordinates": [ [ 340.0, 300.0 ], [ 350.0, 300.0 ] ] } },
{ "type": "Feature", "properties": { "type": "road_segment", "direction": "horizontal" }, "geometry": { "type": "LineString", "coordinates": [ [ 350.0, 300.0 ], [ 360.0, 300.0 ] ] } },
{ "type": "Feature", "properties": { "type": "road_segment", "direction": "horizontal" }, "geometry": { "type": "LineString", "coordinates": [ [ 360.0, 300.0 ], [ 370.0, 300.0 ] ] } },
{ "type": "Feature", "properties": { "type": "road_segment", "direction": "horizontal" }, "geometry": { "type": "LineString", "coordinates": [ [ 370.0, 300.0 ], [ 380.0, 300.0 ] ] } },
{ "type": "Feature", "properties": { "type": "road_segment", "direction": "horizontal" }, "geometry": { "type": "LineString", "coordinates": [ [ 380.0, 300.0 ], [ 390.0, 300.0 ] ] } },
{ "type": "Feature", "properties": { "type": "road_segment", "direction": "horizontal" }, "geometry": { "type": "LineString", "coordinates": [ [ 390.0, 300.0 ], [ 400.0, 300.0 ] ] } },
{ "type": "Feature", "properties": { "type": "road_segment", "direction": "horizontal" }, "geometry": { "type": "LineString", "coordinates": [ [ 400.0, 300.0 ], [ 410.0, 300.0 ] ] } },
{ "type": "Feature", "properties": { "type": "road_segment", "direction": "horizontal" }, "geometry": { "type": "LineString", "coordinates": [ [ 410.0, 300.0 ], [ 420.0, 300.0 ] ] } },
{ "type": "Feature", "properties": { "type": "road_segment", "direction": "horizontal" }, "geometry": { "type": "LineString", "coordinates": [ [ 420.0, 300.0 ], [ 430.0, 300.0 ] ] } },
{ "type": "Feature", "properties": { "type": "road_segment", "direction": "horizontal" }, "geometry": { "type": "LineString", "coordinates": [ [ 430.0, 300.0 ], [ 440.0, 300.0 ] ] } },
{ "type": "Feature", "properties": { "type": "road_segment", "direction": "horizontal" }, "geometry": { "type": "LineString", "coordinates": [ [ 440.0, 300.0 ], [ 450.0, 300.0 ] ] } },
{ "type": "Feature", "properties": { "type": "road_segment", "direction": "horizontal" }, "geometry": { "type": "LineString", "coordinates": [ [ 450.0, 300.0 ], [ 460.0, 300.0 ] ] } },
{ "type": "Feature", "properties": { "type": "road_segment", "direction": "horizontal" }, "geometry": { "type": "LineString", "coordinates": [ [ 460.0, 300.0 ], [ 470.0, 300.0 ] ] } },
{ "type": "Feature", "properties": { "type": "road_segment", "direction": "horizontal" }, "geometry": { "type": "LineString", "coordinates": [ [ 470.0, 300.0 ], [ 480.0, 300.0 ] ] } },
{ "type": "Feature", "properties": { "type": "road_segment", "direction": "horizontal" }, "geometry": { "type": "LineString", "coordinates": [ [ 480.0, 300.0 ], [ 490.0, 300.0 ] ] } },
{ "type": "Feature", "properties": { "type": "road_segment", "direction": "horizontal" }, "geometry": { "type": "LineString", "coordinates": [ [ 490.0, 300.0 ], [ 500.0, 300.0 ] ] } },
{ "type": "Feature", "properties": { "type": "road_segment", "direction": "horizontal" }, "geometry": { "type": "LineString", "coordinates": [ [ 500.0, 300.0 ], [ 510.0, 300.0 ] ] } },
{ "type": "Feature", "properties": { "type": "road_segment", "direction": "horizontal" }, "geometry": { "type": "LineString", "coordinates": [ [ 510.0, 300.0 ], [ 520.0, 300.0 ] ] } },
{ "type": "Feature", "properties": { "type": "road_segment", "direction": "horizontal" }, "geometry": { "type": "LineString", "coordinates": [ [ 520.0, 300.0 ], [ 530.0, 300.0 ] ] } },
{ "type": "Feature", "properties": { "type": "road_segment", "direction": "horizontal" }, "geometry": { "type": "LineString", "coordinates": [ [ 530.0, 300.0 ], [ 540.0, 300.0 ] ] } },
{ "type": "Feature", "properties": { "type": "road_segment", "direction": "horizontal" }, "geometry": { "type": "LineString", "coordinates": [ [ 540.0, 300.0 ], [ 550.0, 300.0 ] ] } },
{ "type": "Feature", "properties": { "type": "road_segment", "direction": "horizontal" }, "geometry": { "type": "LineString", "coordinates": [ [ 550.0, 300.0 ], [ 560.0, 300.0 ] ] } },
{ "type": "Feature", "properties": { "type": "road_segment", "direction": "horizontal" }, "geometry": { "type": "LineString", "coordinates": [ [ 560.0, 300.0 ], [ 570.0, 300.0 ] ] } },
{ "type": "Feature", "properties": { "type": "road_segment", "direction": "horizontal" }, "geometry": { "type": "LineString", "coordinates": [ [ 570.0, 300.0 ], [ 580.0, 300.0 ] ] } },
{ "type": "Feature", "properties": { "type": "road_segment", "direction": "horizontal" }, "geometry": { "type": "LineString", "coordinates": [ [ 580.0, 300.0 ], [ 590.0, 300.0 ] ] } },
{ "type": "Feature", "properties": { "type": "road_segment", "direction": "horizontal" }, "geometry": { "type": "LineString", "coordinates": [ [ 0.0, 310.0 ], [ 10.0, 310.0 ] ] } },
{ "type": "Feature", "properties": { "type": "road_segment", "direction": "horizontal" }, "geometry": { "type": "LineString", "coordinates": [ [ 10.0, 310.0 ], [ 20.0, 310.0 ] ] } },
{ "type": "Feature", "properties": { "type": "road_segment", "direction": "horizontal" }, "geometry": { "type": "LineString", "coordinates": [ [ 20.0, 310.0 ], [ 30.0, 310.0 ] ] } },
{ "type": "Feature", "properties": { "type": "road_segment", "direction": "horizontal" }, "geometry": { "type": "LineString", "coordinates": [ [ 30.0, 310.0 ], [ 40.0, 310.0 ] ] } },
{ "type": "Feature", "properties": { "type": "road_segment", "direction": "horizontal" }, "geometry": { "type": "LineString", "coordinates": [ [ 40.0, 310.0 ], [ 50.0, 310.0 ] ] } },
{ "type": "Feature", "properties": { "type": "road_segment", "direction": "horizontal" }, "geometry": { "type": "LineString", "coordinates": [ [ 50.0, 310.0 ], [ 60.0, 310.0 ] ] } },
{ "type": "Feature", "properties": { "type": "road_segment", "direction": "horizontal" }, "geometry": { "type": "LineString", "coordinates": [ [ 60.0, 310.0 ], [ 70.0, 310.0 ] ] } },
{ "type": "Feature", "properties": { "type": "road_segment", "direction": "horizontal" }, "geometry": { "type": "LineString", "coordinates": [ [ 70.0, 310.0 ], [ 80.0, 310.0 ] ] } },
{ "type": "Feature", "properties": { "type": "road_segment", "direction": "horizontal" }, "geometry": { "type": "LineString", "coordinates": [ [ 80.0, 310.0 ], [ 90.0, 310.0 ] ] } },
{ "type": "Feature", "properties": { "type": "road_segment", "direction": "horizontal" }, "geometry": { "type": "LineString", "coordinates": [ [ 90.0, 310.0 ], [ 100.0, 310.0 ] ] } },
{ "type": "Feature", "properties": { "type": "road_segment", "direction": "horizontal" }, "geometry": { "type": "LineString", "coordinates": [ [ 100.0, 310.0 ], [ 110.0, 310.0 ] ] } },
{ "type": "Feature", "properties": { "type": "road_segment", "direction": "horizontal" }, "geometry": { "type": "LineString", "coordinates": [ [ 110.0, 310.0 ], [ 120.0, 310.0 ] ] } },
{ "type": "Feature", "properties": { "type": "road_segment", "direction": "horizontal" }, "geometry": { "type": "LineString", "coordinates": [ [ 120.0, 310.0 ], [ 130.0, 310.0 ] ] } },
{ "type": "Feature", "properties": { "type": "road_segment", "direction": "horizontal" }, "geometry": { "type": "LineString", "coordinates": [ [ 130.0, 310.0 ], [ 140.0, 310.0 ] ] } },
{ "type": "Feature", "properties": { "type": "road_segment", "direction": "horizontal" }, "geometry": { "type": "LineString", "coordinates": [ [ 140.0, 310.0 ], [ 150.0, 310.0 ] ] } },
{ "type": "Feature", "properties": { "type": "road_segment", "direction": "horizontal" }, "geometry": { "type": "LineString", "coordinates": [ [ 150.0, 310.0 ], [ 160.0, 310.0 ] ] } },
{ "type": "Feature", "properties": { "type": "road_segment", "direction": "horizontal" }, "geometry": { "type": "LineString", "coordinates": [ [ 160.0, 310.0 ], [ 170.0, 310.0 ] ] } },
{ "type": "Feature", "properties": { "type": "road_segment", "direction": "horizontal" }, "geometry": { "type": "LineString", "coordinates": [ [ 170.0, 310.0 ], [ 180.0, 310.0 ] ] } },
{ "type": "Feature", "properties": { "type": "road_segment", "direction": "horizontal" }, "geometry": { "type": "LineString", "coordinates": [ [ 180.0, 310.0 ], [ 190.0, 310.0 ] ] } },
{ "type": "Feature", "properties": { "type": "road_segment", "direction": "horizontal" }, "geometry": { "type": "LineString", "coordinates": [ [ 190.0, 310.0 ], [ 200.0, 310.0 ] ] } },
{ "type": "Feature", "properties": { "type": "road_segment", "direction": "horizontal" }, "geometry": { "type": "LineString", "coordinates": [ [ 200.0, 310.0 ], [ 210.0, 310.0 ] ] } },
{ "type": "Feature", "properties": { "type": "road_segment", "direction": "horizontal" }, "geometry": { "type": "LineString", "coordinates": [ [ 210.0, 310.0 ], [ 220.0, 310.0 ] ] } },
{ "type": "Feature", "properties": { "type": "road_segment", "direction": "horizontal" }, "geometry": { "type": "LineString", "coordinates": [ [ 220.0, 310.0 ], [ 230.0, 310.0 ] ] } },
{ "type": "Feature", "properties": { "type": "road_segment", "direction": "horizontal" }, "geometry": { "type": "LineString", "coordinates": [ [ 230.0, 310.0 ], [ 240.0, 310.0 ] ] } },
{ "type": "Feature", "properties": { "type": "road_segment", "direction": "horizontal" }, "geometry": { "type": "LineString", "coordinates": [ [ 240.0, 310.0 ], [ 250.0, 310.0 ] ] } },
{ "type": "Feature", "properties": { "type": "road_segment", "direction": "horizontal" }, "geometry": { "type": "LineString", "coordinates": [ [ 250.0, 310.0 ], [ 260.0, 310.0 ] ] } },
{ "type": "Feature", "properties": { "type": "road_segment", "direction": "horizontal" }, "geometry": { "type": "LineString", "coordinates": [ [ 260.0, 310.0 ], [ 270.0, 310.0 ] ] } },
{ "type": "Feature", "properties": { "type": "road_segment", "direction": "horizontal" }, "geometry": { "type": "LineString", "coordinates": [ [ 270.0, 310.0 ], [ 280.0, 310.0 ] ] } },
{ "type": "Feature", "properties": { "type": "road_segment", "direction": "horizontal" }, "geometry": { "type": "LineString", "coordinates": [ [ 280.0, 310.0 ], [ 290.0, 310.0 ] ] } },
{ "type": "Feature", "properties": { "type": "road_segment", "direction": "horizontal" }, "geometry": { "type": "LineString", "coordinates": [ [ 290.0, 310.0 ], [ 300.0, 310.0 ] ] } },
{ "type": "Feature", "properties": { "type": "road_segment", "direction": "horizontal" }, "geometry": { "type": "LineString", "coordinates": [ [ 300.0, 310.0 ], [ 310.0, 310.0 ] ] } },
{ "type": "Feature", "properties": { "type": "road_segment", "direction": "horizontal" }, "geometry": { "type": "LineString", "coordinates": [ [ 310.0, 310.0 ], [ 320.0, 310.0 ] ] } },
{ "type": "Feature", "properties": { "type": "road_segment", "direction": "horizontal" }, "geometry": { "type": "LineString", "coordinates": [ [ 320.0, 310.0 ], [ 330.0, 310.0 ] ] } },
{ "type": "Feature", "properties": { "type": "road_segment", "direction": "horizontal" }, "geometry": { "type": "LineString", "coordinates": [ [ 330.0, 310.0 ], [ 340.0, 310.0 ] ] } },
{ "type": "Feature", "properties": { "type": "road_segment", "direction": "horizontal" }, "geometry": { "type": "LineString", "coordinates": [ [ 340.0, 310.0 ], [ 350.0, 310.0 ] ] } },
{ "type": "Feature", "properties": { "type": "road_segment", "direction": "horizontal" }, "geometry": { "type": "LineString", "coordinates": [ [ 350.0, 310.0 ], [ 360.0, 310.0 ] ] } },
{ "type": "Feature", "properties": { "type": "road_segment", "direction": "horizontal" }, "geometry": { "type": "LineString", "coordinates": [ [ 360.0, 310.0 ], [ 370.0, 310.0 ] ] } },
{ "type": "Feature", "properties": { "type": "road_segment", "direction": "horizontal" }, "geometry": { "type": "LineString", "coordinates": [ [ 370.0, 310.0 ], [ 380.0, 310.0 ] ] } },
{ "type": "Feature", "properties": { "type": "road_segment", "direction": "horizontal" }, "geometry": { "type": "LineString", "coordinates": [ [ 380.0, 310.0 ], [ 390.0, 310.0 ] ] } },
{ "type": "Feature", "properties": { "type": "road_segment", "direction": "horizontal" }, "geometry": { "type": "LineString", "coordinates": [ [ 390.0, 310.0 ], [ 400.0, 310.0 ] ] } },
{ "type": "Feature", "properties": { "type": "road_segment", "direction": "horizontal" }, "geometry": { "type": "LineString", "coordinates": [ [ 400.0, 310.0 ], [ 410.0, 310.0 ] ] } },
{ "type": "Feature", "properties": { "type": "road_segment", "direction": "horizontal" }, "geometry": { "type": "LineString", "coordinates": [ [ 410.0, 310.0 ], [ 420.0, 310.0 ] ] } },
{ "type": "Feature", "properties": { "type": "road_segment", "direction": "horizontal" }, "geometry": { "type": "LineString", "coordinates": [ [ 420.0, 310.0 ], [ 430.0, 310.0 ] ] } },
{ "type": "Feature", "properties": { "type": "road_segment", "direction": "horizontal" }, "geometry": { "type": "LineString", "coordinates": [ [ 430.0, 310.0 ], [ 440.0, 310.0 ] ] } },
{ "type": "Feature", "properties": { "type": "road_segment", "direction": "horizontal" }, "geometry": { "type": "LineString", "coordinates": [ [ 440.0, 310.0 ], [ 450.0, 310.0 ] ] } },
{ "type": "Feature", "properties": { "type": "road_segment", "direction": "horizontal" }, "geometry": { "type": "LineString", "coordinates": [ [ 450.0, 310.0 ], [ 460.0, 310.0 ] ] } },
{ "type": "Feature", "properties": { "type": "road_segment", "direction": "horizontal" }, "geometry": { "type": "LineString", "coordinates": [ [ 460.0, 310.0 ], [ 470.0, 310.0 ] ] } },
{ "type": "Feature", "properties": { "type": "road_segment", "direction": "horizontal" }, "geometry": { "type": "LineString", "coordinates": [ [ 470.0, 310.0 ], [ 480.0, 310.0 ] ] } },
{ "type": "Feature", "properties": { "type": "road_segment", "direction": "horizontal" }, "geometry": { "type": "LineString", "coordinates": [ [ 480.0, 310.0 ], [ 490.0, 310.0 ] ] } },
{ "type": "Feature", "properties": { "type": "road_segment", "direction": "horizontal" }, "geometry": { "type": "LineString", "coordinates": [ [ 490.0, 310.0 ], [ 500.0, 310.0 ] ] } },
{ "type": "Feature", "properties": { "type": "road_segment", "direction": "horizontal" }, "geometry": { "type": "LineString", "coordinates": [ [ 500.0, 310.0 ], [ 510.0, 310.0 ] ] } },
{ "type": "Feature", "properties": { "type": "road_segment", "direction": "horizontal" }, "geometry": { "type": "LineString", "coordinates": [ [ 510.0, 310.0 ], [ 520.0, 310.0 ] ] } },
{ "type": "Feature", "properties": { "type": "road_segment", "direction": "horizontal" }, "geometry": { "type": "LineString", "coordinates": [ [ 520.0, 310.0 ], [ 530.0, 310.0 ] ] } },
{ "type": "Feature", "properties": { "type": "road_segment", "direction": "horizontal" }, "geometry": { "type": "LineString", "coordinates": [ [ 530.0, 310.0 ], [ 540.0, 310.0 ] ] } },
{ "type": "Feature", "properties": { "type": "road_segment", "direction": "horizontal" }, "geometry": { "type": "LineString", "coordinates": [ [ 540.0, 310.0 ], [ 550.0, 310.0 ] ] } },
{ "type": "Feature", "properties": { "type": "road_segment", "direction": "horizontal" }, "geometry": { "type": "LineString", "coordinates": [ [ 550.0, 310.0 ], [ 560.0, 310.0 ] ] } },
{ "type": "Feature", "properties": { "type": "road_segment", "direction": "horizontal" }, "geometry": { "type": "LineString", "coordinates": [ [ 560.0, 310.0 ], [ 570.0, 310.0 ] ] } },
{ "type": "Feature", "properties": { "type": "road_segment", "direction": "horizontal" }, "geometry": { "type": "LineString", "coordinates": [ [ 570.0, 310.0 ], [ 580.0, 310.0 ] ] } },
{ "type": "Feature", "properties": { "type": "road_segment", "direction": "horizontal" }, "geometry": { "type": "LineString", "coordinates": [ [ 580.0, 310.0 ], [ 590.0, 310.0 ] ] } },
{ "type": "Feature", "properties": { "type": "road_segment", "direction": "horizontal" }, "geometry": { "type": "LineString", "coordinates": [ [ 190.0, 320.0 ], [ 200.0, 320.0 ] ] } },
{ "type": "Feature", "properties": { "type": "road_segment", "direction": "horizontal" }, "geometry": { "type": "LineString", "coordinates": [ [ 200.0, 320.0 ], [ 210.0, 320.0 ] ] } },
{ "type": "Feature", "properties": { "type": "road_segment", "direction": "horizontal" }, "geometry": { "type": "LineString", "coordinates": [ [ 290.0, 320.0 ], [ 300.0, 320.0 ] ] } },
{ "type": "Feature", "properties": { "type": "road_segment", "direction": "horizontal" }, "geometry": { "type": "LineString", "coordinates": [ [ 300.0, 320.0 ], [ 310.0, 320.0 ] ] } },
{ "type": "Feature", "properties": { "type": "road_segment", "direction": "horizontal" }, "geometry": { "type": "LineString", "coordinates": [ [ 390.0, 320.0 ], [ 400.0, 320.0 ] ] } },
{ "type": "Feature", "properties": { "type": "road_segment", "direction": "horizontal" }, "geometry": { "type": "LineString", "coordinates": [ [ 400.0, 320.0 ], [ 410.0, 320.0 ] ] } },
{ "type": "Feature", "properties": { "type": "road_segment", "direction": "horizontal" }, "geometry": { "type": "LineString", "coordinates": [ [ 190.0, 330.0 ], [ 200.0, 330.0 ] ] } },
{ "type": "Feature", "properties": { "type": "road_segment", "direction": "horizontal" }, "geometry": { "type": "LineString", "coordinates": [ [ 200.0, 330.0 ], [ 210.0, 330.0 ] ] } },
{ "type": "Feature", "properties": { "type": "road_segment", "direction": "horizontal" }, "geometry": { "type": "LineString", "coordinates": [ [ 290.0, 330.0 ], [ 300.0, 330.0 ] ] } },
{ "type": "Feature", "properties": { "type": "road_segment", "direction": "horizontal" }, "geometry": { "type": "LineString", "coordinates": [ [ 300.0, 330.0 ], [ 310.0, 330.0 ] ] } },
{ "type": "Feature", "properties": { "type": "road_segment", "direction": "horizontal" }, "geometry": { "type": "LineString", "coordinates": [ [ 390.0, 330.0 ], [ 400.0, 330.0 ] ] } },
{ "type": "Feature", "properties": { "type": "road_segment", "direction": "horizontal" }, "geometry": { "type": "LineString", "coordinates": [ [ 400.0, 330.0 ], [ 410.0, 330.0 ] ] } },
{ "type": "Feature", "properties": { "type": "road_segment", "direction": "horizontal" }, "geometry": { "type": "LineString", "coordinates": [ [ 0.0, 340.0 ], [ 10.0, 340.0 ] ] } },
{ "type": "Feature", "properties": { "type": "road_segment", "direction": "horizontal" }, "geometry": { "type": "LineString", "coordinates": [ [ 100.0, 340.0 ], [ 110.0, 340.0 ] ] } },
{ "type": "Feature", "properties": { "type": "road_segment", "direction": "horizontal" }, "geometry": { "type": "LineString", "coordinates": [ [ 110.0, 340.0 ], [ 120.0, 340.0 ] ] } },
{ "type": "Feature", "properties": { "type": "road_segment", "direction": "horizontal" }, "geometry": { "type": "LineString", "coordinates": [ [ 190.0, 340.0 ], [ 200.0, 340.0 ] ] } },
{ "type": "Feature", "properties": { "type": "road_segment", "direction": "horizontal" }, "geometry": { "type": "LineString", "coordinates": [ [ 200.0, 340.0 ], [ 210.0, 340.0 ] ] } },
{ "type": "Feature", "properties": { "type": "road_segment", "direction": "horizontal" }, "geometry": { "type": "LineString", "coordinates": [ [ 210.0, 340.0 ], [ 220.0, 340.0 ] ] } },
{ "type": "Feature", "properties": { "type": "road_segment", "direction": "horizontal" }, "geometry": { "type": "LineString", "coordinates": [ [ 220.0, 340.0 ], [ 230.0, 340.0 ] ] } },
{ "type": "Feature", "properties": { "type": "road_segment", "direction": "horizontal" }, "geometry": { "type": "LineString", "coordinates": [ [ 230.0, 340.0 ], [ 240.0, 340.0 ] ] } },
{ "type": "Feature", "properties": { "type": "road_segment", "direction": "horizontal" }, "geometry": { "type": "LineString", "coordinates": [ [ 290.0, 340.0 ], [ 300.0, 340.0 ] ] } },
{ "type": "Feature", "properties": { "type": "road_segment", "direction": "horizontal" }, "geometry": { "type": "LineString", "coordinates": [ [ 300.0, 340.0 ], [ 310.0, 340.0 ] ] } },
{ "type": "Feature", "properties": { "type": "road_segment", "direction": "horizontal" }, "geometry": { "type": "LineString", "coordinates": [ [ 340.0, 340.0 ], [ 350.0, 340.0 ] ] } },
{ "type": "Feature", "properties": { "type": "road_segment", "direction": "horizontal" }, "geometry": { "type": "LineString", "coordinates": [ [ 350.0, 340.0 ], [ 360.0, 340.0 ] ] } },
{ "type": "Feature", "properties": { "type": "road_segment", "direction": "horizontal" }, "geometry": { "type": "LineString", "coordinates": [ [ 390.0, 340.0 ], [ 400.0, 340.0 ] ] } },
{ "type": "Feature", "properties": { "type": "road_segment", "direction": "horizontal" }, "geometry": { "type": "LineString", "coordinates": [ [ 400.0, 340.0 ], [ 410.0, 340.0 ] ] } },
{ "type": "Feature", "properties": { "type": "road_segment", "direction": "horizontal" }, "geometry": { "type": "LineString", "coordinates": [ [ 460.0, 340.0 ], [ 470.0, 340.0 ] ] } },
{ "type": "Feature", "properties": { "type": "road_segment", "direction": "horizontal" }, "geometry": { "type": "LineString", "coordinates": [ [ 470.0, 340.0 ], [ 480.0, 340.0 ] ] } },
{ "type": "Feature", "properties": { "type": "road_segment", "direction": "horizontal" }, "geometry": { "type": "LineString", "coordinates": [ [ 580.0, 340.0 ], [ 590.0, 340.0 ] ] } },
{ "type": "Feature", "properties": { "type": "road_segment", "direction": "horizontal" }, "geometry": { "type": "LineString", "coordinates": [ [ 0.0, 350.0 ], [ 10.0, 350.0 ] ] } },
{ "type": "Feature", "properties": { "type": "road_segment", "direction": "horizontal" }, "geometry": { "type": "LineString", "coordinates": [ [ 100.0, 350.0 ], [ 110.0, 350.0 ] ] } },
{ "type": "Feature", "properties": { "type": "road_segment", "direction": "horizontal" }, "geometry": { "type": "LineString", "coordinates": [ [ 110.0, 350.0 ], [ 120.0, 350.0 ] ] } },
{ "type": "Feature", "properties": { "type": "road_segment", "direction": "horizontal" }, "geometry": { "type": "LineString", "coordinates": [ [ 190.0, 350.0 ], [ 200.0, 350.0 ] ] } },
{ "type": "Feature", "properties": { "type": "road_segment", "direction": "horizontal" }, "geometry": { "type": "LineString", "coordinates": [ [ 200.0, 350.0 ], [ 210.0, 350.0 ] ] } },
{ "type": "Feature", "properties": { "type": "road_segment", "direction": "horizontal" }, "geometry": { "type": "LineString", "coordinates": [ [ 210.0, 350.0 ], [ 220.0, 350.0 ] ] } },
{ "type": "Feature", "properties": { "type": "road_segment", "direction": "horizontal" }, "geometry": { "type": "LineString", "coordinates": [ [ 220.0, 350.0 ], [ 230.0, 350.0 ] ] } },
{ "type": "Feature", "properties": { "type": "road_segment", "direction": "horizontal" }, "geometry": { "type": "LineString", "coordinates": [ [ 230.0, 350.0 ], [ 240.0, 350.0 ] ] } },
{ "type": "Feature", "properties": { "type": "road_segment", "direction": "horizontal" }, "geometry": { "type": "LineString", "coordinates": [ [ 290.0, 350.0 ], [ 300.0, 350.0 ] ] } },
{ "type": "Feature", "properties": { "type": "road_segment", "direction": "horizontal" }, "geometry": { "type": "LineString", "coordinates": [ [ 300.0, 350.0 ], [ 310.0, 350.0 ] ] } },
{ "type": "Feature", "properties": { "type": "road_segment", "direction": "horizontal" }, "geometry": { "type": "LineString", "coordinates": [ [ 340.0, 350.0 ], [ 350.0, 350.0 ] ] } },
{ "type": "Feature", "properties": { "type": "road_segment", "direction": "horizontal" }, "geometry": { "type": "LineString", "coordinates": [ [ 350.0, 350.0 ], [ 360.0, 350.0 ] ] } },
{ "type": "Feature", "properties": { "type": "road_segment", "direction": "horizontal" }, "geometry": { "type": "LineString", "coordinates": [ [ 390.0, 350.0 ], [ 400.0, 350.0 ] ] } },
{ "type": "Feature", "properties": { "type": "road_segment", "direction": "horizontal" }, "geometry": { "type": "LineString", "coordinates": [ [ 400.0, 350.0 ], [ 410.0, 350.0 ] ] } },
{ "type": "Feature", "properties": { "type": "road_segment", "direction": "horizontal" }, "geometry": { "type": "LineString", "coordinates": [ [ 460.0, 350.0 ], [ 470.0, 350.0 ] ] } },
{ "type": "Feature", "properties": { "type": "road_segment", "direction": "horizontal" }, "geometry": { "type": "LineString", "coordinates": [ [ 470.0, 350.0 ], [ 480.0, 350.0 ] ] } },
{ "type": "Feature", "properties": { "type": "road_segment", "direction": "horizontal" }, "geometry": { "type": "LineString", "coordinates": [ [ 580.0, 350.0 ], [ 590.0, 350.0 ] ] } },
{ "type": "Feature", "properties": { "type": "road_segment", "direction": "horizontal" }, "geometry": { "type": "LineString", "coordinates": [ [ 0.0, 360.0 ], [ 10.0, 360.0 ] ] } },
{ "type": "Feature", "properties": { "type": "road_segment", "direction": "horizontal" }, "geometry": { "type": "LineString", "coordinates": [ [ 100.0, 360.0 ], [ 110.0, 360.0 ] ] } },
{ "type": "Feature", "properties": { "type": "road_segment", "direction": "horizontal" }, "geometry": { "type": "LineString", "coordinates": [ [ 110.0, 360.0 ], [ 120.0, 360.0 ] ] } },
{ "type": "Feature", "properties": { "type": "road_segment", "direction": "horizontal" }, "geometry": { "type": "LineString", "coordinates": [ [ 190.0, 360.0 ], [ 200.0, 360.0 ] ] } },
{ "type": "Feature", "properties": { "type": "road_segment", "direction": "horizontal" }, "geometry": { "type": "LineString", "coordinates": [ [ 200.0, 360.0 ], [ 210.0, 360.0 ] ] } },
{ "type": "Feature", "properties": { "type": "road_segment", "direction": "horizontal" }, "geometry": { "type": "LineString", "coordinates": [ [ 210.0, 360.0 ], [ 220.0, 360.0 ] ] } },
{ "type": "Feature", "properties": { "type": "road_segment", "direction": "horizontal" }, "geometry": { "type": "LineString", "coordinates": [ [ 220.0, 360.0 ], [ 230.0, 360.0 ] ] } },
{ "type": "Feature", "properties": { "type": "road_segment", "direction": "horizontal" }, "geometry": { "type": "LineString", "coordinates": [ [ 230.0, 360.0 ], [ 240.0, 360.0 ] ] } },
{ "type": "Feature", "properties": { "type": "road_segment", "direction": "horizontal" }, "geometry": { "type": "LineString", "coordinates": [ [ 290.0, 360.0 ], [ 300.0, 360.0 ] ] } },
{ "type": "Feature", "properties": { "type": "road_segment", "direction": "horizontal" }, "geometry": { "type": "LineString", "coordinates": [ [ 300.0, 360.0 ], [ 310.0, 360.0 ] ] } },
{ "type": "Feature", "properties": { "type": "road_segment", "direction": "horizontal" }, "geometry": { "type": "LineString", "coordinates": [ [ 340.0, 360.0 ], [ 350.0, 360.0 ] ] } },
{ "type": "Feature", "properties": { "type": "road_segment", "direction": "horizontal" }, "geometry": { "type": "LineString", "coordinates": [ [ 350.0, 360.0 ], [ 360.0, 360.0 ] ] } },
{ "type": "Feature", "properties": { "type": "road_segment", "direction": "horizontal" }, "geometry": { "type": "LineString", "coordinates": [ [ 390.0, 360.0 ], [ 400.0, 360.0 ] ] } },
{ "type": "Feature", "properties": { "type": "road_segment", "direction": "horizontal" }, "geometry": { "type": "LineString", "coordinates": [ [ 400.0, 360.0 ], [ 410.0, 360.0 ] ] } },
{ "type": "Feature", "properties": { "type": "road_segment", "direction": "horizontal" }, "geometry": { "type": "LineString", "coordinates": [ [ 460.0, 360.0 ], [ 470.0, 360.0 ] ] } },
{ "type": "Feature", "properties": { "type": "road_segment", "direction": "horizontal" }, "geometry": { "type": "LineString", "coordinates": [ [ 470.0, 360.0 ], [ 480.0, 360.0 ] ] } },
{ "type": "Feature", "properties": { "type": "road_segment", "direction": "horizontal" }, "geometry": { "type": "LineString", "coordinates": [ [ 190.0, 370.0 ], [ 200.0, 370.0 ] ] } },
{ "type": "Feature", "properties": { "type": "road_segment", "direction": "horizontal" }, "geometry": { "type": "LineString", "coordinates": [ [ 200.0, 370.0 ], [ 210.0, 370.0 ] ] } },
{ "type": "Feature", "properties": { "type": "road_segment", "direction": "horizontal" }, "geometry": { "type": "LineString", "coordinates": [ [ 290.0, 370.0 ], [ 300.0, 370.0 ] ] } },
{ "type": "Feature", "properties": { "type": "road_segment", "direction": "horizontal" }, "geometry": { "type": "LineString", "coordinates": [ [ 300.0, 370.0 ], [ 310.0, 370.0 ] ] } },
{ "type": "Feature", "properties": { "type": "road_segment", "direction": "horizontal" }, "geometry": { "type": "LineString", "coordinates": [ [ 390.0, 370.0 ], [ 400.0, 370.0 ] ] } },
{ "type": "Feature", "properties": { "type": "road_segment", "direction": "horizontal" }, "geometry": { "type": "LineString", "coordinates": [ [ 400.0, 370.0 ], [ 410.0, 370.0 ] ] } },
{ "type": "Feature", "properties": { "type": "road_segment", "direction": "horizontal" }, "geometry": { "type": "LineString", "coordinates": [ [ 190.0, 380.0 ], [ 200.0, 380.0 ] ] } },
{ "type": "Feature", "properties": { "type": "road_segment", "direction": "horizontal" }, "geometry": { "type": "LineString", "coordinates": [ [ 200.0, 380.0 ], [ 210.0, 380.0 ] ] } },
{ "type": "Feature", "properties": { "type": "road_segment", "direction": "horizontal" }, "geometry": { "type": "LineString", "coordinates": [ [ 290.0, 380.0 ], [ 300.0, 380.0 ] ] } },
{ "type": "Feature", "properties": { "type": "road_segment", "direction": "horizontal" }, "geometry": { "type": "LineString", "coordinates": [ [ 300.0, 380.0 ], [ 310.0, 380.0 ] ] } },
{ "type": "Feature", "properties": { "type": "road_segment", "direction": "horizontal" }, "geometry": { "type": "LineString", "coordinates": [ [ 390.0, 380.0 ], [ 400.0, 380.0 ] ] } },
{ "type": "Feature", "properties": { "type": "road_segment", "direction": "horizontal" }, "geometry": { "type": "LineString", "coordinates": [ [ 400.0, 380.0 ], [ 410.0, 380.0 ] ] } },
{ "type": "Feature", "properties": { "type": "road_segment", "direction": "horizontal" }, "geometry": { "type": "LineString", "coordinates": [ [ 10.0, 390.0 ], [ 20.0, 390.0 ] ] } },
{ "type": "Feature", "properties": { "type": "road_segment", "direction": "horizontal" }, "geometry": { "type": "LineString", "coordinates": [ [ 20.0, 390.0 ], [ 30.0, 390.0 ] ] } },
{ "type": "Feature", "properties": { "type": "road_segment", "direction": "horizontal" }, "geometry": { "type": "LineString", "coordinates": [ [ 30.0, 390.0 ], [ 40.0, 390.0 ] ] } },
{ "type": "Feature", "properties": { "type": "road_segment", "direction": "horizontal" }, "geometry": { "type": "LineString", "coordinates": [ [ 40.0, 390.0 ], [ 50.0, 390.0 ] ] } },
{ "type": "Feature", "properties": { "type": "road_segment", "direction": "horizontal" }, "geometry": { "type": "LineString", "coordinates": [ [ 50.0, 390.0 ], [ 60.0, 390.0 ] ] } },
{ "type": "Feature", "properties": { "type": "road_segment", "direction": "horizontal" }, "geometry": { "type": "LineString", "coordinates": [ [ 60.0, 390.0 ], [ 70.0, 390.0 ] ] } },
{ "type": "Feature", "properties": { "type": "road_segment", "direction": "horizontal" }, "geometry": { "type": "LineString", "coordinates": [ [ 70.0, 390.0 ], [ 80.0, 390.0 ] ] } },
{ "type": "Feature", "properties": { "type": "road_segment", "direction": "horizontal" }, "geometry": { "type": "LineString", "coordinates": [ [ 80.0, 390.0 ], [ 90.0, 390.0 ] ] } },
{ "type": "Feature", "properties": { "type": "road_segment", "direction": "horizontal" }, "geometry": { "type": "LineString", "coordinates": [ [ 90.0, 390.0 ], [ 100.0, 390.0 ] ] } },
{ "type": "Feature", "properties": { "type": "road_segment", "direction": "horizontal" }, "geometry": { "type": "LineString", "coordinates": [ [ 100.0, 390.0 ], [ 110.0, 390.0 ] ] } },
{ "type": "Feature", "properties": { "type": "road_segment", "direction": "horizontal" }, "geometry": { "type": "LineString", "coordinates": [ [ 110.0, 390.0 ], [ 120.0, 390.0 ] ] } },
{ "type": "Feature", "properties": { "type": "road_segment", "direction": "horizontal" }, "geometry": { "type": "LineString", "coordinates": [ [ 120.0, 390.0 ], [ 130.0, 390.0 ] ] } },
{ "type": "Feature", "properties": { "type": "road_segment", "direction": "horizontal" }, "geometry": { "type": "LineString", "coordinates": [ [ 130.0, 390.0 ], [ 140.0, 390.0 ] ] } },
{ "type": "Feature", "properties": { "type": "road_segment", "direction": "horizontal" }, "geometry": { "type": "LineString", "coordinates": [ [ 140.0, 390.0 ], [ 150.0, 390.0 ] ] } },
{ "type": "Feature", "properties": { "type": "road_segment", "direction": "horizontal" }, "geometry": { "type": "LineString", "coordinates": [ [ 150.0, 390.0 ], [ 160.0, 390.0 ] ] } },
{ "type": "Feature", "properties": { "type": "road_segment", "direction": "horizontal" }, "geometry": { "type": "LineString", "coordinates": [ [ 160.0, 390.0 ], [ 170.0, 390.0 ] ] } },
{ "type": "Feature", "properties": { "type": "road_segment", "direction": "horizontal" }, "geometry": { "type": "LineString", "coordinates": [ [ 170.0, 390.0 ], [ 180.0, 390.0 ] ] } },
{ "type": "Feature", "properties": { "type": "road_segment", "direction": "horizontal" }, "geometry": { "type": "LineString", "coordinates": [ [ 180.0, 390.0 ], [ 190.0, 390.0 ] ] } },
{ "type": "Feature", "properties": { "type": "road_segment", "direction": "horizontal" }, "geometry": { "type": "LineString", "coordinates": [ [ 190.0, 390.0 ], [ 200.0, 390.0 ] ] } },
{ "type": "Feature", "properties": { "type": "road_segment", "direction": "horizontal" }, "geometry": { "type": "LineString", "coordinates": [ [ 200.0, 390.0 ], [ 210.0, 390.0 ] ] } },
{ "type": "Feature", "properties": { "type": "road_segment", "direction": "horizontal" }, "geometry": { "type": "LineString", "coordinates": [ [ 210.0, 390.0 ], [ 220.0, 390.0 ] ] } },
{ "type": "Feature", "properties": { "type": "road_segment", "direction": "horizontal" }, "geometry": { "type": "LineString", "coordinates": [ [ 220.0, 390.0 ], [ 230.0, 390.0 ] ] } },
{ "type": "Feature", "properties": { "type": "road_segment", "direction": "horizontal" }, "geometry": { "type": "LineString", "coordinates": [ [ 230.0, 390.0 ], [ 240.0, 390.0 ] ] } },
{ "type": "Feature", "properties": { "type": "road_segment", "direction": "horizontal" }, "geometry": { "type": "LineString", "coordinates": [ [ 240.0, 390.0 ], [ 250.0, 390.0 ] ] } },
{ "type": "Feature", "properties": { "type": "road_segment", "direction": "horizontal" }, "geometry": { "type": "LineString", "coordinates": [ [ 250.0, 390.0 ], [ 260.0, 390.0 ] ] } },
{ "type": "Feature", "properties": { "type": "road_segment", "direction": "horizontal" }, "geometry": { "type": "LineString", "coordinates": [ [ 260.0, 390.0 ], [ 270.0, 390.0 ] ] } },
{ "type": "Feature", "properties": { "type": "road_segment", "direction": "horizontal" }, "geometry": { "type": "LineString", "coordinates": [ [ 270.0, 390.0 ], [ 280.0, 390.0 ] ] } },
{ "type": "Feature", "properties": { "type": "road_segment", "direction": "horizontal" }, "geometry": { "type": "LineString", "coordinates": [ [ 280.0, 390.0 ], [ 290.0, 390.0 ] ] } },
{ "type": "Feature", "properties": { "type": "road_segment", "direction": "horizontal" }, "geometry": { "type": "LineString", "coordinates": [ [ 290.0, 390.0 ], [ 300.0, 390.0 ] ] } },
{ "type": "Feature", "properties": { "type": "road_segment", "direction": "horizontal" }, "geometry": { "type": "LineString", "coordinates": [ [ 300.0, 390.0 ], [ 310.0, 390.0 ] ] } },
{ "type": "Feature", "properties": { "type": "road_segment", "direction": "horizontal" }, "geometry": { "type": "LineString", "coordinates": [ [ 310.0, 390.0 ], [ 320.0, 390.0 ] ] } },
{ "type": "Feature", "properties": { "type": "road_segment", "direction": "horizontal" }, "geometry": { "type": "LineString", "coordinates": [ [ 320.0, 390.0 ], [ 330.0, 390.0 ] ] } },
{ "type": "Feature", "properties": { "type": "road_segment", "direction": "horizontal" }, "geometry": { "type": "LineString", "coordinates": [ [ 330.0, 390.0 ], [ 340.0, 390.0 ] ] } },
{ "type": "Feature", "properties": { "type": "road_segment", "direction": "horizontal" }, "geometry": { "type": "LineString", "coordinates": [ [ 340.0, 390.0 ], [ 350.0, 390.0 ] ] } },
{ "type": "Feature", "properties": { "type": "road_segment", "direction": "horizontal" }, "geometry": { "type": "LineString", "coordinates": [ [ 350.0, 390.0 ], [ 360.0, 390.0 ] ] } },
{ "type": "Feature", "properties": { "type": "road_segment", "direction": "horizontal" }, "geometry": { "type": "LineString", "coordinates": [ [ 360.0, 390.0 ], [ 370.0, 390.0 ] ] } },
{ "type": "Feature", "properties": { "type": "road_segment", "direction": "horizontal" }, "geometry": { "type": "LineString", "coordinates": [ [ 370.0, 390.0 ], [ 380.0, 390.0 ] ] } },
{ "type": "Feature", "properties": { "type": "road_segment", "direction": "horizontal" }, "geometry": { "type": "LineString", "coordinates": [ [ 380.0, 390.0 ], [ 390.0, 390.0 ] ] } },
{ "type": "Feature", "properties": { "type": "road_segment", "direction": "horizontal" }, "geometry": { "type": "LineString", "coordinates": [ [ 390.0, 390.0 ], [ 400.0, 390.0 ] ] } },
{ "type": "Feature", "properties": { "type": "road_segment", "direction": "horizontal" }, "geometry": { "type": "LineString", "coordinates": [ [ 400.0, 390.0 ], [ 410.0, 390.0 ] ] } },
{ "type": "Feature", "properties": { "type": "road_segment", "direction": "horizontal" }, "geometry": { "type": "LineString", "coordinates": [ [ 410.0, 390.0 ], [ 420.0, 390.0 ] ] } },
{ "type": "Feature", "properties": { "type": "road_segment", "direction": "horizontal" }, "geometry": { "type": "LineString", "coordinates": [ [ 420.0, 390.0 ], [ 430.0, 390.0 ] ] } },
{ "type": "Feature", "properties": { "type": "road_segment", "direction": "horizontal" }, "geometry": { "type": "LineString", "coordinates": [ [ 430.0, 390.0 ], [ 440.0, 390.0 ] ] } },
{ "type": "Feature", "properties": { "type": "road_segment", "direction": "horizontal" }, "geometry": { "type": "LineString", "coordinates": [ [ 440.0, 390.0 ], [ 450.0, 390.0 ] ] } },
{ "type": "Feature", "properties": { "type": "road_segment", "direction": "horizontal" }, "geometry": { "type": "LineString", "coordinates": [ [ 450.0, 390.0 ], [ 460.0, 390.0 ] ] } },
{ "type": "Feature", "properties": { "type": "road_segment", "direction": "horizontal" }, "geometry": { "type": "LineString", "coordinates": [ [ 460.0, 390.0 ], [ 470.0, 390.0 ] ] } },
{ "type": "Feature", "properties": { "type": "road_segment", "direction": "horizontal" }, "geometry": { "type": "LineString", "coordinates": [ [ 470.0, 390.0 ], [ 480.0, 390.0 ] ] } },
{ "type": "Feature", "properties": { "type": "road_segment", "direction": "horizontal" }, "geometry": { "type": "LineString", "coordinates": [ [ 480.0, 390.0 ], [ 490.0, 390.0 ] ] } },
{ "type": "Feature", "properties": { "type": "road_segment", "direction": "horizontal" }, "geometry": { "type": "LineString", "coordinates": [ [ 490.0, 390.0 ], [ 500.0, 390.0 ] ] } },
{ "type": "Feature", "properties": { "type": "road_segment", "direction": "horizontal" }, "geometry": { "type": "LineString", "coordinates": [ [ 500.0, 390.0 ], [ 510.0, 390.0 ] ] } },
{ "type": "Feature", "properties": { "type": "road_segment", "direction": "horizontal" }, "geometry": { "type": "LineString", "coordinates": [ [ 510.0, 390.0 ], [ 520.0, 390.0 ] ] } },
{ "type": "Feature", "properties": { "type": "road_segment", "direction": "horizontal" }, "geometry": { "type": "LineString", "coordinates": [ [ 520.0, 390.0 ], [ 530.0, 390.0 ] ] } },
{ "type": "Feature", "properties": { "type": "road_segment", "direction": "horizontal" }, "geometry": { "type": "LineString", "coordinates": [ [ 530.0, 390.0 ], [ 540.0, 390.0 ] ] } },
{ "type": "Feature", "properties": { "type": "road_segment", "direction": "horizontal" }, "geometry": { "type": "LineString", "coordinates": [ [ 540.0, 390.0 ], [ 550.0, 390.0 ] ] } },
{ "type": "Feature", "properties": { "type": "road_segment", "direction": "horizontal" }, "geometry": { "type": "LineString", "coordinates": [ [ 550.0, 390.0 ], [ 560.0, 390.0 ] ] } },
{ "type": "Feature", "properties": { "type": "road_segment", "direction": "horizontal" }, "geometry": { "type": "LineString", "coordinates": [ [ 560.0, 390.0 ], [ 570.0, 390.0 ] ] } },
{ "type": "Feature", "properties": { "type": "road_segment", "direction": "horizontal" }, "geometry": { "type": "LineString", "coordinates": [ [ 570.0, 390.0 ], [ 580.0, 390.0 ] ] } },
{ "type": "Feature", "properties": { "type": "road_segment", "direction": "horizontal" }, "geometry": { "type": "LineString", "coordinates": [ [ 580.0, 390.0 ], [ 590.0, 390.0 ] ] } },
{ "type": "Feature", "properties": { "type": "road_segment", "direction": "horizontal" }, "geometry": { "type": "LineString", "coordinates": [ [ 0.0, 400.0 ], [ 10.0, 400.0 ] ] } },
{ "type": "Feature", "properties": { "type": "road_segment", "direction": "horizontal" }, "geometry": { "type": "LineString", "coordinates": [ [ 10.0, 400.0 ], [ 20.0, 400.0 ] ] } },
{ "type": "Feature", "properties": { "type": "road_segment", "direction": "horizontal" }, "geometry": { "type": "LineString", "coordinates": [ [ 20.0, 400.0 ], [ 30.0, 400.0 ] ] } },
{ "type": "Feature", "properties": { "type": "road_segment", "direction": "horizontal" }, "geometry": { "type": "LineString", "coordinates": [ [ 30.0, 400.0 ], [ 40.0, 400.0 ] ] } },
{ "type": "Feature", "properties": { "type": "road_segment", "direction": "horizontal" }, "geometry": { "type": "LineString", "coordinates": [ [ 40.0, 400.0 ], [ 50.0, 400.0 ] ] } },
{ "type": "Feature", "properties": { "type": "road_segment", "direction": "horizontal" }, "geometry": { "type": "LineString", "coordinates": [ [ 50.0, 400.0 ], [ 60.0, 400.0 ] ] } },
{ "type": "Feature", "properties": { "type": "road_segment", "direction": "horizontal" }, "geometry": { "type": "LineString", "coordinates": [ [ 60.0, 400.0 ], [ 70.0, 400.0 ] ] } },
{ "type": "Feature", "properties": { "type": "road_segment", "direction": "horizontal" }, "geometry": { "type": "LineString", "coordinates": [ [ 70.0, 400.0 ], [ 80.0, 400.0 ] ] } },
{ "type": "Feature", "properties": { "type": "road_segment", "direction": "horizontal" }, "geometry": { "type": "LineString", "coordinates": [ [ 80.0, 400.0 ], [ 90.0, 400.0 ] ] } },
{ "type": "Feature", "properties": { "type": "road_segment", "direction": "horizontal" }, "geometry": { "type": "LineString", "coordinates": [ [ 90.0, 400.0 ], [ 100.0, 400.0 ] ] } },
{ "type": "Feature", "properties": { "type": "road_segment", "direction": "horizontal" }, "geometry": { "type": "LineString", "coordinates": [ [ 100.0, 400.0 ], [ 110.0, 400.0 ] ] } },
{ "type": "Feature", "properties": { "type": "road_segment", "direction": "horizontal" }, "geometry": { "type": "LineString", "coordinates": [ [ 110.0, 400.0 ], [ 120.0, 400.0 ] ] } },
{ "type": "Feature", "properties": { "type": "road_segment", "direction": "horizontal" }, "geometry": { "type": "LineString", "coordinates": [ [ 120.0, 400.0 ], [ 130.0, 400.0 ] ] } },
{ "type": "Feature", "properties": { "type": "road_segment", "direction": "horizontal" }, "geometry": { "type": "LineString", "coordinates": [ [ 130.0, 400.0 ], [ 140.0, 400.0 ] ] } },
{ "type": "Feature", "properties": { "type": "road_segment", "direction": "horizontal" }, "geometry": { "type": "LineString", "coordinates": [ [ 140.0, 400.0 ], [ 150.0, 400.0 ] ] } },
{ "type": "Feature", "properties": { "type": "road_segment", "direction": "horizontal" }, "geometry": { "type": "LineString", "coordinates": [ [ 150.0, 400.0 ], [ 160.0, 400.0 ] ] } },
{ "type": "Feature", "properties": { "type": "road_segment", "direction": "horizontal" }, "geometry": { "type": "LineString", "coordinates": [ [ 160.0, 400.0 ], [ 170.0, 400.0 ] ] } },
{ "type": "Feature", "properties": { "type": "road_segment", "direction": "horizontal" }, "geometry": { "type": "LineString", "coordinates": [ [ 170.0, 400.0 ], [ 180.0, 400.0 ] ] } },
{ "type": "Feature", "properties": { "type": "road_segment", "direction": "horizontal" }, "geometry": { "type": "LineString", "coordinates": [ [ 180.0, 400.0 ], [ 190.0, 400.0 ] ] } },
{ "type": "Feature", "properties": { "type": "road_segment", "direction": "horizontal" }, "geometry": { "type": "LineString", "coordinates": [ [ 190.0, 400.0 ], [ 200.0, 400.0 ] ] } },
{ "type": "Feature", "properties": { "type": "road_segment", "direction": "horizontal" }, "geometry": { "type": "LineString", "coordinates": [ [ 200.0, 400.0 ], [ 210.0, 400.0 ] ] } },
{ "type": "Feature", "properties": { "type": "road_segment", "direction": "horizontal" }, "geometry": { "type": "LineString", "coordinates": [ [ 210.0, 400.0 ], [ 220.0, 400.0 ] ] } },
{ "type": "Feature", "properties": { "type": "road_segment", "direction": "horizontal" }, "geometry": { "type": "LineString", "coordinates": [ [ 220.0, 400.0 ], [ 230.0, 400.0 ] ] } },
{ "type": "Feature", "properties": { "type": "road_segment", "direction": "horizontal" }, "geometry": { "type": "LineString", "coordinates": [ [ 230.0, 400.0 ], [ 240.0, 400.0 ] ] } },
{ "type": "Feature", "properties": { "type": "road_segment", "direction": "horizontal" }, "geometry": { "type": "LineString", "coordinates": [ [ 240.0, 400.0 ], [ 250.0, 400.0 ] ] } },
{ "type": "Feature", "properties": { "type": "road_segment", "direction": "horizontal" }, "geometry": { "type": "LineString", "coordinates": [ [ 250.0, 400.0 ], [ 260.0, 400.0 ] ] } },
{ "type": "Feature", "properties": { "type": "road_segment", "direction": "horizontal" }, "geometry": { "type": "LineString", "coordinates": [ [ 260.0, 400.0 ], [ 270.0, 400.0 ] ] } },
{ "type": "Feature", "properties": { "type": "road_segment", "direction": "horizontal" }, "geometry": { "type": "LineString", "coordinates": [ [ 270.0, 400.0 ], [ 280.0, 400.0 ] ] } },
{ "type": "Feature", "properties": { "type": "road_segment", "direction": "horizontal" }, "geometry": { "type": "LineString", "coordinates": [ [ 280.0, 400.0 ], [ 290.0, 400.0 ] ] } },
{ "type": "Feature", "properties": { "type": "road_segment", "direction": "horizontal" }, "geometry": { "type": "LineString", "coordinates": [ [ 290.0, 400.0 ], [ 300.0, 400.0 ] ] } },
{ "type": "Feature", "properties": { "type": "road_segment", "direction": "horizontal" }, "geometry": { "type": "LineString", "coordinates": [ [ 300.0, 400.0 ], [ 310.0, 400.0 ] ] } },
{ "type": "Feature", "properties": { "type": "road_segment", "direction": "horizontal" }, "geometry": { "type": "LineString", "coordinates": [ [ 310.0, 400.0 ], [ 320.0, 400.0 ] ] } },
{ "type": "Feature", "properties": { "type": "road_segment", "direction": "horizontal" }, "geometry": { "type": "LineString", "coordinates": [ [ 320.0, 400.0 ], [ 330.0, 400.0 ] ] } },
{ "type": "Feature", "properties": { "type": "road_segment", "direction": "horizontal" }, "geometry": { "type": "LineString", "coordinates": [ [ 330.0, 400.0 ], [ 340.0, 400.0 ] ] } },
{ "type": "Feature", "properties": { "type": "road_segment", "direction": "horizontal" }, "geometry": { "type": "LineString", "coordinates": [ [ 340.0, 400.0 ], [ 350.0, 400.0 ] ] } },
{ "type": "Feature", "properties": { "type": "road_segment", "direction": "horizontal" }, "geometry": { "type": "LineString", "coordinates": [ [ 350.0, 400.0 ], [ 360.0, 400.0 ] ] } },
{ "type": "Feature", "properties": { "type": "road_segment", "direction": "horizontal" }, "geometry": { "type": "LineString", "coordinates": [ [ 360.0, 400.0 ], [ 370.0, 400.0 ] ] } },
{ "type": "Feature", "properties": { "type": "road_segment", "direction": "horizontal" }, "geometry": { "type": "LineString", "coordinates": [ [ 370.0, 400.0 ], [ 380.0, 400.0 ] ] } },
{ "type": "Feature", "properties": { "type": "road_segment", "direction": "horizontal" }, "geometry": { "type": "LineString", "coordinates": [ [ 380.0, 400.0 ], [ 390.0, 400.0 ] ] } },
{ "type": "Feature", "properties": { "type": "road_segment", "direction": "horizontal" }, "geometry": { "type": "LineString", "coordinates": [ [ 390.0, 400.0 ], [ 400.0, 400.0 ] ] } },
{ "type": "Feature", "properties": { "type": "road_segment", "direction": "horizontal" }, "geometry": { "type": "LineString", "coordinates": [ [ 400.0, 400.0 ], [ 410.0, 400.0 ] ] } },
{ "type": "Feature", "properties": { "type": "road_segment", "direction": "horizontal" }, "geometry": { "type": "LineString", "coordinates": [ [ 410.0, 400.0 ], [ 420.0, 400.0 ] ] } },
{ "type": "Feature", "properties": { "type": "road_segment", "direction": "horizontal" }, "geometry": { "type": "LineString", "coordinates": [ [ 420.0, 400.0 ], [ 430.0, 400.0 ] ] } },
{ "type": "Feature", "properties": { "type": "road_segment", "direction": "horizontal" }, "geometry": { "type": "LineString", "coordinates": [ [ 430.0, 400.0 ], [ 440.0, 400.0 ] ] } },
{ "type": "Feature", "properties": { "type": "road_segment", "direction": "horizontal" }, "geometry": { "type": "LineString", "coordinates": [ [ 440.0, 400.0 ], [ 450.0, 400.0 ] ] } },
{ "type": "Feature", "properties": { "type": "road_segment", "direction": "horizontal" }, "geometry": { "type": "LineString", "coordinates": [ [ 450.0, 400.0 ], [ 460.0, 400.0 ] ] } },
{ "type": "Feature", "properties": { "type": "road_segment", "direction": "horizontal" }, "geometry": { "type": "LineString", "coordinates": [ [ 460.0, 400.0 ], [ 470.0, 400.0 ] ] } },
{ "type": "Feature", "properties": { "type": "road_segment", "direction": "horizontal" }, "geometry": { "type": "LineString", "coordinates": [ [ 470.0, 400.0 ], [ 480.0, 400.0 ] ] } },
{ "type": "Feature", "properties": { "type": "road_segment", "direction": "horizontal" }, "geometry": { "type": "LineString", "coordinates": [ [ 480.0, 400.0 ], [ 490.0, 400.0 ] ] } },
{ "type": "Feature", "properties": { "type": "road_segment", "direction": "horizontal" }, "geometry": { "type": "LineString", "coordinates": [ [ 490.0, 400.0 ], [ 500.0, 400.0 ] ] } },
{ "type": "Feature", "properties": { "type": "road_segment", "direction": "horizontal" }, "geometry": { "type": "LineString", "coordinates": [ [ 500.0, 400.0 ], [ 510.0, 400.0 ] ] } },
{ "type": "Feature", "properties": { "type": "road_segment", "direction": "horizontal" }, "geometry": { "type": "LineString", "coordinates": [ [ 510.0, 400.0 ], [ 520.0, 400.0 ] ] } },
{ "type": "Feature", "properties": { "type": "road_segment", "direction": "horizontal" }, "geometry": { "type": "LineString", "coordinates": [ [ 520.0, 400.0 ], [ 530.0, 400.0 ] ] } },
{ "type": "Feature", "properties": { "type": "road_segment", "direction": "horizontal" }, "geometry": { "type": "LineString", "coordinates": [ [ 530.0, 400.0 ], [ 540.0, 400.0 ] ] } },
{ "type": "Feature", "properties": { "type": "road_segment", "direction": "horizontal" }, "geometry": { "type": "LineString", "coordinates": [ [ 540.0, 400.0 ], [ 550.0, 400.0 ] ] } },
{ "type": "Feature", "properties": { "type": "road_segment", "direction": "horizontal" }, "geometry": { "type": "LineString", "coordinates": [ [ 550.0, 400.0 ], [ 560.0, 400.0 ] ] } },
{ "type": "Feature", "properties": { "type": "road_segment", "direction": "horizontal" }, "geometry": { "type": "LineString", "coordinates": [ [ 560.0, 400.0 ], [ 570.0, 400.0 ] ] } },
{ "type": "Feature", "properties": { "type": "road_segment", "direction": "horizontal" }, "geometry": { "type": "LineString", "coordinates": [ [ 570.0, 400.0 ], [ 580.0, 400.0 ] ] } },
{ "type": "Feature", "properties": { "type": "road_segment", "direction": "horizontal" }, "geometry": { "type": "LineString", "coordinates": [ [ 580.0, 400.0 ], [ 590.0, 400.0 ] ] } },
{ "type": "Feature", "properties": { "type": "road_segment", "direction": "horizontal" }, "geometry": { "type": "LineString", "coordinates": [ [ 20.0, 410.0 ], [ 30.0, 410.0 ] ] } },
{ "type": "Feature", "properties": { "type": "road_segment", "direction": "horizontal" }, "geometry": { "type": "LineString", "coordinates": [ [ 30.0, 410.0 ], [ 40.0, 410.0 ] ] } },
{ "type": "Feature", "properties": { "type": "road_segment", "direction": "horizontal" }, "geometry": { "type": "LineString", "coordinates": [ [ 40.0, 410.0 ], [ 50.0, 410.0 ] ] } },
{ "type": "Feature", "properties": { "type": "road_segment", "direction": "horizontal" }, "geometry": { "type": "LineString", "coordinates": [ [ 50.0, 410.0 ], [ 60.0, 410.0 ] ] } },
{ "type": "Feature", "properties": { "type": "road_segment", "direction": "horizontal" }, "geometry": { "type": "LineString", "coordinates": [ [ 60.0, 410.0 ], [ 70.0, 410.0 ] ] } },
{ "type": "Feature", "properties": { "type": "road_segment", "direction": "horizontal" }, "geometry": { "type": "LineString", "coordinates": [ [ 70.0, 410.0 ], [ 80.0, 410.0 ] ] } },
{ "type": "Feature", "properties": { "type": "road_segment", "direction": "horizontal" }, "geometry": { "type": "LineString", "coordinates": [ [ 80.0, 410.0 ], [ 90.0, 410.0 ] ] } },
{ "type": "Feature", "properties": { "type": "road_segment", "direction": "horizontal" }, "geometry": { "type": "LineString", "coordinates": [ [ 90.0, 410.0 ], [ 100.0, 410.0 ] ] } },
{ "type": "Feature", "properties": { "type": "road_segment", "direction": "horizontal" }, "geometry": { "type": "LineString", "coordinates": [ [ 100.0, 410.0 ], [ 110.0, 410.0 ] ] } },
{ "type": "Feature", "properties": { "type": "road_segment", "direction": "horizontal" }, "geometry": { "type": "LineString", "coordinates": [ [ 110.0, 410.0 ], [ 120.0, 410.0 ] ] } },
{ "type": "Feature", "properties": { "type": "road_segment", "direction": "horizontal" }, "geometry": { "type": "LineString", "coordinates": [ [ 120.0, 410.0 ], [ 130.0, 410.0 ] ] } },
{ "type": "Feature", "properties": { "type": "road_segment", "direction": "horizontal" }, "geometry": { "type": "LineString", "coordinates": [ [ 130.0, 410.0 ], [ 140.0, 410.0 ] ] } },
{ "type": "Feature", "properties": { "type": "road_segment", "direction": "horizontal" }, "geometry": { "type": "LineString", "coordinates": [ [ 140.0, 410.0 ], [ 150.0, 410.0 ] ] } },
{ "type": "Feature", "properties": { "type": "road_segment", "direction": "horizontal" }, "geometry": { "type": "LineString", "coordinates": [ [ 150.0, 410.0 ], [ 160.0, 410.0 ] ] } },
{ "type": "Feature", "properties": { "type": "road_segment", "direction": "horizontal" }, "geometry": { "type": "LineString", "coordinates": [ [ 160.0, 410.0 ], [ 170.0, 410.0 ] ] } },
{ "type": "Feature", "properties": { "type": "road_segment", "direction": "horizontal" }, "geometry": { "type": "LineString", "coordinates": [ [ 170.0, 410.0 ], [ 180.0, 410.0 ] ] } },
{ "type": "Feature", "properties": { "type": "road_segment", "direction": "horizontal" }, "geometry": { "type": "LineString", "coordinates": [ [ 180.0, 410.0 ], [ 190.0, 410.0 ] ] } },
{ "type": "Feature", "properties": { "type": "road_segment", "direction": "horizontal" }, "geometry": { "type": "LineString", "coordinates": [ [ 190.0, 410.0 ], [ 200.0, 410.0 ] ] } },
{ "type": "Feature", "properties": { "type": "road_segment", "direction": "horizontal" }, "geometry": { "type": "LineString", "coordinates": [ [ 200.0, 410.0 ], [ 210.0, 410.0 ] ] } },
{ "type": "Feature", "properties": { "type": "road_segment", "direction": "horizontal" }, "geometry": { "type": "LineString", "coordinates": [ [ 210.0, 410.0 ], [ 220.0, 410.0 ] ] } },
{ "type": "Feature", "properties": { "type": "road_segment", "direction": "horizontal" }, "geometry": { "type": "LineString", "coordinates": [ [ 220.0, 410.0 ], [ 230.0, 410.0 ] ] } },
{ "type": "Feature", "properties": { "type": "road_segment", "direction": "horizontal" }, "geometry": { "type": "LineString", "coordinates": [ [ 230.0, 410.0 ], [ 240.0, 410.0 ] ] } },
{ "type": "Feature", "properties": { "type": "road_segment", "direction": "horizontal" }, "geometry": { "type": "LineString", "coordinates": [ [ 240.0, 410.0 ], [ 250.0, 410.0 ] ] } },
{ "type": "Feature", "properties": { "type": "road_segment", "direction": "horizontal" }, "geometry": { "type": "LineString", "coordinates": [ [ 250.0, 410.0 ], [ 260.0, 410.0 ] ] } },
{ "type": "Feature", "properties": { "type": "road_segment", "direction": "horizontal" }, "geometry": { "type": "LineString", "coordinates": [ [ 260.0, 410.0 ], [ 270.0, 410.0 ] ] } },
{ "type": "Feature", "properties": { "type": "road_segment", "direction": "horizontal" }, "geometry": { "type": "LineString", "coordinates": [ [ 270.0, 410.0 ], [ 280.0, 410.0 ] ] } },
{ "type": "Feature", "properties": { "type": "road_segment", "direction": "horizontal" }, "geometry": { "type": "LineString", "coordinates": [ [ 280.0, 410.0 ], [ 290.0, 410.0 ] ] } },
{ "type": "Feature", "properties": { "type": "road_segment", "direction": "horizontal" }, "geometry": { "type": "LineString", "coordinates": [ [ 290.0, 410.0 ], [ 300.0, 410.0 ] ] } },
{ "type": "Feature", "properties": { "type": "road_segment", "direction": "horizontal" }, "geometry": { "type": "LineString", "coordinates": [ [ 300.0, 410.0 ], [ 310.0, 410.0 ] ] } },
{ "type": "Feature", "properties": { "type": "road_segment", "direction": "horizontal" }, "geometry": { "type": "LineString", "coordinates": [ [ 310.0, 410.0 ], [ 320.0, 410.0 ] ] } },
{ "type": "Feature", "properties": { "type": "road_segment", "direction": "horizontal" }, "geometry": { "type": "LineString", "coordinates": [ [ 320.0, 410.0 ], [ 330.0, 410.0 ] ] } },
{ "type": "Feature", "properties": { "type": "road_segment", "direction": "horizontal" }, "geometry": { "type": "LineString", "coordinates": [ [ 330.0, 410.0 ], [ 340.0, 410.0 ] ] } },
{ "type": "Feature", "properties": { "type": "road_segment", "direction": "horizontal" }, "geometry": { "type": "LineString", "coordinates": [ [ 340.0, 410.0 ], [ 350.0, 410.0 ] ] } },
{ "type": "Feature", "properties": { "type": "road_segment", "direction": "horizontal" }, "geometry": { "type": "LineString", "coordinates": [ [ 350.0, 410.0 ], [ 360.0, 410.0 ] ] } },
{ "type": "Feature", "properties": { "type": "road_segment", "direction": "horizontal" }, "geometry": { "type": "LineString", "coordinates": [ [ 360.0, 410.0 ], [ 370.0, 410.0 ] ] } },
{ "type": "Feature", "properties": { "type": "road_segment", "direction": "horizontal" }, "geometry": { "type": "LineString", "coordinates": [ [ 370.0, 410.0 ], [ 380.0, 410.0 ] ] } },
{ "type": "Feature", "properties": { "type": "road_segment", "direction": "horizontal" }, "geometry": { "type": "LineString", "coordinates": [ [ 380.0, 410.0 ], [ 390.0, 410.0 ] ] } },
{ "type": "Feature", "properties": { "type": "road_segment", "direction": "horizontal" }, "geometry": { "type": "LineString", "coordinates": [ [ 390.0, 410.0 ], [ 400.0, 410.0 ] ] } },
{ "type": "Feature", "properties": { "type": "road_segment", "direction": "horizontal" }, "geometry": { "type": "LineString", "coordinates": [ [ 400.0, 410.0 ], [ 410.0, 410.0 ] ] } },
{ "type": "Feature", "properties": { "type": "road_segment", "direction": "horizontal" }, "geometry": { "type": "LineString", "coordinates": [ [ 410.0, 410.0 ], [ 420.0, 410.0 ] ] } },
{ "type": "Feature", "properties": { "type": "road_segment", "direction": "horizontal" }, "geometry": { "type": "LineString", "coordinates": [ [ 420.0, 410.0 ], [ 430.0, 410.0 ] ] } },
{ "type": "Feature", "properties": { "type": "road_segment", "direction": "horizontal" }, "geometry": { "type": "LineString", "coordinates": [ [ 430.0, 410.0 ], [ 440.0, 410.0 ] ] } },
{ "type": "Feature", "properties": { "type": "road_segment", "direction": "horizontal" }, "geometry": { "type": "LineString", "coordinates": [ [ 440.0, 410.0 ], [ 450.0, 410.0 ] ] } },
{ "type": "Feature", "properties": { "type": "road_segment", "direction": "horizontal" }, "geometry": { "type": "LineString", "coordinates": [ [ 450.0, 410.0 ], [ 460.0, 410.0 ] ] } },
{ "type": "Feature", "properties": { "type": "road_segment", "direction": "horizontal" }, "geometry": { "type": "LineString", "coordinates": [ [ 460.0, 410.0 ], [ 470.0, 410.0 ] ] } },
{ "type": "Feature", "properties": { "type": "road_segment", "direction": "horizontal" }, "geometry": { "type": "LineString", "coordinates": [ [ 470.0, 410.0 ], [ 480.0, 410.0 ] ] } },
{ "type": "Feature", "properties": { "type": "road_segment", "direction": "horizontal" }, "geometry": { "type": "LineString", "coordinates": [ [ 480.0, 410.0 ], [ 490.0, 410.0 ] ] } },
{ "type": "Feature", "properties": { "type": "road_segment", "direction": "horizontal" }, "geometry": { "type": "LineString", "coordinates": [ [ 490.0, 410.0 ], [ 500.0, 410.0 ] ] } },
{ "type": "Feature", "properties": { "type": "road_segment", "direction": "horizontal" }, "geometry": { "type": "LineString", "coordinates": [ [ 500.0, 410.0 ], [ 510.0, 410.0 ] ] } },
{ "type": "Feature", "properties": { "type": "road_segment", "direction": "horizontal" }, "geometry": { "type": "LineString", "coordinates": [ [ 510.0, 410.0 ], [ 520.0, 410.0 ] ] } },
{ "type": "Feature", "properties": { "type": "road_segment", "direction": "horizontal" }, "geometry": { "type": "LineString", "coordinates": [ [ 520.0, 410.0 ], [ 530.0, 410.0 ] ] } },
{ "type": "Feature", "properties": { "type": "road_segment", "direction": "horizontal" }, "geometry": { "type": "LineString", "coordinates": [ [ 530.0, 410.0 ], [ 540.0, 410.0 ] ] } },
{ "type": "Feature", "properties": { "type": "road_segment", "direction": "horizontal" }, "geometry": { "type": "LineString", "coordinates": [ [ 540.0, 410.0 ], [ 550.0, 410.0 ] ] } },
{ "type": "Feature", "properties": { "type": "road_segment", "direction": "horizontal" }, "geometry": { "type": "LineString", "coordinates": [ [ 550.0, 410.0 ], [ 560.0, 410.0 ] ] } },
{ "type": "Feature", "properties": { "type": "road_segment", "direction": "horizontal" }, "geometry": { "type": "LineString", "coordinates": [ [ 560.0, 410.0 ], [ 570.0, 410.0 ] ] } },
{ "type": "Feature", "properties": { "type": "road_segment", "direction": "horizontal" }, "geometry": { "type": "LineString", "coordinates": [ [ 570.0, 410.0 ], [ 580.0, 410.0 ] ] } },
{ "type": "Feature", "properties": { "type": "road_segment", "direction": "horizontal" }, "geometry": { "type": "LineString", "coordinates": [ [ 580.0, 410.0 ], [ 590.0, 410.0 ] ] } },
{ "type": "Feature", "properties": { "type": "road_segment", "direction": "horizontal" }, "geometry": { "type": "LineString", "coordinates": [ [ 190.0, 420.0 ], [ 200.0, 420.0 ] ] } },
{ "type": "Feature", "properties": { "type": "road_segment", "direction": "horizontal" }, "geometry": { "type": "LineString", "coordinates": [ [ 200.0, 420.0 ], [ 210.0, 420.0 ] ] } },
{ "type": "Feature", "properties": { "type": "road_segment", "direction": "horizontal" }, "geometry": { "type": "LineString", "coordinates": [ [ 290.0, 420.0 ], [ 300.0, 420.0 ] ] } },
{ "type": "Feature", "properties": { "type": "road_segment", "direction": "horizontal" }, "geometry": { "type": "LineString", "coordinates": [ [ 300.0, 420.0 ], [ 310.0, 420.0 ] ] } },
{ "type": "Feature", "properties": { "type": "road_segment", "direction": "horizontal" }, "geometry": { "type": "LineString", "coordinates": [ [ 390.0, 420.0 ], [ 400.0, 420.0 ] ] } },
{ "type": "Feature", "properties": { "type": "road_segment", "direction": "horizontal" }, "geometry": { "type": "LineString", "coordinates": [ [ 400.0, 420.0 ], [ 410.0, 420.0 ] ] } },
{ "type": "Feature", "properties": { "type": "road_segment", "direction": "horizontal" }, "geometry": { "type": "LineString", "coordinates": [ [ 190.0, 430.0 ], [ 200.0, 430.0 ] ] } },
{ "type": "Feature", "properties": { "type": "road_segment", "direction": "horizontal" }, "geometry": { "type": "LineString", "coordinates": [ [ 200.0, 430.0 ], [ 210.0, 430.0 ] ] } },
{ "type": "Feature", "properties": { "type": "road_segment", "direction": "horizontal" }, "geometry": { "type": "LineString", "coordinates": [ [ 290.0, 430.0 ], [ 300.0, 430.0 ] ] } },
{ "type": "Feature", "properties": { "type": "road_segment", "direction": "horizontal" }, "geometry": { "type": "LineString", "coordinates": [ [ 300.0, 430.0 ], [ 310.0, 430.0 ] ] } },
{ "type": "Feature", "properties": { "type": "road_segment", "direction": "horizontal" }, "geometry": { "type": "LineString", "coordinates": [ [ 390.0, 430.0 ], [ 400.0, 430.0 ] ] } },
{ "type": "Feature", "properties": { "type": "road_segment", "direction": "horizontal" }, "geometry": { "type": "LineString", "coordinates": [ [ 400.0, 430.0 ], [ 410.0, 430.0 ] ] } },
{ "type": "Feature", "properties": { "type": "road_segment", "direction": "horizontal" }, "geometry": { "type": "LineString", "coordinates": [ [ 190.0, 440.0 ], [ 200.0, 440.0 ] ] } },
{ "type": "Feature", "properties": { "type": "road_segment", "direction": "horizontal" }, "geometry": { "type": "LineString", "coordinates": [ [ 200.0, 440.0 ], [ 210.0, 440.0 ] ] } },
{ "type": "Feature", "properties": { "type": "road_segment", "direction": "horizontal" }, "geometry": { "type": "LineString", "coordinates": [ [ 290.0, 440.0 ], [ 300.0, 440.0 ] ] } },
{ "type": "Feature", "properties": { "type": "road_segment", "direction": "horizontal" }, "geometry": { "type": "LineString", "coordinates": [ [ 300.0, 440.0 ], [ 310.0, 440.0 ] ] } },
{ "type": "Feature", "properties": { "type": "road_segment", "direction": "horizontal" }, "geometry": { "type": "LineString", "coordinates": [ [ 390.0, 440.0 ], [ 400.0, 440.0 ] ] } },
{ "type": "Feature", "properties": { "type": "road_segment", "direction": "horizontal" }, "geometry": { "type": "LineString", "coordinates": [ [ 400.0, 440.0 ], [ 410.0, 440.0 ] ] } },
{ "type": "Feature", "properties": { "type": "road_segment", "direction": "horizontal" }, "geometry": { "type": "LineString", "coordinates": [ [ 190.0, 450.0 ], [ 200.0, 450.0 ] ] } },
{ "type": "Feature", "properties": { "type": "road_segment", "direction": "horizontal" }, "geometry": { "type": "LineString", "coordinates": [ [ 200.0, 450.0 ], [ 210.0, 450.0 ] ] } },
{ "type": "Feature", "properties": { "type": "road_segment", "direction": "horizontal" }, "geometry": { "type": "LineString", "coordinates": [ [ 290.0, 450.0 ], [ 300.0, 450.0 ] ] } },
{ "type": "Feature", "properties": { "type": "road_segment", "direction": "horizontal" }, "geometry": { "type": "LineString", "coordinates": [ [ 300.0, 450.0 ], [ 310.0, 450.0 ] ] } },
{ "type": "Feature", "properties": { "type": "road_segment", "direction": "horizontal" }, "geometry": { "type": "LineString", "coordinates": [ [ 390.0, 450.0 ], [ 400.0, 450.0 ] ] } },
{ "type": "Feature", "properties": { "type": "road_segment", "direction": "horizontal" }, "geometry": { "type": "LineString", "coordinates": [ [ 400.0, 450.0 ], [ 410.0, 450.0 ] ] } },
{ "type": "Feature", "properties": { "type": "road_segment", "direction": "horizontal" }, "geometry": { "type": "LineString", "coordinates": [ [ 0.0, 460.0 ], [ 10.0, 460.0 ] ] } },
{ "type": "Feature", "properties": { "type": "road_segment", "direction": "horizontal" }, "geometry": { "type": "LineString", "coordinates": [ [ 100.0, 460.0 ], [ 110.0, 460.0 ] ] } },
{ "type": "Feature", "properties": { "type": "road_segment", "direction": "horizontal" }, "geometry": { "type": "LineString", "coordinates": [ [ 110.0, 460.0 ], [ 120.0, 460.0 ] ] } },
{ "type": "Feature", "properties": { "type": "road_segment", "direction": "horizontal" }, "geometry": { "type": "LineString", "coordinates": [ [ 190.0, 460.0 ], [ 200.0, 460.0 ] ] } },
{ "type": "Feature", "properties": { "type": "road_segment", "direction": "horizontal" }, "geometry": { "type": "LineString", "coordinates": [ [ 200.0, 460.0 ], [ 210.0, 460.0 ] ] } },
{ "type": "Feature", "properties": { "type": "road_segment", "direction": "horizontal" }, "geometry": { "type": "LineString", "coordinates": [ [ 210.0, 460.0 ], [ 220.0, 460.0 ] ] } },
{ "type": "Feature", "properties": { "type": "road_segment", "direction": "horizontal" }, "geometry": { "type": "LineString", "coordinates": [ [ 220.0, 460.0 ], [ 230.0, 460.0 ] ] } },
{ "type": "Feature", "properties": { "type": "road_segment", "direction": "horizontal" }, "geometry": { "type": "LineString", "coordinates": [ [ 230.0, 460.0 ], [ 240.0, 460.0 ] ] } },
{ "type": "Feature", "properties": { "type": "road_segment", "direction": "horizontal" }, "geometry": { "type": "LineString", "coordinates": [ [ 290.0, 460.0 ], [ 300.0, 460.0 ] ] } },
{ "type": "Feature", "properties": { "type": "road_segment", "direction": "horizontal" }, "geometry": { "type": "LineString", "coordinates": [ [ 300.0, 460.0 ], [ 310.0, 460.0 ] ] } },
{ "type": "Feature", "properties": { "type": "road_segment", "direction": "horizontal" }, "geometry": { "type": "LineString", "coordinates": [ [ 340.0, 460.0 ], [ 350.0, 460.0 ] ] } },
{ "type": "Feature", "properties": { "type": "road_segment", "direction": "horizontal" }, "geometry": { "type": "LineString", "coordinates": [ [ 350.0, 460.0 ], [ 360.0, 460.0 ] ] } },
{ "type": "Feature", "properties": { "type": "road_segment", "direction": "horizontal" }, "geometry": { "type": "LineString", "coordinates": [ [ 390.0, 460.0 ], [ 400.0, 460.0 ] ] } },
{ "type": "Feature", "properties": { "type": "road_segment", "direction": "horizontal" }, "geometry": { "type": "LineString", "coordinates": [ [ 400.0, 460.0 ], [ 410.0, 460.0 ] ] } },
{ "type": "Feature", "properties": { "type": "road_segment", "direction": "horizontal" }, "geometry": { "type": "LineString", "coordinates": [ [ 460.0, 460.0 ], [ 470.0, 460.0 ] ] } },
{ "type": "Feature", "properties": { "type": "road_segment", "direction": "horizontal" }, "geometry": { "type": "LineString", "coordinates": [ [ 470.0, 460.0 ], [ 480.0, 460.0 ] ] } },
{ "type": "Feature", "properties": { "type": "road_segment", "direction": "horizontal" }, "geometry": { "type": "LineString", "coordinates": [ [ 580.0, 460.0 ], [ 590.0, 460.0 ] ] } },
{ "type": "Feature", "properties": { "type": "road_segment", "direction": "horizontal" }, "geometry": { "type": "LineString", "coordinates": [ [ 0.0, 470.0 ], [ 10.0, 470.0 ] ] } },
{ "type": "Feature", "properties": { "type": "road_segment", "direction": "horizontal" }, "geometry": { "type": "LineString", "coordinates": [ [ 100.0, 470.0 ], [ 110.0, 470.0 ] ] } },
{ "type": "Feature", "properties": { "type": "road_segment", "direction": "horizontal" }, "geometry": { "type": "LineString", "coordinates": [ [ 110.0, 470.0 ], [ 120.0, 470.0 ] ] } },
{ "type": "Feature", "properties": { "type": "road_segment", "direction": "horizontal" }, "geometry": { "type": "LineString", "coordinates": [ [ 190.0, 470.0 ], [ 200.0, 470.0 ] ] } },
{ "type": "Feature", "properties": { "type": "road_segment", "direction": "horizontal" }, "geometry": { "type": "LineString", "coordinates": [ [ 200.0, 470.0 ], [ 210.0, 470.0 ] ] } },
{ "type": "Feature", "properties": { "type": "road_segment", "direction": "horizontal" }, "geometry": { "type": "LineString", "coordinates": [ [ 210.0, 470.0 ], [ 220.0, 470.0 ] ] } },
{ "type": "Feature", "properties": { "type": "road_segment", "direction": "horizontal" }, "geometry": { "type": "LineString", "coordinates": [ [ 220.0, 470.0 ], [ 230.0, 470.0 ] ] } },
{ "type": "Feature", "properties": { "type": "road_segment", "direction": "horizontal" }, "geometry": { "type": "LineString", "coordinates": [ [ 230.0, 470.0 ], [ 240.0, 470.0 ] ] } },
{ "type": "Feature", "properties": { "type": "road_segment", "direction": "horizontal" }, "geometry": { "type": "LineString", "coordinates": [ [ 290.0, 470.0 ], [ 300.0, 470.0 ] ] } },
{ "type": "Feature", "properties": { "type": "road_segment", "direction": "horizontal" }, "geometry": { "type": "LineString", "coordinates": [ [ 300.0, 470.0 ], [ 310.0, 470.0 ] ] } },
{ "type": "Feature", "properties": { "type": "road_segment", "direction": "horizontal" }, "geometry": { "type": "LineString", "coordinates": [ [ 340.0, 470.0 ], [ 350.0, 470.0 ] ] } },
{ "type": "Feature", "properties": { "type": "road_segment", "direction": "horizontal" }, "geometry": { "type": "LineString", "coordinates": [ [ 350.0, 470.0 ], [ 360.0, 470.0 ] ] } },
{ "type": "Feature", "properties": { "type": "road_segment", "direction": "horizontal" }, "geometry": { "type": "LineString", "coordinates": [ [ 390.0, 470.0 ], [ 400.0, 470.0 ] ] } },
{ "type": "Feature", "properties": { "type": "road_segment", "direction": "horizontal" }, "geometry": { "type": "LineString", "coordinates": [ [ 400.0, 470.0 ], [ 410.0, 470.0 ] ] } },
{ "type": "Feature", "properties": { "type": "road_segment", "direction": "horizontal" }, "geometry": { "type": "LineString", "coordinates": [ [ 460.0, 470.0 ], [ 470.0, 470.0 ] ] } },
{ "type": "Feature", "properties": { "type": "road_segment", "direction": "horizontal" }, "geometry": { "type": "LineString", "coordinates": [ [ 470.0, 470.0 ], [ 480.0, 470.0 ] ] } },
{ "type": "Feature", "properties": { "type": "road_segment", "direction": "horizontal" }, "geometry": { "type": "LineString", "coordinates": [ [ 580.0, 470.0 ], [ 590.0, 470.0 ] ] } },
{ "type": "Feature", "properties": { "type": "road_segment", "direction": "horizontal" }, "geometry": { "type": "LineString", "coordinates": [ [ 0.0, 480.0 ], [ 10.0, 480.0 ] ] } },
{ "type": "Feature", "properties": { "type": "road_segment", "direction": "horizontal" }, "geometry": { "type": "LineString", "coordinates": [ [ 100.0, 480.0 ], [ 110.0, 480.0 ] ] } },
{ "type": "Feature", "properties": { "type": "road_segment", "direction": "horizontal" }, "geometry": { "type": "LineString", "coordinates": [ [ 110.0, 480.0 ], [ 120.0, 480.0 ] ] } },
{ "type": "Feature", "properties": { "type": "road_segment", "direction": "horizontal" }, "geometry": { "type": "LineString", "coordinates": [ [ 190.0, 480.0 ], [ 200.0, 480.0 ] ] } },
{ "type": "Feature", "properties": { "type": "road_segment", "direction": "horizontal" }, "geometry": { "type": "LineString", "coordinates": [ [ 200.0, 480.0 ], [ 210.0, 480.0 ] ] } },
{ "type": "Feature", "properties": { "type": "road_segment", "direction": "horizontal" }, "geometry": { "type": "LineString", "coordinates": [ [ 210.0, 480.0 ], [ 220.0, 480.0 ] ] } },
{ "type": "Feature", "properties": { "type": "road_segment", "direction": "horizontal" }, "geometry": { "type": "LineString", "coordinates": [ [ 220.0, 480.0 ], [ 230.0, 480.0 ] ] } },
{ "type": "Feature", "properties": { "type": "road_segment", "direction": "horizontal" }, "geometry": { "type": "LineString", "coordinates": [ [ 230.0, 480.0 ], [ 240.0, 480.0 ] ] } },
{ "type": "Feature", "properties": { "type": "road_segment", "direction": "horizontal" }, "geometry": { "type": "LineString", "coordinates": [ [ 290.0, 480.0 ], [ 300.0, 480.0 ] ] } },
{ "type": "Feature", "properties": { "type": "road_segment", "direction": "horizontal" }, "geometry": { "type": "LineString", "coordinates": [ [ 300.0, 480.0 ], [ 310.0, 480.0 ] ] } },
{ "type": "Feature", "properties": { "type": "road_segment", "direction": "horizontal" }, "geometry": { "type": "LineString", "coordinates": [ [ 340.0, 480.0 ], [ 350.0, 480.0 ] ] } },
{ "type": "Feature", "properties": { "type": "road_segment", "direction": "horizontal" }, "geometry": { "type": "LineString", "coordinates": [ [ 350.0, 480.0 ], [ 360.0, 480.0 ] ] } },
{ "type": "Feature", "properties": { "type": "road_segment", "direction": "horizontal" }, "geometry": { "type": "LineString", "coordinates": [ [ 390.0, 480.0 ], [ 400.0, 480.0 ] ] } },
{ "type": "Feature", "properties": { "type": "road_segment", "direction": "horizontal" }, "geometry": { "type": "LineString", "coordinates": [ [ 400.0, 480.0 ], [ 410.0, 480.0 ] ] } },
{ "type": "Feature", "properties": { "type": "road_segment", "direction": "horizontal" }, "geometry": { "type": "LineString", "coordinates": [ [ 460.0, 480.0 ], [ 470.0, 480.0 ] ] } },
{ "type": "Feature", "properties": { "type": "road_segment", "direction": "horizontal" }, "geometry": { "type": "LineString", "coordinates": [ [ 470.0, 480.0 ], [ 480.0, 480.0 ] ] } },
{ "type": "Feature", "properties": { "type": "road_segment", "direction": "horizontal" }, "geometry": { "type": "LineString", "coordinates": [ [ 190.0, 490.0 ], [ 200.0, 490.0 ] ] } },
{ "type": "Feature", "properties": { "type": "road_segment", "direction": "horizontal" }, "geometry": { "type": "LineString", "coordinates": [ [ 200.0, 490.0 ], [ 210.0, 490.0 ] ] } },
{ "type": "Feature", "properties": { "type": "road_segment", "direction": "horizontal" }, "geometry": { "type": "LineString", "coordinates": [ [ 290.0, 490.0 ], [ 300.0, 490.0 ] ] } },
{ "type": "Feature", "properties": { "type": "road_segment", "direction": "horizontal" }, "geometry": { "type": "LineString", "coordinates": [ [ 300.0, 490.0 ], [ 310.0, 490.0 ] ] } },
{ "type": "Feature", "properties": { "type": "road_segment", "direction": "horizontal" }, "geometry": { "type": "LineString", "coordinates": [ [ 390.0, 490.0 ], [ 400.0, 490.0 ] ] } },
{ "type": "Feature", "properties": { "type": "road_segment", "direction": "horizontal" }, "geometry": { "type": "LineString", "coordinates": [ [ 400.0, 490.0 ], [ 410.0, 490.0 ] ] } },
{ "type": "Feature", "properties": { "type": "road_segment", "direction": "horizontal" }, "geometry": { "type": "LineString", "coordinates": [ [ 90.0, 500.0 ], [ 100.0, 500.0 ] ] } },
{ "type": "Feature", "properties": { "type": "road_segment", "direction": "horizontal" }, "geometry": { "type": "LineString", "coordinates": [ [ 100.0, 500.0 ], [ 110.0, 500.0 ] ] } },
{ "type": "Feature", "properties": { "type": "road_segment", "direction": "horizontal" }, "geometry": { "type": "LineString", "coordinates": [ [ 190.0, 500.0 ], [ 200.0, 500.0 ] ] } },
{ "type": "Feature", "properties": { "type": "road_segment", "direction": "horizontal" }, "geometry": { "type": "LineString", "coordinates": [ [ 200.0, 500.0 ], [ 210.0, 500.0 ] ] } },
{ "type": "Feature", "properties": { "type": "road_segment", "direction": "horizontal" }, "geometry": { "type": "LineString", "coordinates": [ [ 290.0, 500.0 ], [ 300.0, 500.0 ] ] } },
{ "type": "Feature", "properties": { "type": "road_segment", "direction": "horizontal" }, "geometry": { "type": "LineString", "coordinates": [ [ 300.0, 500.0 ], [ 310.0, 500.0 ] ] } },
{ "type": "Feature", "properties": { "type": "road_segment", "direction": "horizontal" }, "geometry": { "type": "LineString", "coordinates": [ [ 390.0, 500.0 ], [ 400.0, 500.0 ] ] } },
{ "type": "Feature", "properties": { "type": "road_segment", "direction": "horizontal" }, "geometry": { "type": "LineString", "coordinates": [ [ 400.0, 500.0 ], [ 410.0, 500.0 ] ] } },
{ "type": "Feature", "properties": { "type": "road_segment", "direction": "horizontal" }, "geometry": { "type": "LineString", "coordinates": [ [ 190.0, 510.0 ], [ 200.0, 510.0 ] ] } },
{ "type": "Feature", "properties": { "type": "road_segment", "direction": "horizontal" }, "geometry": { "type": "LineString", "coordinates": [ [ 200.0, 510.0 ], [ 210.0, 510.0 ] ] } },
{ "type": "Feature", "properties": { "type": "road_segment", "direction": "horizontal" }, "geometry": { "type": "LineString", "coordinates": [ [ 290.0, 510.0 ], [ 300.0, 510.0 ] ] } },
{ "type": "Feature", "properties": { "type": "road_segment", "direction": "horizontal" }, "geometry": { "type": "LineString", "coordinates": [ [ 300.0, 510.0 ], [ 310.0, 510.0 ] ] } },
{ "type": "Feature", "properties": { "type": "road_segment", "direction": "horizontal" }, "geometry": { "type": "LineString", "coordinates": [ [ 390.0, 510.0 ], [ 400.0, 510.0 ] ] } },
{ "type": "Feature", "properties": { "type": "road_segment", "direction": "horizontal" }, "geometry": { "type": "LineString", "coordinates": [ [ 400.0, 510.0 ], [ 410.0, 510.0 ] ] } },
{ "type": "Feature", "properties": { "type": "road_segment", "direction": "horizontal" }, "geometry": { "type": "LineString", "coordinates": [ [ 190.0, 520.0 ], [ 200.0, 520.0 ] ] } },
{ "type": "Feature", "properties": { "type": "road_segment", "direction": "horizontal" }, "geometry": { "type": "LineString", "coordinates": [ [ 200.0, 520.0 ], [ 210.0, 520.0 ] ] } },
{ "type": "Feature", "properties": { "type": "road_segment", "direction": "horizontal" }, "geometry": { "type": "LineString", "coordinates": [ [ 290.0, 520.0 ], [ 300.0, 520.0 ] ] } },
{ "type": "Feature", "properties": { "type": "road_segment", "direction": "horizontal" }, "geometry": { "type": "LineString", "coordinates": [ [ 300.0, 520.0 ], [ 310.0, 520.0 ] ] } },
{ "type": "Feature", "properties": { "type": "road_segment", "direction": "horizontal" }, "geometry": { "type": "LineString", "coordinates": [ [ 390.0, 520.0 ], [ 400.0, 520.0 ] ] } },
{ "type": "Feature", "properties": { "type": "road_segment", "direction": "horizontal" }, "geometry": { "type": "LineString", "coordinates": [ [ 400.0, 520.0 ], [ 410.0, 520.0 ] ] } },
{ "type": "Feature", "properties": { "type": "road_segment", "direction": "horizontal" }, "geometry": { "type": "LineString", "coordinates": [ [ 190.0, 530.0 ], [ 200.0, 530.0 ] ] } },
{ "type": "Feature", "properties": { "type": "road_segment", "direction": "horizontal" }, "geometry": { "type": "LineString", "coordinates": [ [ 200.0, 530.0 ], [ 210.0, 530.0 ] ] } },
{ "type": "Feature", "properties": { "type": "road_segment", "direction": "horizontal" }, "geometry": { "type": "LineString", "coordinates": [ [ 290.0, 530.0 ], [ 300.0, 530.0 ] ] } },
{ "type": "Feature", "properties": { "type": "road_segment", "direction": "horizontal" }, "geometry": { "type": "LineString", "coordinates": [ [ 300.0, 530.0 ], [ 310.0, 530.0 ] ] } },
{ "type": "Feature", "properties": { "type": "road_segment", "direction": "horizontal" }, "geometry": { "type": "LineString", "coordinates": [ [ 390.0, 530.0 ], [ 400.0, 530.0 ] ] } },
{ "type": "Feature", "properties": { "type": "road_segment", "direction": "horizontal" }, "geometry": { "type": "LineString", "coordinates": [ [ 400.0, 530.0 ], [ 410.0, 530.0 ] ] } },
{ "type": "Feature", "properties": { "type": "road_segment", "direction": "horizontal" }, "geometry": { "type": "LineString", "coordinates": [ [ 190.0, 540.0 ], [ 200.0, 540.0 ] ] } },
{ "type": "Feature", "properties": { "type": "road_segment", "direction": "horizontal" }, "geometry": { "type": "LineString", "coordinates": [ [ 200.0, 540.0 ], [ 210.0, 540.0 ] ] } },
{ "type": "Feature", "properties": { "type": "road_segment", "direction": "horizontal" }, "geometry": { "type": "LineString", "coordinates": [ [ 290.0, 540.0 ], [ 300.0, 540.0 ] ] } },
{ "type": "Feature", "properties": { "type": "road_segment", "direction": "horizontal" }, "geometry": { "type": "LineString", "coordinates": [ [ 300.0, 540.0 ], [ 310.0, 540.0 ] ] } },
{ "type": "Feature", "properties": { "type": "road_segment", "direction": "horizontal" }, "geometry": { "type": "LineString", "coordinates": [ [ 390.0, 540.0 ], [ 400.0, 540.0 ] ] } },
{ "type": "Feature", "properties": { "type": "road_segment", "direction": "horizontal" }, "geometry": { "type": "LineString", "coordinates": [ [ 400.0, 540.0 ], [ 410.0, 540.0 ] ] } },
{ "type": "Feature", "properties": { "type": "road_segment", "direction": "horizontal" }, "geometry": { "type": "LineString", "coordinates": [ [ 200.0, 550.0 ], [ 210.0, 550.0 ] ] } },
{ "type": "Feature", "properties": { "type": "road_segment", "direction": "horizontal" }, "geometry": { "type": "LineString", "coordinates": [ [ 290.0, 550.0 ], [ 300.0, 550.0 ] ] } },
{ "type": "Feature", "properties": { "type": "road_segment", "direction": "horizontal" }, "geometry": { "type": "LineString", "coordinates": [ [ 300.0, 550.0 ], [ 310.0, 550.0 ] ] } },
{ "type": "Feature", "properties": { "type": "road_segment", "direction": "horizontal" }, "geometry": { "type": "LineString", "coordinates": [ [ 390.0, 550.0 ], [ 400.0, 550.0 ] ] } },
{ "type": "Feature", "properties": { "type": "road_segment", "direction": "horizontal" }, "geometry": { "type": "LineString", "coordinates": [ [ 400.0, 550.0 ], [ 410.0, 550.0 ] ] } },
{ "type": "Feature", "properties": { "type": "road_segment", "direction": "horizontal" }, "geometry": { "type": "LineString", "coordinates": [ [ 290.0, 560.0 ], [ 300.0, 560.0 ] ] } },
{ "type": "Feature", "properties": { "type": "road_segment", "direction": "horizontal" }, "geometry": { "type": "LineString", "coordinates": [ [ 300.0, 560.0 ], [ 310.0, 560.0 ] ] } },
{ "type": "Feature", "properties": { "type": "road_segment", "direction": "horizontal" }, "geometry": { "type": "LineString", "coordinates": [ [ 390.0, 560.0 ], [ 400.0, 560.0 ] ] } },
{ "type": "Feature", "properties": { "type": "road_segment", "direction": "horizontal" }, "geometry": { "type": "LineString", "coordinates": [ [ 400.0, 560.0 ], [ 410.0, 560.0 ] ] } },
{ "type": "Feature", "properties": { "type": "road_segment", "direction": "horizontal" }, "geometry": { "type": "LineString", "coordinates": [ [ 190.0, 570.0 ], [ 200.0, 570.0 ] ] } },
{ "type": "Feature", "properties": { "type": "road_segment", "direction": "horizontal" }, "geometry": { "type": "LineString", "coordinates": [ [ 200.0, 570.0 ], [ 210.0, 570.0 ] ] } },
{ "type": "Feature", "properties": { "type": "road_segment", "direction": "horizontal" }, "geometry": { "type": "LineString", "coordinates": [ [ 290.0, 570.0 ], [ 300.0, 570.0 ] ] } },
{ "type": "Feature", "properties": { "type": "road_segment", "direction": "horizontal" }, "geometry": { "type": "LineString", "coordinates": [ [ 300.0, 570.0 ], [ 310.0, 570.0 ] ] } },
{ "type": "Feature", "properties": { "type": "road_segment", "direction": "horizontal" }, "geometry": { "type": "LineString", "coordinates": [ [ 290.0, 580.0 ], [ 300.0, 580.0 ] ] } },
{ "type": "Feature", "properties": { "type": "road_segment", "direction": "horizontal" }, "geometry": { "type": "LineString", "coordinates": [ [ 300.0, 580.0 ], [ 310.0, 580.0 ] ] } },
{ "type": "Feature", "properties": { "type": "road_segment", "direction": "horizontal" }, "geometry": { "type": "LineString", "coordinates": [ [ 340.0, 580.0 ], [ 350.0, 580.0 ] ] } },
{ "type": "Feature", "properties": { "type": "road_segment", "direction": "horizontal" }, "geometry": { "type": "LineString", "coordinates": [ [ 350.0, 580.0 ], [ 360.0, 580.0 ] ] } },
{ "type": "Feature", "properties": { "type": "road_segment", "direction": "horizontal" }, "geometry": { "type": "LineString", "coordinates": [ [ 390.0, 580.0 ], [ 400.0, 580.0 ] ] } },
{ "type": "Feature", "properties": { "type": "road_segment", "direction": "horizontal" }, "geometry": { "type": "LineString", "coordinates": [ [ 400.0, 580.0 ], [ 410.0, 580.0 ] ] } },
{ "type": "Feature", "properties": { "type": "road_segment", "direction": "horizontal" }, "geometry": { "type": "LineString", "coordinates": [ [ 460.0, 580.0 ], [ 470.0, 580.0 ] ] } },
{ "type": "Feature", "properties": { "type": "road_segment", "direction": "horizontal" }, "geometry": { "type": "LineString", "coordinates": [ [ 470.0, 580.0 ], [ 480.0, 580.0 ] ] } },
{ "type": "Feature", "properties": { "type": "road_segment", "direction": "horizontal" }, "geometry": { "type": "LineString", "coordinates": [ [ 580.0, 580.0 ], [ 590.0, 580.0 ] ] } },
{ "type": "Feature", "properties": { "type": "road_segment", "direction": "horizontal" }, "geometry": { "type": "LineString", "coordinates": [ [ 110.0, 590.0 ], [ 120.0, 590.0 ] ] } },
{ "type": "Feature", "properties": { "type": "road_segment", "direction": "horizontal" }, "geometry": { "type": "LineString", "coordinates": [ [ 190.0, 590.0 ], [ 200.0, 590.0 ] ] } },
{ "type": "Feature", "properties": { "type": "road_segment", "direction": "horizontal" }, "geometry": { "type": "LineString", "coordinates": [ [ 200.0, 590.0 ], [ 210.0, 590.0 ] ] } },
{ "type": "Feature", "properties": { "type": "road_segment", "direction": "horizontal" }, "geometry": { "type": "LineString", "coordinates": [ [ 290.0, 590.0 ], [ 300.0, 590.0 ] ] } },
{ "type": "Feature", "properties": { "type": "road_segment", "direction": "horizontal" }, "geometry": { "type": "LineString", "coordinates": [ [ 300.0, 590.0 ], [ 310.0, 590.0 ] ] } },
{ "type": "Feature", "properties": { "type": "road_segment", "direction": "horizontal" }, "geometry": { "type": "LineString", "coordinates": [ [ 340.0, 590.0 ], [ 350.0, 590.0 ] ] } },
{ "type": "Feature", "properties": { "type": "road_segment", "direction": "horizontal" }, "geometry": { "type": "LineString", "coordinates": [ [ 350.0, 590.0 ], [ 360.0, 590.0 ] ] } },
{ "type": "Feature", "properties": { "type": "road_segment", "direction": "horizontal" }, "geometry": { "type": "LineString", "coordinates": [ [ 460.0, 590.0 ], [ 470.0, 590.0 ] ] } },
{ "type": "Feature", "properties": { "type": "road_segment", "direction": "horizontal" }, "geometry": { "type": "LineString", "coordinates": [ [ 580.0, 590.0 ], [ 590.0, 590.0 ] ] } },
{ "type": "Feature", "properties": { "type": "road_segment", "direction": "vertical" }, "geometry": { "type": "LineString", "coordinates": [ [ 0.0, 0.0 ], [ 0.0, 10.0 ] ] } },
{ "type": "Feature", "properties": { "type": "road_segment", "direction": "vertical" }, "geometry": { "type": "LineString", "coordinates": [ [ 0.0, 290.0 ], [ 0.0, 300.0 ] ] } },
{ "type": "Feature", "properties": { "type": "road_segment", "direction": "vertical" }, "geometry": { "type": "LineString", "coordinates": [ [ 0.0, 300.0 ], [ 0.0, 310.0 ] ] } },
{ "type": "Feature", "properties": { "type": "road_segment", "direction": "vertical" }, "geometry": { "type": "LineString", "coordinates": [ [ 0.0, 340.0 ], [ 0.0, 350.0 ] ] } },
{ "type": "Feature", "properties": { "type": "road_segment", "direction": "vertical" }, "geometry": { "type": "LineString", "coordinates": [ [ 0.0, 350.0 ], [ 0.0, 360.0 ] ] } },
{ "type": "Feature", "properties": { "type": "road_segment", "direction": "vertical" }, "geometry": { "type": "LineString", "coordinates": [ [ 0.0, 460.0 ], [ 0.0, 470.0 ] ] } },
{ "type": "Feature", "properties": { "type": "road_segment", "direction": "vertical" }, "geometry": { "type": "LineString", "coordinates": [ [ 0.0, 470.0 ], [ 0.0, 480.0 ] ] } },
{ "type": "Feature", "properties": { "type": "road_segment", "direction": "vertical" }, "geometry": { "type": "LineString", "coordinates": [ [ 10.0, 0.0 ], [ 10.0, 10.0 ] ] } },
{ "type": "Feature", "properties": { "type": "road_segment", "direction": "vertical" }, "geometry": { "type": "LineString", "coordinates": [ [ 10.0, 200.0 ], [ 10.0, 210.0 ] ] } },
{ "type": "Feature", "properties": { "type": "road_segment", "direction": "vertical" }, "geometry": { "type": "LineString", "coordinates": [ [ 10.0, 290.0 ], [ 10.0, 300.0 ] ] } },
{ "type": "Feature", "properties": { "type": "road_segment", "direction": "vertical" }, "geometry": { "type": "LineString", "coordinates": [ [ 10.0, 300.0 ], [ 10.0, 310.0 ] ] } },
{ "type": "Feature", "properties": { "type": "road_segment", "direction": "vertical" }, "geometry": { "type": "LineString", "coordinates": [ [ 10.0, 340.0 ], [ 10.0, 350.0 ] ] } },
{ "type": "Feature", "properties": { "type": "road_segment", "direction": "vertical" }, "geometry": { "type": "LineString", "coordinates": [ [ 10.0, 350.0 ], [ 10.0, 360.0 ] ] } },
{ "type": "Feature", "properties": { "type": "road_segment", "direction": "vertical" }, "geometry": { "type": "LineString", "coordinates": [ [ 10.0, 390.0 ], [ 10.0, 400.0 ] ] } },
{ "type": "Feature", "properties": { "type": "road_segment", "direction": "vertical" }, "geometry": { "type": "LineString", "coordinates": [ [ 10.0, 460.0 ], [ 10.0, 470.0 ] ] } },
{ "type": "Feature", "properties": { "type": "road_segment", "direction": "vertical" }, "geometry": { "type": "LineString", "coordinates": [ [ 10.0, 470.0 ], [ 10.0, 480.0 ] ] } },
{ "type": "Feature", "properties": { "type": "road_segment", "direction": "vertical" }, "geometry": { "type": "LineString", "coordinates": [ [ 20.0, 190.0 ], [ 20.0, 200.0 ] ] } },
{ "type": "Feature", "properties": { "type": "road_segment", "direction": "vertical" }, "geometry": { "type": "LineString", "coordinates": [ [ 20.0, 200.0 ], [ 20.0, 210.0 ] ] } },
{ "type": "Feature", "properties": { "type": "road_segment", "direction": "vertical" }, "geometry": { "type": "LineString", "coordinates": [ [ 20.0, 290.0 ], [ 20.0, 300.0 ] ] } },
{ "type": "Feature", "properties": { "type": "road_segment", "direction": "vertical" }, "geometry": { "type": "LineString", "coordinates": [ [ 20.0, 300.0 ], [ 20.0, 310.0 ] ] } },
{ "type": "Feature", "properties": { "type": "road_segment", "direction": "vertical" }, "geometry": { "type": "LineString", "coordinates": [ [ 20.0, 390.0 ], [ 20.0, 400.0 ] ] } },
{ "type": "Feature", "properties": { "type": "road_segment", "direction": "vertical" }, "geometry": { "type": "LineString", "coordinates": [ [ 20.0, 400.0 ], [ 20.0, 410.0 ] ] } },
{ "type": "Feature", "properties": { "type": "road_segment", "direction": "vertical" }, "geometry": { "type": "LineString", "coordinates": [ [ 30.0, 190.0 ], [ 30.0, 200.0 ] ] } },
{ "type": "Feature", "properties": { "type": "road_segment", "direction": "vertical" }, "geometry": { "type": "LineString", "coordinates": [ [ 30.0, 200.0 ], [ 30.0, 210.0 ] ] } },
{ "type": "Feature", "properties": { "type": "road_segment", "direction": "vertical" }, "geometry": { "type": "LineString", "coordinates": [ [ 30.0, 290.0 ], [ 30.0, 300.0 ] ] } },
{ "type": "Feature", "properties": { "type": "road_segment", "direction": "vertical" }, "geometry": { "type": "LineString", "coordinates": [ [ 30.0, 300.0 ], [ 30.0, 310.0 ] ] } },
{ "type": "Feature", "properties": { "type": "road_segment", "direction": "vertical" }, "geometry": { "type": "LineString", "coordinates": [ [ 30.0, 390.0 ], [ 30.0, 400.0 ] ] } },
{ "type": "Feature", "properties": { "type": "road_segment", "direction": "vertical" }, "geometry": { "type": "LineString", "coordinates": [ [ 30.0, 400.0 ], [ 30.0, 410.0 ] ] } },
{ "type": "Feature", "properties": { "type": "road_segment", "direction": "vertical" }, "geometry": { "type": "LineString", "coordinates": [ [ 40.0, 190.0 ], [ 40.0, 200.0 ] ] } },
{ "type": "Feature", "properties": { "type": "road_segment", "direction": "vertical" }, "geometry": { "type": "LineString", "coordinates": [ [ 40.0, 200.0 ], [ 40.0, 210.0 ] ] } },
{ "type": "Feature", "properties": { "type": "road_segment", "direction": "vertical" }, "geometry": { "type": "LineString", "coordinates": [ [ 40.0, 290.0 ], [ 40.0, 300.0 ] ] } },
{ "type": "Feature", "properties": { "type": "road_segment", "direction": "vertical" }, "geometry": { "type": "LineString", "coordinates": [ [ 40.0, 300.0 ], [ 40.0, 310.0 ] ] } },
{ "type": "Feature", "properties": { "type": "road_segment", "direction": "vertical" }, "geometry": { "type": "LineString", "coordinates": [ [ 40.0, 390.0 ], [ 40.0, 400.0 ] ] } },
{ "type": "Feature", "properties": { "type": "road_segment", "direction": "vertical" }, "geometry": { "type": "LineString", "coordinates": [ [ 40.0, 400.0 ], [ 40.0, 410.0 ] ] } },
{ "type": "Feature", "properties": { "type": "road_segment", "direction": "vertical" }, "geometry": { "type": "LineString", "coordinates": [ [ 50.0, 190.0 ], [ 50.0, 200.0 ] ] } },
{ "type": "Feature", "properties": { "type": "road_segment", "direction": "vertical" }, "geometry": { "type": "LineString", "coordinates": [ [ 50.0, 200.0 ], [ 50.0, 210.0 ] ] } },
{ "type": "Feature", "properties": { "type": "road_segment", "direction": "vertical" }, "geometry": { "type": "LineString", "coordinates": [ [ 50.0, 290.0 ], [ 50.0, 300.0 ] ] } },
{ "type": "Feature", "properties": { "type": "road_segment", "direction": "vertical" }, "geometry": { "type": "LineString", "coordinates": [ [ 50.0, 300.0 ], [ 50.0, 310.0 ] ] } },
{ "type": "Feature", "properties": { "type": "road_segment", "direction": "vertical" }, "geometry": { "type": "LineString", "coordinates": [ [ 50.0, 390.0 ], [ 50.0, 400.0 ] ] } },
{ "type": "Feature", "properties": { "type": "road_segment", "direction": "vertical" }, "geometry": { "type": "LineString", "coordinates": [ [ 50.0, 400.0 ], [ 50.0, 410.0 ] ] } },
{ "type": "Feature", "properties": { "type": "road_segment", "direction": "vertical" }, "geometry": { "type": "LineString", "coordinates": [ [ 60.0, 190.0 ], [ 60.0, 200.0 ] ] } },
{ "type": "Feature", "properties": { "type": "road_segment", "direction": "vertical" }, "geometry": { "type": "LineString", "coordinates": [ [ 60.0, 200.0 ], [ 60.0, 210.0 ] ] } },
{ "type": "Feature", "properties": { "type": "road_segment", "direction": "vertical" }, "geometry": { "type": "LineString", "coordinates": [ [ 60.0, 290.0 ], [ 60.0, 300.0 ] ] } },
{ "type": "Feature", "properties": { "type": "road_segment", "direction": "vertical" }, "geometry": { "type": "LineString", "coordinates": [ [ 60.0, 300.0 ], [ 60.0, 310.0 ] ] } },
{ "type": "Feature", "properties": { "type": "road_segment", "direction": "vertical" }, "geometry": { "type": "LineString", "coordinates": [ [ 60.0, 390.0 ], [ 60.0, 400.0 ] ] } },
{ "type": "Feature", "properties": { "type": "road_segment", "direction": "vertical" }, "geometry": { "type": "LineString", "coordinates": [ [ 60.0, 400.0 ], [ 60.0, 410.0 ] ] } },
{ "type": "Feature", "properties": { "type": "road_segment", "direction": "vertical" }, "geometry": { "type": "LineString", "coordinates": [ [ 70.0, 190.0 ], [ 70.0, 200.0 ] ] } },
{ "type": "Feature", "properties": { "type": "road_segment", "direction": "vertical" }, "geometry": { "type": "LineString", "coordinates": [ [ 70.0, 200.0 ], [ 70.0, 210.0 ] ] } },
{ "type": "Feature", "properties": { "type": "road_segment", "direction": "vertical" }, "geometry": { "type": "LineString", "coordinates": [ [ 70.0, 290.0 ], [ 70.0, 300.0 ] ] } },
{ "type": "Feature", "properties": { "type": "road_segment", "direction": "vertical" }, "geometry": { "type": "LineString", "coordinates": [ [ 70.0, 300.0 ], [ 70.0, 310.0 ] ] } },
{ "type": "Feature", "properties": { "type": "road_segment", "direction": "vertical" }, "geometry": { "type": "LineString", "coordinates": [ [ 70.0, 390.0 ], [ 70.0, 400.0 ] ] } },
{ "type": "Feature", "properties": { "type": "road_segment", "direction": "vertical" }, "geometry": { "type": "LineString", "coordinates": [ [ 70.0, 400.0 ], [ 70.0, 410.0 ] ] } },
{ "type": "Feature", "properties": { "type": "road_segment", "direction": "vertical" }, "geometry": { "type": "LineString", "coordinates": [ [ 80.0, 190.0 ], [ 80.0, 200.0 ] ] } },
{ "type": "Feature", "properties": { "type": "road_segment", "direction": "vertical" }, "geometry": { "type": "LineString", "coordinates": [ [ 80.0, 200.0 ], [ 80.0, 210.0 ] ] } },
{ "type": "Feature", "properties": { "type": "road_segment", "direction": "vertical" }, "geometry": { "type": "LineString", "coordinates": [ [ 80.0, 290.0 ], [ 80.0, 300.0 ] ] } },
{ "type": "Feature", "properties": { "type": "road_segment", "direction": "vertical" }, "geometry": { "type": "LineString", "coordinates": [ [ 80.0, 300.0 ], [ 80.0, 310.0 ] ] } },
{ "type": "Feature", "properties": { "type": "road_segment", "direction": "vertical" }, "geometry": { "type": "LineString", "coordinates": [ [ 80.0, 390.0 ], [ 80.0, 400.0 ] ] } },
{ "type": "Feature", "properties": { "type": "road_segment", "direction": "vertical" }, "geometry": { "type": "LineString", "coordinates": [ [ 80.0, 400.0 ], [ 80.0, 410.0 ] ] } },
{ "type": "Feature", "properties": { "type": "road_segment", "direction": "vertical" }, "geometry": { "type": "LineString", "coordinates": [ [ 90.0, 190.0 ], [ 90.0, 200.0 ] ] } },
{ "type": "Feature", "properties": { "type": "road_segment", "direction": "vertical" }, "geometry": { "type": "LineString", "coordinates": [ [ 90.0, 200.0 ], [ 90.0, 210.0 ] ] } },
{ "type": "Feature", "properties": { "type": "road_segment", "direction": "vertical" }, "geometry": { "type": "LineString", "coordinates": [ [ 90.0, 290.0 ], [ 90.0, 300.0 ] ] } },
{ "type": "Feature", "properties": { "type": "road_segment", "direction": "vertical" }, "geometry": { "type": "LineString", "coordinates": [ [ 90.0, 300.0 ], [ 90.0, 310.0 ] ] } },
{ "type": "Feature", "properties": { "type": "road_segment", "direction": "vertical" }, "geometry": { "type": "LineString", "coordinates": [ [ 90.0, 390.0 ], [ 90.0, 400.0 ] ] } },
{ "type": "Feature", "properties": { "type": "road_segment", "direction": "vertical" }, "geometry": { "type": "LineString", "coordinates": [ [ 90.0, 400.0 ], [ 90.0, 410.0 ] ] } },
{ "type": "Feature", "properties": { "type": "road_segment", "direction": "vertical" }, "geometry": { "type": "LineString", "coordinates": [ [ 100.0, 100.0 ], [ 100.0, 110.0 ] ] } },
{ "type": "Feature", "properties": { "type": "road_segment", "direction": "vertical" }, "geometry": { "type": "LineString", "coordinates": [ [ 100.0, 110.0 ], [ 100.0, 120.0 ] ] } },
{ "type": "Feature", "properties": { "type": "road_segment", "direction": "vertical" }, "geometry": { "type": "LineString", "coordinates": [ [ 100.0, 190.0 ], [ 100.0, 200.0 ] ] } },
{ "type": "Feature", "properties": { "type": "road_segment", "direction": "vertical" }, "geometry": { "type": "LineString", "coordinates": [ [ 100.0, 200.0 ], [ 100.0, 210.0 ] ] } },
{ "type": "Feature", "properties": { "type": "road_segment", "direction": "vertical" }, "geometry": { "type": "LineString", "coordinates": [ [ 100.0, 210.0 ], [ 100.0, 220.0 ] ] } },
{ "type": "Feature", "properties": { "type": "road_segment", "direction": "vertical" }, "geometry": { "type": "LineString", "coordinates": [ [ 100.0, 220.0 ], [ 100.0, 230.0 ] ] } },
{ "type": "Feature", "properties": { "type": "road_segment", "direction": "vertical" }, "geometry": { "type": "LineString", "coordinates": [ [ 100.0, 230.0 ], [ 100.0, 240.0 ] ] } },
{ "type": "Feature", "properties": { "type": "road_segment", "direction": "vertical" }, "geometry": { "type": "LineString", "coordinates": [ [ 100.0, 290.0 ], [ 100.0, 300.0 ] ] } },
{ "type": "Feature", "properties": { "type": "road_segment", "direction": "vertical" }, "geometry": { "type": "LineString", "coordinates": [ [ 100.0, 300.0 ], [ 100.0, 310.0 ] ] } },
{ "type": "Feature", "properties": { "type": "road_segment", "direction": "vertical" }, "geometry": { "type": "LineString", "coordinates": [ [ 100.0, 340.0 ], [ 100.0, 350.0 ] ] } },
{ "type": "Feature", "properties": { "type": "road_segment", "direction": "vertical" }, "geometry": { "type": "LineString", "coordinates": [ [ 100.0, 350.0 ], [ 100.0, 360.0 ] ] } },
{ "type": "Feature", "properties": { "type": "road_segment", "direction": "vertical" }, "geometry": { "type": "LineString", "coordinates": [ [ 100.0, 390.0 ], [ 100.0, 400.0 ] ] } },
{ "type": "Feature", "properties": { "type": "road_segment", "direction": "vertical" }, "geometry": { "type": "LineString", "coordinates": [ [ 100.0, 400.0 ], [ 100.0, 410.0 ] ] } },
{ "type": "Feature", "properties": { "type": "road_segment", "direction": "vertical" }, "geometry": { "type": "LineString", "coordinates": [ [ 100.0, 460.0 ], [ 100.0, 470.0 ] ] } },
{ "type": "Feature", "properties": { "type": "road_segment", "direction": "vertical" }, "geometry": { "type": "LineString", "coordinates": [ [ 100.0, 470.0 ], [ 100.0, 480.0 ] ] } },
{ "type": "Feature", "properties": { "type": "road_segment", "direction": "vertical" }, "geometry": { "type": "LineString", "coordinates": [ [ 100.0, 480.0 ], [ 100.0, 490.0 ] ] } },
{ "type": "Feature", "properties": { "type": "road_segment", "direction": "vertical" }, "geometry": { "type": "LineString", "coordinates": [ [ 100.0, 490.0 ], [ 100.0, 500.0 ] ] } },
{ "type": "Feature", "properties": { "type": "road_segment", "direction": "vertical" }, "geometry": { "type": "LineString", "coordinates": [ [ 100.0, 500.0 ], [ 100.0, 510.0 ] ] } },
{ "type": "Feature", "properties": { "type": "road_segment", "direction": "vertical" }, "geometry": { "type": "LineString", "coordinates": [ [ 110.0, 100.0 ], [ 110.0, 110.0 ] ] } },
{ "type": "Feature", "properties": { "type": "road_segment", "direction": "vertical" }, "geometry": { "type": "LineString", "coordinates": [ [ 110.0, 110.0 ], [ 110.0, 120.0 ] ] } },
{ "type": "Feature", "properties": { "type": "road_segment", "direction": "vertical" }, "geometry": { "type": "LineString", "coordinates": [ [ 110.0, 190.0 ], [ 110.0, 200.0 ] ] } },
{ "type": "Feature", "properties": { "type": "road_segment", "direction": "vertical" }, "geometry": { "type": "LineString", "coordinates": [ [ 110.0, 200.0 ], [ 110.0, 210.0 ] ] } },
{ "type": "Feature", "properties": { "type": "road_segment", "direction": "vertical" }, "geometry": { "type": "LineString", "coordinates": [ [ 110.0, 210.0 ], [ 110.0, 220.0 ] ] } },
{ "type": "Feature", "properties": { "type": "road_segment", "direction": "vertical" }, "geometry": { "type": "LineString", "coordinates": [ [ 110.0, 220.0 ], [ 110.0, 230.0 ] ] } },
{ "type": "Feature", "properties": { "type": "road_segment", "direction": "vertical" }, "geometry": { "type": "LineString", "coordinates": [ [ 110.0, 230.0 ], [ 110.0, 240.0 ] ] } },
{ "type": "Feature", "properties": { "type": "road_segment", "direction": "vertical" }, "geometry": { "type": "LineString", "coordinates": [ [ 110.0, 290.0 ], [ 110.0, 300.0 ] ] } },
{ "type": "Feature", "properties": { "type": "road_segment", "direction": "vertical" }, "geometry": { "type": "LineString", "coordinates": [ [ 110.0, 300.0 ], [ 110.0, 310.0 ] ] } },
{ "type": "Feature", "properties": { "type": "road_segment", "direction": "vertical" }, "geometry": { "type": "LineString", "coordinates": [ [ 110.0, 340.0 ], [ 110.0, 350.0 ] ] } },
{ "type": "Feature", "properties": { "type": "road_segment", "direction": "vertical" }, "geometry": { "type": "LineString", "coordinates": [ [ 110.0, 350.0 ], [ 110.0, 360.0 ] ] } },
{ "type": "Feature", "properties": { "type": "road_segment", "direction": "vertical" }, "geometry": { "type": "LineString", "coordinates": [ [ 110.0, 390.0 ], [ 110.0, 400.0 ] ] } },
{ "type": "Feature", "properties": { "type": "road_segment", "direction": "vertical" }, "geometry": { "type": "LineString", "coordinates": [ [ 110.0, 400.0 ], [ 110.0, 410.0 ] ] } },
{ "type": "Feature", "properties": { "type": "road_segment", "direction": "vertical" }, "geometry": { "type": "LineString", "coordinates": [ [ 110.0, 460.0 ], [ 110.0, 470.0 ] ] } },
{ "type": "Feature", "properties": { "type": "road_segment", "direction": "vertical" }, "geometry": { "type": "LineString", "coordinates": [ [ 110.0, 470.0 ], [ 110.0, 480.0 ] ] } },
{ "type": "Feature", "properties": { "type": "road_segment", "direction": "vertical" }, "geometry": { "type": "LineString", "coordinates": [ [ 120.0, 100.0 ], [ 120.0, 110.0 ] ] } },
{ "type": "Feature", "properties": { "type": "road_segment", "direction": "vertical" }, "geometry": { "type": "LineString", "coordinates": [ [ 120.0, 110.0 ], [ 120.0, 120.0 ] ] } },
{ "type": "Feature", "properties": { "type": "road_segment", "direction": "vertical" }, "geometry": { "type": "LineString", "coordinates": [ [ 120.0, 190.0 ], [ 120.0, 200.0 ] ] } },
{ "type": "Feature", "properties": { "type": "road_segment", "direction": "vertical" }, "geometry": { "type": "LineString", "coordinates": [ [ 120.0, 200.0 ], [ 120.0, 210.0 ] ] } },
{ "type": "Feature", "properties": { "type": "road_segment", "direction": "vertical" }, "geometry": { "type": "LineString", "coordinates": [ [ 120.0, 210.0 ], [ 120.0, 220.0 ] ] } },
{ "type": "Feature", "properties": { "type": "road_segment", "direction": "vertical" }, "geometry": { "type": "LineString", "coordinates": [ [ 120.0, 220.0 ], [ 120.0, 230.0 ] ] } },
{ "type": "Feature", "properties": { "type": "road_segment", "direction": "vertical" }, "geometry": { "type": "LineString", "coordinates": [ [ 120.0, 230.0 ], [ 120.0, 240.0 ] ] } },
{ "type": "Feature", "properties": { "type": "road_segment", "direction": "vertical" }, "geometry": { "type": "LineString", "coordinates": [ [ 120.0, 290.0 ], [ 120.0, 300.0 ] ] } },
{ "type": "Feature", "properties": { "type": "road_segment", "direction": "vertical" }, "geometry": { "type": "LineString", "coordinates": [ [ 120.0, 300.0 ], [ 120.0, 310.0 ] ] } },
{ "type": "Feature", "properties": { "type": "road_segment", "direction": "vertical" }, "geometry": { "type": "LineString", "coordinates": [ [ 120.0, 340.0 ], [ 120.0, 350.0 ] ] } },
{ "type": "Feature", "properties": { "type": "road_segment", "direction": "vertical" }, "geometry": { "type": "LineString", "coordinates": [ [ 120.0, 350.0 ], [ 120.0, 360.0 ] ] } },
{ "type": "Feature", "properties": { "type": "road_segment", "direction": "vertical" }, "geometry": { "type": "LineString", "coordinates": [ [ 120.0, 390.0 ], [ 120.0, 400.0 ] ] } },
{ "type": "Feature", "properties": { "type": "road_segment", "direction": "vertical" }, "geometry": { "type": "LineString", "coordinates": [ [ 120.0, 400.0 ], [ 120.0, 410.0 ] ] } },
{ "type": "Feature", "properties": { "type": "road_segment", "direction": "vertical" }, "geometry": { "type": "LineString", "coordinates": [ [ 120.0, 460.0 ], [ 120.0, 470.0 ] ] } },
{ "type": "Feature", "properties": { "type": "road_segment", "direction": "vertical" }, "geometry": { "type": "LineString", "coordinates": [ [ 120.0, 470.0 ], [ 120.0, 480.0 ] ] } },
{ "type": "Feature", "properties": { "type": "road_segment", "direction": "vertical" }, "geometry": { "type": "LineString", "coordinates": [ [ 120.0, 580.0 ], [ 120.0, 590.0 ] ] } },
{ "type": "Feature", "properties": { "type": "road_segment", "direction": "vertical" }, "geometry": { "type": "LineString", "coordinates": [ [ 130.0, 190.0 ], [ 130.0, 200.0 ] ] } },
{ "type": "Feature", "properties": { "type": "road_segment", "direction": "vertical" }, "geometry": { "type": "LineString", "coordinates": [ [ 130.0, 200.0 ], [ 130.0, 210.0 ] ] } },
{ "type": "Feature", "properties": { "type": "road_segment", "direction": "vertical" }, "geometry": { "type": "LineString", "coordinates": [ [ 130.0, 290.0 ], [ 130.0, 300.0 ] ] } },
{ "type": "Feature", "properties": { "type": "road_segment", "direction": "vertical" }, "geometry": { "type": "LineString", "coordinates": [ [ 130.0, 300.0 ], [ 130.0, 310.0 ] ] } },
{ "type": "Feature", "properties": { "type": "road_segment", "direction": "vertical" }, "geometry": { "type": "LineString", "coordinates": [ [ 130.0, 390.0 ], [ 130.0, 400.0 ] ] } },
{ "type": "Feature", "properties": { "type": "road_segment", "direction": "vertical" }, "geometry": { "type": "LineString", "coordinates": [ [ 130.0, 400.0 ], [ 130.0, 410.0 ] ] } },
{ "type": "Feature", "properties": { "type": "road_segment", "direction": "vertical" }, "geometry": { "type": "LineString", "coordinates": [ [ 140.0, 190.0 ], [ 140.0, 200.0 ] ] } },
{ "type": "Feature", "properties": { "type": "road_segment", "direction": "vertical" }, "geometry": { "type": "LineString", "coordinates": [ [ 140.0, 200.0 ], [ 140.0, 210.0 ] ] } },
{ "type": "Feature", "properties": { "type": "road_segment", "direction": "vertical" }, "geometry": { "type": "LineString", "coordinates": [ [ 140.0, 290.0 ], [ 140.0, 300.0 ] ] } },
{ "type": "Feature", "properties": { "type": "road_segment", "direction": "vertical" }, "geometry": { "type": "LineString", "coordinates": [ [ 140.0, 300.0 ], [ 140.0, 310.0 ] ] } },
{ "type": "Feature", "properties": { "type": "road_segment", "direction": "vertical" }, "geometry": { "type": "LineString", "coordinates": [ [ 140.0, 390.0 ], [ 140.0, 400.0 ] ] } },
{ "type": "Feature", "properties": { "type": "road_segment", "direction": "vertical" }, "geometry": { "type": "LineString", "coordinates": [ [ 140.0, 400.0 ], [ 140.0, 410.0 ] ] } },
{ "type": "Feature", "properties": { "type": "road_segment", "direction": "vertical" }, "geometry": { "type": "LineString", "coordinates": [ [ 150.0, 190.0 ], [ 150.0, 200.0 ] ] } },
{ "type": "Feature", "properties": { "type": "road_segment", "direction": "vertical" }, "geometry": { "type": "LineString", "coordinates": [ [ 150.0, 200.0 ], [ 150.0, 210.0 ] ] } },
{ "type": "Feature", "properties": { "type": "road_segment", "direction": "vertical" }, "geometry": { "type": "LineString", "coordinates": [ [ 150.0, 290.0 ], [ 150.0, 300.0 ] ] } },
{ "type": "Feature", "properties": { "type": "road_segment", "direction": "vertical" }, "geometry": { "type": "LineString", "coordinates": [ [ 150.0, 300.0 ], [ 150.0, 310.0 ] ] } },
{ "type": "Feature", "properties": { "type": "road_segment", "direction": "vertical" }, "geometry": { "type": "LineString", "coordinates": [ [ 150.0, 390.0 ], [ 150.0, 400.0 ] ] } },
{ "type": "Feature", "properties": { "type": "road_segment", "direction": "vertical" }, "geometry": { "type": "LineString", "coordinates": [ [ 150.0, 400.0 ], [ 150.0, 410.0 ] ] } },
{ "type": "Feature", "properties": { "type": "road_segment", "direction": "vertical" }, "geometry": { "type": "LineString", "coordinates": [ [ 160.0, 190.0 ], [ 160.0, 200.0 ] ] } },
{ "type": "Feature", "properties": { "type": "road_segment", "direction": "vertical" }, "geometry": { "type": "LineString", "coordinates": [ [ 160.0, 200.0 ], [ 160.0, 210.0 ] ] } },
{ "type": "Feature", "properties": { "type": "road_segment", "direction": "vertical" }, "geometry": { "type": "LineString", "coordinates": [ [ 160.0, 290.0 ], [ 160.0, 300.0 ] ] } },
{ "type": "Feature", "properties": { "type": "road_segment", "direction": "vertical" }, "geometry": { "type": "LineString", "coordinates": [ [ 160.0, 300.0 ], [ 160.0, 310.0 ] ] } },
{ "type": "Feature", "properties": { "type": "road_segment", "direction": "vertical" }, "geometry": { "type": "LineString", "coordinates": [ [ 160.0, 390.0 ], [ 160.0, 400.0 ] ] } },
{ "type": "Feature", "properties": { "type": "road_segment", "direction": "vertical" }, "geometry": { "type": "LineString", "coordinates": [ [ 160.0, 400.0 ], [ 160.0, 410.0 ] ] } },
{ "type": "Feature", "properties": { "type": "road_segment", "direction": "vertical" }, "geometry": { "type": "LineString", "coordinates": [ [ 170.0, 190.0 ], [ 170.0, 200.0 ] ] } },
{ "type": "Feature", "properties": { "type": "road_segment", "direction": "vertical" }, "geometry": { "type": "LineString", "coordinates": [ [ 170.0, 200.0 ], [ 170.0, 210.0 ] ] } },
{ "type": "Feature", "properties": { "type": "road_segment", "direction": "vertical" }, "geometry": { "type": "LineString", "coordinates": [ [ 170.0, 290.0 ], [ 170.0, 300.0 ] ] } },
{ "type": "Feature", "properties": { "type": "road_segment", "direction": "vertical" }, "geometry": { "type": "LineString", "coordinates": [ [ 170.0, 300.0 ], [ 170.0, 310.0 ] ] } },
{ "type": "Feature", "properties": { "type": "road_segment", "direction": "vertical" }, "geometry": { "type": "LineString", "coordinates": [ [ 170.0, 390.0 ], [ 170.0, 400.0 ] ] } },
{ "type": "Feature", "properties": { "type": "road_segment", "direction": "vertical" }, "geometry": { "type": "LineString", "coordinates": [ [ 170.0, 400.0 ], [ 170.0, 410.0 ] ] } },
{ "type": "Feature", "properties": { "type": "road_segment", "direction": "vertical" }, "geometry": { "type": "LineString", "coordinates": [ [ 180.0, 190.0 ], [ 180.0, 200.0 ] ] } },
{ "type": "Feature", "properties": { "type": "road_segment", "direction": "vertical" }, "geometry": { "type": "LineString", "coordinates": [ [ 180.0, 200.0 ], [ 180.0, 210.0 ] ] } },
{ "type": "Feature", "properties": { "type": "road_segment", "direction": "vertical" }, "geometry": { "type": "LineString", "coordinates": [ [ 180.0, 290.0 ], [ 180.0, 300.0 ] ] } },
{ "type": "Feature", "properties": { "type": "road_segment", "direction": "vertical" }, "geometry": { "type": "LineString", "coordinates": [ [ 180.0, 300.0 ], [ 180.0, 310.0 ] ] } },
{ "type": "Feature", "properties": { "type": "road_segment", "direction": "vertical" }, "geometry": { "type": "LineString", "coordinates": [ [ 180.0, 390.0 ], [ 180.0, 400.0 ] ] } },
{ "type": "Feature", "properties": { "type": "road_segment", "direction": "vertical" }, "geometry": { "type": "LineString", "coordinates": [ [ 180.0, 400.0 ], [ 180.0, 410.0 ] ] } },
{ "type": "Feature", "properties": { "type": "road_segment", "direction": "vertical" }, "geometry": { "type": "LineString", "coordinates": [ [ 190.0, 0.0 ], [ 190.0, 10.0 ] ] } },
{ "type": "Feature", "properties": { "type": "road_segment", "direction": "vertical" }, "geometry": { "type": "LineString", "coordinates": [ [ 190.0, 10.0 ], [ 190.0, 20.0 ] ] } },
{ "type": "Feature", "properties": { "type": "road_segment", "direction": "vertical" }, "geometry": { "type": "LineString", "coordinates": [ [ 190.0, 20.0 ], [ 190.0, 30.0 ] ] } },
{ "type": "Feature", "properties": { "type": "road_segment", "direction": "vertical" }, "geometry": { "type": "LineString", "coordinates": [ [ 190.0, 30.0 ], [ 190.0, 40.0 ] ] } },
{ "type": "Feature", "properties": { "type": "road_segment", "direction": "vertical" }, "geometry": { "type": "LineString", "coordinates": [ [ 190.0, 40.0 ], [ 190.0, 50.0 ] ] } },
{ "type": "Feature", "properties": { "type": "road_segment", "direction": "vertical" }, "geometry": { "type": "LineString", "coordinates": [ [ 190.0, 50.0 ], [ 190.0, 60.0 ] ] } },
{ "type": "Feature", "properties": { "type": "road_segment", "direction": "vertical" }, "geometry": { "type": "LineString", "coordinates": [ [ 190.0, 60.0 ], [ 190.0, 70.0 ] ] } },
{ "type": "Feature", "properties": { "type": "road_segment", "direction": "vertical" }, "geometry": { "type": "LineString", "coordinates": [ [ 190.0, 70.0 ], [ 190.0, 80.0 ] ] } },
{ "type": "Feature", "properties": { "type": "road_segment", "direction": "vertical" }, "geometry": { "type": "LineString", "coordinates": [ [ 190.0, 80.0 ], [ 190.0, 90.0 ] ] } },
{ "type": "Feature", "properties": { "type": "road_segment", "direction": "vertical" }, "geometry": { "type": "LineString", "coordinates": [ [ 190.0, 90.0 ], [ 190.0, 100.0 ] ] } },
{ "type": "Feature", "properties": { "type": "road_segment", "direction": "vertical" }, "geometry": { "type": "LineString", "coordinates": [ [ 190.0, 100.0 ], [ 190.0, 110.0 ] ] } },
{ "type": "Feature", "properties": { "type": "road_segment", "direction": "vertical" }, "geometry": { "type": "LineString", "coordinates": [ [ 190.0, 110.0 ], [ 190.0, 120.0 ] ] } },
{ "type": "Feature", "properties": { "type": "road_segment", "direction": "vertical" }, "geometry": { "type": "LineString", "coordinates": [ [ 190.0, 120.0 ], [ 190.0, 130.0 ] ] } },
{ "type": "Feature", "properties": { "type": "road_segment", "direction": "vertical" }, "geometry": { "type": "LineString", "coordinates": [ [ 190.0, 130.0 ], [ 190.0, 140.0 ] ] } },
{ "type": "Feature", "properties": { "type": "road_segment", "direction": "vertical" }, "geometry": { "type": "LineString", "coordinates": [ [ 190.0, 140.0 ], [ 190.0, 150.0 ] ] } },
{ "type": "Feature", "properties": { "type": "road_segment", "direction": "vertical" }, "geometry": { "type": "LineString", "coordinates": [ [ 190.0, 150.0 ], [ 190.0, 160.0 ] ] } },
{ "type": "Feature", "properties": { "type": "road_segment", "direction": "vertical" }, "geometry": { "type": "LineString", "coordinates": [ [ 190.0, 160.0 ], [ 190.0, 170.0 ] ] } },
{ "type": "Feature", "properties": { "type": "road_segment", "direction": "vertical" }, "geometry": { "type": "LineString", "coordinates": [ [ 190.0, 170.0 ], [ 190.0, 180.0 ] ] } },
{ "type": "Feature", "properties": { "type": "road_segment", "direction": "vertical" }, "geometry": { "type": "LineString", "coordinates": [ [ 190.0, 180.0 ], [ 190.0, 190.0 ] ] } },
{ "type": "Feature", "properties": { "type": "road_segment", "direction": "vertical" }, "geometry": { "type": "LineString", "coordinates": [ [ 190.0, 190.0 ], [ 190.0, 200.0 ] ] } },
{ "type": "Feature", "properties": { "type": "road_segment", "direction": "vertical" }, "geometry": { "type": "LineString", "coordinates": [ [ 190.0, 200.0 ], [ 190.0, 210.0 ] ] } },
{ "type": "Feature", "properties": { "type": "road_segment", "direction": "vertical" }, "geometry": { "type": "LineString", "coordinates": [ [ 190.0, 210.0 ], [ 190.0, 220.0 ] ] } },
{ "type": "Feature", "properties": { "type": "road_segment", "direction": "vertical" }, "geometry": { "type": "LineString", "coordinates": [ [ 190.0, 220.0 ], [ 190.0, 230.0 ] ] } },
{ "type": "Feature", "properties": { "type": "road_segment", "direction": "vertical" }, "geometry": { "type": "LineString", "coordinates": [ [ 190.0, 230.0 ], [ 190.0, 240.0 ] ] } },
{ "type": "Feature", "properties": { "type": "road_segment", "direction": "vertical" }, "geometry": { "type": "LineString", "coordinates": [ [ 190.0, 240.0 ], [ 190.0, 250.0 ] ] } },
{ "type": "Feature", "properties": { "type": "road_segment", "direction": "vertical" }, "geometry": { "type": "LineString", "coordinates": [ [ 190.0, 250.0 ], [ 190.0, 260.0 ] ] } },
{ "type": "Feature", "properties": { "type": "road_segment", "direction": "vertical" }, "geometry": { "type": "LineString", "coordinates": [ [ 190.0, 260.0 ], [ 190.0, 270.0 ] ] } },
{ "type": "Feature", "properties": { "type": "road_segment", "direction": "vertical" }, "geometry": { "type": "LineString", "coordinates": [ [ 190.0, 270.0 ], [ 190.0, 280.0 ] ] } },
{ "type": "Feature", "properties": { "type": "road_segment", "direction": "vertical" }, "geometry": { "type": "LineString", "coordinates": [ [ 190.0, 280.0 ], [ 190.0, 290.0 ] ] } },
{ "type": "Feature", "properties": { "type": "road_segment", "direction": "vertical" }, "geometry": { "type": "LineString", "coordinates": [ [ 190.0, 290.0 ], [ 190.0, 300.0 ] ] } },
{ "type": "Feature", "properties": { "type": "road_segment", "direction": "vertical" }, "geometry": { "type": "LineString", "coordinates": [ [ 190.0, 300.0 ], [ 190.0, 310.0 ] ] } },
{ "type": "Feature", "properties": { "type": "road_segment", "direction": "vertical" }, "geometry": { "type": "LineString", "coordinates": [ [ 190.0, 310.0 ], [ 190.0, 320.0 ] ] } },
{ "type": "Feature", "properties": { "type": "road_segment", "direction": "vertical" }, "geometry": { "type": "LineString", "coordinates": [ [ 190.0, 320.0 ], [ 190.0, 330.0 ] ] } },
{ "type": "Feature", "properties": { "type": "road_segment", "direction": "vertical" }, "geometry": { "type": "LineString", "coordinates": [ [ 190.0, 330.0 ], [ 190.0, 340.0 ] ] } },
{ "type": "Feature", "properties": { "type": "road_segment", "direction": "vertical" }, "geometry": { "type": "LineString", "coordinates": [ [ 190.0, 340.0 ], [ 190.0, 350.0 ] ] } },
{ "type": "Feature", "properties": { "type": "road_segment", "direction": "vertical" }, "geometry": { "type": "LineString", "coordinates": [ [ 190.0, 350.0 ], [ 190.0, 360.0 ] ] } },
{ "type": "Feature", "properties": { "type": "road_segment", "direction": "vertical" }, "geometry": { "type": "LineString", "coordinates": [ [ 190.0, 360.0 ], [ 190.0, 370.0 ] ] } },
{ "type": "Feature", "properties": { "type": "road_segment", "direction": "vertical" }, "geometry": { "type": "LineString", "coordinates": [ [ 190.0, 370.0 ], [ 190.0, 380.0 ] ] } },
{ "type": "Feature", "properties": { "type": "road_segment", "direction": "vertical" }, "geometry": { "type": "LineString", "coordinates": [ [ 190.0, 380.0 ], [ 190.0, 390.0 ] ] } },
{ "type": "Feature", "properties": { "type": "road_segment", "direction": "vertical" }, "geometry": { "type": "LineString", "coordinates": [ [ 190.0, 390.0 ], [ 190.0, 400.0 ] ] } },
{ "type": "Feature", "properties": { "type": "road_segment", "direction": "vertical" }, "geometry": { "type": "LineString", "coordinates": [ [ 190.0, 400.0 ], [ 190.0, 410.0 ] ] } },
{ "type": "Feature", "properties": { "type": "road_segment", "direction": "vertical" }, "geometry": { "type": "LineString", "coordinates": [ [ 190.0, 410.0 ], [ 190.0, 420.0 ] ] } },
{ "type": "Feature", "properties": { "type": "road_segment", "direction": "vertical" }, "geometry": { "type": "LineString", "coordinates": [ [ 190.0, 420.0 ], [ 190.0, 430.0 ] ] } },
{ "type": "Feature", "properties": { "type": "road_segment", "direction": "vertical" }, "geometry": { "type": "LineString", "coordinates": [ [ 190.0, 430.0 ], [ 190.0, 440.0 ] ] } },
{ "type": "Feature", "properties": { "type": "road_segment", "direction": "vertical" }, "geometry": { "type": "LineString", "coordinates": [ [ 190.0, 440.0 ], [ 190.0, 450.0 ] ] } },
{ "type": "Feature", "properties": { "type": "road_segment", "direction": "vertical" }, "geometry": { "type": "LineString", "coordinates": [ [ 190.0, 450.0 ], [ 190.0, 460.0 ] ] } },
{ "type": "Feature", "properties": { "type": "road_segment", "direction": "vertical" }, "geometry": { "type": "LineString", "coordinates": [ [ 190.0, 460.0 ], [ 190.0, 470.0 ] ] } },
{ "type": "Feature", "properties": { "type": "road_segment", "direction": "vertical" }, "geometry": { "type": "LineString", "coordinates": [ [ 190.0, 470.0 ], [ 190.0, 480.0 ] ] } },
{ "type": "Feature", "properties": { "type": "road_segment", "direction": "vertical" }, "geometry": { "type": "LineString", "coordinates": [ [ 190.0, 480.0 ], [ 190.0, 490.0 ] ] } },
{ "type": "Feature", "properties": { "type": "road_segment", "direction": "vertical" }, "geometry": { "type": "LineString", "coordinates": [ [ 190.0, 490.0 ], [ 190.0, 500.0 ] ] } },
{ "type": "Feature", "properties": { "type": "road_segment", "direction": "vertical" }, "geometry": { "type": "LineString", "coordinates": [ [ 190.0, 500.0 ], [ 190.0, 510.0 ] ] } },
{ "type": "Feature", "properties": { "type": "road_segment", "direction": "vertical" }, "geometry": { "type": "LineString", "coordinates": [ [ 190.0, 510.0 ], [ 190.0, 520.0 ] ] } },
{ "type": "Feature", "properties": { "type": "road_segment", "direction": "vertical" }, "geometry": { "type": "LineString", "coordinates": [ [ 190.0, 520.0 ], [ 190.0, 530.0 ] ] } },
{ "type": "Feature", "properties": { "type": "road_segment", "direction": "vertical" }, "geometry": { "type": "LineString", "coordinates": [ [ 190.0, 530.0 ], [ 190.0, 540.0 ] ] } },
{ "type": "Feature", "properties": { "type": "road_segment", "direction": "vertical" }, "geometry": { "type": "LineString", "coordinates": [ [ 190.0, 560.0 ], [ 190.0, 570.0 ] ] } },
{ "type": "Feature", "properties": { "type": "road_segment", "direction": "vertical" }, "geometry": { "type": "LineString", "coordinates": [ [ 190.0, 570.0 ], [ 190.0, 580.0 ] ] } },
{ "type": "Feature", "properties": { "type": "road_segment", "direction": "vertical" }, "geometry": { "type": "LineString", "coordinates": [ [ 190.0, 580.0 ], [ 190.0, 590.0 ] ] } },
{ "type": "Feature", "properties": { "type": "road_segment", "direction": "vertical" }, "geometry": { "type": "LineString", "coordinates": [ [ 200.0, 10.0 ], [ 200.0, 20.0 ] ] } },
{ "type": "Feature", "properties": { "type": "road_segment", "direction": "vertical" }, "geometry": { "type": "LineString", "coordinates": [ [ 200.0, 20.0 ], [ 200.0, 30.0 ] ] } },
{ "type": "Feature", "properties": { "type": "road_segment", "direction": "vertical" }, "geometry": { "type": "LineString", "coordinates": [ [ 200.0, 30.0 ], [ 200.0, 40.0 ] ] } },
{ "type": "Feature", "properties": { "type": "road_segment", "direction": "vertical" }, "geometry": { "type": "LineString", "coordinates": [ [ 200.0, 40.0 ], [ 200.0, 50.0 ] ] } },
{ "type": "Feature", "properties": { "type": "road_segment", "direction": "vertical" }, "geometry": { "type": "LineString", "coordinates": [ [ 200.0, 50.0 ], [ 200.0, 60.0 ] ] } },
{ "type": "Feature", "properties": { "type": "road_segment", "direction": "vertical" }, "geometry": { "type": "LineString", "coordinates": [ [ 200.0, 60.0 ], [ 200.0, 70.0 ] ] } },
{ "type": "Feature", "properties": { "type": "road_segment", "direction": "vertical" }, "geometry": { "type": "LineString", "coordinates": [ [ 200.0, 70.0 ], [ 200.0, 80.0 ] ] } },
{ "type": "Feature", "properties": { "type": "road_segment", "direction": "vertical" }, "geometry": { "type": "LineString", "coordinates": [ [ 200.0, 80.0 ], [ 200.0, 90.0 ] ] } },
{ "type": "Feature", "properties": { "type": "road_segment", "direction": "vertical" }, "geometry": { "type": "LineString", "coordinates": [ [ 200.0, 90.0 ], [ 200.0, 100.0 ] ] } },
{ "type": "Feature", "properties": { "type": "road_segment", "direction": "vertical" }, "geometry": { "type": "LineString", "coordinates": [ [ 200.0, 100.0 ], [ 200.0, 110.0 ] ] } },
{ "type": "Feature", "properties": { "type": "road_segment", "direction": "vertical" }, "geometry": { "type": "LineString", "coordinates": [ [ 200.0, 110.0 ], [ 200.0, 120.0 ] ] } },
{ "type": "Feature", "properties": { "type": "road_segment", "direction": "vertical" }, "geometry": { "type": "LineString", "coordinates": [ [ 200.0, 120.0 ], [ 200.0, 130.0 ] ] } },
{ "type": "Feature", "properties": { "type": "road_segment", "direction": "vertical" }, "geometry": { "type": "LineString", "coordinates": [ [ 200.0, 130.0 ], [ 200.0, 140.0 ] ] } },
{ "type": "Feature", "properties": { "type": "road_segment", "direction": "vertical" }, "geometry": { "type": "LineString", "coordinates": [ [ 200.0, 140.0 ], [ 200.0, 150.0 ] ] } },
{ "type": "Feature", "properties": { "type": "road_segment", "direction": "vertical" }, "geometry": { "type": "LineString", "coordinates": [ [ 200.0, 150.0 ], [ 200.0, 160.0 ] ] } },
{ "type": "Feature", "properties": { "type": "road_segment", "direction": "vertical" }, "geometry": { "type": "LineString", "coordinates": [ [ 200.0, 160.0 ], [ 200.0, 170.0 ] ] } },
{ "type": "Feature", "properties": { "type": "road_segment", "direction": "vertical" }, "geometry": { "type": "LineString", "coordinates": [ [ 200.0, 170.0 ], [ 200.0, 180.0 ] ] } },
{ "type": "Feature", "properties": { "type": "road_segment", "direction": "vertical" }, "geometry": { "type": "LineString", "coordinates": [ [ 200.0, 180.0 ], [ 200.0, 190.0 ] ] } },
{ "type": "Feature", "properties": { "type": "road_segment", "direction": "vertical" }, "geometry": { "type": "LineString", "coordinates": [ [ 200.0, 190.0 ], [ 200.0, 200.0 ] ] } },
{ "type": "Feature", "properties": { "type": "road_segment", "direction": "vertical" }, "geometry": { "type": "LineString", "coordinates": [ [ 200.0, 200.0 ], [ 200.0, 210.0 ] ] } },
{ "type": "Feature", "properties": { "type": "road_segment", "direction": "vertical" }, "geometry": { "type": "LineString", "coordinates": [ [ 200.0, 210.0 ], [ 200.0, 220.0 ] ] } },
{ "type": "Feature", "properties": { "type": "road_segment", "direction": "vertical" }, "geometry": { "type": "LineString", "coordinates": [ [ 200.0, 220.0 ], [ 200.0, 230.0 ] ] } },
{ "type": "Feature", "properties": { "type": "road_segment", "direction": "vertical" }, "geometry": { "type": "LineString", "coordinates": [ [ 200.0, 230.0 ], [ 200.0, 240.0 ] ] } },
{ "type": "Feature", "properties": { "type": "road_segment", "direction": "vertical" }, "geometry": { "type": "LineString", "coordinates": [ [ 200.0, 240.0 ], [ 200.0, 250.0 ] ] } },
{ "type": "Feature", "properties": { "type": "road_segment", "direction": "vertical" }, "geometry": { "type": "LineString", "coordinates": [ [ 200.0, 250.0 ], [ 200.0, 260.0 ] ] } },
{ "type": "Feature", "properties": { "type": "road_segment", "direction": "vertical" }, "geometry": { "type": "LineString", "coordinates": [ [ 200.0, 260.0 ], [ 200.0, 270.0 ] ] } },
{ "type": "Feature", "properties": { "type": "road_segment", "direction": "vertical" }, "geometry": { "type": "LineString", "coordinates": [ [ 200.0, 270.0 ], [ 200.0, 280.0 ] ] } },
{ "type": "Feature", "properties": { "type": "road_segment", "direction": "vertical" }, "geometry": { "type": "LineString", "coordinates": [ [ 200.0, 280.0 ], [ 200.0, 290.0 ] ] } },
{ "type": "Feature", "properties": { "type": "road_segment", "direction": "vertical" }, "geometry": { "type": "LineString", "coordinates": [ [ 200.0, 290.0 ], [ 200.0, 300.0 ] ] } },
{ "type": "Feature", "properties": { "type": "road_segment", "direction": "vertical" }, "geometry": { "type": "LineString", "coordinates": [ [ 200.0, 300.0 ], [ 200.0, 310.0 ] ] } },
{ "type": "Feature", "properties": { "type": "road_segment", "direction": "vertical" }, "geometry": { "type": "LineString", "coordinates": [ [ 200.0, 310.0 ], [ 200.0, 320.0 ] ] } },
{ "type": "Feature", "properties": { "type": "road_segment", "direction": "vertical" }, "geometry": { "type": "LineString", "coordinates": [ [ 200.0, 320.0 ], [ 200.0, 330.0 ] ] } },
{ "type": "Feature", "properties": { "type": "road_segment", "direction": "vertical" }, "geometry": { "type": "LineString", "coordinates": [ [ 200.0, 330.0 ], [ 200.0, 340.0 ] ] } },
{ "type": "Feature", "properties": { "type": "road_segment", "direction": "vertical" }, "geometry": { "type": "LineString", "coordinates": [ [ 200.0, 340.0 ], [ 200.0, 350.0 ] ] } },
{ "type": "Feature", "properties": { "type": "road_segment", "direction": "vertical" }, "geometry": { "type": "LineString", "coordinates": [ [ 200.0, 350.0 ], [ 200.0, 360.0 ] ] } },
{ "type": "Feature", "properties": { "type": "road_segment", "direction": "vertical" }, "geometry": { "type": "LineString", "coordinates": [ [ 200.0, 360.0 ], [ 200.0, 370.0 ] ] } },
{ "type": "Feature", "properties": { "type": "road_segment", "direction": "vertical" }, "geometry": { "type": "LineString", "coordinates": [ [ 200.0, 370.0 ], [ 200.0, 380.0 ] ] } },
{ "type": "Feature", "properties": { "type": "road_segment", "direction": "vertical" }, "geometry": { "type": "LineString", "coordinates": [ [ 200.0, 380.0 ], [ 200.0, 390.0 ] ] } },
{ "type": "Feature", "properties": { "type": "road_segment", "direction": "vertical" }, "geometry": { "type": "LineString", "coordinates": [ [ 200.0, 390.0 ], [ 200.0, 400.0 ] ] } },
{ "type": "Feature", "properties": { "type": "road_segment", "direction": "vertical" }, "geometry": { "type": "LineString", "coordinates": [ [ 200.0, 400.0 ], [ 200.0, 410.0 ] ] } },
{ "type": "Feature", "properties": { "type": "road_segment", "direction": "vertical" }, "geometry": { "type": "LineString", "coordinates": [ [ 200.0, 410.0 ], [ 200.0, 420.0 ] ] } },
{ "type": "Feature", "properties": { "type": "road_segment", "direction": "vertical" }, "geometry": { "type": "LineString", "coordinates": [ [ 200.0, 420.0 ], [ 200.0, 430.0 ] ] } },
{ "type": "Feature", "properties": { "type": "road_segment", "direction": "vertical" }, "geometry": { "type": "LineString", "coordinates": [ [ 200.0, 430.0 ], [ 200.0, 440.0 ] ] } },
{ "type": "Feature", "properties": { "type": "road_segment", "direction": "vertical" }, "geometry": { "type": "LineString", "coordinates": [ [ 200.0, 440.0 ], [ 200.0, 450.0 ] ] } },
{ "type": "Feature", "properties": { "type": "road_segment", "direction": "vertical" }, "geometry": { "type": "LineString", "coordinates": [ [ 200.0, 450.0 ], [ 200.0, 460.0 ] ] } },
{ "type": "Feature", "properties": { "type": "road_segment", "direction": "vertical" }, "geometry": { "type": "LineString", "coordinates": [ [ 200.0, 460.0 ], [ 200.0, 470.0 ] ] } },
{ "type": "Feature", "properties": { "type": "road_segment", "direction": "vertical" }, "geometry": { "type": "LineString", "coordinates": [ [ 200.0, 470.0 ], [ 200.0, 480.0 ] ] } },
{ "type": "Feature", "properties": { "type": "road_segment", "direction": "vertical" }, "geometry": { "type": "LineString", "coordinates": [ [ 200.0, 480.0 ], [ 200.0, 490.0 ] ] } },
{ "type": "Feature", "properties": { "type": "road_segment", "direction": "vertical" }, "geometry": { "type": "LineString", "coordinates": [ [ 200.0, 490.0 ], [ 200.0, 500.0 ] ] } },
{ "type": "Feature", "properties": { "type": "road_segment", "direction": "vertical" }, "geometry": { "type": "LineString", "coordinates": [ [ 200.0, 500.0 ], [ 200.0, 510.0 ] ] } },
{ "type": "Feature", "properties": { "type": "road_segment", "direction": "vertical" }, "geometry": { "type": "LineString", "coordinates": [ [ 200.0, 510.0 ], [ 200.0, 520.0 ] ] } },
{ "type": "Feature", "properties": { "type": "road_segment", "direction": "vertical" }, "geometry": { "type": "LineString", "coordinates": [ [ 200.0, 520.0 ], [ 200.0, 530.0 ] ] } },
{ "type": "Feature", "properties": { "type": "road_segment", "direction": "vertical" }, "geometry": { "type": "LineString", "coordinates": [ [ 200.0, 530.0 ], [ 200.0, 540.0 ] ] } },
{ "type": "Feature", "properties": { "type": "road_segment", "direction": "vertical" }, "geometry": { "type": "LineString", "coordinates": [ [ 200.0, 540.0 ], [ 200.0, 550.0 ] ] } },
{ "type": "Feature", "properties": { "type": "road_segment", "direction": "vertical" }, "geometry": { "type": "LineString", "coordinates": [ [ 210.0, 0.0 ], [ 210.0, 10.0 ] ] } },
{ "type": "Feature", "properties": { "type": "road_segment", "direction": "vertical" }, "geometry": { "type": "LineString", "coordinates": [ [ 210.0, 30.0 ], [ 210.0, 40.0 ] ] } },
{ "type": "Feature", "properties": { "type": "road_segment", "direction": "vertical" }, "geometry": { "type": "LineString", "coordinates": [ [ 210.0, 40.0 ], [ 210.0, 50.0 ] ] } },
{ "type": "Feature", "properties": { "type": "road_segment", "direction": "vertical" }, "geometry": { "type": "LineString", "coordinates": [ [ 210.0, 50.0 ], [ 210.0, 60.0 ] ] } },
{ "type": "Feature", "properties": { "type": "road_segment", "direction": "vertical" }, "geometry": { "type": "LineString", "coordinates": [ [ 210.0, 60.0 ], [ 210.0, 70.0 ] ] } },
{ "type": "Feature", "properties": { "type": "road_segment", "direction": "vertical" }, "geometry": { "type": "LineString", "coordinates": [ [ 210.0, 70.0 ], [ 210.0, 80.0 ] ] } },
{ "type": "Feature", "properties": { "type": "road_segment", "direction": "vertical" }, "geometry": { "type": "LineString", "coordinates": [ [ 210.0, 80.0 ], [ 210.0, 90.0 ] ] } },
{ "type": "Feature", "properties": { "type": "road_segment", "direction": "vertical" }, "geometry": { "type": "LineString", "coordinates": [ [ 210.0, 90.0 ], [ 210.0, 100.0 ] ] } },
{ "type": "Feature", "properties": { "type": "road_segment", "direction": "vertical" }, "geometry": { "type": "LineString", "coordinates": [ [ 210.0, 100.0 ], [ 210.0, 110.0 ] ] } },
{ "type": "Feature", "properties": { "type": "road_segment", "direction": "vertical" }, "geometry": { "type": "LineString", "coordinates": [ [ 210.0, 110.0 ], [ 210.0, 120.0 ] ] } },
{ "type": "Feature", "properties": { "type": "road_segment", "direction": "vertical" }, "geometry": { "type": "LineString", "coordinates": [ [ 210.0, 120.0 ], [ 210.0, 130.0 ] ] } },
{ "type": "Feature", "properties": { "type": "road_segment", "direction": "vertical" }, "geometry": { "type": "LineString", "coordinates": [ [ 210.0, 130.0 ], [ 210.0, 140.0 ] ] } },
{ "type": "Feature", "properties": { "type": "road_segment", "direction": "vertical" }, "geometry": { "type": "LineString", "coordinates": [ [ 210.0, 140.0 ], [ 210.0, 150.0 ] ] } },
{ "type": "Feature", "properties": { "type": "road_segment", "direction": "vertical" }, "geometry": { "type": "LineString", "coordinates": [ [ 210.0, 150.0 ], [ 210.0, 160.0 ] ] } },
{ "type": "Feature", "properties": { "type": "road_segment", "direction": "vertical" }, "geometry": { "type": "LineString", "coordinates": [ [ 210.0, 160.0 ], [ 210.0, 170.0 ] ] } },
{ "type": "Feature", "properties": { "type": "road_segment", "direction": "vertical" }, "geometry": { "type": "LineString", "coordinates": [ [ 210.0, 170.0 ], [ 210.0, 180.0 ] ] } },
{ "type": "Feature", "properties": { "type": "road_segment", "direction": "vertical" }, "geometry": { "type": "LineString", "coordinates": [ [ 210.0, 180.0 ], [ 210.0, 190.0 ] ] } },
{ "type": "Feature", "properties": { "type": "road_segment", "direction": "vertical" }, "geometry": { "type": "LineString", "coordinates": [ [ 210.0, 190.0 ], [ 210.0, 200.0 ] ] } },
{ "type": "Feature", "properties": { "type": "road_segment", "direction": "vertical" }, "geometry": { "type": "LineString", "coordinates": [ [ 210.0, 200.0 ], [ 210.0, 210.0 ] ] } },
{ "type": "Feature", "properties": { "type": "road_segment", "direction": "vertical" }, "geometry": { "type": "LineString", "coordinates": [ [ 210.0, 210.0 ], [ 210.0, 220.0 ] ] } },
{ "type": "Feature", "properties": { "type": "road_segment", "direction": "vertical" }, "geometry": { "type": "LineString", "coordinates": [ [ 210.0, 220.0 ], [ 210.0, 230.0 ] ] } },
{ "type": "Feature", "properties": { "type": "road_segment", "direction": "vertical" }, "geometry": { "type": "LineString", "coordinates": [ [ 210.0, 230.0 ], [ 210.0, 240.0 ] ] } },
{ "type": "Feature", "properties": { "type": "road_segment", "direction": "vertical" }, "geometry": { "type": "LineString", "coordinates": [ [ 210.0, 240.0 ], [ 210.0, 250.0 ] ] } },
{ "type": "Feature", "properties": { "type": "road_segment", "direction": "vertical" }, "geometry": { "type": "LineString", "coordinates": [ [ 210.0, 250.0 ], [ 210.0, 260.0 ] ] } },
{ "type": "Feature", "properties": { "type": "road_segment", "direction": "vertical" }, "geometry": { "type": "LineString", "coordinates": [ [ 210.0, 260.0 ], [ 210.0, 270.0 ] ] } },
{ "type": "Feature", "properties": { "type": "road_segment", "direction": "vertical" }, "geometry": { "type": "LineString", "coordinates": [ [ 210.0, 270.0 ], [ 210.0, 280.0 ] ] } },
{ "type": "Feature", "properties": { "type": "road_segment", "direction": "vertical" }, "geometry": { "type": "LineString", "coordinates": [ [ 210.0, 280.0 ], [ 210.0, 290.0 ] ] } },
{ "type": "Feature", "properties": { "type": "road_segment", "direction": "vertical" }, "geometry": { "type": "LineString", "coordinates": [ [ 210.0, 290.0 ], [ 210.0, 300.0 ] ] } },
{ "type": "Feature", "properties": { "type": "road_segment", "direction": "vertical" }, "geometry": { "type": "LineString", "coordinates": [ [ 210.0, 300.0 ], [ 210.0, 310.0 ] ] } },
{ "type": "Feature", "properties": { "type": "road_segment", "direction": "vertical" }, "geometry": { "type": "LineString", "coordinates": [ [ 210.0, 310.0 ], [ 210.0, 320.0 ] ] } },
{ "type": "Feature", "properties": { "type": "road_segment", "direction": "vertical" }, "geometry": { "type": "LineString", "coordinates": [ [ 210.0, 320.0 ], [ 210.0, 330.0 ] ] } },
{ "type": "Feature", "properties": { "type": "road_segment", "direction": "vertical" }, "geometry": { "type": "LineString", "coordinates": [ [ 210.0, 330.0 ], [ 210.0, 340.0 ] ] } },
{ "type": "Feature", "properties": { "type": "road_segment", "direction": "vertical" }, "geometry": { "type": "LineString", "coordinates": [ [ 210.0, 340.0 ], [ 210.0, 350.0 ] ] } },
{ "type": "Feature", "properties": { "type": "road_segment", "direction": "vertical" }, "geometry": { "type": "LineString", "coordinates": [ [ 210.0, 350.0 ], [ 210.0, 360.0 ] ] } },
{ "type": "Feature", "properties": { "type": "road_segment", "direction": "vertical" }, "geometry": { "type": "LineString", "coordinates": [ [ 210.0, 360.0 ], [ 210.0, 370.0 ] ] } },
{ "type": "Feature", "properties": { "type": "road_segment", "direction": "vertical" }, "geometry": { "type": "LineString", "coordinates": [ [ 210.0, 370.0 ], [ 210.0, 380.0 ] ] } },
{ "type": "Feature", "properties": { "type": "road_segment", "direction": "vertical" }, "geometry": { "type": "LineString", "coordinates": [ [ 210.0, 380.0 ], [ 210.0, 390.0 ] ] } },
{ "type": "Feature", "properties": { "type": "road_segment", "direction": "vertical" }, "geometry": { "type": "LineString", "coordinates": [ [ 210.0, 390.0 ], [ 210.0, 400.0 ] ] } },
{ "type": "Feature", "properties": { "type": "road_segment", "direction": "vertical" }, "geometry": { "type": "LineString", "coordinates": [ [ 210.0, 400.0 ], [ 210.0, 410.0 ] ] } },
{ "type": "Feature", "properties": { "type": "road_segment", "direction": "vertical" }, "geometry": { "type": "LineString", "coordinates": [ [ 210.0, 410.0 ], [ 210.0, 420.0 ] ] } },
{ "type": "Feature", "properties": { "type": "road_segment", "direction": "vertical" }, "geometry": { "type": "LineString", "coordinates": [ [ 210.0, 420.0 ], [ 210.0, 430.0 ] ] } },
{ "type": "Feature", "properties": { "type": "road_segment", "direction": "vertical" }, "geometry": { "type": "LineString", "coordinates": [ [ 210.0, 430.0 ], [ 210.0, 440.0 ] ] } },
{ "type": "Feature", "properties": { "type": "road_segment", "direction": "vertical" }, "geometry": { "type": "LineString", "coordinates": [ [ 210.0, 440.0 ], [ 210.0, 450.0 ] ] } },
{ "type": "Feature", "properties": { "type": "road_segment", "direction": "vertical" }, "geometry": { "type": "LineString", "coordinates": [ [ 210.0, 450.0 ], [ 210.0, 460.0 ] ] } },
{ "type": "Feature", "properties": { "type": "road_segment", "direction": "vertical" }, "geometry": { "type": "LineString", "coordinates": [ [ 210.0, 460.0 ], [ 210.0, 470.0 ] ] } },
{ "type": "Feature", "properties": { "type": "road_segment", "direction": "vertical" }, "geometry": { "type": "LineString", "coordinates": [ [ 210.0, 470.0 ], [ 210.0, 480.0 ] ] } },
{ "type": "Feature", "properties": { "type": "road_segment", "direction": "vertical" }, "geometry": { "type": "LineString", "coordinates": [ [ 210.0, 480.0 ], [ 210.0, 490.0 ] ] } },
{ "type": "Feature", "properties": { "type": "road_segment", "direction": "vertical" }, "geometry": { "type": "LineString", "coordinates": [ [ 210.0, 490.0 ], [ 210.0, 500.0 ] ] } },
{ "type": "Feature", "properties": { "type": "road_segment", "direction": "vertical" }, "geometry": { "type": "LineString", "coordinates": [ [ 210.0, 500.0 ], [ 210.0, 510.0 ] ] } },
{ "type": "Feature", "properties": { "type": "road_segment", "direction": "vertical" }, "geometry": { "type": "LineString", "coordinates": [ [ 210.0, 510.0 ], [ 210.0, 520.0 ] ] } },
{ "type": "Feature", "properties": { "type": "road_segment", "direction": "vertical" }, "geometry": { "type": "LineString", "coordinates": [ [ 210.0, 520.0 ], [ 210.0, 530.0 ] ] } },
{ "type": "Feature", "properties": { "type": "road_segment", "direction": "vertical" }, "geometry": { "type": "LineString", "coordinates": [ [ 210.0, 530.0 ], [ 210.0, 540.0 ] ] } },
{ "type": "Feature", "properties": { "type": "road_segment", "direction": "vertical" }, "geometry": { "type": "LineString", "coordinates": [ [ 210.0, 540.0 ], [ 210.0, 550.0 ] ] } },
{ "type": "Feature", "properties": { "type": "road_segment", "direction": "vertical" }, "geometry": { "type": "LineString", "coordinates": [ [ 210.0, 550.0 ], [ 210.0, 560.0 ] ] } },
{ "type": "Feature", "properties": { "type": "road_segment", "direction": "vertical" }, "geometry": { "type": "LineString", "coordinates": [ [ 210.0, 560.0 ], [ 210.0, 570.0 ] ] } },
{ "type": "Feature", "properties": { "type": "road_segment", "direction": "vertical" }, "geometry": { "type": "LineString", "coordinates": [ [ 210.0, 570.0 ], [ 210.0, 580.0 ] ] } },
{ "type": "Feature", "properties": { "type": "road_segment", "direction": "vertical" }, "geometry": { "type": "LineString", "coordinates": [ [ 210.0, 580.0 ], [ 210.0, 590.0 ] ] } },
{ "type": "Feature", "properties": { "type": "road_segment", "direction": "vertical" }, "geometry": { "type": "LineString", "coordinates": [ [ 220.0, 100.0 ], [ 220.0, 110.0 ] ] } },
{ "type": "Feature", "properties": { "type": "road_segment", "direction": "vertical" }, "geometry": { "type": "LineString", "coordinates": [ [ 220.0, 110.0 ], [ 220.0, 120.0 ] ] } },
{ "type": "Feature", "properties": { "type": "road_segment", "direction": "vertical" }, "geometry": { "type": "LineString", "coordinates": [ [ 220.0, 190.0 ], [ 220.0, 200.0 ] ] } },
{ "type": "Feature", "properties": { "type": "road_segment", "direction": "vertical" }, "geometry": { "type": "LineString", "coordinates": [ [ 220.0, 200.0 ], [ 220.0, 210.0 ] ] } },
{ "type": "Feature", "properties": { "type": "road_segment", "direction": "vertical" }, "geometry": { "type": "LineString", "coordinates": [ [ 220.0, 210.0 ], [ 220.0, 220.0 ] ] } },
{ "type": "Feature", "properties": { "type": "road_segment", "direction": "vertical" }, "geometry": { "type": "LineString", "coordinates": [ [ 220.0, 220.0 ], [ 220.0, 230.0 ] ] } },
{ "type": "Feature", "properties": { "type": "road_segment", "direction": "vertical" }, "geometry": { "type": "LineString", "coordinates": [ [ 220.0, 230.0 ], [ 220.0, 240.0 ] ] } },
{ "type": "Feature", "properties": { "type": "road_segment", "direction": "vertical" }, "geometry": { "type": "LineString", "coordinates": [ [ 220.0, 290.0 ], [ 220.0, 300.0 ] ] } },
{ "type": "Feature", "properties": { "type": "road_segment", "direction": "vertical" }, "geometry": { "type": "LineString", "coordinates": [ [ 220.0, 300.0 ], [ 220.0, 310.0 ] ] } },
{ "type": "Feature", "properties": { "type": "road_segment", "direction": "vertical" }, "geometry": { "type": "LineString", "coordinates": [ [ 220.0, 340.0 ], [ 220.0, 350.0 ] ] } },
{ "type": "Feature", "properties": { "type": "road_segment", "direction": "vertical" }, "geometry": { "type": "LineString", "coordinates": [ [ 220.0, 350.0 ], [ 220.0, 360.0 ] ] } },
{ "type": "Feature", "properties": { "type": "road_segment", "direction": "vertical" }, "geometry": { "type": "LineString", "coordinates": [ [ 220.0, 390.0 ], [ 220.0, 400.0 ] ] } },
{ "type": "Feature", "properties": { "type": "road_segment", "direction": "vertical" }, "geometry": { "type": "LineString", "coordinates": [ [ 220.0, 400.0 ], [ 220.0, 410.0 ] ] } },
{ "type": "Feature", "properties": { "type": "road_segment", "direction": "vertical" }, "geometry": { "type": "LineString", "coordinates": [ [ 220.0, 460.0 ], [ 220.0, 470.0 ] ] } },
{ "type": "Feature", "properties": { "type": "road_segment", "direction": "vertical" }, "geometry": { "type": "LineString", "coordinates": [ [ 220.0, 470.0 ], [ 220.0, 480.0 ] ] } },
{ "type": "Feature", "properties": { "type": "road_segment", "direction": "vertical" }, "geometry": { "type": "LineString", "coordinates": [ [ 230.0, 0.0 ], [ 230.0, 10.0 ] ] } },
{ "type": "Feature", "properties": { "type": "road_segment", "direction": "vertical" }, "geometry": { "type": "LineString", "coordinates": [ [ 230.0, 100.0 ], [ 230.0, 110.0 ] ] } },
{ "type": "Feature", "properties": { "type": "road_segment", "direction": "vertical" }, "geometry": { "type": "LineString", "coordinates": [ [ 230.0, 110.0 ], [ 230.0, 120.0 ] ] } },
{ "type": "Feature", "properties": { "type": "road_segment", "direction": "vertical" }, "geometry": { "type": "LineString", "coordinates": [ [ 230.0, 190.0 ], [ 230.0, 200.0 ] ] } },
{ "type": "Feature", "properties": { "type": "road_segment", "direction": "vertical" }, "geometry": { "type": "LineString", "coordinates": [ [ 230.0, 200.0 ], [ 230.0, 210.0 ] ] } },
{ "type": "Feature", "properties": { "type": "road_segment", "direction": "vertical" }, "geometry": { "type": "LineString", "coordinates": [ [ 230.0, 210.0 ], [ 230.0, 220.0 ] ] } },
{ "type": "Feature", "properties": { "type": "road_segment", "direction": "vertical" }, "geometry": { "type": "LineString", "coordinates": [ [ 230.0, 220.0 ], [ 230.0, 230.0 ] ] } },
{ "type": "Feature", "properties": { "type": "road_segment", "direction": "vertical" }, "geometry": { "type": "LineString", "coordinates": [ [ 230.0, 230.0 ], [ 230.0, 240.0 ] ] } },
{ "type": "Feature", "properties": { "type": "road_segment", "direction": "vertical" }, "geometry": { "type": "LineString", "coordinates": [ [ 230.0, 290.0 ], [ 230.0, 300.0 ] ] } },
{ "type": "Feature", "properties": { "type": "road_segment", "direction": "vertical" }, "geometry": { "type": "LineString", "coordinates": [ [ 230.0, 300.0 ], [ 230.0, 310.0 ] ] } },
{ "type": "Feature", "properties": { "type": "road_segment", "direction": "vertical" }, "geometry": { "type": "LineString", "coordinates": [ [ 230.0, 340.0 ], [ 230.0, 350.0 ] ] } },
{ "type": "Feature", "properties": { "type": "road_segment", "direction": "vertical" }, "geometry": { "type": "LineString", "coordinates": [ [ 230.0, 350.0 ], [ 230.0, 360.0 ] ] } },
{ "type": "Feature", "properties": { "type": "road_segment", "direction": "vertical" }, "geometry": { "type": "LineString", "coordinates": [ [ 230.0, 390.0 ], [ 230.0, 400.0 ] ] } },
{ "type": "Feature", "properties": { "type": "road_segment", "direction": "vertical" }, "geometry": { "type": "LineString", "coordinates": [ [ 230.0, 400.0 ], [ 230.0, 410.0 ] ] } },
{ "type": "Feature", "properties": { "type": "road_segment", "direction": "vertical" }, "geometry": { "type": "LineString", "coordinates": [ [ 230.0, 460.0 ], [ 230.0, 470.0 ] ] } },
{ "type": "Feature", "properties": { "type": "road_segment", "direction": "vertical" }, "geometry": { "type": "LineString", "coordinates": [ [ 230.0, 470.0 ], [ 230.0, 480.0 ] ] } },
{ "type": "Feature", "properties": { "type": "road_segment", "direction": "vertical" }, "geometry": { "type": "LineString", "coordinates": [ [ 240.0, 0.0 ], [ 240.0, 10.0 ] ] } },
{ "type": "Feature", "properties": { "type": "road_segment", "direction": "vertical" }, "geometry": { "type": "LineString", "coordinates": [ [ 240.0, 100.0 ], [ 240.0, 110.0 ] ] } },
{ "type": "Feature", "properties": { "type": "road_segment", "direction": "vertical" }, "geometry": { "type": "LineString", "coordinates": [ [ 240.0, 110.0 ], [ 240.0, 120.0 ] ] } },
{ "type": "Feature", "properties": { "type": "road_segment", "direction": "vertical" }, "geometry": { "type": "LineString", "coordinates": [ [ 240.0, 190.0 ], [ 240.0, 200.0 ] ] } },
{ "type": "Feature", "properties": { "type": "road_segment", "direction": "vertical" }, "geometry": { "type": "LineString", "coordinates": [ [ 240.0, 200.0 ], [ 240.0, 210.0 ] ] } },
{ "type": "Feature", "properties": { "type": "road_segment", "direction": "vertical" }, "geometry": { "type": "LineString", "coordinates": [ [ 240.0, 210.0 ], [ 240.0, 220.0 ] ] } },
{ "type": "Feature", "properties": { "type": "road_segment", "direction": "vertical" }, "geometry": { "type": "LineString", "coordinates": [ [ 240.0, 220.0 ], [ 240.0, 230.0 ] ] } },
{ "type": "Feature", "properties": { "type": "road_segment", "direction": "vertical" }, "geometry": { "type": "LineString", "coordinates": [ [ 240.0, 230.0 ], [ 240.0, 240.0 ] ] } },
{ "type": "Feature", "properties": { "type": "road_segment", "direction": "vertical" }, "geometry": { "type": "LineString", "coordinates": [ [ 240.0, 290.0 ], [ 240.0, 300.0 ] ] } },
{ "type": "Feature", "properties": { "type": "road_segment", "direction": "vertical" }, "geometry": { "type": "LineString", "coordinates": [ [ 240.0, 300.0 ], [ 240.0, 310.0 ] ] } },
{ "type": "Feature", "properties": { "type": "road_segment", "direction": "vertical" }, "geometry": { "type": "LineString", "coordinates": [ [ 240.0, 340.0 ], [ 240.0, 350.0 ] ] } },
{ "type": "Feature", "properties": { "type": "road_segment", "direction": "vertical" }, "geometry": { "type": "LineString", "coordinates": [ [ 240.0, 350.0 ], [ 240.0, 360.0 ] ] } },
{ "type": "Feature", "properties": { "type": "road_segment", "direction": "vertical" }, "geometry": { "type": "LineString", "coordinates": [ [ 240.0, 390.0 ], [ 240.0, 400.0 ] ] } },
{ "type": "Feature", "properties": { "type": "road_segment", "direction": "vertical" }, "geometry": { "type": "LineString", "coordinates": [ [ 240.0, 400.0 ], [ 240.0, 410.0 ] ] } },
{ "type": "Feature", "properties": { "type": "road_segment", "direction": "vertical" }, "geometry": { "type": "LineString", "coordinates": [ [ 240.0, 460.0 ], [ 240.0, 470.0 ] ] } },
{ "type": "Feature", "properties": { "type": "road_segment", "direction": "vertical" }, "geometry": { "type": "LineString", "coordinates": [ [ 240.0, 470.0 ], [ 240.0, 480.0 ] ] } },
{ "type": "Feature", "properties": { "type": "road_segment", "direction": "vertical" }, "geometry": { "type": "LineString", "coordinates": [ [ 250.0, 190.0 ], [ 250.0, 200.0 ] ] } },
{ "type": "Feature", "properties": { "type": "road_segment", "direction": "vertical" }, "geometry": { "type": "LineString", "coordinates": [ [ 250.0, 200.0 ], [ 250.0, 210.0 ] ] } },
{ "type": "Feature", "properties": { "type": "road_segment", "direction": "vertical" }, "geometry": { "type": "LineString", "coordinates": [ [ 250.0, 290.0 ], [ 250.0, 300.0 ] ] } },
{ "type": "Feature", "properties": { "type": "road_segment", "direction": "vertical" }, "geometry": { "type": "LineString", "coordinates": [ [ 250.0, 300.0 ], [ 250.0, 310.0 ] ] } },
{ "type": "Feature", "properties": { "type": "road_segment", "direction": "vertical" }, "geometry": { "type": "LineString", "coordinates": [ [ 250.0, 390.0 ], [ 250.0, 400.0 ] ] } },
{ "type": "Feature", "properties": { "type": "road_segment", "direction": "vertical" }, "geometry": { "type": "LineString", "coordinates": [ [ 250.0, 400.0 ], [ 250.0, 410.0 ] ] } },
{ "type": "Feature", "properties": { "type": "road_segment", "direction": "vertical" }, "geometry": { "type": "LineString", "coordinates": [ [ 260.0, 190.0 ], [ 260.0, 200.0 ] ] } },
{ "type": "Feature", "properties": { "type": "road_segment", "direction": "vertical" }, "geometry": { "type": "LineString", "coordinates": [ [ 260.0, 200.0 ], [ 260.0, 210.0 ] ] } },
{ "type": "Feature", "properties": { "type": "road_segment", "direction": "vertical" }, "geometry": { "type": "LineString", "coordinates": [ [ 260.0, 290.0 ], [ 260.0, 300.0 ] ] } },
{ "type": "Feature", "properties": { "type": "road_segment", "direction": "vertical" }, "geometry": { "type": "LineString", "coordinates": [ [ 260.0, 300.0 ], [ 260.0, 310.0 ] ] } },
{ "type": "Feature", "properties": { "type": "road_segment", "direction": "vertical" }, "geometry": { "type": "LineString", "coordinates": [ [ 260.0, 390.0 ], [ 260.0, 400.0 ] ] } },
{ "type": "Feature", "properties": { "type": "road_segment", "direction": "vertical" }, "geometry": { "type": "LineString", "coordinates": [ [ 260.0, 400.0 ], [ 260.0, 410.0 ] ] } },
{ "type": "Feature", "properties": { "type": "road_segment", "direction": "vertical" }, "geometry": { "type": "LineString", "coordinates": [ [ 270.0, 190.0 ], [ 270.0, 200.0 ] ] } },
{ "type": "Feature", "properties": { "type": "road_segment", "direction": "vertical" }, "geometry": { "type": "LineString", "coordinates": [ [ 270.0, 200.0 ], [ 270.0, 210.0 ] ] } },
{ "type": "Feature", "properties": { "type": "road_segment", "direction": "vertical" }, "geometry": { "type": "LineString", "coordinates": [ [ 270.0, 290.0 ], [ 270.0, 300.0 ] ] } },
{ "type": "Feature", "properties": { "type": "road_segment", "direction": "vertical" }, "geometry": { "type": "LineString", "coordinates": [ [ 270.0, 300.0 ], [ 270.0, 310.0 ] ] } },
{ "type": "Feature", "properties": { "type": "road_segment", "direction": "vertical" }, "geometry": { "type": "LineString", "coordinates": [ [ 270.0, 390.0 ], [ 270.0, 400.0 ] ] } },
{ "type": "Feature", "properties": { "type": "road_segment", "direction": "vertical" }, "geometry": { "type": "LineString", "coordinates": [ [ 270.0, 400.0 ], [ 270.0, 410.0 ] ] } },
{ "type": "Feature", "properties": { "type": "road_segment", "direction": "vertical" }, "geometry": { "type": "LineString", "coordinates": [ [ 280.0, 190.0 ], [ 280.0, 200.0 ] ] } },
{ "type": "Feature", "properties": { "type": "road_segment", "direction": "vertical" }, "geometry": { "type": "LineString", "coordinates": [ [ 280.0, 200.0 ], [ 280.0, 210.0 ] ] } },
{ "type": "Feature", "properties": { "type": "road_segment", "direction": "vertical" }, "geometry": { "type": "LineString", "coordinates": [ [ 280.0, 290.0 ], [ 280.0, 300.0 ] ] } },
{ "type": "Feature", "properties": { "type": "road_segment", "direction": "vertical" }, "geometry": { "type": "LineString", "coordinates": [ [ 280.0, 300.0 ], [ 280.0, 310.0 ] ] } },
{ "type": "Feature", "properties": { "type": "road_segment", "direction": "vertical" }, "geometry": { "type": "LineString", "coordinates": [ [ 280.0, 390.0 ], [ 280.0, 400.0 ] ] } },
{ "type": "Feature", "properties": { "type": "road_segment", "direction": "vertical" }, "geometry": { "type": "LineString", "coordinates": [ [ 280.0, 400.0 ], [ 280.0, 410.0 ] ] } },
{ "type": "Feature", "properties": { "type": "road_segment", "direction": "vertical" }, "geometry": { "type": "LineString", "coordinates": [ [ 290.0, 0.0 ], [ 290.0, 10.0 ] ] } },
{ "type": "Feature", "properties": { "type": "road_segment", "direction": "vertical" }, "geometry": { "type": "LineString", "coordinates": [ [ 290.0, 10.0 ], [ 290.0, 20.0 ] ] } },
{ "type": "Feature", "properties": { "type": "road_segment", "direction": "vertical" }, "geometry": { "type": "LineString", "coordinates": [ [ 290.0, 20.0 ], [ 290.0, 30.0 ] ] } },
{ "type": "Feature", "properties": { "type": "road_segment", "direction": "vertical" }, "geometry": { "type": "LineString", "coordinates": [ [ 290.0, 30.0 ], [ 290.0, 40.0 ] ] } },
{ "type": "Feature", "properties": { "type": "road_segment", "direction": "vertical" }, "geometry": { "type": "LineString", "coordinates": [ [ 290.0, 40.0 ], [ 290.0, 50.0 ] ] } },
{ "type": "Feature", "properties": { "type": "road_segment", "direction": "vertical" }, "geometry": { "type": "LineString", "coordinates": [ [ 290.0, 50.0 ], [ 290.0, 60.0 ] ] } },
{ "type": "Feature", "properties": { "type": "road_segment", "direction": "vertical" }, "geometry": { "type": "LineString", "coordinates": [ [ 290.0, 60.0 ], [ 290.0, 70.0 ] ] } },
{ "type": "Feature", "properties": { "type": "road_segment", "direction": "vertical" }, "geometry": { "type": "LineString", "coordinates": [ [ 290.0, 70.0 ], [ 290.0, 80.0 ] ] } },
{ "type": "Feature", "properties": { "type": "road_segment", "direction": "vertical" }, "geometry": { "type": "LineString", "coordinates": [ [ 290.0, 80.0 ], [ 290.0, 90.0 ] ] } },
{ "type": "Feature", "properties": { "type": "road_segment", "direction": "vertical" }, "geometry": { "type": "LineString", "coordinates": [ [ 290.0, 90.0 ], [ 290.0, 100.0 ] ] } },
{ "type": "Feature", "properties": { "type": "road_segment", "direction": "vertical" }, "geometry": { "type": "LineString", "coordinates": [ [ 290.0, 100.0 ], [ 290.0, 110.0 ] ] } },
{ "type": "Feature", "properties": { "type": "road_segment", "direction": "vertical" }, "geometry": { "type": "LineString", "coordinates": [ [ 290.0, 110.0 ], [ 290.0, 120.0 ] ] } },
{ "type": "Feature", "properties": { "type": "road_segment", "direction": "vertical" }, "geometry": { "type": "LineString", "coordinates": [ [ 290.0, 120.0 ], [ 290.0, 130.0 ] ] } },
{ "type": "Feature", "properties": { "type": "road_segment", "direction": "vertical" }, "geometry": { "type": "LineString", "coordinates": [ [ 290.0, 130.0 ], [ 290.0, 140.0 ] ] } },
{ "type": "Feature", "properties": { "type": "road_segment", "direction": "vertical" }, "geometry": { "type": "LineString", "coordinates": [ [ 290.0, 140.0 ], [ 290.0, 150.0 ] ] } },
{ "type": "Feature", "properties": { "type": "road_segment", "direction": "vertical" }, "geometry": { "type": "LineString", "coordinates": [ [ 290.0, 150.0 ], [ 290.0, 160.0 ] ] } },
{ "type": "Feature", "properties": { "type": "road_segment", "direction": "vertical" }, "geometry": { "type": "LineString", "coordinates": [ [ 290.0, 160.0 ], [ 290.0, 170.0 ] ] } },
{ "type": "Feature", "properties": { "type": "road_segment", "direction": "vertical" }, "geometry": { "type": "LineString", "coordinates": [ [ 290.0, 170.0 ], [ 290.0, 180.0 ] ] } },
{ "type": "Feature", "properties": { "type": "road_segment", "direction": "vertical" }, "geometry": { "type": "LineString", "coordinates": [ [ 290.0, 180.0 ], [ 290.0, 190.0 ] ] } },
{ "type": "Feature", "properties": { "type": "road_segment", "direction": "vertical" }, "geometry": { "type": "LineString", "coordinates": [ [ 290.0, 190.0 ], [ 290.0, 200.0 ] ] } },
{ "type": "Feature", "properties": { "type": "road_segment", "direction": "vertical" }, "geometry": { "type": "LineString", "coordinates": [ [ 290.0, 200.0 ], [ 290.0, 210.0 ] ] } },
{ "type": "Feature", "properties": { "type": "road_segment", "direction": "vertical" }, "geometry": { "type": "LineString", "coordinates": [ [ 290.0, 210.0 ], [ 290.0, 220.0 ] ] } },
{ "type": "Feature", "properties": { "type": "road_segment", "direction": "vertical" }, "geometry": { "type": "LineString", "coordinates": [ [ 290.0, 220.0 ], [ 290.0, 230.0 ] ] } },
{ "type": "Feature", "properties": { "type": "road_segment", "direction": "vertical" }, "geometry": { "type": "LineString", "coordinates": [ [ 290.0, 230.0 ], [ 290.0, 240.0 ] ] } },
{ "type": "Feature", "properties": { "type": "road_segment", "direction": "vertical" }, "geometry": { "type": "LineString", "coordinates": [ [ 290.0, 240.0 ], [ 290.0, 250.0 ] ] } },
{ "type": "Feature", "properties": { "type": "road_segment", "direction": "vertical" }, "geometry": { "type": "LineString", "coordinates": [ [ 290.0, 250.0 ], [ 290.0, 260.0 ] ] } },
{ "type": "Feature", "properties": { "type": "road_segment", "direction": "vertical" }, "geometry": { "type": "LineString", "coordinates": [ [ 290.0, 260.0 ], [ 290.0, 270.0 ] ] } },
{ "type": "Feature", "properties": { "type": "road_segment", "direction": "vertical" }, "geometry": { "type": "LineString", "coordinates": [ [ 290.0, 270.0 ], [ 290.0, 280.0 ] ] } },
{ "type": "Feature", "properties": { "type": "road_segment", "direction": "vertical" }, "geometry": { "type": "LineString", "coordinates": [ [ 290.0, 280.0 ], [ 290.0, 290.0 ] ] } },
{ "type": "Feature", "properties": { "type": "road_segment", "direction": "vertical" }, "geometry": { "type": "LineString", "coordinates": [ [ 290.0, 290.0 ], [ 290.0, 300.0 ] ] } },
{ "type": "Feature", "properties": { "type": "road_segment", "direction": "vertical" }, "geometry": { "type": "LineString", "coordinates": [ [ 290.0, 300.0 ], [ 290.0, 310.0 ] ] } },
{ "type": "Feature", "properties": { "type": "road_segment", "direction": "vertical" }, "geometry": { "type": "LineString", "coordinates": [ [ 290.0, 310.0 ], [ 290.0, 320.0 ] ] } },
{ "type": "Feature", "properties": { "type": "road_segment", "direction": "vertical" }, "geometry": { "type": "LineString", "coordinates": [ [ 290.0, 320.0 ], [ 290.0, 330.0 ] ] } },
{ "type": "Feature", "properties": { "type": "road_segment", "direction": "vertical" }, "geometry": { "type": "LineString", "coordinates": [ [ 290.0, 330.0 ], [ 290.0, 340.0 ] ] } },
{ "type": "Feature", "properties": { "type": "road_segment", "direction": "vertical" }, "geometry": { "type": "LineString", "coordinates": [ [ 290.0, 340.0 ], [ 290.0, 350.0 ] ] } },
{ "type": "Feature", "properties": { "type": "road_segment", "direction": "vertical" }, "geometry": { "type": "LineString", "coordinates": [ [ 290.0, 350.0 ], [ 290.0, 360.0 ] ] } },
{ "type": "Feature", "properties": { "type": "road_segment", "direction": "vertical" }, "geometry": { "type": "LineString", "coordinates": [ [ 290.0, 360.0 ], [ 290.0, 370.0 ] ] } },
{ "type": "Feature", "properties": { "type": "road_segment", "direction": "vertical" }, "geometry": { "type": "LineString", "coordinates": [ [ 290.0, 370.0 ], [ 290.0, 380.0 ] ] } },
{ "type": "Feature", "properties": { "type": "road_segment", "direction": "vertical" }, "geometry": { "type": "LineString", "coordinates": [ [ 290.0, 380.0 ], [ 290.0, 390.0 ] ] } },
{ "type": "Feature", "properties": { "type": "road_segment", "direction": "vertical" }, "geometry": { "type": "LineString", "coordinates": [ [ 290.0, 390.0 ], [ 290.0, 400.0 ] ] } },
{ "type": "Feature", "properties": { "type": "road_segment", "direction": "vertical" }, "geometry": { "type": "LineString", "coordinates": [ [ 290.0, 400.0 ], [ 290.0, 410.0 ] ] } },
{ "type": "Feature", "properties": { "type": "road_segment", "direction": "vertical" }, "geometry": { "type": "LineString", "coordinates": [ [ 290.0, 410.0 ], [ 290.0, 420.0 ] ] } },
{ "type": "Feature", "properties": { "type": "road_segment", "direction": "vertical" }, "geometry": { "type": "LineString", "coordinates": [ [ 290.0, 420.0 ], [ 290.0, 430.0 ] ] } },
{ "type": "Feature", "properties": { "type": "road_segment", "direction": "vertical" }, "geometry": { "type": "LineString", "coordinates": [ [ 290.0, 430.0 ], [ 290.0, 440.0 ] ] } },
{ "type": "Feature", "properties": { "type": "road_segment", "direction": "vertical" }, "geometry": { "type": "LineString", "coordinates": [ [ 290.0, 440.0 ], [ 290.0, 450.0 ] ] } },
{ "type": "Feature", "properties": { "type": "road_segment", "direction": "vertical" }, "geometry": { "type": "LineString", "coordinates": [ [ 290.0, 450.0 ], [ 290.0, 460.0 ] ] } },
{ "type": "Feature", "properties": { "type": "road_segment", "direction": "vertical" }, "geometry": { "type": "LineString", "coordinates": [ [ 290.0, 460.0 ], [ 290.0, 470.0 ] ] } },
{ "type": "Feature", "properties": { "type": "road_segment", "direction": "vertical" }, "geometry": { "type": "LineString", "coordinates": [ [ 290.0, 470.0 ], [ 290.0, 480.0 ] ] } },
{ "type": "Feature", "properties": { "type": "road_segment", "direction": "vertical" }, "geometry": { "type": "LineString", "coordinates": [ [ 290.0, 480.0 ], [ 290.0, 490.0 ] ] } },
{ "type": "Feature", "properties": { "type": "road_segment", "direction": "vertical" }, "geometry": { "type": "LineString", "coordinates": [ [ 290.0, 490.0 ], [ 290.0, 500.0 ] ] } },
{ "type": "Feature", "properties": { "type": "road_segment", "direction": "vertical" }, "geometry": { "type": "LineString", "coordinates": [ [ 290.0, 500.0 ], [ 290.0, 510.0 ] ] } },
{ "type": "Feature", "properties": { "type": "road_segment", "direction": "vertical" }, "geometry": { "type": "LineString", "coordinates": [ [ 290.0, 510.0 ], [ 290.0, 520.0 ] ] } },
{ "type": "Feature", "properties": { "type": "road_segment", "direction": "vertical" }, "geometry": { "type": "LineString", "coordinates": [ [ 290.0, 520.0 ], [ 290.0, 530.0 ] ] } },
{ "type": "Feature", "properties": { "type": "road_segment", "direction": "vertical" }, "geometry": { "type": "LineString", "coordinates": [ [ 290.0, 530.0 ], [ 290.0, 540.0 ] ] } },
{ "type": "Feature", "properties": { "type": "road_segment", "direction": "vertical" }, "geometry": { "type": "LineString", "coordinates": [ [ 290.0, 540.0 ], [ 290.0, 550.0 ] ] } },
{ "type": "Feature", "properties": { "type": "road_segment", "direction": "vertical" }, "geometry": { "type": "LineString", "coordinates": [ [ 290.0, 550.0 ], [ 290.0, 560.0 ] ] } },
{ "type": "Feature", "properties": { "type": "road_segment", "direction": "vertical" }, "geometry": { "type": "LineString", "coordinates": [ [ 290.0, 560.0 ], [ 290.0, 570.0 ] ] } },
{ "type": "Feature", "properties": { "type": "road_segment", "direction": "vertical" }, "geometry": { "type": "LineString", "coordinates": [ [ 290.0, 570.0 ], [ 290.0, 580.0 ] ] } },
{ "type": "Feature", "properties": { "type": "road_segment", "direction": "vertical" }, "geometry": { "type": "LineString", "coordinates": [ [ 290.0, 580.0 ], [ 290.0, 590.0 ] ] } },
{ "type": "Feature", "properties": { "type": "road_segment", "direction": "vertical" }, "geometry": { "type": "LineString", "coordinates": [ [ 300.0, 0.0 ], [ 300.0, 10.0 ] ] } },
{ "type": "Feature", "properties": { "type": "road_segment", "direction": "vertical" }, "geometry": { "type": "LineString", "coordinates": [ [ 300.0, 10.0 ], [ 300.0, 20.0 ] ] } },
{ "type": "Feature", "properties": { "type": "road_segment", "direction": "vertical" }, "geometry": { "type": "LineString", "coordinates": [ [ 300.0, 20.0 ], [ 300.0, 30.0 ] ] } },
{ "type": "Feature", "properties": { "type": "road_segment", "direction": "vertical" }, "geometry": { "type": "LineString", "coordinates": [ [ 300.0, 30.0 ], [ 300.0, 40.0 ] ] } },
{ "type": "Feature", "properties": { "type": "road_segment", "direction": "vertical" }, "geometry": { "type": "LineString", "coordinates": [ [ 300.0, 40.0 ], [ 300.0, 50.0 ] ] } },
{ "type": "Feature", "properties": { "type": "road_segment", "direction": "vertical" }, "geometry": { "type": "LineString", "coordinates": [ [ 300.0, 50.0 ], [ 300.0, 60.0 ] ] } },
{ "type": "Feature", "properties": { "type": "road_segment", "direction": "vertical" }, "geometry": { "type": "LineString", "coordinates": [ [ 300.0, 60.0 ], [ 300.0, 70.0 ] ] } },
{ "type": "Feature", "properties": { "type": "road_segment", "direction": "vertical" }, "geometry": { "type": "LineString", "coordinates": [ [ 300.0, 70.0 ], [ 300.0, 80.0 ] ] } },
{ "type": "Feature", "properties": { "type": "road_segment", "direction": "vertical" }, "geometry": { "type": "LineString", "coordinates": [ [ 300.0, 80.0 ], [ 300.0, 90.0 ] ] } },
{ "type": "Feature", "properties": { "type": "road_segment", "direction": "vertical" }, "geometry": { "type": "LineString", "coordinates": [ [ 300.0, 90.0 ], [ 300.0, 100.0 ] ] } },
{ "type": "Feature", "properties": { "type": "road_segment", "direction": "vertical" }, "geometry": { "type": "LineString", "coordinates": [ [ 300.0, 100.0 ], [ 300.0, 110.0 ] ] } },
{ "type": "Feature", "properties": { "type": "road_segment", "direction": "vertical" }, "geometry": { "type": "LineString", "coordinates": [ [ 300.0, 110.0 ], [ 300.0, 120.0 ] ] } },
{ "type": "Feature", "properties": { "type": "road_segment", "direction": "vertical" }, "geometry": { "type": "LineString", "coordinates": [ [ 300.0, 120.0 ], [ 300.0, 130.0 ] ] } },
{ "type": "Feature", "properties": { "type": "road_segment", "direction": "vertical" }, "geometry": { "type": "LineString", "coordinates": [ [ 300.0, 130.0 ], [ 300.0, 140.0 ] ] } },
{ "type": "Feature", "properties": { "type": "road_segment", "direction": "vertical" }, "geometry": { "type": "LineString", "coordinates": [ [ 300.0, 140.0 ], [ 300.0, 150.0 ] ] } },
{ "type": "Feature", "properties": { "type": "road_segment", "direction": "vertical" }, "geometry": { "type": "LineString", "coordinates": [ [ 300.0, 150.0 ], [ 300.0, 160.0 ] ] } },
{ "type": "Feature", "properties": { "type": "road_segment", "direction": "vertical" }, "geometry": { "type": "LineString", "coordinates": [ [ 300.0, 160.0 ], [ 300.0, 170.0 ] ] } },
{ "type": "Feature", "properties": { "type": "road_segment", "direction": "vertical" }, "geometry": { "type": "LineString", "coordinates": [ [ 300.0, 170.0 ], [ 300.0, 180.0 ] ] } },
{ "type": "Feature", "properties": { "type": "road_segment", "direction": "vertical" }, "geometry": { "type": "LineString", "coordinates": [ [ 300.0, 180.0 ], [ 300.0, 190.0 ] ] } },
{ "type": "Feature", "properties": { "type": "road_segment", "direction": "vertical" }, "geometry": { "type": "LineString", "coordinates": [ [ 300.0, 190.0 ], [ 300.0, 200.0 ] ] } },
{ "type": "Feature", "properties": { "type": "road_segment", "direction": "vertical" }, "geometry": { "type": "LineString", "coordinates": [ [ 300.0, 200.0 ], [ 300.0, 210.0 ] ] } },
{ "type": "Feature", "properties": { "type": "road_segment", "direction": "vertical" }, "geometry": { "type": "LineString", "coordinates": [ [ 300.0, 210.0 ], [ 300.0, 220.0 ] ] } },
{ "type": "Feature", "properties": { "type": "road_segment", "direction": "vertical" }, "geometry": { "type": "LineString", "coordinates": [ [ 300.0, 220.0 ], [ 300.0, 230.0 ] ] } },
{ "type": "Feature", "properties": { "type": "road_segment", "direction": "vertical" }, "geometry": { "type": "LineString", "coordinates": [ [ 300.0, 230.0 ], [ 300.0, 240.0 ] ] } },
{ "type": "Feature", "properties": { "type": "road_segment", "direction": "vertical" }, "geometry": { "type": "LineString", "coordinates": [ [ 300.0, 240.0 ], [ 300.0, 250.0 ] ] } },
{ "type": "Feature", "properties": { "type": "road_segment", "direction": "vertical" }, "geometry": { "type": "LineString", "coordinates": [ [ 300.0, 250.0 ], [ 300.0, 260.0 ] ] } },
{ "type": "Feature", "properties": { "type": "road_segment", "direction": "vertical" }, "geometry": { "type": "LineString", "coordinates": [ [ 300.0, 260.0 ], [ 300.0, 270.0 ] ] } },
{ "type": "Feature", "properties": { "type": "road_segment", "direction": "vertical" }, "geometry": { "type": "LineString", "coordinates": [ [ 300.0, 270.0 ], [ 300.0, 280.0 ] ] } },
{ "type": "Feature", "properties": { "type": "road_segment", "direction": "vertical" }, "geometry": { "type": "LineString", "coordinates": [ [ 300.0, 280.0 ], [ 300.0, 290.0 ] ] } },
{ "type": "Feature", "properties": { "type": "road_segment", "direction": "vertical" }, "geometry": { "type": "LineString", "coordinates": [ [ 300.0, 290.0 ], [ 300.0, 300.0 ] ] } },
{ "type": "Feature", "properties": { "type": "road_segment", "direction": "vertical" }, "geometry": { "type": "LineString", "coordinates": [ [ 300.0, 300.0 ], [ 300.0, 310.0 ] ] } },
{ "type": "Feature", "properties": { "type": "road_segment", "direction": "vertical" }, "geometry": { "type": "LineString", "coordinates": [ [ 300.0, 310.0 ], [ 300.0, 320.0 ] ] } },
{ "type": "Feature", "properties": { "type": "road_segment", "direction": "vertical" }, "geometry": { "type": "LineString", "coordinates": [ [ 300.0, 320.0 ], [ 300.0, 330.0 ] ] } },
{ "type": "Feature", "properties": { "type": "road_segment", "direction": "vertical" }, "geometry": { "type": "LineString", "coordinates": [ [ 300.0, 330.0 ], [ 300.0, 340.0 ] ] } },
{ "type": "Feature", "properties": { "type": "road_segment", "direction": "vertical" }, "geometry": { "type": "LineString", "coordinates": [ [ 300.0, 340.0 ], [ 300.0, 350.0 ] ] } },
{ "type": "Feature", "properties": { "type": "road_segment", "direction": "vertical" }, "geometry": { "type": "LineString", "coordinates": [ [ 300.0, 350.0 ], [ 300.0, 360.0 ] ] } },
{ "type": "Feature", "properties": { "type": "road_segment", "direction": "vertical" }, "geometry": { "type": "LineString", "coordinates": [ [ 300.0, 360.0 ], [ 300.0, 370.0 ] ] } },
{ "type": "Feature", "properties": { "type": "road_segment", "direction": "vertical" }, "geometry": { "type": "LineString", "coordinates": [ [ 300.0, 370.0 ], [ 300.0, 380.0 ] ] } },
{ "type": "Feature", "properties": { "type": "road_segment", "direction": "vertical" }, "geometry": { "type": "LineString", "coordinates": [ [ 300.0, 380.0 ], [ 300.0, 390.0 ] ] } },
{ "type": "Feature", "properties": { "type": "road_segment", "direction": "vertical" }, "geometry": { "type": "LineString", "coordinates": [ [ 300.0, 390.0 ], [ 300.0, 400.0 ] ] } },
{ "type": "Feature", "properties": { "type": "road_segment", "direction": "vertical" }, "geometry": { "type": "LineString", "coordinates": [ [ 300.0, 400.0 ], [ 300.0, 410.0 ] ] } },
{ "type": "Feature", "properties": { "type": "road_segment", "direction": "vertical" }, "geometry": { "type": "LineString", "coordinates": [ [ 300.0, 410.0 ], [ 300.0, 420.0 ] ] } },
{ "type": "Feature", "properties": { "type": "road_segment", "direction": "vertical" }, "geometry": { "type": "LineString", "coordinates": [ [ 300.0, 420.0 ], [ 300.0, 430.0 ] ] } },
{ "type": "Feature", "properties": { "type": "road_segment", "direction": "vertical" }, "geometry": { "type": "LineString", "coordinates": [ [ 300.0, 430.0 ], [ 300.0, 440.0 ] ] } },
{ "type": "Feature", "properties": { "type": "road_segment", "direction": "vertical" }, "geometry": { "type": "LineString", "coordinates": [ [ 300.0, 440.0 ], [ 300.0, 450.0 ] ] } },
{ "type": "Feature", "properties": { "type": "road_segment", "direction": "vertical" }, "geometry": { "type": "LineString", "coordinates": [ [ 300.0, 450.0 ], [ 300.0, 460.0 ] ] } },
{ "type": "Feature", "properties": { "type": "road_segment", "direction": "vertical" }, "geometry": { "type": "LineString", "coordinates": [ [ 300.0, 460.0 ], [ 300.0, 470.0 ] ] } },
{ "type": "Feature", "properties": { "type": "road_segment", "direction": "vertical" }, "geometry": { "type": "LineString", "coordinates": [ [ 300.0, 470.0 ], [ 300.0, 480.0 ] ] } },
{ "type": "Feature", "properties": { "type": "road_segment", "direction": "vertical" }, "geometry": { "type": "LineString", "coordinates": [ [ 300.0, 480.0 ], [ 300.0, 490.0 ] ] } },
{ "type": "Feature", "properties": { "type": "road_segment", "direction": "vertical" }, "geometry": { "type": "LineString", "coordinates": [ [ 300.0, 490.0 ], [ 300.0, 500.0 ] ] } },
{ "type": "Feature", "properties": { "type": "road_segment", "direction": "vertical" }, "geometry": { "type": "LineString", "coordinates": [ [ 300.0, 500.0 ], [ 300.0, 510.0 ] ] } },
{ "type": "Feature", "properties": { "type": "road_segment", "direction": "vertical" }, "geometry": { "type": "LineString", "coordinates": [ [ 300.0, 510.0 ], [ 300.0, 520.0 ] ] } },
{ "type": "Feature", "properties": { "type": "road_segment", "direction": "vertical" }, "geometry": { "type": "LineString", "coordinates": [ [ 300.0, 520.0 ], [ 300.0, 530.0 ] ] } },
{ "type": "Feature", "properties": { "type": "road_segment", "direction": "vertical" }, "geometry": { "type": "LineString", "coordinates": [ [ 300.0, 530.0 ], [ 300.0, 540.0 ] ] } },
{ "type": "Feature", "properties": { "type": "road_segment", "direction": "vertical" }, "geometry": { "type": "LineString", "coordinates": [ [ 300.0, 540.0 ], [ 300.0, 550.0 ] ] } },
{ "type": "Feature", "properties": { "type": "road_segment", "direction": "vertical" }, "geometry": { "type": "LineString", "coordinates": [ [ 300.0, 550.0 ], [ 300.0, 560.0 ] ] } },
{ "type": "Feature", "properties": { "type": "road_segment", "direction": "vertical" }, "geometry": { "type": "LineString", "coordinates": [ [ 300.0, 560.0 ], [ 300.0, 570.0 ] ] } },
{ "type": "Feature", "properties": { "type": "road_segment", "direction": "vertical" }, "geometry": { "type": "LineString", "coordinates": [ [ 300.0, 570.0 ], [ 300.0, 580.0 ] ] } },
{ "type": "Feature", "properties": { "type": "road_segment", "direction": "vertical" }, "geometry": { "type": "LineString", "coordinates": [ [ 300.0, 580.0 ], [ 300.0, 590.0 ] ] } },
{ "type": "Feature", "properties": { "type": "road_segment", "direction": "vertical" }, "geometry": { "type": "LineString", "coordinates": [ [ 310.0, 0.0 ], [ 310.0, 10.0 ] ] } },
{ "type": "Feature", "properties": { "type": "road_segment", "direction": "vertical" }, "geometry": { "type": "LineString", "coordinates": [ [ 310.0, 10.0 ], [ 310.0, 20.0 ] ] } },
{ "type": "Feature", "properties": { "type": "road_segment", "direction": "vertical" }, "geometry": { "type": "LineString", "coordinates": [ [ 310.0, 20.0 ], [ 310.0, 30.0 ] ] } },
{ "type": "Feature", "properties": { "type": "road_segment", "direction": "vertical" }, "geometry": { "type": "LineString", "coordinates": [ [ 310.0, 30.0 ], [ 310.0, 40.0 ] ] } },
{ "type": "Feature", "properties": { "type": "road_segment", "direction": "vertical" }, "geometry": { "type": "LineString", "coordinates": [ [ 310.0, 40.0 ], [ 310.0, 50.0 ] ] } },
{ "type": "Feature", "properties": { "type": "road_segment", "direction": "vertical" }, "geometry": { "type": "LineString", "coordinates": [ [ 310.0, 50.0 ], [ 310.0, 60.0 ] ] } },
{ "type": "Feature", "properties": { "type": "road_segment", "direction": "vertical" }, "geometry": { "type": "LineString", "coordinates": [ [ 310.0, 60.0 ], [ 310.0, 70.0 ] ] } },
{ "type": "Feature", "properties": { "type": "road_segment", "direction": "vertical" }, "geometry": { "type": "LineString", "coordinates": [ [ 310.0, 70.0 ], [ 310.0, 80.0 ] ] } },
{ "type": "Feature", "properties": { "type": "road_segment", "direction": "vertical" }, "geometry": { "type": "LineString", "coordinates": [ [ 310.0, 80.0 ], [ 310.0, 90.0 ] ] } },
{ "type": "Feature", "properties": { "type": "road_segment", "direction": "vertical" }, "geometry": { "type": "LineString", "coordinates": [ [ 310.0, 90.0 ], [ 310.0, 100.0 ] ] } },
{ "type": "Feature", "properties": { "type": "road_segment", "direction": "vertical" }, "geometry": { "type": "LineString", "coordinates": [ [ 310.0, 100.0 ], [ 310.0, 110.0 ] ] } },
{ "type": "Feature", "properties": { "type": "road_segment", "direction": "vertical" }, "geometry": { "type": "LineString", "coordinates": [ [ 310.0, 110.0 ], [ 310.0, 120.0 ] ] } },
{ "type": "Feature", "properties": { "type": "road_segment", "direction": "vertical" }, "geometry": { "type": "LineString", "coordinates": [ [ 310.0, 120.0 ], [ 310.0, 130.0 ] ] } },
{ "type": "Feature", "properties": { "type": "road_segment", "direction": "vertical" }, "geometry": { "type": "LineString", "coordinates": [ [ 310.0, 130.0 ], [ 310.0, 140.0 ] ] } },
{ "type": "Feature", "properties": { "type": "road_segment", "direction": "vertical" }, "geometry": { "type": "LineString", "coordinates": [ [ 310.0, 140.0 ], [ 310.0, 150.0 ] ] } },
{ "type": "Feature", "properties": { "type": "road_segment", "direction": "vertical" }, "geometry": { "type": "LineString", "coordinates": [ [ 310.0, 150.0 ], [ 310.0, 160.0 ] ] } },
{ "type": "Feature", "properties": { "type": "road_segment", "direction": "vertical" }, "geometry": { "type": "LineString", "coordinates": [ [ 310.0, 160.0 ], [ 310.0, 170.0 ] ] } },
{ "type": "Feature", "properties": { "type": "road_segment", "direction": "vertical" }, "geometry": { "type": "LineString", "coordinates": [ [ 310.0, 170.0 ], [ 310.0, 180.0 ] ] } },
{ "type": "Feature", "properties": { "type": "road_segment", "direction": "vertical" }, "geometry": { "type": "LineString", "coordinates": [ [ 310.0, 180.0 ], [ 310.0, 190.0 ] ] } },
{ "type": "Feature", "properties": { "type": "road_segment", "direction": "vertical" }, "geometry": { "type": "LineString", "coordinates": [ [ 310.0, 190.0 ], [ 310.0, 200.0 ] ] } },
{ "type": "Feature", "properties": { "type": "road_segment", "direction": "vertical" }, "geometry": { "type": "LineString", "coordinates": [ [ 310.0, 200.0 ], [ 310.0, 210.0 ] ] } },
{ "type": "Feature", "properties": { "type": "road_segment", "direction": "vertical" }, "geometry": { "type": "LineString", "coordinates": [ [ 310.0, 210.0 ], [ 310.0, 220.0 ] ] } },
{ "type": "Feature", "properties": { "type": "road_segment", "direction": "vertical" }, "geometry": { "type": "LineString", "coordinates": [ [ 310.0, 220.0 ], [ 310.0, 230.0 ] ] } },
{ "type": "Feature", "properties": { "type": "road_segment", "direction": "vertical" }, "geometry": { "type": "LineString", "coordinates": [ [ 310.0, 230.0 ], [ 310.0, 240.0 ] ] } },
{ "type": "Feature", "properties": { "type": "road_segment", "direction": "vertical" }, "geometry": { "type": "LineString", "coordinates": [ [ 310.0, 240.0 ], [ 310.0, 250.0 ] ] } },
{ "type": "Feature", "properties": { "type": "road_segment", "direction": "vertical" }, "geometry": { "type": "LineString", "coordinates": [ [ 310.0, 250.0 ], [ 310.0, 260.0 ] ] } },
{ "type": "Feature", "properties": { "type": "road_segment", "direction": "vertical" }, "geometry": { "type": "LineString", "coordinates": [ [ 310.0, 260.0 ], [ 310.0, 270.0 ] ] } },
{ "type": "Feature", "properties": { "type": "road_segment", "direction": "vertical" }, "geometry": { "type": "LineString", "coordinates": [ [ 310.0, 270.0 ], [ 310.0, 280.0 ] ] } },
{ "type": "Feature", "properties": { "type": "road_segment", "direction": "vertical" }, "geometry": { "type": "LineString", "coordinates": [ [ 310.0, 280.0 ], [ 310.0, 290.0 ] ] } },
{ "type": "Feature", "properties": { "type": "road_segment", "direction": "vertical" }, "geometry": { "type": "LineString", "coordinates": [ [ 310.0, 290.0 ], [ 310.0, 300.0 ] ] } },
{ "type": "Feature", "properties": { "type": "road_segment", "direction": "vertical" }, "geometry": { "type": "LineString", "coordinates": [ [ 310.0, 300.0 ], [ 310.0, 310.0 ] ] } },
{ "type": "Feature", "properties": { "type": "road_segment", "direction": "vertical" }, "geometry": { "type": "LineString", "coordinates": [ [ 310.0, 310.0 ], [ 310.0, 320.0 ] ] } },
{ "type": "Feature", "properties": { "type": "road_segment", "direction": "vertical" }, "geometry": { "type": "LineString", "coordinates": [ [ 310.0, 320.0 ], [ 310.0, 330.0 ] ] } },
{ "type": "Feature", "properties": { "type": "road_segment", "direction": "vertical" }, "geometry": { "type": "LineString", "coordinates": [ [ 310.0, 330.0 ], [ 310.0, 340.0 ] ] } },
{ "type": "Feature", "properties": { "type": "road_segment", "direction": "vertical" }, "geometry": { "type": "LineString", "coordinates": [ [ 310.0, 340.0 ], [ 310.0, 350.0 ] ] } },
{ "type": "Feature", "properties": { "type": "road_segment", "direction": "vertical" }, "geometry": { "type": "LineString", "coordinates": [ [ 310.0, 350.0 ], [ 310.0, 360.0 ] ] } },
{ "type": "Feature", "properties": { "type": "road_segment", "direction": "vertical" }, "geometry": { "type": "LineString", "coordinates": [ [ 310.0, 360.0 ], [ 310.0, 370.0 ] ] } },
{ "type": "Feature", "properties": { "type": "road_segment", "direction": "vertical" }, "geometry": { "type": "LineString", "coordinates": [ [ 310.0, 370.0 ], [ 310.0, 380.0 ] ] } },
{ "type": "Feature", "properties": { "type": "road_segment", "direction": "vertical" }, "geometry": { "type": "LineString", "coordinates": [ [ 310.0, 380.0 ], [ 310.0, 390.0 ] ] } },
{ "type": "Feature", "properties": { "type": "road_segment", "direction": "vertical" }, "geometry": { "type": "LineString", "coordinates": [ [ 310.0, 390.0 ], [ 310.0, 400.0 ] ] } },
{ "type": "Feature", "properties": { "type": "road_segment", "direction": "vertical" }, "geometry": { "type": "LineString", "coordinates": [ [ 310.0, 400.0 ], [ 310.0, 410.0 ] ] } },
{ "type": "Feature", "properties": { "type": "road_segment", "direction": "vertical" }, "geometry": { "type": "LineString", "coordinates": [ [ 310.0, 410.0 ], [ 310.0, 420.0 ] ] } },
{ "type": "Feature", "properties": { "type": "road_segment", "direction": "vertical" }, "geometry": { "type": "LineString", "coordinates": [ [ 310.0, 420.0 ], [ 310.0, 430.0 ] ] } },
{ "type": "Feature", "properties": { "type": "road_segment", "direction": "vertical" }, "geometry": { "type": "LineString", "coordinates": [ [ 310.0, 430.0 ], [ 310.0, 440.0 ] ] } },
{ "type": "Feature", "properties": { "type": "road_segment", "direction": "vertical" }, "geometry": { "type": "LineString", "coordinates": [ [ 310.0, 440.0 ], [ 310.0, 450.0 ] ] } },
{ "type": "Feature", "properties": { "type": "road_segment", "direction": "vertical" }, "geometry": { "type": "LineString", "coordinates": [ [ 310.0, 450.0 ], [ 310.0, 460.0 ] ] } },
{ "type": "Feature", "properties": { "type": "road_segment", "direction": "vertical" }, "geometry": { "type": "LineString", "coordinates": [ [ 310.0, 460.0 ], [ 310.0, 470.0 ] ] } },
{ "type": "Feature", "properties": { "type": "road_segment", "direction": "vertical" }, "geometry": { "type": "LineString", "coordinates": [ [ 310.0, 470.0 ], [ 310.0, 480.0 ] ] } },
{ "type": "Feature", "properties": { "type": "road_segment", "direction": "vertical" }, "geometry": { "type": "LineString", "coordinates": [ [ 310.0, 480.0 ], [ 310.0, 490.0 ] ] } },
{ "type": "Feature", "properties": { "type": "road_segment", "direction": "vertical" }, "geometry": { "type": "LineString", "coordinates": [ [ 310.0, 490.0 ], [ 310.0, 500.0 ] ] } },
{ "type": "Feature", "properties": { "type": "road_segment", "direction": "vertical" }, "geometry": { "type": "LineString", "coordinates": [ [ 310.0, 500.0 ], [ 310.0, 510.0 ] ] } },
{ "type": "Feature", "properties": { "type": "road_segment", "direction": "vertical" }, "geometry": { "type": "LineString", "coordinates": [ [ 310.0, 510.0 ], [ 310.0, 520.0 ] ] } },
{ "type": "Feature", "properties": { "type": "road_segment", "direction": "vertical" }, "geometry": { "type": "LineString", "coordinates": [ [ 310.0, 520.0 ], [ 310.0, 530.0 ] ] } },
{ "type": "Feature", "properties": { "type": "road_segment", "direction": "vertical" }, "geometry": { "type": "LineString", "coordinates": [ [ 310.0, 530.0 ], [ 310.0, 540.0 ] ] } },
{ "type": "Feature", "properties": { "type": "road_segment", "direction": "vertical" }, "geometry": { "type": "LineString", "coordinates": [ [ 310.0, 540.0 ], [ 310.0, 550.0 ] ] } },
{ "type": "Feature", "properties": { "type": "road_segment", "direction": "vertical" }, "geometry": { "type": "LineString", "coordinates": [ [ 310.0, 550.0 ], [ 310.0, 560.0 ] ] } },
{ "type": "Feature", "properties": { "type": "road_segment", "direction": "vertical" }, "geometry": { "type": "LineString", "coordinates": [ [ 310.0, 560.0 ], [ 310.0, 570.0 ] ] } },
{ "type": "Feature", "properties": { "type": "road_segment", "direction": "vertical" }, "geometry": { "type": "LineString", "coordinates": [ [ 310.0, 570.0 ], [ 310.0, 580.0 ] ] } },
{ "type": "Feature", "properties": { "type": "road_segment", "direction": "vertical" }, "geometry": { "type": "LineString", "coordinates": [ [ 310.0, 580.0 ], [ 310.0, 590.0 ] ] } },
{ "type": "Feature", "properties": { "type": "road_segment", "direction": "vertical" }, "geometry": { "type": "LineString", "coordinates": [ [ 320.0, 190.0 ], [ 320.0, 200.0 ] ] } },
{ "type": "Feature", "properties": { "type": "road_segment", "direction": "vertical" }, "geometry": { "type": "LineString", "coordinates": [ [ 320.0, 200.0 ], [ 320.0, 210.0 ] ] } },
{ "type": "Feature", "properties": { "type": "road_segment", "direction": "vertical" }, "geometry": { "type": "LineString", "coordinates": [ [ 320.0, 290.0 ], [ 320.0, 300.0 ] ] } },
{ "type": "Feature", "properties": { "type": "road_segment", "direction": "vertical" }, "geometry": { "type": "LineString", "coordinates": [ [ 320.0, 300.0 ], [ 320.0, 310.0 ] ] } },
{ "type": "Feature", "properties": { "type": "road_segment", "direction": "vertical" }, "geometry": { "type": "LineString", "coordinates": [ [ 320.0, 390.0 ], [ 320.0, 400.0 ] ] } },
{ "type": "Feature", "properties": { "type": "road_segment", "direction": "vertical" }, "geometry": { "type": "LineString", "coordinates": [ [ 320.0, 400.0 ], [ 320.0, 410.0 ] ] } },
{ "type": "Feature", "properties": { "type": "road_segment", "direction": "vertical" }, "geometry": { "type": "LineString", "coordinates": [ [ 330.0, 190.0 ], [ 330.0, 200.0 ] ] } },
{ "type": "Feature", "properties": { "type": "road_segment", "direction": "vertical" }, "geometry": { "type": "LineString", "coordinates": [ [ 330.0, 200.0 ], [ 330.0, 210.0 ] ] } },
{ "type": "Feature", "properties": { "type": "road_segment", "direction": "vertical" }, "geometry": { "type": "LineString", "coordinates": [ [ 330.0, 290.0 ], [ 330.0, 300.0 ] ] } },
{ "type": "Feature", "properties": { "type": "road_segment", "direction": "vertical" }, "geometry": { "type": "LineString", "coordinates": [ [ 330.0, 300.0 ], [ 330.0, 310.0 ] ] } },
{ "type": "Feature", "properties": { "type": "road_segment", "direction": "vertical" }, "geometry": { "type": "LineString", "coordinates": [ [ 330.0, 390.0 ], [ 330.0, 400.0 ] ] } },
{ "type": "Feature", "properties": { "type": "road_segment", "direction": "vertical" }, "geometry": { "type": "LineString", "coordinates": [ [ 330.0, 400.0 ], [ 330.0, 410.0 ] ] } },
{ "type": "Feature", "properties": { "type": "road_segment", "direction": "vertical" }, "geometry": { "type": "LineString", "coordinates": [ [ 340.0, 100.0 ], [ 340.0, 110.0 ] ] } },
{ "type": "Feature", "properties": { "type": "road_segment", "direction": "vertical" }, "geometry": { "type": "LineString", "coordinates": [ [ 340.0, 110.0 ], [ 340.0, 120.0 ] ] } },
{ "type": "Feature", "properties": { "type": "road_segment", "direction": "vertical" }, "geometry": { "type": "LineString", "coordinates": [ [ 340.0, 190.0 ], [ 340.0, 200.0 ] ] } },
{ "type": "Feature", "properties": { "type": "road_segment", "direction": "vertical" }, "geometry": { "type": "LineString", "coordinates": [ [ 340.0, 200.0 ], [ 340.0, 210.0 ] ] } },
{ "type": "Feature", "properties": { "type": "road_segment", "direction": "vertical" }, "geometry": { "type": "LineString", "coordinates": [ [ 340.0, 210.0 ], [ 340.0, 220.0 ] ] } },
{ "type": "Feature", "properties": { "type": "road_segment", "direction": "vertical" }, "geometry": { "type": "LineString", "coordinates": [ [ 340.0, 220.0 ], [ 340.0, 230.0 ] ] } },
{ "type": "Feature", "properties": { "type": "road_segment", "direction": "vertical" }, "geometry": { "type": "LineString", "coordinates": [ [ 340.0, 230.0 ], [ 340.0, 240.0 ] ] } },
{ "type": "Feature", "properties": { "type": "road_segment", "direction": "vertical" }, "geometry": { "type": "LineString", "coordinates": [ [ 340.0, 290.0 ], [ 340.0, 300.0 ] ] } },
{ "type": "Feature", "properties": { "type": "road_segment", "direction": "vertical" }, "geometry": { "type": "LineString", "coordinates": [ [ 340.0, 300.0 ], [ 340.0, 310.0 ] ] } },
{ "type": "Feature", "properties": { "type": "road_segment", "direction": "vertical" }, "geometry": { "type": "LineString", "coordinates": [ [ 340.0, 340.0 ], [ 340.0, 350.0 ] ] } },
{ "type": "Feature", "properties": { "type": "road_segment", "direction": "vertical" }, "geometry": { "type": "LineString", "coordinates": [ [ 340.0, 350.0 ], [ 340.0, 360.0 ] ] } },
{ "type": "Feature", "properties": { "type": "road_segment", "direction": "vertical" }, "geometry": { "type": "LineString", "coordinates": [ [ 340.0, 390.0 ], [ 340.0, 400.0 ] ] } },
{ "type": "Feature", "properties": { "type": "road_segment", "direction": "vertical" }, "geometry": { "type": "LineString", "coordinates": [ [ 340.0, 400.0 ], [ 340.0, 410.0 ] ] } },
{ "type": "Feature", "properties": { "type": "road_segment", "direction": "vertical" }, "geometry": { "type": "LineString", "coordinates": [ [ 340.0, 460.0 ], [ 340.0, 470.0 ] ] } },
{ "type": "Feature", "properties": { "type": "road_segment", "direction": "vertical" }, "geometry": { "type": "LineString", "coordinates": [ [ 340.0, 470.0 ], [ 340.0, 480.0 ] ] } },
{ "type": "Feature", "properties": { "type": "road_segment", "direction": "vertical" }, "geometry": { "type": "LineString", "coordinates": [ [ 340.0, 580.0 ], [ 340.0, 590.0 ] ] } },
{ "type": "Feature", "properties": { "type": "road_segment", "direction": "vertical" }, "geometry": { "type": "LineString", "coordinates": [ [ 350.0, 0.0 ], [ 350.0, 10.0 ] ] } },
{ "type": "Feature", "properties": { "type": "road_segment", "direction": "vertical" }, "geometry": { "type": "LineString", "coordinates": [ [ 350.0, 100.0 ], [ 350.0, 110.0 ] ] } },
{ "type": "Feature", "properties": { "type": "road_segment", "direction": "vertical" }, "geometry": { "type": "LineString", "coordinates": [ [ 350.0, 110.0 ], [ 350.0, 120.0 ] ] } },
{ "type": "Feature", "properties": { "type": "road_segment", "direction": "vertical" }, "geometry": { "type": "LineString", "coordinates": [ [ 350.0, 190.0 ], [ 350.0, 200.0 ] ] } },
{ "type": "Feature", "properties": { "type": "road_segment", "direction": "vertical" }, "geometry": { "type": "LineString", "coordinates": [ [ 350.0, 200.0 ], [ 350.0, 210.0 ] ] } },
{ "type": "Feature", "properties": { "type": "road_segment", "direction": "vertical" }, "geometry": { "type": "LineString", "coordinates": [ [ 350.0, 210.0 ], [ 350.0, 220.0 ] ] } },
{ "type": "Feature", "properties": { "type": "road_segment", "direction": "vertical" }, "geometry": { "type": "LineString", "coordinates": [ [ 350.0, 220.0 ], [ 350.0, 230.0 ] ] } },
{ "type": "Feature", "properties": { "type": "road_segment", "direction": "vertical" }, "geometry": { "type": "LineString", "coordinates": [ [ 350.0, 230.0 ], [ 350.0, 240.0 ] ] } },
{ "type": "Feature", "properties": { "type": "road_segment", "direction": "vertical" }, "geometry": { "type": "LineString", "coordinates": [ [ 350.0, 290.0 ], [ 350.0, 300.0 ] ] } },
{ "type": "Feature", "properties": { "type": "road_segment", "direction": "vertical" }, "geometry": { "type": "LineString", "coordinates": [ [ 350.0, 300.0 ], [ 350.0, 310.0 ] ] } },
{ "type": "Feature", "properties": { "type": "road_segment", "direction": "vertical" }, "geometry": { "type": "LineString", "coordinates": [ [ 350.0, 340.0 ], [ 350.0, 350.0 ] ] } },
{ "type": "Feature", "properties": { "type": "road_segment", "direction": "vertical" }, "geometry": { "type": "LineString", "coordinates": [ [ 350.0, 350.0 ], [ 350.0, 360.0 ] ] } },
{ "type": "Feature", "properties": { "type": "road_segment", "direction": "vertical" }, "geometry": { "type": "LineString", "coordinates": [ [ 350.0, 390.0 ], [ 350.0, 400.0 ] ] } },
{ "type": "Feature", "properties": { "type": "road_segment", "direction": "vertical" }, "geometry": { "type": "LineString", "coordinates": [ [ 350.0, 400.0 ], [ 350.0, 410.0 ] ] } },
{ "type": "Feature", "properties": { "type": "road_segment", "direction": "vertical" }, "geometry": { "type": "LineString", "coordinates": [ [ 350.0, 460.0 ], [ 350.0, 470.0 ] ] } },
{ "type": "Feature", "properties": { "type": "road_segment", "direction": "vertical" }, "geometry": { "type": "LineString", "coordinates": [ [ 350.0, 470.0 ], [ 350.0, 480.0 ] ] } },
{ "type": "Feature", "properties": { "type": "road_segment", "direction": "vertical" }, "geometry": { "type": "LineString", "coordinates": [ [ 350.0, 580.0 ], [ 350.0, 590.0 ] ] } },
{ "type": "Feature", "properties": { "type": "road_segment", "direction": "vertical" }, "geometry": { "type": "LineString", "coordinates": [ [ 360.0, 0.0 ], [ 360.0, 10.0 ] ] } },
{ "type": "Feature", "properties": { "type": "road_segment", "direction": "vertical" }, "geometry": { "type": "LineString", "coordinates": [ [ 360.0, 100.0 ], [ 360.0, 110.0 ] ] } },
{ "type": "Feature", "properties": { "type": "road_segment", "direction": "vertical" }, "geometry": { "type": "LineString", "coordinates": [ [ 360.0, 110.0 ], [ 360.0, 120.0 ] ] } },
{ "type": "Feature", "properties": { "type": "road_segment", "direction": "vertical" }, "geometry": { "type": "LineString", "coordinates": [ [ 360.0, 190.0 ], [ 360.0, 200.0 ] ] } },
{ "type": "Feature", "properties": { "type": "road_segment", "direction": "vertical" }, "geometry": { "type": "LineString", "coordinates": [ [ 360.0, 200.0 ], [ 360.0, 210.0 ] ] } },
{ "type": "Feature", "properties": { "type": "road_segment", "direction": "vertical" }, "geometry": { "type": "LineString", "coordinates": [ [ 360.0, 210.0 ], [ 360.0, 220.0 ] ] } },
{ "type": "Feature", "properties": { "type": "road_segment", "direction": "vertical" }, "geometry": { "type": "LineString", "coordinates": [ [ 360.0, 220.0 ], [ 360.0, 230.0 ] ] } },
{ "type": "Feature", "properties": { "type": "road_segment", "direction": "vertical" }, "geometry": { "type": "LineString", "coordinates": [ [ 360.0, 230.0 ], [ 360.0, 240.0 ] ] } },
{ "type": "Feature", "properties": { "type": "road_segment", "direction": "vertical" }, "geometry": { "type": "LineString", "coordinates": [ [ 360.0, 290.0 ], [ 360.0, 300.0 ] ] } },
{ "type": "Feature", "properties": { "type": "road_segment", "direction": "vertical" }, "geometry": { "type": "LineString", "coordinates": [ [ 360.0, 300.0 ], [ 360.0, 310.0 ] ] } },
{ "type": "Feature", "properties": { "type": "road_segment", "direction": "vertical" }, "geometry": { "type": "LineString", "coordinates": [ [ 360.0, 340.0 ], [ 360.0, 350.0 ] ] } },
{ "type": "Feature", "properties": { "type": "road_segment", "direction": "vertical" }, "geometry": { "type": "LineString", "coordinates": [ [ 360.0, 350.0 ], [ 360.0, 360.0 ] ] } },
{ "type": "Feature", "properties": { "type": "road_segment", "direction": "vertical" }, "geometry": { "type": "LineString", "coordinates": [ [ 360.0, 390.0 ], [ 360.0, 400.0 ] ] } },
{ "type": "Feature", "properties": { "type": "road_segment", "direction": "vertical" }, "geometry": { "type": "LineString", "coordinates": [ [ 360.0, 400.0 ], [ 360.0, 410.0 ] ] } },
{ "type": "Feature", "properties": { "type": "road_segment", "direction": "vertical" }, "geometry": { "type": "LineString", "coordinates": [ [ 360.0, 460.0 ], [ 360.0, 470.0 ] ] } },
{ "type": "Feature", "properties": { "type": "road_segment", "direction": "vertical" }, "geometry": { "type": "LineString", "coordinates": [ [ 360.0, 470.0 ], [ 360.0, 480.0 ] ] } },
{ "type": "Feature", "properties": { "type": "road_segment", "direction": "vertical" }, "geometry": { "type": "LineString", "coordinates": [ [ 360.0, 580.0 ], [ 360.0, 590.0 ] ] } },
{ "type": "Feature", "properties": { "type": "road_segment", "direction": "vertical" }, "geometry": { "type": "LineString", "coordinates": [ [ 370.0, 190.0 ], [ 370.0, 200.0 ] ] } },
{ "type": "Feature", "properties": { "type": "road_segment", "direction": "vertical" }, "geometry": { "type": "LineString", "coordinates": [ [ 370.0, 200.0 ], [ 370.0, 210.0 ] ] } },
{ "type": "Feature", "properties": { "type": "road_segment", "direction": "vertical" }, "geometry": { "type": "LineString", "coordinates": [ [ 370.0, 290.0 ], [ 370.0, 300.0 ] ] } },
{ "type": "Feature", "properties": { "type": "road_segment", "direction": "vertical" }, "geometry": { "type": "LineString", "coordinates": [ [ 370.0, 300.0 ], [ 370.0, 310.0 ] ] } },
{ "type": "Feature", "properties": { "type": "road_segment", "direction": "vertical" }, "geometry": { "type": "LineString", "coordinates": [ [ 370.0, 390.0 ], [ 370.0, 400.0 ] ] } },
{ "type": "Feature", "properties": { "type": "road_segment", "direction": "vertical" }, "geometry": { "type": "LineString", "coordinates": [ [ 370.0, 400.0 ], [ 370.0, 410.0 ] ] } },
{ "type": "Feature", "properties": { "type": "road_segment", "direction": "vertical" }, "geometry": { "type": "LineString", "coordinates": [ [ 380.0, 190.0 ], [ 380.0, 200.0 ] ] } },
{ "type": "Feature", "properties": { "type": "road_segment", "direction": "vertical" }, "geometry": { "type": "LineString", "coordinates": [ [ 380.0, 200.0 ], [ 380.0, 210.0 ] ] } },
{ "type": "Feature", "properties": { "type": "road_segment", "direction": "vertical" }, "geometry": { "type": "LineString", "coordinates": [ [ 380.0, 290.0 ], [ 380.0, 300.0 ] ] } },
{ "type": "Feature", "properties": { "type": "road_segment", "direction": "vertical" }, "geometry": { "type": "LineString", "coordinates": [ [ 380.0, 300.0 ], [ 380.0, 310.0 ] ] } },
{ "type": "Feature", "properties": { "type": "road_segment", "direction": "vertical" }, "geometry": { "type": "LineString", "coordinates": [ [ 380.0, 390.0 ], [ 380.0, 400.0 ] ] } },
{ "type": "Feature", "properties": { "type": "road_segment", "direction": "vertical" }, "geometry": { "type": "LineString", "coordinates": [ [ 380.0, 400.0 ], [ 380.0, 410.0 ] ] } },
{ "type": "Feature", "properties": { "type": "road_segment", "direction": "vertical" }, "geometry": { "type": "LineString", "coordinates": [ [ 390.0, 0.0 ], [ 390.0, 10.0 ] ] } },
{ "type": "Feature", "properties": { "type": "road_segment", "direction": "vertical" }, "geometry": { "type": "LineString", "coordinates": [ [ 390.0, 10.0 ], [ 390.0, 20.0 ] ] } },
{ "type": "Feature", "properties": { "type": "road_segment", "direction": "vertical" }, "geometry": { "type": "LineString", "coordinates": [ [ 390.0, 20.0 ], [ 390.0, 30.0 ] ] } },
{ "type": "Feature", "properties": { "type": "road_segment", "direction": "vertical" }, "geometry": { "type": "LineString", "coordinates": [ [ 390.0, 30.0 ], [ 390.0, 40.0 ] ] } },
{ "type": "Feature", "properties": { "type": "road_segment", "direction": "vertical" }, "geometry": { "type": "LineString", "coordinates": [ [ 390.0, 40.0 ], [ 390.0, 50.0 ] ] } },
{ "type": "Feature", "properties": { "type": "road_segment", "direction": "vertical" }, "geometry": { "type": "LineString", "coordinates": [ [ 390.0, 50.0 ], [ 390.0, 60.0 ] ] } },
{ "type": "Feature", "properties": { "type": "road_segment", "direction": "vertical" }, "geometry": { "type": "LineString", "coordinates": [ [ 390.0, 60.0 ], [ 390.0, 70.0 ] ] } },
{ "type": "Feature", "properties": { "type": "road_segment", "direction": "vertical" }, "geometry": { "type": "LineString", "coordinates": [ [ 390.0, 70.0 ], [ 390.0, 80.0 ] ] } },
{ "type": "Feature", "properties": { "type": "road_segment", "direction": "vertical" }, "geometry": { "type": "LineString", "coordinates": [ [ 390.0, 80.0 ], [ 390.0, 90.0 ] ] } },
{ "type": "Feature", "properties": { "type": "road_segment", "direction": "vertical" }, "geometry": { "type": "LineString", "coordinates": [ [ 390.0, 90.0 ], [ 390.0, 100.0 ] ] } },
{ "type": "Feature", "properties": { "type": "road_segment", "direction": "vertical" }, "geometry": { "type": "LineString", "coordinates": [ [ 390.0, 100.0 ], [ 390.0, 110.0 ] ] } },
{ "type": "Feature", "properties": { "type": "road_segment", "direction": "vertical" }, "geometry": { "type": "LineString", "coordinates": [ [ 390.0, 110.0 ], [ 390.0, 120.0 ] ] } },
{ "type": "Feature", "properties": { "type": "road_segment", "direction": "vertical" }, "geometry": { "type": "LineString", "coordinates": [ [ 390.0, 120.0 ], [ 390.0, 130.0 ] ] } },
{ "type": "Feature", "properties": { "type": "road_segment", "direction": "vertical" }, "geometry": { "type": "LineString", "coordinates": [ [ 390.0, 130.0 ], [ 390.0, 140.0 ] ] } },
{ "type": "Feature", "properties": { "type": "road_segment", "direction": "vertical" }, "geometry": { "type": "LineString", "coordinates": [ [ 390.0, 140.0 ], [ 390.0, 150.0 ] ] } },
{ "type": "Feature", "properties": { "type": "road_segment", "direction": "vertical" }, "geometry": { "type": "LineString", "coordinates": [ [ 390.0, 150.0 ], [ 390.0, 160.0 ] ] } },
{ "type": "Feature", "properties": { "type": "road_segment", "direction": "vertical" }, "geometry": { "type": "LineString", "coordinates": [ [ 390.0, 160.0 ], [ 390.0, 170.0 ] ] } },
{ "type": "Feature", "properties": { "type": "road_segment", "direction": "vertical" }, "geometry": { "type": "LineString", "coordinates": [ [ 390.0, 170.0 ], [ 390.0, 180.0 ] ] } },
{ "type": "Feature", "properties": { "type": "road_segment", "direction": "vertical" }, "geometry": { "type": "LineString", "coordinates": [ [ 390.0, 180.0 ], [ 390.0, 190.0 ] ] } },
{ "type": "Feature", "properties": { "type": "road_segment", "direction": "vertical" }, "geometry": { "type": "LineString", "coordinates": [ [ 390.0, 190.0 ], [ 390.0, 200.0 ] ] } },
{ "type": "Feature", "properties": { "type": "road_segment", "direction": "vertical" }, "geometry": { "type": "LineString", "coordinates": [ [ 390.0, 200.0 ], [ 390.0, 210.0 ] ] } },
{ "type": "Feature", "properties": { "type": "road_segment", "direction": "vertical" }, "geometry": { "type": "LineString", "coordinates": [ [ 390.0, 210.0 ], [ 390.0, 220.0 ] ] } },
{ "type": "Feature", "properties": { "type": "road_segment", "direction": "vertical" }, "geometry": { "type": "LineString", "coordinates": [ [ 390.0, 220.0 ], [ 390.0, 230.0 ] ] } },
{ "type": "Feature", "properties": { "type": "road_segment", "direction": "vertical" }, "geometry": { "type": "LineString", "coordinates": [ [ 390.0, 230.0 ], [ 390.0, 240.0 ] ] } },
{ "type": "Feature", "properties": { "type": "road_segment", "direction": "vertical" }, "geometry": { "type": "LineString", "coordinates": [ [ 390.0, 240.0 ], [ 390.0, 250.0 ] ] } },
{ "type": "Feature", "properties": { "type": "road_segment", "direction": "vertical" }, "geometry": { "type": "LineString", "coordinates": [ [ 390.0, 250.0 ], [ 390.0, 260.0 ] ] } },
{ "type": "Feature", "properties": { "type": "road_segment", "direction": "vertical" }, "geometry": { "type": "LineString", "coordinates": [ [ 390.0, 260.0 ], [ 390.0, 270.0 ] ] } },
{ "type": "Feature", "properties": { "type": "road_segment", "direction": "vertical" }, "geometry": { "type": "LineString", "coordinates": [ [ 390.0, 270.0 ], [ 390.0, 280.0 ] ] } },
{ "type": "Feature", "properties": { "type": "road_segment", "direction": "vertical" }, "geometry": { "type": "LineString", "coordinates": [ [ 390.0, 280.0 ], [ 390.0, 290.0 ] ] } },
{ "type": "Feature", "properties": { "type": "road_segment", "direction": "vertical" }, "geometry": { "type": "LineString", "coordinates": [ [ 390.0, 290.0 ], [ 390.0, 300.0 ] ] } },
{ "type": "Feature", "properties": { "type": "road_segment", "direction": "vertical" }, "geometry": { "type": "LineString", "coordinates": [ [ 390.0, 300.0 ], [ 390.0, 310.0 ] ] } },
{ "type": "Feature", "properties": { "type": "road_segment", "direction": "vertical" }, "geometry": { "type": "LineString", "coordinates": [ [ 390.0, 310.0 ], [ 390.0, 320.0 ] ] } },
{ "type": "Feature", "properties": { "type": "road_segment", "direction": "vertical" }, "geometry": { "type": "LineString", "coordinates": [ [ 390.0, 320.0 ], [ 390.0, 330.0 ] ] } },
{ "type": "Feature", "properties": { "type": "road_segment", "direction": "vertical" }, "geometry": { "type": "LineString", "coordinates": [ [ 390.0, 330.0 ], [ 390.0, 340.0 ] ] } },
{ "type": "Feature", "properties": { "type": "road_segment", "direction": "vertical" }, "geometry": { "type": "LineString", "coordinates": [ [ 390.0, 340.0 ], [ 390.0, 350.0 ] ] } },
{ "type": "Feature", "properties": { "type": "road_segment", "direction": "vertical" }, "geometry": { "type": "LineString", "coordinates": [ [ 390.0, 350.0 ], [ 390.0, 360.0 ] ] } },
{ "type": "Feature", "properties": { "type": "road_segment", "direction": "vertical" }, "geometry": { "type": "LineString", "coordinates": [ [ 390.0, 360.0 ], [ 390.0, 370.0 ] ] } },
{ "type": "Feature", "properties": { "type": "road_segment", "direction": "vertical" }, "geometry": { "type": "LineString", "coordinates": [ [ 390.0, 370.0 ], [ 390.0, 380.0 ] ] } },
{ "type": "Feature", "properties": { "type": "road_segment", "direction": "vertical" }, "geometry": { "type": "LineString", "coordinates": [ [ 390.0, 380.0 ], [ 390.0, 390.0 ] ] } },
{ "type": "Feature", "properties": { "type": "road_segment", "direction": "vertical" }, "geometry": { "type": "LineString", "coordinates": [ [ 390.0, 390.0 ], [ 390.0, 400.0 ] ] } },
{ "type": "Feature", "properties": { "type": "road_segment", "direction": "vertical" }, "geometry": { "type": "LineString", "coordinates": [ [ 390.0, 400.0 ], [ 390.0, 410.0 ] ] } },
{ "type": "Feature", "properties": { "type": "road_segment", "direction": "vertical" }, "geometry": { "type": "LineString", "coordinates": [ [ 390.0, 410.0 ], [ 390.0, 420.0 ] ] } },
{ "type": "Feature", "properties": { "type": "road_segment", "direction": "vertical" }, "geometry": { "type": "LineString", "coordinates": [ [ 390.0, 420.0 ], [ 390.0, 430.0 ] ] } },
{ "type": "Feature", "properties": { "type": "road_segment", "direction": "vertical" }, "geometry": { "type": "LineString", "coordinates": [ [ 390.0, 430.0 ], [ 390.0, 440.0 ] ] } },
{ "type": "Feature", "properties": { "type": "road_segment", "direction": "vertical" }, "geometry": { "type": "LineString", "coordinates": [ [ 390.0, 440.0 ], [ 390.0, 450.0 ] ] } },
{ "type": "Feature", "properties": { "type": "road_segment", "direction": "vertical" }, "geometry": { "type": "LineString", "coordinates": [ [ 390.0, 450.0 ], [ 390.0, 460.0 ] ] } },
{ "type": "Feature", "properties": { "type": "road_segment", "direction": "vertical" }, "geometry": { "type": "LineString", "coordinates": [ [ 390.0, 460.0 ], [ 390.0, 470.0 ] ] } },
{ "type": "Feature", "properties": { "type": "road_segment", "direction": "vertical" }, "geometry": { "type": "LineString", "coordinates": [ [ 390.0, 470.0 ], [ 390.0, 480.0 ] ] } },
{ "type": "Feature", "properties": { "type": "road_segment", "direction": "vertical" }, "geometry": { "type": "LineString", "coordinates": [ [ 390.0, 480.0 ], [ 390.0, 490.0 ] ] } },
{ "type": "Feature", "properties": { "type": "road_segment", "direction": "vertical" }, "geometry": { "type": "LineString", "coordinates": [ [ 390.0, 490.0 ], [ 390.0, 500.0 ] ] } },
{ "type": "Feature", "properties": { "type": "road_segment", "direction": "vertical" }, "geometry": { "type": "LineString", "coordinates": [ [ 390.0, 500.0 ], [ 390.0, 510.0 ] ] } },
{ "type": "Feature", "properties": { "type": "road_segment", "direction": "vertical" }, "geometry": { "type": "LineString", "coordinates": [ [ 390.0, 510.0 ], [ 390.0, 520.0 ] ] } },
{ "type": "Feature", "properties": { "type": "road_segment", "direction": "vertical" }, "geometry": { "type": "LineString", "coordinates": [ [ 390.0, 520.0 ], [ 390.0, 530.0 ] ] } },
{ "type": "Feature", "properties": { "type": "road_segment", "direction": "vertical" }, "geometry": { "type": "LineString", "coordinates": [ [ 390.0, 530.0 ], [ 390.0, 540.0 ] ] } },
{ "type": "Feature", "properties": { "type": "road_segment", "direction": "vertical" }, "geometry": { "type": "LineString", "coordinates": [ [ 390.0, 540.0 ], [ 390.0, 550.0 ] ] } },
{ "type": "Feature", "properties": { "type": "road_segment", "direction": "vertical" }, "geometry": { "type": "LineString", "coordinates": [ [ 390.0, 550.0 ], [ 390.0, 560.0 ] ] } },
{ "type": "Feature", "properties": { "type": "road_segment", "direction": "vertical" }, "geometry": { "type": "LineString", "coordinates": [ [ 390.0, 560.0 ], [ 390.0, 570.0 ] ] } },
{ "type": "Feature", "properties": { "type": "road_segment", "direction": "vertical" }, "geometry": { "type": "LineString", "coordinates": [ [ 390.0, 570.0 ], [ 390.0, 580.0 ] ] } },
{ "type": "Feature", "properties": { "type": "road_segment", "direction": "vertical" }, "geometry": { "type": "LineString", "coordinates": [ [ 390.0, 580.0 ], [ 390.0, 590.0 ] ] } },
{ "type": "Feature", "properties": { "type": "road_segment", "direction": "vertical" }, "geometry": { "type": "LineString", "coordinates": [ [ 400.0, 10.0 ], [ 400.0, 20.0 ] ] } },
{ "type": "Feature", "properties": { "type": "road_segment", "direction": "vertical" }, "geometry": { "type": "LineString", "coordinates": [ [ 400.0, 40.0 ], [ 400.0, 50.0 ] ] } },
{ "type": "Feature", "properties": { "type": "road_segment", "direction": "vertical" }, "geometry": { "type": "LineString", "coordinates": [ [ 400.0, 50.0 ], [ 400.0, 60.0 ] ] } },
{ "type": "Feature", "properties": { "type": "road_segment", "direction": "vertical" }, "geometry": { "type": "LineString", "coordinates": [ [ 400.0, 60.0 ], [ 400.0, 70.0 ] ] } },
{ "type": "Feature", "properties": { "type": "road_segment", "direction": "vertical" }, "geometry": { "type": "LineString", "coordinates": [ [ 400.0, 70.0 ], [ 400.0, 80.0 ] ] } },
{ "type": "Feature", "properties": { "type": "road_segment", "direction": "vertical" }, "geometry": { "type": "LineString", "coordinates": [ [ 400.0, 80.0 ], [ 400.0, 90.0 ] ] } },
{ "type": "Feature", "properties": { "type": "road_segment", "direction": "vertical" }, "geometry": { "type": "LineString", "coordinates": [ [ 400.0, 90.0 ], [ 400.0, 100.0 ] ] } },
{ "type": "Feature", "properties": { "type": "road_segment", "direction": "vertical" }, "geometry": { "type": "LineString", "coordinates": [ [ 400.0, 100.0 ], [ 400.0, 110.0 ] ] } },
{ "type": "Feature", "properties": { "type": "road_segment", "direction": "vertical" }, "geometry": { "type": "LineString", "coordinates": [ [ 400.0, 110.0 ], [ 400.0, 120.0 ] ] } },
{ "type": "Feature", "properties": { "type": "road_segment", "direction": "vertical" }, "geometry": { "type": "LineString", "coordinates": [ [ 400.0, 120.0 ], [ 400.0, 130.0 ] ] } },
{ "type": "Feature", "properties": { "type": "road_segment", "direction": "vertical" }, "geometry": { "type": "LineString", "coordinates": [ [ 400.0, 130.0 ], [ 400.0, 140.0 ] ] } },
{ "type": "Feature", "properties": { "type": "road_segment", "direction": "vertical" }, "geometry": { "type": "LineString", "coordinates": [ [ 400.0, 140.0 ], [ 400.0, 150.0 ] ] } },
{ "type": "Feature", "properties": { "type": "road_segment", "direction": "vertical" }, "geometry": { "type": "LineString", "coordinates": [ [ 400.0, 150.0 ], [ 400.0, 160.0 ] ] } },
{ "type": "Feature", "properties": { "type": "road_segment", "direction": "vertical" }, "geometry": { "type": "LineString", "coordinates": [ [ 400.0, 160.0 ], [ 400.0, 170.0 ] ] } },
{ "type": "Feature", "properties": { "type": "road_segment", "direction": "vertical" }, "geometry": { "type": "LineString", "coordinates": [ [ 400.0, 170.0 ], [ 400.0, 180.0 ] ] } },
{ "type": "Feature", "properties": { "type": "road_segment", "direction": "vertical" }, "geometry": { "type": "LineString", "coordinates": [ [ 400.0, 180.0 ], [ 400.0, 190.0 ] ] } },
{ "type": "Feature", "properties": { "type": "road_segment", "direction": "vertical" }, "geometry": { "type": "LineString", "coordinates": [ [ 400.0, 190.0 ], [ 400.0, 200.0 ] ] } },
{ "type": "Feature", "properties": { "type": "road_segment", "direction": "vertical" }, "geometry": { "type": "LineString", "coordinates": [ [ 400.0, 200.0 ], [ 400.0, 210.0 ] ] } },
{ "type": "Feature", "properties": { "type": "road_segment", "direction": "vertical" }, "geometry": { "type": "LineString", "coordinates": [ [ 400.0, 210.0 ], [ 400.0, 220.0 ] ] } },
{ "type": "Feature", "properties": { "type": "road_segment", "direction": "vertical" }, "geometry": { "type": "LineString", "coordinates": [ [ 400.0, 220.0 ], [ 400.0, 230.0 ] ] } },
{ "type": "Feature", "properties": { "type": "road_segment", "direction": "vertical" }, "geometry": { "type": "LineString", "coordinates": [ [ 400.0, 230.0 ], [ 400.0, 240.0 ] ] } },
{ "type": "Feature", "properties": { "type": "road_segment", "direction": "vertical" }, "geometry": { "type": "LineString", "coordinates": [ [ 400.0, 240.0 ], [ 400.0, 250.0 ] ] } },
{ "type": "Feature", "properties": { "type": "road_segment", "direction": "vertical" }, "geometry": { "type": "LineString", "coordinates": [ [ 400.0, 250.0 ], [ 400.0, 260.0 ] ] } },
{ "type": "Feature", "properties": { "type": "road_segment", "direction": "vertical" }, "geometry": { "type": "LineString", "coordinates": [ [ 400.0, 260.0 ], [ 400.0, 270.0 ] ] } },
{ "type": "Feature", "properties": { "type": "road_segment", "direction": "vertical" }, "geometry": { "type": "LineString", "coordinates": [ [ 400.0, 270.0 ], [ 400.0, 280.0 ] ] } },
{ "type": "Feature", "properties": { "type": "road_segment", "direction": "vertical" }, "geometry": { "type": "LineString", "coordinates": [ [ 400.0, 280.0 ], [ 400.0, 290.0 ] ] } },
{ "type": "Feature", "properties": { "type": "road_segment", "direction": "vertical" }, "geometry": { "type": "LineString", "coordinates": [ [ 400.0, 290.0 ], [ 400.0, 300.0 ] ] } },
{ "type": "Feature", "properties": { "type": "road_segment", "direction": "vertical" }, "geometry": { "type": "LineString", "coordinates": [ [ 400.0, 300.0 ], [ 400.0, 310.0 ] ] } },
{ "type": "Feature", "properties": { "type": "road_segment", "direction": "vertical" }, "geometry": { "type": "LineString", "coordinates": [ [ 400.0, 310.0 ], [ 400.0, 320.0 ] ] } },
{ "type": "Feature", "properties": { "type": "road_segment", "direction": "vertical" }, "geometry": { "type": "LineString", "coordinates": [ [ 400.0, 320.0 ], [ 400.0, 330.0 ] ] } },
{ "type": "Feature", "properties": { "type": "road_segment", "direction": "vertical" }, "geometry": { "type": "LineString", "coordinates": [ [ 400.0, 330.0 ], [ 400.0, 340.0 ] ] } },
{ "type": "Feature", "properties": { "type": "road_segment", "direction": "vertical" }, "geometry": { "type": "LineString", "coordinates": [ [ 400.0, 340.0 ], [ 400.0, 350.0 ] ] } },
{ "type": "Feature", "properties": { "type": "road_segment", "direction": "vertical" }, "geometry": { "type": "LineString", "coordinates": [ [ 400.0, 350.0 ], [ 400.0, 360.0 ] ] } },
{ "type": "Feature", "properties": { "type": "road_segment", "direction": "vertical" }, "geometry": { "type": "LineString", "coordinates": [ [ 400.0, 360.0 ], [ 400.0, 370.0 ] ] } },
{ "type": "Feature", "properties": { "type": "road_segment", "direction": "vertical" }, "geometry": { "type": "LineString", "coordinates": [ [ 400.0, 370.0 ], [ 400.0, 380.0 ] ] } },
{ "type": "Feature", "properties": { "type": "road_segment", "direction": "vertical" }, "geometry": { "type": "LineString", "coordinates": [ [ 400.0, 380.0 ], [ 400.0, 390.0 ] ] } },
{ "type": "Feature", "properties": { "type": "road_segment", "direction": "vertical" }, "geometry": { "type": "LineString", "coordinates": [ [ 400.0, 390.0 ], [ 400.0, 400.0 ] ] } },
{ "type": "Feature", "properties": { "type": "road_segment", "direction": "vertical" }, "geometry": { "type": "LineString", "coordinates": [ [ 400.0, 400.0 ], [ 400.0, 410.0 ] ] } },
{ "type": "Feature", "properties": { "type": "road_segment", "direction": "vertical" }, "geometry": { "type": "LineString", "coordinates": [ [ 400.0, 410.0 ], [ 400.0, 420.0 ] ] } },
{ "type": "Feature", "properties": { "type": "road_segment", "direction": "vertical" }, "geometry": { "type": "LineString", "coordinates": [ [ 400.0, 420.0 ], [ 400.0, 430.0 ] ] } },
{ "type": "Feature", "properties": { "type": "road_segment", "direction": "vertical" }, "geometry": { "type": "LineString", "coordinates": [ [ 400.0, 430.0 ], [ 400.0, 440.0 ] ] } },
{ "type": "Feature", "properties": { "type": "road_segment", "direction": "vertical" }, "geometry": { "type": "LineString", "coordinates": [ [ 400.0, 440.0 ], [ 400.0, 450.0 ] ] } },
{ "type": "Feature", "properties": { "type": "road_segment", "direction": "vertical" }, "geometry": { "type": "LineString", "coordinates": [ [ 400.0, 450.0 ], [ 400.0, 460.0 ] ] } },
{ "type": "Feature", "properties": { "type": "road_segment", "direction": "vertical" }, "geometry": { "type": "LineString", "coordinates": [ [ 400.0, 460.0 ], [ 400.0, 470.0 ] ] } },
{ "type": "Feature", "properties": { "type": "road_segment", "direction": "vertical" }, "geometry": { "type": "LineString", "coordinates": [ [ 400.0, 470.0 ], [ 400.0, 480.0 ] ] } },
{ "type": "Feature", "properties": { "type": "road_segment", "direction": "vertical" }, "geometry": { "type": "LineString", "coordinates": [ [ 400.0, 480.0 ], [ 400.0, 490.0 ] ] } },
{ "type": "Feature", "properties": { "type": "road_segment", "direction": "vertical" }, "geometry": { "type": "LineString", "coordinates": [ [ 400.0, 490.0 ], [ 400.0, 500.0 ] ] } },
{ "type": "Feature", "properties": { "type": "road_segment", "direction": "vertical" }, "geometry": { "type": "LineString", "coordinates": [ [ 400.0, 500.0 ], [ 400.0, 510.0 ] ] } },
{ "type": "Feature", "properties": { "type": "road_segment", "direction": "vertical" }, "geometry": { "type": "LineString", "coordinates": [ [ 400.0, 510.0 ], [ 400.0, 520.0 ] ] } },
{ "type": "Feature", "properties": { "type": "road_segment", "direction": "vertical" }, "geometry": { "type": "LineString", "coordinates": [ [ 400.0, 520.0 ], [ 400.0, 530.0 ] ] } },
{ "type": "Feature", "properties": { "type": "road_segment", "direction": "vertical" }, "geometry": { "type": "LineString", "coordinates": [ [ 400.0, 530.0 ], [ 400.0, 540.0 ] ] } },
{ "type": "Feature", "properties": { "type": "road_segment", "direction": "vertical" }, "geometry": { "type": "LineString", "coordinates": [ [ 400.0, 540.0 ], [ 400.0, 550.0 ] ] } },
{ "type": "Feature", "properties": { "type": "road_segment", "direction": "vertical" }, "geometry": { "type": "LineString", "coordinates": [ [ 400.0, 550.0 ], [ 400.0, 560.0 ] ] } },
{ "type": "Feature", "properties": { "type": "road_segment", "direction": "vertical" }, "geometry": { "type": "LineString", "coordinates": [ [ 410.0, 10.0 ], [ 410.0, 20.0 ] ] } },
{ "type": "Feature", "properties": { "type": "road_segment", "direction": "vertical" }, "geometry": { "type": "LineString", "coordinates": [ [ 410.0, 20.0 ], [ 410.0, 30.0 ] ] } },
{ "type": "Feature", "properties": { "type": "road_segment", "direction": "vertical" }, "geometry": { "type": "LineString", "coordinates": [ [ 410.0, 30.0 ], [ 410.0, 40.0 ] ] } },
{ "type": "Feature", "properties": { "type": "road_segment", "direction": "vertical" }, "geometry": { "type": "LineString", "coordinates": [ [ 410.0, 40.0 ], [ 410.0, 50.0 ] ] } },
{ "type": "Feature", "properties": { "type": "road_segment", "direction": "vertical" }, "geometry": { "type": "LineString", "coordinates": [ [ 410.0, 50.0 ], [ 410.0, 60.0 ] ] } },
{ "type": "Feature", "properties": { "type": "road_segment", "direction": "vertical" }, "geometry": { "type": "LineString", "coordinates": [ [ 410.0, 60.0 ], [ 410.0, 70.0 ] ] } },
{ "type": "Feature", "properties": { "type": "road_segment", "direction": "vertical" }, "geometry": { "type": "LineString", "coordinates": [ [ 410.0, 70.0 ], [ 410.0, 80.0 ] ] } },
{ "type": "Feature", "properties": { "type": "road_segment", "direction": "vertical" }, "geometry": { "type": "LineString", "coordinates": [ [ 410.0, 80.0 ], [ 410.0, 90.0 ] ] } },
{ "type": "Feature", "properties": { "type": "road_segment", "direction": "vertical" }, "geometry": { "type": "LineString", "coordinates": [ [ 410.0, 90.0 ], [ 410.0, 100.0 ] ] } },
{ "type": "Feature", "properties": { "type": "road_segment", "direction": "vertical" }, "geometry": { "type": "LineString", "coordinates": [ [ 410.0, 100.0 ], [ 410.0, 110.0 ] ] } },
{ "type": "Feature", "properties": { "type": "road_segment", "direction": "vertical" }, "geometry": { "type": "LineString", "coordinates": [ [ 410.0, 110.0 ], [ 410.0, 120.0 ] ] } },
{ "type": "Feature", "properties": { "type": "road_segment", "direction": "vertical" }, "geometry": { "type": "LineString", "coordinates": [ [ 410.0, 120.0 ], [ 410.0, 130.0 ] ] } },
{ "type": "Feature", "properties": { "type": "road_segment", "direction": "vertical" }, "geometry": { "type": "LineString", "coordinates": [ [ 410.0, 130.0 ], [ 410.0, 140.0 ] ] } },
{ "type": "Feature", "properties": { "type": "road_segment", "direction": "vertical" }, "geometry": { "type": "LineString", "coordinates": [ [ 410.0, 140.0 ], [ 410.0, 150.0 ] ] } },
{ "type": "Feature", "properties": { "type": "road_segment", "direction": "vertical" }, "geometry": { "type": "LineString", "coordinates": [ [ 410.0, 150.0 ], [ 410.0, 160.0 ] ] } },
{ "type": "Feature", "properties": { "type": "road_segment", "direction": "vertical" }, "geometry": { "type": "LineString", "coordinates": [ [ 410.0, 160.0 ], [ 410.0, 170.0 ] ] } },
{ "type": "Feature", "properties": { "type": "road_segment", "direction": "vertical" }, "geometry": { "type": "LineString", "coordinates": [ [ 410.0, 170.0 ], [ 410.0, 180.0 ] ] } },
{ "type": "Feature", "properties": { "type": "road_segment", "direction": "vertical" }, "geometry": { "type": "LineString", "coordinates": [ [ 410.0, 180.0 ], [ 410.0, 190.0 ] ] } },
{ "type": "Feature", "properties": { "type": "road_segment", "direction": "vertical" }, "geometry": { "type": "LineString", "coordinates": [ [ 410.0, 190.0 ], [ 410.0, 200.0 ] ] } },
{ "type": "Feature", "properties": { "type": "road_segment", "direction": "vertical" }, "geometry": { "type": "LineString", "coordinates": [ [ 410.0, 200.0 ], [ 410.0, 210.0 ] ] } },
{ "type": "Feature", "properties": { "type": "road_segment", "direction": "vertical" }, "geometry": { "type": "LineString", "coordinates": [ [ 410.0, 210.0 ], [ 410.0, 220.0 ] ] } },
{ "type": "Feature", "properties": { "type": "road_segment", "direction": "vertical" }, "geometry": { "type": "LineString", "coordinates": [ [ 410.0, 220.0 ], [ 410.0, 230.0 ] ] } },
{ "type": "Feature", "properties": { "type": "road_segment", "direction": "vertical" }, "geometry": { "type": "LineString", "coordinates": [ [ 410.0, 230.0 ], [ 410.0, 240.0 ] ] } },
{ "type": "Feature", "properties": { "type": "road_segment", "direction": "vertical" }, "geometry": { "type": "LineString", "coordinates": [ [ 410.0, 240.0 ], [ 410.0, 250.0 ] ] } },
{ "type": "Feature", "properties": { "type": "road_segment", "direction": "vertical" }, "geometry": { "type": "LineString", "coordinates": [ [ 410.0, 250.0 ], [ 410.0, 260.0 ] ] } },
{ "type": "Feature", "properties": { "type": "road_segment", "direction": "vertical" }, "geometry": { "type": "LineString", "coordinates": [ [ 410.0, 260.0 ], [ 410.0, 270.0 ] ] } },
{ "type": "Feature", "properties": { "type": "road_segment", "direction": "vertical" }, "geometry": { "type": "LineString", "coordinates": [ [ 410.0, 270.0 ], [ 410.0, 280.0 ] ] } },
{ "type": "Feature", "properties": { "type": "road_segment", "direction": "vertical" }, "geometry": { "type": "LineString", "coordinates": [ [ 410.0, 280.0 ], [ 410.0, 290.0 ] ] } },
{ "type": "Feature", "properties": { "type": "road_segment", "direction": "vertical" }, "geometry": { "type": "LineString", "coordinates": [ [ 410.0, 290.0 ], [ 410.0, 300.0 ] ] } },
{ "type": "Feature", "properties": { "type": "road_segment", "direction": "vertical" }, "geometry": { "type": "LineString", "coordinates": [ [ 410.0, 300.0 ], [ 410.0, 310.0 ] ] } },
{ "type": "Feature", "properties": { "type": "road_segment", "direction": "vertical" }, "geometry": { "type": "LineString", "coordinates": [ [ 410.0, 310.0 ], [ 410.0, 320.0 ] ] } },
{ "type": "Feature", "properties": { "type": "road_segment", "direction": "vertical" }, "geometry": { "type": "LineString", "coordinates": [ [ 410.0, 320.0 ], [ 410.0, 330.0 ] ] } },
{ "type": "Feature", "properties": { "type": "road_segment", "direction": "vertical" }, "geometry": { "type": "LineString", "coordinates": [ [ 410.0, 330.0 ], [ 410.0, 340.0 ] ] } },
{ "type": "Feature", "properties": { "type": "road_segment", "direction": "vertical" }, "geometry": { "type": "LineString", "coordinates": [ [ 410.0, 340.0 ], [ 410.0, 350.0 ] ] } },
{ "type": "Feature", "properties": { "type": "road_segment", "direction": "vertical" }, "geometry": { "type": "LineString", "coordinates": [ [ 410.0, 350.0 ], [ 410.0, 360.0 ] ] } },
{ "type": "Feature", "properties": { "type": "road_segment", "direction": "vertical" }, "geometry": { "type": "LineString", "coordinates": [ [ 410.0, 360.0 ], [ 410.0, 370.0 ] ] } },
{ "type": "Feature", "properties": { "type": "road_segment", "direction": "vertical" }, "geometry": { "type": "LineString", "coordinates": [ [ 410.0, 370.0 ], [ 410.0, 380.0 ] ] } },
{ "type": "Feature", "properties": { "type": "road_segment", "direction": "vertical" }, "geometry": { "type": "LineString", "coordinates": [ [ 410.0, 380.0 ], [ 410.0, 390.0 ] ] } },
{ "type": "Feature", "properties": { "type": "road_segment", "direction": "vertical" }, "geometry": { "type": "LineString", "coordinates": [ [ 410.0, 390.0 ], [ 410.0, 400.0 ] ] } },
{ "type": "Feature", "properties": { "type": "road_segment", "direction": "vertical" }, "geometry": { "type": "LineString", "coordinates": [ [ 410.0, 400.0 ], [ 410.0, 410.0 ] ] } },
{ "type": "Feature", "properties": { "type": "road_segment", "direction": "vertical" }, "geometry": { "type": "LineString", "coordinates": [ [ 410.0, 410.0 ], [ 410.0, 420.0 ] ] } },
{ "type": "Feature", "properties": { "type": "road_segment", "direction": "vertical" }, "geometry": { "type": "LineString", "coordinates": [ [ 410.0, 420.0 ], [ 410.0, 430.0 ] ] } },
{ "type": "Feature", "properties": { "type": "road_segment", "direction": "vertical" }, "geometry": { "type": "LineString", "coordinates": [ [ 410.0, 430.0 ], [ 410.0, 440.0 ] ] } },
{ "type": "Feature", "properties": { "type": "road_segment", "direction": "vertical" }, "geometry": { "type": "LineString", "coordinates": [ [ 410.0, 440.0 ], [ 410.0, 450.0 ] ] } },
{ "type": "Feature", "properties": { "type": "road_segment", "direction": "vertical" }, "geometry": { "type": "LineString", "coordinates": [ [ 410.0, 450.0 ], [ 410.0, 460.0 ] ] } },
{ "type": "Feature", "properties": { "type": "road_segment", "direction": "vertical" }, "geometry": { "type": "LineString", "coordinates": [ [ 410.0, 460.0 ], [ 410.0, 470.0 ] ] } },
{ "type": "Feature", "properties": { "type": "road_segment", "direction": "vertical" }, "geometry": { "type": "LineString", "coordinates": [ [ 410.0, 470.0 ], [ 410.0, 480.0 ] ] } },
{ "type": "Feature", "properties": { "type": "road_segment", "direction": "vertical" }, "geometry": { "type": "LineString", "coordinates": [ [ 410.0, 480.0 ], [ 410.0, 490.0 ] ] } },
{ "type": "Feature", "properties": { "type": "road_segment", "direction": "vertical" }, "geometry": { "type": "LineString", "coordinates": [ [ 410.0, 490.0 ], [ 410.0, 500.0 ] ] } },
{ "type": "Feature", "properties": { "type": "road_segment", "direction": "vertical" }, "geometry": { "type": "LineString", "coordinates": [ [ 410.0, 500.0 ], [ 410.0, 510.0 ] ] } },
{ "type": "Feature", "properties": { "type": "road_segment", "direction": "vertical" }, "geometry": { "type": "LineString", "coordinates": [ [ 410.0, 510.0 ], [ 410.0, 520.0 ] ] } },
{ "type": "Feature", "properties": { "type": "road_segment", "direction": "vertical" }, "geometry": { "type": "LineString", "coordinates": [ [ 410.0, 520.0 ], [ 410.0, 530.0 ] ] } },
{ "type": "Feature", "properties": { "type": "road_segment", "direction": "vertical" }, "geometry": { "type": "LineString", "coordinates": [ [ 410.0, 530.0 ], [ 410.0, 540.0 ] ] } },
{ "type": "Feature", "properties": { "type": "road_segment", "direction": "vertical" }, "geometry": { "type": "LineString", "coordinates": [ [ 410.0, 540.0 ], [ 410.0, 550.0 ] ] } },
{ "type": "Feature", "properties": { "type": "road_segment", "direction": "vertical" }, "geometry": { "type": "LineString", "coordinates": [ [ 410.0, 550.0 ], [ 410.0, 560.0 ] ] } },
{ "type": "Feature", "properties": { "type": "road_segment", "direction": "vertical" }, "geometry": { "type": "LineString", "coordinates": [ [ 420.0, 190.0 ], [ 420.0, 200.0 ] ] } },
{ "type": "Feature", "properties": { "type": "road_segment", "direction": "vertical" }, "geometry": { "type": "LineString", "coordinates": [ [ 420.0, 200.0 ], [ 420.0, 210.0 ] ] } },
{ "type": "Feature", "properties": { "type": "road_segment", "direction": "vertical" }, "geometry": { "type": "LineString", "coordinates": [ [ 420.0, 290.0 ], [ 420.0, 300.0 ] ] } },
{ "type": "Feature", "properties": { "type": "road_segment", "direction": "vertical" }, "geometry": { "type": "LineString", "coordinates": [ [ 420.0, 300.0 ], [ 420.0, 310.0 ] ] } },
{ "type": "Feature", "properties": { "type": "road_segment", "direction": "vertical" }, "geometry": { "type": "LineString", "coordinates": [ [ 420.0, 390.0 ], [ 420.0, 400.0 ] ] } },
{ "type": "Feature", "properties": { "type": "road_segment", "direction": "vertical" }, "geometry": { "type": "LineString", "coordinates": [ [ 420.0, 400.0 ], [ 420.0, 410.0 ] ] } },
{ "type": "Feature", "properties": { "type": "road_segment", "direction": "vertical" }, "geometry": { "type": "LineString", "coordinates": [ [ 430.0, 190.0 ], [ 430.0, 200.0 ] ] } },
{ "type": "Feature", "properties": { "type": "road_segment", "direction": "vertical" }, "geometry": { "type": "LineString", "coordinates": [ [ 430.0, 200.0 ], [ 430.0, 210.0 ] ] } },
{ "type": "Feature", "properties": { "type": "road_segment", "direction": "vertical" }, "geometry": { "type": "LineString", "coordinates": [ [ 430.0, 290.0 ], [ 430.0, 300.0 ] ] } },
{ "type": "Feature", "properties": { "type": "road_segment", "direction": "vertical" }, "geometry": { "type": "LineString", "coordinates": [ [ 430.0, 300.0 ], [ 430.0, 310.0 ] ] } },
{ "type": "Feature", "properties": { "type": "road_segment", "direction": "vertical" }, "geometry": { "type": "LineString", "coordinates": [ [ 430.0, 390.0 ], [ 430.0, 400.0 ] ] } },
{ "type": "Feature", "properties": { "type": "road_segment", "direction": "vertical" }, "geometry": { "type": "LineString", "coordinates": [ [ 430.0, 400.0 ], [ 430.0, 410.0 ] ] } },
{ "type": "Feature", "properties": { "type": "road_segment", "direction": "vertical" }, "geometry": { "type": "LineString", "coordinates": [ [ 440.0, 190.0 ], [ 440.0, 200.0 ] ] } },
{ "type": "Feature", "properties": { "type": "road_segment", "direction": "vertical" }, "geometry": { "type": "LineString", "coordinates": [ [ 440.0, 200.0 ], [ 440.0, 210.0 ] ] } },
{ "type": "Feature", "properties": { "type": "road_segment", "direction": "vertical" }, "geometry": { "type": "LineString", "coordinates": [ [ 440.0, 290.0 ], [ 440.0, 300.0 ] ] } },
{ "type": "Feature", "properties": { "type": "road_segment", "direction": "vertical" }, "geometry": { "type": "LineString", "coordinates": [ [ 440.0, 300.0 ], [ 440.0, 310.0 ] ] } },
{ "type": "Feature", "properties": { "type": "road_segment", "direction": "vertical" }, "geometry": { "type": "LineString", "coordinates": [ [ 440.0, 390.0 ], [ 440.0, 400.0 ] ] } },
{ "type": "Feature", "properties": { "type": "road_segment", "direction": "vertical" }, "geometry": { "type": "LineString", "coordinates": [ [ 440.0, 400.0 ], [ 440.0, 410.0 ] ] } },
{ "type": "Feature", "properties": { "type": "road_segment", "direction": "vertical" }, "geometry": { "type": "LineString", "coordinates": [ [ 450.0, 190.0 ], [ 450.0, 200.0 ] ] } },
{ "type": "Feature", "properties": { "type": "road_segment", "direction": "vertical" }, "geometry": { "type": "LineString", "coordinates": [ [ 450.0, 200.0 ], [ 450.0, 210.0 ] ] } },
{ "type": "Feature", "properties": { "type": "road_segment", "direction": "vertical" }, "geometry": { "type": "LineString", "coordinates": [ [ 450.0, 290.0 ], [ 450.0, 300.0 ] ] } },
{ "type": "Feature", "properties": { "type": "road_segment", "direction": "vertical" }, "geometry": { "type": "LineString", "coordinates": [ [ 450.0, 300.0 ], [ 450.0, 310.0 ] ] } },
{ "type": "Feature", "properties": { "type": "road_segment", "direction": "vertical" }, "geometry": { "type": "LineString", "coordinates": [ [ 450.0, 390.0 ], [ 450.0, 400.0 ] ] } },
{ "type": "Feature", "properties": { "type": "road_segment", "direction": "vertical" }, "geometry": { "type": "LineString", "coordinates": [ [ 450.0, 400.0 ], [ 450.0, 410.0 ] ] } },
{ "type": "Feature", "properties": { "type": "road_segment", "direction": "vertical" }, "geometry": { "type": "LineString", "coordinates": [ [ 460.0, 0.0 ], [ 460.0, 10.0 ] ] } },
{ "type": "Feature", "properties": { "type": "road_segment", "direction": "vertical" }, "geometry": { "type": "LineString", "coordinates": [ [ 460.0, 100.0 ], [ 460.0, 110.0 ] ] } },
{ "type": "Feature", "properties": { "type": "road_segment", "direction": "vertical" }, "geometry": { "type": "LineString", "coordinates": [ [ 460.0, 110.0 ], [ 460.0, 120.0 ] ] } },
{ "type": "Feature", "properties": { "type": "road_segment", "direction": "vertical" }, "geometry": { "type": "LineString", "coordinates": [ [ 460.0, 190.0 ], [ 460.0, 200.0 ] ] } },
{ "type": "Feature", "properties": { "type": "road_segment", "direction": "vertical" }, "geometry": { "type": "LineString", "coordinates": [ [ 460.0, 200.0 ], [ 460.0, 210.0 ] ] } },
{ "type": "Feature", "properties": { "type": "road_segment", "direction": "vertical" }, "geometry": { "type": "LineString", "coordinates": [ [ 460.0, 210.0 ], [ 460.0, 220.0 ] ] } },
{ "type": "Feature", "properties": { "type": "road_segment", "direction": "vertical" }, "geometry": { "type": "LineString", "coordinates": [ [ 460.0, 220.0 ], [ 460.0, 230.0 ] ] } },
{ "type": "Feature", "properties": { "type": "road_segment", "direction": "vertical" }, "geometry": { "type": "LineString", "coordinates": [ [ 460.0, 230.0 ], [ 460.0, 240.0 ] ] } },
{ "type": "Feature", "properties": { "type": "road_segment", "direction": "vertical" }, "geometry": { "type": "LineString", "coordinates": [ [ 460.0, 290.0 ], [ 460.0, 300.0 ] ] } },
{ "type": "Feature", "properties": { "type": "road_segment", "direction": "vertical" }, "geometry": { "type": "LineString", "coordinates": [ [ 460.0, 300.0 ], [ 460.0, 310.0 ] ] } },
{ "type": "Feature", "properties": { "type": "road_segment", "direction": "vertical" }, "geometry": { "type": "LineString", "coordinates": [ [ 460.0, 340.0 ], [ 460.0, 350.0 ] ] } },
{ "type": "Feature", "properties": { "type": "road_segment", "direction": "vertical" }, "geometry": { "type": "LineString", "coordinates": [ [ 460.0, 350.0 ], [ 460.0, 360.0 ] ] } },
{ "type": "Feature", "properties": { "type": "road_segment", "direction": "vertical" }, "geometry": { "type": "LineString", "coordinates": [ [ 460.0, 390.0 ], [ 460.0, 400.0 ] ] } },
{ "type": "Feature", "properties": { "type": "road_segment", "direction": "vertical" }, "geometry": { "type": "LineString", "coordinates": [ [ 460.0, 400.0 ], [ 460.0, 410.0 ] ] } },
{ "type": "Feature", "properties": { "type": "road_segment", "direction": "vertical" }, "geometry": { "type": "LineString", "coordinates": [ [ 460.0, 460.0 ], [ 460.0, 470.0 ] ] } },
{ "type": "Feature", "properties": { "type": "road_segment", "direction": "vertical" }, "geometry": { "type": "LineString", "coordinates": [ [ 460.0, 470.0 ], [ 460.0, 480.0 ] ] } },
{ "type": "Feature", "properties": { "type": "road_segment", "direction": "vertical" }, "geometry": { "type": "LineString", "coordinates": [ [ 460.0, 580.0 ], [ 460.0, 590.0 ] ] } },
{ "type": "Feature", "properties": { "type": "road_segment", "direction": "vertical" }, "geometry": { "type": "LineString", "coordinates": [ [ 470.0, 0.0 ], [ 470.0, 10.0 ] ] } },
{ "type": "Feature", "properties": { "type": "road_segment", "direction": "vertical" }, "geometry": { "type": "LineString", "coordinates": [ [ 470.0, 100.0 ], [ 470.0, 110.0 ] ] } },
{ "type": "Feature", "properties": { "type": "road_segment", "direction": "vertical" }, "geometry": { "type": "LineString", "coordinates": [ [ 470.0, 110.0 ], [ 470.0, 120.0 ] ] } },
{ "type": "Feature", "properties": { "type": "road_segment", "direction": "vertical" }, "geometry": { "type": "LineString", "coordinates": [ [ 470.0, 190.0 ], [ 470.0, 200.0 ] ] } },
{ "type": "Feature", "properties": { "type": "road_segment", "direction": "vertical" }, "geometry": { "type": "LineString", "coordinates": [ [ 470.0, 200.0 ], [ 470.0, 210.0 ] ] } },
{ "type": "Feature", "properties": { "type": "road_segment", "direction": "vertical" }, "geometry": { "type": "LineString", "coordinates": [ [ 470.0, 210.0 ], [ 470.0, 220.0 ] ] } },
{ "type": "Feature", "properties": { "type": "road_segment", "direction": "vertical" }, "geometry": { "type": "LineString", "coordinates": [ [ 470.0, 220.0 ], [ 470.0, 230.0 ] ] } },
{ "type": "Feature", "properties": { "type": "road_segment", "direction": "vertical" }, "geometry": { "type": "LineString", "coordinates": [ [ 470.0, 230.0 ], [ 470.0, 240.0 ] ] } },
{ "type": "Feature", "properties": { "type": "road_segment", "direction": "vertical" }, "geometry": { "type": "LineString", "coordinates": [ [ 470.0, 290.0 ], [ 470.0, 300.0 ] ] } },
{ "type": "Feature", "properties": { "type": "road_segment", "direction": "vertical" }, "geometry": { "type": "LineString", "coordinates": [ [ 470.0, 300.0 ], [ 470.0, 310.0 ] ] } },
{ "type": "Feature", "properties": { "type": "road_segment", "direction": "vertical" }, "geometry": { "type": "LineString", "coordinates": [ [ 470.0, 340.0 ], [ 470.0, 350.0 ] ] } },
{ "type": "Feature", "properties": { "type": "road_segment", "direction": "vertical" }, "geometry": { "type": "LineString", "coordinates": [ [ 470.0, 350.0 ], [ 470.0, 360.0 ] ] } },
{ "type": "Feature", "properties": { "type": "road_segment", "direction": "vertical" }, "geometry": { "type": "LineString", "coordinates": [ [ 470.0, 390.0 ], [ 470.0, 400.0 ] ] } },
{ "type": "Feature", "properties": { "type": "road_segment", "direction": "vertical" }, "geometry": { "type": "LineString", "coordinates": [ [ 470.0, 400.0 ], [ 470.0, 410.0 ] ] } },
{ "type": "Feature", "properties": { "type": "road_segment", "direction": "vertical" }, "geometry": { "type": "LineString", "coordinates": [ [ 470.0, 460.0 ], [ 470.0, 470.0 ] ] } },
{ "type": "Feature", "properties": { "type": "road_segment", "direction": "vertical" }, "geometry": { "type": "LineString", "coordinates": [ [ 470.0, 470.0 ], [ 470.0, 480.0 ] ] } },
{ "type": "Feature", "properties": { "type": "road_segment", "direction": "vertical" }, "geometry": { "type": "LineString", "coordinates": [ [ 470.0, 580.0 ], [ 470.0, 590.0 ] ] } },
{ "type": "Feature", "properties": { "type": "road_segment", "direction": "vertical" }, "geometry": { "type": "LineString", "coordinates": [ [ 480.0, 100.0 ], [ 480.0, 110.0 ] ] } },
{ "type": "Feature", "properties": { "type": "road_segment", "direction": "vertical" }, "geometry": { "type": "LineString", "coordinates": [ [ 480.0, 110.0 ], [ 480.0, 120.0 ] ] } },
{ "type": "Feature", "properties": { "type": "road_segment", "direction": "vertical" }, "geometry": { "type": "LineString", "coordinates": [ [ 480.0, 190.0 ], [ 480.0, 200.0 ] ] } },
{ "type": "Feature", "properties": { "type": "road_segment", "direction": "vertical" }, "geometry": { "type": "LineString", "coordinates": [ [ 480.0, 200.0 ], [ 480.0, 210.0 ] ] } },
{ "type": "Feature", "properties": { "type": "road_segment", "direction": "vertical" }, "geometry": { "type": "LineString", "coordinates": [ [ 480.0, 210.0 ], [ 480.0, 220.0 ] ] } },
{ "type": "Feature", "properties": { "type": "road_segment", "direction": "vertical" }, "geometry": { "type": "LineString", "coordinates": [ [ 480.0, 220.0 ], [ 480.0, 230.0 ] ] } },
{ "type": "Feature", "properties": { "type": "road_segment", "direction": "vertical" }, "geometry": { "type": "LineString", "coordinates": [ [ 480.0, 230.0 ], [ 480.0, 240.0 ] ] } },
{ "type": "Feature", "properties": { "type": "road_segment", "direction": "vertical" }, "geometry": { "type": "LineString", "coordinates": [ [ 480.0, 290.0 ], [ 480.0, 300.0 ] ] } },
{ "type": "Feature", "properties": { "type": "road_segment", "direction": "vertical" }, "geometry": { "type": "LineString", "coordinates": [ [ 480.0, 300.0 ], [ 480.0, 310.0 ] ] } },
{ "type": "Feature", "properties": { "type": "road_segment", "direction": "vertical" }, "geometry": { "type": "LineString", "coordinates": [ [ 480.0, 340.0 ], [ 480.0, 350.0 ] ] } },
{ "type": "Feature", "properties": { "type": "road_segment", "direction": "vertical" }, "geometry": { "type": "LineString", "coordinates": [ [ 480.0, 350.0 ], [ 480.0, 360.0 ] ] } },
{ "type": "Feature", "properties": { "type": "road_segment", "direction": "vertical" }, "geometry": { "type": "LineString", "coordinates": [ [ 480.0, 390.0 ], [ 480.0, 400.0 ] ] } },
{ "type": "Feature", "properties": { "type": "road_segment", "direction": "vertical" }, "geometry": { "type": "LineString", "coordinates": [ [ 480.0, 400.0 ], [ 480.0, 410.0 ] ] } },
{ "type": "Feature", "properties": { "type": "road_segment", "direction": "vertical" }, "geometry": { "type": "LineString", "coordinates": [ [ 480.0, 460.0 ], [ 480.0, 470.0 ] ] } },
{ "type": "Feature", "properties": { "type": "road_segment", "direction": "vertical" }, "geometry": { "type": "LineString", "coordinates": [ [ 480.0, 470.0 ], [ 480.0, 480.0 ] ] } },
{ "type": "Feature", "properties": { "type": "road_segment", "direction": "vertical" }, "geometry": { "type": "LineString", "coordinates": [ [ 490.0, 190.0 ], [ 490.0, 200.0 ] ] } },
{ "type": "Feature", "properties": { "type": "road_segment", "direction": "vertical" }, "geometry": { "type": "LineString", "coordinates": [ [ 490.0, 200.0 ], [ 490.0, 210.0 ] ] } },
{ "type": "Feature", "properties": { "type": "road_segment", "direction": "vertical" }, "geometry": { "type": "LineString", "coordinates": [ [ 490.0, 290.0 ], [ 490.0, 300.0 ] ] } },
{ "type": "Feature", "properties": { "type": "road_segment", "direction": "vertical" }, "geometry": { "type": "LineString", "coordinates": [ [ 490.0, 300.0 ], [ 490.0, 310.0 ] ] } },
{ "type": "Feature", "properties": { "type": "road_segment", "direction": "vertical" }, "geometry": { "type": "LineString", "coordinates": [ [ 490.0, 390.0 ], [ 490.0, 400.0 ] ] } },
{ "type": "Feature", "properties": { "type": "road_segment", "direction": "vertical" }, "geometry": { "type": "LineString", "coordinates": [ [ 490.0, 400.0 ], [ 490.0, 410.0 ] ] } },
{ "type": "Feature", "properties": { "type": "road_segment", "direction": "vertical" }, "geometry": { "type": "LineString", "coordinates": [ [ 500.0, 190.0 ], [ 500.0, 200.0 ] ] } },
{ "type": "Feature", "properties": { "type": "road_segment", "direction": "vertical" }, "geometry": { "type": "LineString", "coordinates": [ [ 500.0, 200.0 ], [ 500.0, 210.0 ] ] } },
{ "type": "Feature", "properties": { "type": "road_segment", "direction": "vertical" }, "geometry": { "type": "LineString", "coordinates": [ [ 500.0, 290.0 ], [ 500.0, 300.0 ] ] } },
{ "type": "Feature", "properties": { "type": "road_segment", "direction": "vertical" }, "geometry": { "type": "LineString", "coordinates": [ [ 500.0, 300.0 ], [ 500.0, 310.0 ] ] } },
{ "type": "Feature", "properties": { "type": "road_segment", "direction": "vertical" }, "geometry": { "type": "LineString", "coordinates": [ [ 500.0, 390.0 ], [ 500.0, 400.0 ] ] } },
{ "type": "Feature", "properties": { "type": "road_segment", "direction": "vertical" }, "geometry": { "type": "LineString", "coordinates": [ [ 500.0, 400.0 ], [ 500.0, 410.0 ] ] } },
{ "type": "Feature", "properties": { "type": "road_segment", "direction": "vertical" }, "geometry": { "type": "LineString", "coordinates": [ [ 510.0, 190.0 ], [ 510.0, 200.0 ] ] } },
{ "type": "Feature", "properties": { "type": "road_segment", "direction": "vertical" }, "geometry": { "type": "LineString", "coordinates": [ [ 510.0, 200.0 ], [ 510.0, 210.0 ] ] } },
{ "type": "Feature", "properties": { "type": "road_segment", "direction": "vertical" }, "geometry": { "type": "LineString", "coordinates": [ [ 510.0, 290.0 ], [ 510.0, 300.0 ] ] } },
{ "type": "Feature", "properties": { "type": "road_segment", "direction": "vertical" }, "geometry": { "type": "LineString", "coordinates": [ [ 510.0, 300.0 ], [ 510.0, 310.0 ] ] } },
{ "type": "Feature", "properties": { "type": "road_segment", "direction": "vertical" }, "geometry": { "type": "LineString", "coordinates": [ [ 510.0, 390.0 ], [ 510.0, 400.0 ] ] } },
{ "type": "Feature", "properties": { "type": "road_segment", "direction": "vertical" }, "geometry": { "type": "LineString", "coordinates": [ [ 510.0, 400.0 ], [ 510.0, 410.0 ] ] } },
{ "type": "Feature", "properties": { "type": "road_segment", "direction": "vertical" }, "geometry": { "type": "LineString", "coordinates": [ [ 520.0, 190.0 ], [ 520.0, 200.0 ] ] } },
{ "type": "Feature", "properties": { "type": "road_segment", "direction": "vertical" }, "geometry": { "type": "LineString", "coordinates": [ [ 520.0, 200.0 ], [ 520.0, 210.0 ] ] } },
{ "type": "Feature", "properties": { "type": "road_segment", "direction": "vertical" }, "geometry": { "type": "LineString", "coordinates": [ [ 520.0, 290.0 ], [ 520.0, 300.0 ] ] } },
{ "type": "Feature", "properties": { "type": "road_segment", "direction": "vertical" }, "geometry": { "type": "LineString", "coordinates": [ [ 520.0, 300.0 ], [ 520.0, 310.0 ] ] } },
{ "type": "Feature", "properties": { "type": "road_segment", "direction": "vertical" }, "geometry": { "type": "LineString", "coordinates": [ [ 520.0, 390.0 ], [ 520.0, 400.0 ] ] } },
{ "type": "Feature", "properties": { "type": "road_segment", "direction": "vertical" }, "geometry": { "type": "LineString", "coordinates": [ [ 520.0, 400.0 ], [ 520.0, 410.0 ] ] } },
{ "type": "Feature", "properties": { "type": "road_segment", "direction": "vertical" }, "geometry": { "type": "LineString", "coordinates": [ [ 530.0, 190.0 ], [ 530.0, 200.0 ] ] } },
{ "type": "Feature", "properties": { "type": "road_segment", "direction": "vertical" }, "geometry": { "type": "LineString", "coordinates": [ [ 530.0, 200.0 ], [ 530.0, 210.0 ] ] } },
{ "type": "Feature", "properties": { "type": "road_segment", "direction": "vertical" }, "geometry": { "type": "LineString", "coordinates": [ [ 530.0, 290.0 ], [ 530.0, 300.0 ] ] } },
{ "type": "Feature", "properties": { "type": "road_segment", "direction": "vertical" }, "geometry": { "type": "LineString", "coordinates": [ [ 530.0, 300.0 ], [ 530.0, 310.0 ] ] } },
{ "type": "Feature", "properties": { "type": "road_segment", "direction": "vertical" }, "geometry": { "type": "LineString", "coordinates": [ [ 530.0, 390.0 ], [ 530.0, 400.0 ] ] } },
{ "type": "Feature", "properties": { "type": "road_segment", "direction": "vertical" }, "geometry": { "type": "LineString", "coordinates": [ [ 530.0, 400.0 ], [ 530.0, 410.0 ] ] } },
{ "type": "Feature", "properties": { "type": "road_segment", "direction": "vertical" }, "geometry": { "type": "LineString", "coordinates": [ [ 540.0, 190.0 ], [ 540.0, 200.0 ] ] } },
{ "type": "Feature", "properties": { "type": "road_segment", "direction": "vertical" }, "geometry": { "type": "LineString", "coordinates": [ [ 540.0, 200.0 ], [ 540.0, 210.0 ] ] } },
{ "type": "Feature", "properties": { "type": "road_segment", "direction": "vertical" }, "geometry": { "type": "LineString", "coordinates": [ [ 540.0, 290.0 ], [ 540.0, 300.0 ] ] } },
{ "type": "Feature", "properties": { "type": "road_segment", "direction": "vertical" }, "geometry": { "type": "LineString", "coordinates": [ [ 540.0, 300.0 ], [ 540.0, 310.0 ] ] } },
{ "type": "Feature", "properties": { "type": "road_segment", "direction": "vertical" }, "geometry": { "type": "LineString", "coordinates": [ [ 540.0, 390.0 ], [ 540.0, 400.0 ] ] } },
{ "type": "Feature", "properties": { "type": "road_segment", "direction": "vertical" }, "geometry": { "type": "LineString", "coordinates": [ [ 540.0, 400.0 ], [ 540.0, 410.0 ] ] } },
{ "type": "Feature", "properties": { "type": "road_segment", "direction": "vertical" }, "geometry": { "type": "LineString", "coordinates": [ [ 550.0, 190.0 ], [ 550.0, 200.0 ] ] } },
{ "type": "Feature", "properties": { "type": "road_segment", "direction": "vertical" }, "geometry": { "type": "LineString", "coordinates": [ [ 550.0, 200.0 ], [ 550.0, 210.0 ] ] } },
{ "type": "Feature", "properties": { "type": "road_segment", "direction": "vertical" }, "geometry": { "type": "LineString", "coordinates": [ [ 550.0, 290.0 ], [ 550.0, 300.0 ] ] } },
{ "type": "Feature", "properties": { "type": "road_segment", "direction": "vertical" }, "geometry": { "type": "LineString", "coordinates": [ [ 550.0, 300.0 ], [ 550.0, 310.0 ] ] } },
{ "type": "Feature", "properties": { "type": "road_segment", "direction": "vertical" }, "geometry": { "type": "LineString", "coordinates": [ [ 550.0, 390.0 ], [ 550.0, 400.0 ] ] } },
{ "type": "Feature", "properties": { "type": "road_segment", "direction": "vertical" }, "geometry": { "type": "LineString", "coordinates": [ [ 550.0, 400.0 ], [ 550.0, 410.0 ] ] } },
{ "type": "Feature", "properties": { "type": "road_segment", "direction": "vertical" }, "geometry": { "type": "LineString", "coordinates": [ [ 560.0, 190.0 ], [ 560.0, 200.0 ] ] } },
{ "type": "Feature", "properties": { "type": "road_segment", "direction": "vertical" }, "geometry": { "type": "LineString", "coordinates": [ [ 560.0, 200.0 ], [ 560.0, 210.0 ] ] } },
{ "type": "Feature", "properties": { "type": "road_segment", "direction": "vertical" }, "geometry": { "type": "LineString", "coordinates": [ [ 560.0, 290.0 ], [ 560.0, 300.0 ] ] } },
{ "type": "Feature", "properties": { "type": "road_segment", "direction": "vertical" }, "geometry": { "type": "LineString", "coordinates": [ [ 560.0, 300.0 ], [ 560.0, 310.0 ] ] } },
{ "type": "Feature", "properties": { "type": "road_segment", "direction": "vertical" }, "geometry": { "type": "LineString", "coordinates": [ [ 560.0, 390.0 ], [ 560.0, 400.0 ] ] } },
{ "type": "Feature", "properties": { "type": "road_segment", "direction": "vertical" }, "geometry": { "type": "LineString", "coordinates": [ [ 560.0, 400.0 ], [ 560.0, 410.0 ] ] } },
{ "type": "Feature", "properties": { "type": "road_segment", "direction": "vertical" }, "geometry": { "type": "LineString", "coordinates": [ [ 570.0, 190.0 ], [ 570.0, 200.0 ] ] } },
{ "type": "Feature", "properties": { "type": "road_segment", "direction": "vertical" }, "geometry": { "type": "LineString", "coordinates": [ [ 570.0, 200.0 ], [ 570.0, 210.0 ] ] } },
{ "type": "Feature", "properties": { "type": "road_segment", "direction": "vertical" }, "geometry": { "type": "LineString", "coordinates": [ [ 570.0, 290.0 ], [ 570.0, 300.0 ] ] } },
{ "type": "Feature", "properties": { "type": "road_segment", "direction": "vertical" }, "geometry": { "type": "LineString", "coordinates": [ [ 570.0, 300.0 ], [ 570.0, 310.0 ] ] } },
{ "type": "Feature", "properties": { "type": "road_segment", "direction": "vertical" }, "geometry": { "type": "LineString", "coordinates": [ [ 570.0, 390.0 ], [ 570.0, 400.0 ] ] } },
{ "type": "Feature", "properties": { "type": "road_segment", "direction": "vertical" }, "geometry": { "type": "LineString", "coordinates": [ [ 570.0, 400.0 ], [ 570.0, 410.0 ] ] } },
{ "type": "Feature", "properties": { "type": "road_segment", "direction": "vertical" }, "geometry": { "type": "LineString", "coordinates": [ [ 580.0, 190.0 ], [ 580.0, 200.0 ] ] } },
{ "type": "Feature", "properties": { "type": "road_segment", "direction": "vertical" }, "geometry": { "type": "LineString", "coordinates": [ [ 580.0, 200.0 ], [ 580.0, 210.0 ] ] } },
{ "type": "Feature", "properties": { "type": "road_segment", "direction": "vertical" }, "geometry": { "type": "LineString", "coordinates": [ [ 580.0, 210.0 ], [ 580.0, 220.0 ] ] } },
{ "type": "Feature", "properties": { "type": "road_segment", "direction": "vertical" }, "geometry": { "type": "LineString", "coordinates": [ [ 580.0, 220.0 ], [ 580.0, 230.0 ] ] } },
{ "type": "Feature", "properties": { "type": "road_segment", "direction": "vertical" }, "geometry": { "type": "LineString", "coordinates": [ [ 580.0, 230.0 ], [ 580.0, 240.0 ] ] } },
{ "type": "Feature", "properties": { "type": "road_segment", "direction": "vertical" }, "geometry": { "type": "LineString", "coordinates": [ [ 580.0, 290.0 ], [ 580.0, 300.0 ] ] } },
{ "type": "Feature", "properties": { "type": "road_segment", "direction": "vertical" }, "geometry": { "type": "LineString", "coordinates": [ [ 580.0, 300.0 ], [ 580.0, 310.0 ] ] } },
{ "type": "Feature", "properties": { "type": "road_segment", "direction": "vertical" }, "geometry": { "type": "LineString", "coordinates": [ [ 580.0, 340.0 ], [ 580.0, 350.0 ] ] } },
{ "type": "Feature", "properties": { "type": "road_segment", "direction": "vertical" }, "geometry": { "type": "LineString", "coordinates": [ [ 580.0, 390.0 ], [ 580.0, 400.0 ] ] } },
{ "type": "Feature", "properties": { "type": "road_segment", "direction": "vertical" }, "geometry": { "type": "LineString", "coordinates": [ [ 580.0, 400.0 ], [ 580.0, 410.0 ] ] } },
{ "type": "Feature", "properties": { "type": "road_segment", "direction": "vertical" }, "geometry": { "type": "LineString", "coordinates": [ [ 580.0, 460.0 ], [ 580.0, 470.0 ] ] } },
{ "type": "Feature", "properties": { "type": "road_segment", "direction": "vertical" }, "geometry": { "type": "LineString", "coordinates": [ [ 580.0, 470.0 ], [ 580.0, 480.0 ] ] } },
{ "type": "Feature", "properties": { "type": "road_segment", "direction": "vertical" }, "geometry": { "type": "LineString", "coordinates": [ [ 580.0, 580.0 ], [ 580.0, 590.0 ] ] } },
{ "type": "Feature", "properties": { "type": "road_segment", "direction": "vertical" }, "geometry": { "type": "LineString", "coordinates": [ [ 590.0, 200.0 ], [ 590.0, 210.0 ] ] } },
{ "type": "Feature", "properties": { "type": "road_segment", "direction": "vertical" }, "geometry": { "type": "LineString", "coordinates": [ [ 590.0, 230.0 ], [ 590.0, 240.0 ] ] } },
{ "type": "Feature", "properties": { "type": "road_segment", "direction": "vertical" }, "geometry": { "type": "LineString", "coordinates": [ [ 590.0, 290.0 ], [ 590.0, 300.0 ] ] } },
{ "type": "Feature", "properties": { "type": "road_segment", "direction": "vertical" }, "geometry": { "type": "LineString", "coordinates": [ [ 590.0, 300.0 ], [ 590.0, 310.0 ] ] } },
{ "type": "Feature", "properties": { "type": "road_segment", "direction": "vertical" }, "geometry": { "type": "LineString", "coordinates": [ [ 590.0, 340.0 ], [ 590.0, 350.0 ] ] } },
{ "type": "Feature", "properties": { "type": "road_segment", "direction": "vertical" }, "geometry": { "type": "LineString", "coordinates": [ [ 590.0, 350.0 ], [ 590.0, 360.0 ] ] } },
{ "type": "Feature", "properties": { "type": "road_segment", "direction": "vertical" }, "geometry": { "type": "LineString", "coordinates": [ [ 590.0, 390.0 ], [ 590.0, 400.0 ] ] } },
{ "type": "Feature", "properties": { "type": "road_segment", "direction": "vertical" }, "geometry": { "type": "LineString", "coordinates": [ [ 590.0, 400.0 ], [ 590.0, 410.0 ] ] } },
{ "type": "Feature", "properties": { "type": "road_segment", "direction": "vertical" }, "geometry": { "type": "LineString", "coordinates": [ [ 590.0, 460.0 ], [ 590.0, 470.0 ] ] } },
{ "type": "Feature", "properties": { "type": "road_segment", "direction": "vertical" }, "geometry": { "type": "LineString", "coordinates": [ [ 590.0, 580.0 ], [ 590.0, 590.0 ] ] } }
]
}
